ticker,period,eps_actual,eps_forecast,transcript_path,cosine_prepared,cosine_qa,nnw_final,has_qa_section
FAMILY DOLLAR STORES INC,4.0,0.44,0.71,transcripts_by_company/Family_Dollar_Stores_Inc_2014Q4.txt,0.19500719010829926,0.2821725308895111,0.7788432076573373,True
MARIN SOFTWARE INC,4.0,-0.15,-0.19,transcripts_by_company/Marin_Software_2014Q4.txt,0.26545852422714233,0.17461514472961426,0.761794489622116,True
IMATION CORPORATION,4.0,0.64,0.61,transcripts_by_company/Imation_Corp_2007Q4.txt,0.19643977284431458,0.0,0.8035602271556854,False
GATX CORP,4.0,0.5,0.64,transcripts_by_company/GATX_Corp_2006Q4.txt,0.09712056070566177,0.05146494135260582,0.916576125100255,True
SONOCO PRODUCTS CO,4.0,1.02,1.34,transcripts_by_company/Sonoco_Products_Company_CurrentQ4.txt,0.28424373269081116,0.36067962646484375,0.6928254991769791,True
MIRATI THERAPEUTICS INC,2.0,-0.94,-0.65,transcripts_by_company/Mirati_Therapeutics_Inc_2018Q2.txt,0.15932801365852356,0.0,0.8406719863414764,False
CASELLA WASTE SYSTEMS INC,1.0,0.02,0.02,transcripts_by_company/Casella_Waste_Systems_Inc_2006Q1.txt,0.3414403200149536,0.3143257796764374,0.6666940420866012,True
INVITROGEN CORPORATION,3.0,0.77,0.75,transcripts_by_company/Invitrogen_Corporation_2004Q3.txt,0.1826334148645401,0.2713361978530884,0.7907557502388954,True
CDI CORP,4.0,-0.12,0.09,transcripts_by_company/CDI_Corp_2010Q4.txt,0.1327144056558609,0.42043185234069824,0.7809703603386879,True
BENIHANA INC,2.0,0.25,0.44,transcripts_by_company/Benihana_Inc_2007Q2.txt,0.32844239473342896,0.024933261796832085,0.7626103451475501,True
JAKKS PACIFIC INC,4.0,0.11,-0.33,transcripts_by_company/JAKKS_Pacific_Inc_2014Q4.txt,0.3847501873970032,0.15079531073570251,0.685436275601387,True
ARCUTIS BIOTHERAPEUTICS INC,2.0,-1.31,-1.33,transcripts_by_company/Arcutis_Biotherapeutics_Inc_2022Q2.txt,0.25746574997901917,0.4006822109222412,0.6995693117380142,True
ROSS STORES INC,1.0,1.02,1.1,transcripts_by_company/Ross_Stores_Inc_2014Q1.txt,0.24682654440402985,0.016303757205605507,0.8223302917554974,True
DISCOVERY INC,3.0,0.22,0.27,transcripts_by_company/Discovery_Laboratories_2009Q3.txt,0.17284639179706573,0.0,0.8271536082029343,False
POZEN INC,1.0,-0.08,-0.08,transcripts_by_company/POZEN_Inc_2004Q1.txt,0.26407498121261597,0.16108083724975586,0.7668232619762421,True
NAVIOS MARITIME PARTNERS LP,1.0,0.01,-0.03,transcripts_by_company/Navios_Maritime_Partners_2017Q1.txt,0.2779858708381653,0.31633904576301575,0.7105081766843796,True
MCGRAW-HILL COMPANIES INCORPORAT,4.0,0.51,0.72,transcripts_by_company/The_McGraw-Hill_Companies_2007Q4.txt,0.2623731791973114,0.1232479140162468,0.7793644003570079,True
MACROGENICS INC,3.0,-0.66,-0.98,transcripts_by_company/MacroGenics_Inc_2020Q3.txt,0.23061604797840118,0.2730776369571686,0.7566454753279686,True
DARDEN RESTAURANTS INC,1.0,2.34,2.26,transcripts_by_company/Darden_Restaurants_Inc_2023Q1.txt,0.26917222142219543,0.30302539467811584,0.7206718266010285,True
HASBRO BRADLEY I,2.0,0.29,0.24,transcripts_by_company/Hasbro_Inc_2010Q2.txt,0.30992254614830017,-0.019094472751021385,0.7887825595214963,True
BANCORP INC,1.0,0.19,0.22,transcripts_by_company/Fifth_Third_Bancorp_2013Q1.txt,0.22520878911018372,0.2778691351413727,0.7589931070804596,True
COMPUCREDIT CORPORATION,1.0,-2.59,-0.43,transcripts_by_company/CompuCredit_2009Q1.txt,0.10261067003011703,0.0,0.897389329969883,False
RED HAT INC,2.0,0.19,0.2,transcripts_by_company/Red_Hat_Inc_2008Q2.txt,0.0861603245139122,0.1765381544828415,0.8867263264954091,True
SYROS PHARMACEUTICALS INC,3.0,-3.21,-0.48,transcripts_by_company/Syros_Pharmaceuticals_Inc_2022Q3.txt,0.3099294900894165,0.13655361533164978,0.7420832723379136,True
CENTRAL EUROPEAN MEDIA ENTERPRIS,4.0,-0.8,-0.15,transcripts_by_company/Central_European_Media_Enterprises_Ltd_2015Q4.txt,0.10800029337406158,0.15798181295394897,0.8770052507519722,True
BAOZUN INC,2.0,2.01,1.74,transcripts_by_company/Baozun_Inc_2021Q2.txt,0.36657917499542236,0.16703569889068604,0.6932838678359985,True
MODIV INC,2.0,0.35,-0.14,transcripts_by_company/Modiv_Inc_2023Q2.txt,0.14406943321228027,0.16426299512386322,0.8498724982142448,True
VIVINT SOLAR INC,2.0,-0.24,0.19,transcripts_by_company/Vivint_Solar_Inc_2019Q2.txt,0.1843874454498291,0.1916901171207428,0.8134217530488967,True
WYNDHAM WORLDWIDE CORP,3.0,0.68,0.56,transcripts_by_company/Wyndham_Worldwide_2010Q3.txt,0.34105607867240906,0.157120943069458,0.7141244620084763,True
MT BANK CORP,2.0,5.05,5.06,transcripts_by_company/Bank_of_the_Philippine_Islands_2023Q2.txt,0.24529385566711426,0.2808729410171509,0.7440324187278748,True
ACRES COMMERCIAL REALTY CORP,1.0,-0.01,0.11,transcripts_by_company/ACRES_Commercial_Realty_Corp_2021Q1.txt,0.4282642602920532,0.26879358291625977,0.6195769429206849,True
QUANEX BUILDING PRODUCTS CORP,4.0,0.04,0.16,transcripts_by_company/Quanex_Building_Products_Corporation_2013Q4.txt,0.40484875440597534,0.24422231316566467,0.6433391779661178,True
BLUE NILE INC,3.0,0.17,0.17,transcripts_by_company/Blue_Nile_Inc_2015Q3.txt,0.15120570361614227,0.16199049353599548,0.8455588594079018,True
GREENHILL & CO INC,1.0,0.25,0.41,transcripts_by_company/Greenhill_and_Company_Inc_2015Q1.txt,0.2791362404823303,0.34283924102783203,0.7017528593540192,True
UMPQUA HOLDINGS CORP,3.0,0.38,0.43,transcripts_by_company/Umpqua_Holdings_Corporation_2019Q3.txt,0.1504267156124115,0.13871021568775177,0.8530882343649864,True
BRIGHTHOUSE FINANCIAL INC,2.0,0.33,3.53,transcripts_by_company/Brighthouse_Financial_Inc_2022Q2.txt,0.1708802729845047,0.21110263466835022,0.8170530185103417,True
FIRST MARBLEHEAD CORP,3.0,-0.94,0.76,transcripts_by_company/First_Marblehead_Corporation_2008Q3.txt,0.3203228712081909,0.0,0.6796771287918091,False
REPLIGEN CORP,2.0,0.2,0.17,transcripts_by_company/Repligen_Corporation_2017Q2.txt,0.26873618364334106,0.11786603927612305,0.7765248596668244,True
CREE INC,3.0,0.6,0.5,transcripts_by_company/Cree_Inc_2010Q3.txt,0.12378151714801788,0.40111643075942993,0.7930180087685585,True
KAMAN CORP,1.0,0.21,0.56,transcripts_by_company/Kaman_Corporation_2009Q1.txt,0.39763540029525757,0.20954471826553345,0.6587918043136597,True
NATIONAL RETAIL PROPERTIES INC,3.0,0.29,0.28,transcripts_by_company/National_Retail_Properties_Inc_2013Q3.txt,0.20717403292655945,0.14301800727844238,0.8120727747678758,True
STANDARD MOTOR PRODUCTS INC,4.0,0.37,0.82,transcripts_by_company/Standard_Motor_Products_Inc_2023Q4.txt,0.16585445404052734,0.3321608901023865,0.784253615140915,True
AMERICAN EXPRESS CO,1.0,0.73,0.38,transcripts_by_company/American_Express_Company_2010Q1.txt,0.23000578582286835,0.3221675455570221,0.7423456862568856,True
NAVIGANT CONSULTING CO,4.0,0.15,0.24,transcripts_by_company/Navigant_Consulting_2010Q4.txt,0.17939437925815582,0.10846901684999466,0.8418832294642925,True
DELTA AIR LINES INC,4.0,-1.22,-1.52,transcripts_by_company/Delta_Air_Lines_Inc_2006Q4.txt,0.1551816612482071,0.2283528447151184,0.8228669837117195,True
LIMBACH HOLDINGS INC,3.0,-0.46,0.33,transcripts_by_company/Limbach_Holdings_Inc_2018Q3.txt,0.2827989459037781,0.1618327647447586,0.7534909084439277,True
ATRICURE INC,2.0,-0.11,-0.23,transcripts_by_company/AtriCure_Inc_2023Q2.txt,0.25196197628974915,0.0,0.7480380237102509,False
ELECTRONIC ARTS INC,2.0,-0.22,-0.07,transcripts_by_company/Electronic_Arts_2007Q2.txt,0.16183777153491974,-0.0027904792223125696,0.88755070369225,True
KENNAMETAL INC,1.0,0.46,0.82,transcripts_by_company/Kennametal_Inc_2020Q1.txt,0.0682963877916336,0.24039326608181,0.8800745487213135,True
GLOBAL TELECOM & TECHNOLOGY INC,3.0,-0.19,0.07,transcripts_by_company/Global_Telecom_and_Technology_Inc_2013Q3.txt,0.3667570948600769,0.14619581401348114,0.6994112893939018,True
CROWN HOLDINGS INC,4.0,0.48,0.58,transcripts_by_company/Crown_Holdings_Inc_2014Q4.txt,0.2441880702972412,0.2417273223400116,0.7565501540899278,True
HYSTER-YALE INC,1.0,0.9,1.27,transcripts_by_company/Hyster-Yale_Materials_Handling_Inc_2018Q1.txt,0.15295720100402832,0.3590731918811798,0.7852080017328262,True
ELKCORP,1.0,0.75,0.46,transcripts_by_company/ElkCorp_2005Q1.txt,0.16010628640651703,0.15600623190402985,0.8411237299442291,True
PRIORITY TECHNOLOGY HOLDINGS INC,2.0,-0.11,0.1,transcripts_by_company/Priority_Technology_Holdings_Inc_2022Q2.txt,0.30046114325523376,0.14444202184677124,0.746344593167305,True
THL CREDIT INC,4.0,0.36,0.35,transcripts_by_company/THL_Credit_Inc_2015Q4.txt,0.313667893409729,0.34738001227378845,0.6762184709310533,True
AUTONATION INC,1.0,0.75,0.76,transcripts_by_company/AutoNation_2014Q1.txt,0.40765389800071716,0.35278943181037903,0.6088054418563843,True
BANK OF HAWAII CORP,3.0,0.95,0.92,transcripts_by_company/Bank_of_Hawaii_Corporation_2014Q3.txt,0.11080358177423477,0.37525224685668945,0.8098618187010288,True
BENCHMARK ELECTRONICS INC,4.0,0.48,0.37,transcripts_by_company/Benchmark_Electronics_Inc_2021Q4.txt,0.29982590675354004,0.2165900468826294,0.7251448512077332,True
PNM RESOURCES INC,4.0,0.15,0.35,transcripts_by_company/PNM_Resources_Inc_2020Q4.txt,0.26209378242492676,0.1051231175661087,0.7849974170327186,True
DULUTH HOLDINGS INC,3.0,0.18,0.1,transcripts_by_company/Duluth_Holdings_Inc_2020Q3.txt,0.34466928243637085,0.3490521311759949,0.654015862941742,True
EGAIN CORP,1.0,-0.05,0.02,transcripts_by_company/eGain_Communications_Corporation_2012Q1.txt,0.166513592004776,0.11523779481649399,0.8488691471517086,True
IROBOT CORP,2.0,-0.1,-0.06,transcripts_by_company/iRobot_Corporation_2009Q2.txt,0.041809357702732086,0.23643988370895386,0.8998014844954014,True
ENPRO INC,4.0,1.23,1.14,transcripts_by_company/EnPro_Industries_Inc_2021Q4.txt,0.23956772685050964,0.2398744374513626,0.7603402599692345,True
METRO-GOLDWYN-MAYER INC,4.0,0.25,0.08,transcripts_by_company/Metro-Goldwyn-Mayer_2003Q4.txt,0.44622156023979187,0.21422484517097473,0.6233774542808532,True
CORENERGY INFRASTRUCTURE TRUST I,3.0,0.12,0.11,transcripts_by_company/CorEnergy_Infrastructure_Trust_Inc_2015Q3.txt,0.24122528731822968,0.0,0.7587747126817703,False
API GROUP CORP,3.0,0.37,0.41,transcripts_by_company/APi_Group_Corporation_2022Q3.txt,0.09498296678066254,0.21550458669662476,0.8688605472445488,True
NANTHEALTH INC,1.0,-0.06,-0.04,transcripts_by_company/NantHealth_Inc_2020Q1.txt,0.2428804337978363,0.1041647344827652,0.798734275996685,True
NOVO NORDISK A/S,1.0,8.78,7.65,transcripts_by_company/Novo_Nordisk_AS_2023Q1.txt,0.25136321783065796,0.3074833154678345,0.7318007528781891,True
SNC-LAVALIN GROUP 'A',3.0,0.3,0.4,transcripts_by_company/SNC-Lavalin_Group_Inc_2022Q3.txt,0.11326923966407776,0.24210137128829956,0.8480811208486557,True
SOUTHWEST GAS CORP,1.0,1.77,1.67,transcripts_by_company/Southwest_Gas_Holdings_Inc_2019Q1.txt,0.11657428741455078,0.10426293313503265,0.8871191188693046,True
NETSOL TECHNOLOGIES INCORPORATE,1.0,0.02,0.0,transcripts_by_company/Netsol_Technologies_Inc_2010Q1.txt,0.1386081874370575,0.10556860268115997,0.8713036879897118,True
SQUARESPACE INC,4.0,0.9,0.09,transcripts_by_company/Squarespace_Inc_2021Q4.txt,0.24942684173583984,0.19293129444122314,0.7675218224525452,True
HARLEY-DAVIDSON INC,1.0,1.45,1.36,transcripts_by_company/Harley-Davidson_Inc_2022Q1.txt,0.05477789044380188,0.3383083939552307,0.8601629585027695,True
MACROGENICS INC,3.0,0.28,-0.61,transcripts_by_company/MacroGenics_Inc_2023Q3.txt,0.3439192771911621,0.0,0.6560807228088379,False
WACKER CHEMIE AG,3.0,1.3,0.34,transcripts_by_company/Wacker_Chemie_AG_2020Q3.txt,0.11939758062362671,0.4008067846298218,0.7961796581745149,True
STRATEGIC EDUCATION INC,2.0,2.06,1.8,transcripts_by_company/Strategic_Education_Inc_2020Q2.txt,0.22697670757770538,0.2565408945083618,0.7641540363430976,True
SIGMA-ALDRICH CORP,1.0,0.84,0.78,transcripts_by_company/Sigma-Aldrich_Corporation_2010Q1.txt,0.2553029954433441,0.12059169262647629,0.7851103954017162,True
CBIZ INC,4.0,-0.23,-0.12,transcripts_by_company/CBIZ_Inc_2022Q4.txt,0.2700710892677307,0.16896596550941467,0.7602604478597641,True
CHURCH & DWIGHT CO INC,1.0,0.92,0.87,transcripts_by_company/Church_and_Dwight_2009Q1.txt,0.18473920226097107,0.22059783339500427,0.804503208398819,True
ATLANTIC CAPITAL BANCSHARES INC,2.0,0.58,0.33,transcripts_by_company/Atlantic_Capital_Bancshares_Inc_2021Q2.txt,0.1959696114063263,0.0,0.8040303885936737,False
ENTERASYS NETWORKS INC,3.0,-0.07,-0.05,transcripts_by_company/Enterasys_Networks_Inc_2003Q3.txt,0.11032860726118088,0.09578689187765121,0.894033907353878,True
MCGRAW-HILL COMPANIES INCORPORAT,4.0,0.63,0.58,transcripts_by_company/The_McGraw-Hill_Companies_Inc_2011Q4.txt,0.12713409960269928,0.22172272205352783,0.8444893136620522,True
NEENAH INC,1.0,0.38,0.62,transcripts_by_company/Neenah_Paper_Inc_2008Q1.txt,0.37831738591194153,0.2393525391817093,0.6633720681071281,True
CHURCHILL DOWNS INC,4.0,0.58,0.84,transcripts_by_company/Churchill_Downs_Incorporated_2016Q4.txt,0.060047902166843414,0.28810667991638184,0.8715344645082951,True
TIM HORTONS INC,4.0,0.41,0.37,transcripts_by_company/TIM_HORTONS_INC_2007Q4.txt,0.1188439354300499,0.294237345457077,0.828538041561842,True
MERCANTILE BANK CORP,4.0,-0.78,-0.08,transcripts_by_company/Pacific_Mercantile_Bank_2009Q4.txt,0.3754860758781433,0.1888531893491745,0.6805037900805474,True
MDRNA INC,2.0,-0.34,0.0,transcripts_by_company/MDRNA_Inc_2010Q2.txt,0.3175131678581238,0.06728416681289673,0.7575555324554444,True
WD 40 CO,1.0,0.31,0.41,transcripts_by_company/WD-40_Company_2005Q1.txt,0.1625455766916275,0.2749384641647339,0.8037365570664405,True
BELO CORP,3.0,0.27,0.25,transcripts_by_company/Belo_2003Q3.txt,0.0750778391957283,0.2689725458621979,0.8667537488043309,True
GOLAR LNG LTD,3.0,0.56,0.67,transcripts_by_company/Golar_LNG_Limited_2012Q3.txt,0.17305544018745422,0.1119207888841629,0.8452849552035332,True
PC CONNECTION INC,1.0,0.23,0.26,transcripts_by_company/PC_Connection_Inc_2013Q1.txt,0.19943316280841827,0.060606006532907486,0.842214984074235,True
PENNYMAC MORTGAGE INVESTMENT TRU,4.0,0.55,0.4,transcripts_by_company/PennyMac_Mortgage_Investment_Trust_2018Q4.txt,0.1636749804019928,0.0,0.8363250195980072,False
INFORMATICA CORP,2.0,0.17,0.17,transcripts_by_company/Informatica_Corporation_2008Q2.txt,0.3786030113697052,0.227805957198143,0.6666361048817635,True
PHASE FORWARD INC,1.0,0.15,0.13,transcripts_by_company/Phase_Forward_Incorporated_2009Q1.txt,0.362833172082901,0.0,0.637166827917099,False
TIPPINGPOINT TECHNOLOGIES,2.0,-0.54,-0.44,transcripts_by_company/TippingPoint_Technologies_Inc_2004Q2.txt,0.28288981318473816,0.18326681852340698,0.7469970852136611,True
OMNOVA SOLUTIONS,3.0,0.01,0.15,transcripts_by_company/OMNOVA_Solutions_2002Q3.txt,0.09605570137500763,0.156104177236557,0.8859297558665276,True
FRED'S INC,1.0,0.27,0.36,transcripts_by_company/Freds_Inc_2005Q1.txt,0.33356985449790955,0.2599349617958069,0.6885206133127213,True
TWIST BIOSCIENCE CORP,1.0,-1.13,-0.81,transcripts_by_company/Twist_Bioscience_Corporation_2022Q1.txt,0.2556323707103729,0.06588547676801682,0.8012916974723339,True
PIKE CORP,3.0,-0.08,0.2,transcripts_by_company/Kesa_Electricals_plc_2009Q3.txt,0.13764643669128418,0.22933083772659302,0.8348482429981232,True
OPNET TECHNOLOGIES,4.0,0.04,0.06,transcripts_by_company/OPNET_Technologies_Inc_2002Q4.txt,0.34455305337905884,0.22437238693237305,0.691501146554947,True
ON SEMICONDUCTOR CORP,2.0,0.42,0.47,transcripts_by_company/ON_Semiconductor_Corporation_2019Q2.txt,0.23538365960121155,0.19308239221572876,0.7773067206144333,True
VECTRUS INC,4.0,1.42,1.21,transcripts_by_company/Vectrus_Inc_2020Q4.txt,0.1383519023656845,0.09941195696592331,0.8733300812542438,True
DANA CORP,2.0,0.35,0.57,transcripts_by_company/Dana_2005Q2.txt,0.3473864495754242,0.19456514716148376,0.698459941148758,True
MITEK SYSTEMS INC,1.0,-0.09,-0.05,transcripts_by_company/Mitek_Systems_Inc_2013Q1.txt,0.18848280608654022,0.25869062542915344,0.7904548481106759,True
WAL-MART STORES INC,1.0,1.61,1.67,transcripts_by_company/Wal-mart_Stores_Inc_2015Q1.txt,0.14451554417610168,0.0,0.8554844558238983,False
PEGASYSTEMS INC,2.0,0.3,0.08,transcripts_by_company/Pegasystems_Inc_2009Q2.txt,0.13937872648239136,0.10548586398363113,0.8707891322672368,True
RAE SYSTEMS INC,4.0,0.01,0.02,transcripts_by_company/RAE_Systems_2004Q4.txt,0.25451669096946716,0.224019855260849,0.7546323597431184,True
MDXHEALTH SA,2.0,-0.3,-0.43,transcripts_by_company/MDxHealth_SA_2023Q2.txt,0.24779929220676422,0.0,0.7522007077932358,False
AVEO PHARMACEUTICALS INC,3.0,0.1,-0.04,transcripts_by_company/AVEO_Pharmaceuticals_Inc_2019Q3.txt,0.2462845742702484,0.17806260287761688,0.7741820171475411,True
EXPEDIA GROUP INC,2.0,1.77,1.57,transcripts_by_company/Pendal_Group_Limited_2019Q2.txt,0.2554430067539215,0.21952363848686218,0.7553328037261963,True
FULL HOUSE RESORTS INC,2.0,-0.07,-0.03,transcripts_by_company/Full_House_Resorts_Inc_2017Q2.txt,0.14590828120708466,0.14811353385448456,0.8534301429986954,True
LA-Z-BOY INC,4.0,0.82,0.36,transcripts_by_company/La-Z-Boy_Incorporated_2020Q4.txt,0.16946755349636078,0.32889029383659363,0.7827056244015693,True
GUIDANT CORPORATION,1.0,0.56,0.52,transcripts_by_company/Guidant_Corporation_2004Q1.txt,0.1366947889328003,0.1387130618095398,0.8626997292041778,True
SIRIUS SATELLITE RADIO INC,2.0,-0.13,-0.11,transcripts_by_company/SIRIUS_Satellite_Radio_2005Q2.txt,0.13589198887348175,0.0,0.8641080111265182,False
AFFILIATED MANAGERS GROUP INC,2.0,2.74,3.37,transcripts_by_company/Affiliated_Managers_Group_Inc_2020Q2.txt,0.17985117435455322,0.32046085596084595,0.777965921163559,True
ANGIODYNAMICS INC,4.0,0.17,0.09,transcripts_by_company/AngioDynamics_2014Q4.txt,0.3041714131832123,0.43089574575424194,0.6578112870454789,True
COMMERCIAL VEHICLE GROUP INC,2.0,0.03,0.2,transcripts_by_company/Commercial_Vehicle_Group_Inc_2013Q2.txt,0.061936598271131516,0.2230205237865448,0.8897382240742445,True
SYMANTEC CORP,4.0,0.44,0.41,transcripts_by_company/Symantec_Corporation_2018Q4.txt,0.17015239596366882,0.16687512397766113,0.8308307856321335,True
MEDNAX INC,3.0,0.86,0.86,transcripts_by_company/MEDNAX_Inc_2014Q3.txt,0.32867926359176636,0.1547674983739853,0.7234942659735679,True
TERNIUM SA,4.0,0.2,1.73,transcripts_by_company/Ternium_SA_2022Q4.txt,0.300746351480484,0.18670137226581573,0.7334671422839165,True
GREIF BROS CORP,3.0,0.44,0.66,transcripts_by_company/Greif_Bros_Corporation_2002Q3.txt,0.25961586833000183,0.25843289494514465,0.7407390236854554,True
KVH INDUSTRIES INC,2.0,0.1,0.17,transcripts_by_company/KVH_Industries_Inc_2007Q2.txt,0.1051439419388771,0.3006632924079895,0.8362002529203891,True
HARVARD BIOSCIENCE INC,2.0,0.06,0.06,transcripts_by_company/Harvard_Bioscience_Inc_2021Q2.txt,0.26674485206604004,0.22218401730060577,0.7466233983635903,True
ESTERLINE CORP,2.0,0.84,0.78,transcripts_by_company/Esterline_Technologies_Corporation_2008Q2.txt,0.08297235518693924,0.1388227939605713,0.9002725131809711,True
ENDO PHARMACEUTICALS,1.0,1.09,1.29,transcripts_by_company/Endo_Pharmaceuticals_Holdings_Inc_2013Q1.txt,0.17355455458164215,0.26772966980934143,0.7981929108500481,True
WET SEAL INC,4.0,0.04,0.05,transcripts_by_company/The_Wet_Seal_Inc_2010Q4.txt,0.27643483877182007,0.1495184749364853,0.7616400703787803,True
COINSTAR INC,2.0,0.15,0.3,transcripts_by_company/Coinstar_2006Q2.txt,0.17439928650856018,0.012917952612042427,0.8740451136603952,True
MERITAGE CORPORATION,1.0,-1.72,-0.36,transcripts_by_company/Meritage_Homes_Corporation_2008Q1.txt,0.14024005830287933,-0.059554941952228546,0.919698441773653,True
LPL INVESTMENT HOLDINGS INC,3.0,0.46,0.43,transcripts_by_company/Marfin_Investment_Group_Holdings_SA_2011Q3.txt,0.09690064936876297,-0.028685078024864197,0.9407750688493252,True
SOLERA HOLDINGS INC,3.0,0.62,0.82,transcripts_by_company/Solera_Holdings_Inc_2015Q3.txt,0.2608429193496704,0.0,0.7391570806503296,False
AUDIOCODES LTD,2.0,0.37,0.34,transcripts_by_company/AudioCodes_Ltd_2021Q2.txt,0.11542168259620667,0.14662976562976837,0.8752158924937248,True
OLIN CORP,4.0,1.49,2.24,transcripts_by_company/Olin_Corporation_2022Q4.txt,0.34767845273017883,0.26750460267066956,0.6763737022876739,True
BODY CENTRAL CORP,1.0,0.36,0.41,transcripts_by_company/Body_Central_Corp_2012Q1.txt,0.12854166328907013,0.0378522090613842,0.8986651729792356,True
NANOMETRICS INC,1.0,0.12,0.39,transcripts_by_company/Nanometrics_2012Q1.txt,0.20131857693195343,0.03146108612418175,0.8496386703103781,True
UNDER ARMOUR INC,3.0,0.51,0.67,transcripts_by_company/Under_Armour_Inc_2008Q3.txt,0.14492975175380707,0.17939749360084534,0.8447299256920815,True
FIRST HORIZON CORP,2.0,-0.58,-0.06,transcripts_by_company/First_Horizon_National_Corporation_2009Q2.txt,0.16672039031982422,0.12615881860256195,0.8454480811953544,True
ATLANTIC POWER CORP,3.0,0.21,-0.03,transcripts_by_company/Atlantic_Power_Corporation_2017Q3.txt,0.3209250867366791,0.31784799695014954,0.6799980401992798,True
CONCERT PHARMACEUTICALS INC,3.0,-0.6,-0.91,transcripts_by_company/Concert_Pharmaceuticals_Inc_2020Q3.txt,0.19601649045944214,0.1338105946779251,0.822645278275013,True
SINA CORP,3.0,0.42,0.25,transcripts_by_company/Sina_Corporation_2013Q3.txt,0.16234815120697021,0.2446364462375641,0.8129653602838516,True
PHARMATHENE INC,4.0,-0.17,-0.26,transcripts_by_company/Pharmathene_2008Q4.txt,0.24626238644123077,0.13693782687187195,0.7865349814295769,True
AVALONBAY COMMUNITIES INC,1.0,1.05,1.15,transcripts_by_company/AvalonBay_Communities_Inc_2023Q1.txt,0.1366521567106247,0.19233956933021545,0.846641619503498,True
SENSIENT TECHNOLOGIES CORP,1.0,0.89,0.93,transcripts_by_company/Sensient_Technologies_Corporation_2018Q1.txt,0.20058847963809967,0.18531477451324463,0.8039936318993568,True
ENCOMPASS HEALTH CORP,1.0,1.04,0.93,transcripts_by_company/Encompass_Health_Corporation_2019Q1.txt,0.20875340700149536,0.11331752687692642,0.8198773570358753,True
CELLEBRITE DI LTD,2.0,0.0,0.03,transcripts_by_company/Cellebrite_DI_Ltd_2022Q2.txt,0.10430318862199783,0.14670874178409576,0.8829751454293728,True
CULP INC,1.0,0.18,0.29,transcripts_by_company/Culp_Inc_2011Q1.txt,0.1487073302268982,0.32609522342681885,0.7980763018131256,True
BECTON DICKINSON AND CO,3.0,1.39,1.46,transcripts_by_company/Becton_Dickinson_and_Company_2011Q3.txt,0.19517111778259277,0.2366899698972702,0.792373226583004,True
GRAFTECH INTERNATIONAL LTD,2.0,0.11,0.19,transcripts_by_company/GrafTech_International_Ltd_2005Q2.txt,0.08083207905292511,0.23811157047748566,0.8719840735197067,True
MR COOPER GROUP INC,4.0,1.03,0.42,transcripts_by_company/Mr_Cooper_Group_Inc_2019Q4.txt,0.17528940737247467,0.24879008531570435,0.8026603892445564,True
FOOT LOCKER INC,3.0,0.29,0.31,transcripts_by_company/Foot_Locker_Inc_2004Q3.txt,0.3116346001625061,0.22060497105121613,0.7156742885708809,True
AMNEAL PHARMACEUTICALS INC,4.0,0.08,0.22,transcripts_by_company/Amneal_Pharmaceuticals_Inc_2019Q4.txt,0.19732780754566193,0.38368818163871765,0.7467640802264214,True
AMERICAN PUBLIC EDUCATION INC,3.0,0.61,0.64,transcripts_by_company/American_Public_Education_Inc_2013Q3.txt,0.19727101922035217,0.32182639837265015,0.7653623670339584,True
SARA LEE CORPORATION,2.0,0.09,0.29,transcripts_by_company/Sara_Lee_Corporation_2010Q2.txt,0.10861305892467499,-0.007842686958611012,0.9263236648403108,True
MARINEMAX INC,4.0,0.19,0.66,transcripts_by_company/MarineMax_Inc_2023Q4.txt,0.3920046389102936,0.3219738006591797,0.6290046125650406,True
NIC INC,4.0,0.03,0.04,transcripts_by_company/NIC_Inc_2006Q4.txt,0.24929626286029816,0.14264626801013947,0.7826987355947495,True
LUXOTTICA GROUP SPA,4.0,0.27,0.34,transcripts_by_company/Luxottica_Group_SpA_2015Q4.txt,0.06717443466186523,0.21462523937225342,0.8885903239250184,True
PACCAR INC,3.0,1.21,1.12,transcripts_by_company/PACCAR_Inc_2015Q3.txt,0.07426030188798904,0.15265688300132751,0.9022207237780094,True
FLEXSHOPPER INC,3.0,-0.32,0.13,transcripts_by_company/FlexShopper_Inc_2022Q3.txt,0.29334497451782227,0.2501188814640045,0.7196228533983231,True
TYLER TECHNOLOGIES INC,1.0,0.17,0.2,transcripts_by_company/Tyler_Technologies_2012Q1.txt,0.23408205807209015,0.26643937826156616,0.7562107458710671,True
TEXTRON INC,3.0,0.83,0.7,transcripts_by_company/Textron_Inc_2004Q3.txt,0.13558608293533325,0.4423157274723053,0.7723950237035752,True
KONA GRILL INC,1.0,-0.07,-0.1,transcripts_by_company/Kona_Grill_Inc_2010Q1.txt,0.141380175948143,0.16132554411888123,0.8526362136006356,True
MYRIAD GENETICS INC,2.0,0.12,-0.02,transcripts_by_company/Myriad_Genetics_Inc_2021Q2.txt,0.2145882397890091,0.3728870451450348,0.7379221186041832,True
DAWSON GEOPHYSICAL CO,3.0,-0.57,-0.33,transcripts_by_company/Dawson_Geophysical_2016Q3.txt,0.298898309469223,0.2224911004304886,0.7240238532423973,True
VERA BRADLEY INC,2.0,-0.09,-0.29,transcripts_by_company/Vera_Bradley_Inc_2023Q2.txt,0.30769145488739014,0.3676081895828247,0.6743335247039794,True
NATIONWIDE HEALTH PROPERTYS,2.0,0.23,0.26,transcripts_by_company/Nationwide_Health_Properties_Inc_2006Q2.txt,0.4014502763748169,0.09571018069982529,0.6902717523276807,True
DOMINION ENERGY INC,2.0,0.81,0.99,transcripts_by_company/Dominion_Energy_2004Q2.txt,0.27138611674308777,0.22341564297676086,0.7430050253868103,True
BRIXMOR PROPERTY GROUP INC,1.0,0.1,0.11,transcripts_by_company/Brixmor_Property_Group_Inc_2015Q1.txt,0.0969892144203186,0.12615370750427246,0.8942614376544953,True
"HARLAND, JOHN",3.0,0.63,0.71,transcripts_by_company/John_H_Harland_Company_2006Q3.txt,0.15215560793876648,0.19932299852371216,0.8336941748857498,True
SEMTECH CORP,1.0,0.55,0.59,transcripts_by_company/Semtech_Corporation_2019Q1.txt,0.17426720261573792,0.2865138351917267,0.7920588076114654,True
RLJ LODGING TRUST,4.0,-0.57,-0.33,transcripts_by_company/RLJ_Lodging_Trust_2020Q4.txt,0.19528594613075256,0.1245189681649208,0.825944147258997,True
ELONG INC,4.0,0.006,0.01,transcripts_by_company/eLong_Inc_2009Q4.txt,0.40527939796447754,0.25002846121788025,0.6412958830595017,True
ASBURY AUTOMOTIVE GROUP INC,2.0,1.19,1.05,transcripts_by_company/Asbury_Automotive_Group_Inc_2014Q2.txt,0.15480086207389832,0.20626099407672882,0.8297610983252526,True
AMERICAN WOODMARK CORP,1.0,0.18,0.31,transcripts_by_company/American_Woodmark_Corporation_2014Q1.txt,0.4369999170303345,0.2909204363822937,0.6068239271640778,True
INTERVAL LEISURE GROUP INC,3.0,0.13,0.12,transcripts_by_company/Interval_Leisure_Group_Inc_2009Q3.txt,0.06794491410255432,0.25552064180374146,0.8757823675870895,True
CIGNA CORP,2.0,2.91,2.48,transcripts_by_company/Cigna_Corporation_2017Q2.txt,0.1806417852640152,0.09749472886323929,0.8443023316562176,True
THERAVANCE BIOPHARMA INC,3.0,-0.73,-1.3,transcripts_by_company/Theravance_Biopharma_Inc_2016Q3.txt,0.17802561819553375,0.24890165030956268,0.8007115721702576,True
AECOM TECHNOLOGY CORP,2.0,0.65,0.73,transcripts_by_company/AECOM_Technology_Corporation_2014Q2.txt,0.4092455208301544,0.0,0.5907544791698456,False
BRIGGS & STRATTON CORP,2.0,0.36,0.29,transcripts_by_company/Briggs_and_Stratton_Corporation_2010Q2.txt,0.3733333647251129,0.23354582488536835,0.6686028972268105,True
SIGMA-ALDRICH CORP,3.0,1.02,0.95,transcripts_by_company/Sigma-Aldrich_Corporation_2006Q3.txt,0.15534153580665588,0.13414978981018066,0.8510159879922867,True
ZOOM COMMUNICATIONS INC,3.0,0.92,0.08,transcripts_by_company/Zoom_Video_Communications_Inc_2020Q3.txt,0.21405798196792603,0.24490247666835785,0.7766886696219444,True
SO-YOUNG INTERNATIONAL INC,4.0,0.36,0.02,transcripts_by_company/So-Young_International_Inc_2022Q4.txt,0.3660178780555725,0.26169320940971375,0.6652795225381851,True
SILICON IMAGE INC,2.0,0.1,0.03,transcripts_by_company/Silicon_Image_2004Q2.txt,0.16056278347969055,0.1889221966266632,0.8309293925762177,True
PROTO LABS INC,1.0,0.35,0.28,transcripts_by_company/Proto_Labs_Inc_2013Q1.txt,0.30843526124954224,0.3403647541999817,0.6819858908653259,True
POLYMEDICA CORP,2.0,0.5,0.49,transcripts_by_company/PolyMedica_2004Q2.txt,0.36665281653404236,0.26892659068107605,0.6626650512218475,True
LMI AEROSPACE INC,2.0,0.28,0.42,transcripts_by_company/LMI_Aerospace_Inc_2009Q2.txt,0.42770400643348694,0.23924848437309265,0.6288326501846313,True
ACUTUS MEDICAL INC,1.0,-0.57,-0.66,transcripts_by_company/Acutus_Medical_Inc_2023Q1.txt,0.22160223126411438,0.2587495744228363,0.7672535657882691,True
DIXIE GROUP INC,2.0,0.05,0.17,transcripts_by_company/The_Dixie_Group_Inc_2014Q2.txt,0.10109414905309677,0.11172214150428772,0.8957174532115459,True
"ESSEX PROPERTY TRUST, INC.",3.0,0.35,0.21,transcripts_by_company/Essex_Property_Trust_2005Q3.txt,0.1846318542957306,0.2734127342700958,0.7887338817119598,True
CLOVIS ONCOLOGY INC,4.0,-1.81,-1.74,transcripts_by_company/Clovis_Oncology_Inc_2019Q4.txt,0.2146453857421875,0.2457832247018814,0.7760132625699043,True
WORKDAY INC,1.0,0.73,0.56,transcripts_by_company/Workday_Inc_2021Q1.txt,0.2352256178855896,0.18269553780555725,0.7805334061384201,True
SWS GROUP INC,2.0,-0.11,0.09,transcripts_by_company/SWS_Group_Inc_2012Q2.txt,0.1511809527873993,0.31969767808914185,0.798264029622078,True
CBOE EXCHANGE INC,4.0,41.978,42.08,transcripts_by_company/Multi_Commodity_Exchange_of_India_Limited_2019Q4.txt,0.1460915207862854,0.27336451411247253,0.8157265812158585,True
HEALTHCARE REALTY TRUST INC,3.0,0.11,0.12,transcripts_by_company/Healthcare_Realty_Trust_Inc_2008Q3.txt,0.19236214458942413,-0.04118897393345833,0.8777031909674406,True
NOVATEL INC.,4.0,0.49,0.34,transcripts_by_company/Novatel_Wireless_Inc_2005Q4.txt,0.1999538540840149,0.3740130364894867,0.7478283911943435,True
MANTECH INTERNATIONAL CORP,4.0,0.5,0.53,transcripts_by_company/ManTech_International_Corporation_2018Q4.txt,0.2778869569301605,0.10612460225820541,0.773641749471426,True
SS&C TECHNOLOGIES HOLDINGS INC,4.0,0.62,0.6,transcripts_by_company/SSandC_Technologies_Holdings_Inc_2014Q4.txt,0.21632084250450134,0.21575821936130524,0.7838479444384575,True
GRAHAM CORP,2.0,0.23,0.38,transcripts_by_company/Graham_Corporation_2015Q2.txt,0.14414983987808228,0.09847475588321686,0.8695526853203773,True
CHEGG INC,3.0,0.01,0.0,transcripts_by_company/Chegg_Inc_2017Q3.txt,0.08395960927009583,0.3075164556503296,0.8489733368158341,True
ALCATEL-LUCENT,3.0,0.03,0.09,transcripts_by_company/Alcatel-Lucent_2008Q3.txt,0.11929235607385635,0.28018319606781006,0.8324403919279575,True
GE HEALTHCARE TECHNOLOGIES INC,2.0,0.92,0.92,transcripts_by_company/GE_HealthCare_Technologies_Inc_2023Q2.txt,0.16617494821548462,0.14019303023815155,0.8416196271777153,True
ID BIOMEDICAL CORPORATION,3.0,-0.681,-0.3,transcripts_by_company/ID_Biomedical_Corp_2005Q3.txt,0.17072878777980804,0.23651079833507538,0.8095366090536118,True
HUB GROUP INC,1.0,0.34,0.49,transcripts_by_company/Hub_Group_Inc_2017Q1.txt,0.11113766580820084,0.18868045508861542,0.8655994974076748,True
BRIDGE CAPITAL HOLDINGS,2.0,-0.29,0.06,transcripts_by_company/Bridge_Capital_2009Q2.txt,0.1574903130531311,0.054904576390981674,0.8732854079455137,True
LOGITECH INTERNATIONAL SA,4.0,0.39,0.41,transcripts_by_company/Logitech_international_SA_2015Q4.txt,0.1348843276500702,0.35131868720054626,0.8001853644847869,True
ABM INDUSTRIES INC,3.0,0.21,0.26,transcripts_by_company/ABM_Industries_2003Q3.txt,0.2894996106624603,0.16968539357185364,0.7464446544647216,True
AMGEN INC,4.0,0.35,0.38,transcripts_by_company/Amgen_Inc_2002Q4.txt,0.12679101526737213,0.0,0.8732089847326279,False
HOME DEPOT INC,3.0,4.02,3.28,transcripts_by_company/The_Home_Depot_Inc_2020Q3.txt,0.2698349952697754,0.24614453315734863,0.7372721433639526,True
THESTREET.COM INC,3.0,-0.05,-0.02,transcripts_by_company/TheStreetcom_Inc_2004Q3.txt,0.1084493100643158,0.1299874633550644,0.8850892439484597,True
NUCOR CORP,2.0,2.03,1.48,transcripts_by_company/Nucor_2005Q2.txt,0.19841820001602173,0.1330987513065338,0.8211776345968247,True
INOGEN INC,2.0,0.22,-0.11,transcripts_by_company/Inogen_Inc_2021Q2.txt,0.31427618861198425,0.23788771033287048,0.7086403548717499,True
ARTHUR J GALLAGHER & CO,1.0,0.4,0.38,transcripts_by_company/Arthur_J_Gallagher_and_Co_2017Q1.txt,0.07032213360071182,0.13152159750461578,0.911318027228117,True
NEUROGEN CORP,3.0,-0.03,-0.12,transcripts_by_company/Neurogen_Corporation_2009Q3.txt,0.22910641133785248,0.19064772129058838,0.7824311956763268,True
CHEMTURA CORP,2.0,0.17,0.2,transcripts_by_company/Chemtura_Corporation_2007Q2.txt,0.20174597203731537,0.16000260412693024,0.8107770383358002,True
AMERICAN STATES WATER CO,2.0,0.45,0.52,transcripts_by_company/American_States_Water_Company_2016Q2.txt,0.276095449924469,0.14491930603981018,0.7632573932409287,True
WATSCO INC,1.0,0.71,0.77,transcripts_by_company/Watsco_Inc_2016Q1.txt,0.21243169903755188,0.36381763219833374,0.7421525210142136,True
"T ROWE GROUP, INC",1.0,2.09,1.88,transcripts_by_company/T_Rowe_Price_Group_Inc_2019Q1.txt,0.18958927690982819,0.08775033801794052,0.8409624047577381,True
NAVIENT CORP,2.0,0.74,0.52,transcripts_by_company/Navient_Corporation_2019Q2.txt,0.15207859873771667,0.3136991858482361,0.7994352251291275,True
CAPELLA EDUCATION CO,4.0,0.86,1.12,transcripts_by_company/Capella_Education_Company_2017Q4.txt,0.4097040593624115,0.06961145997047424,0.6923237204551698,True
COUNTRYWIDE FINANCIAL CORP,4.0,2.74,2.68,transcripts_by_company/Countrywide_Financial_Corporation_2003Q4.txt,0.24514620006084442,0.4513491988182068,0.6929929003119468,True
CREDICORP 'C',2.0,4.15,4.32,transcripts_by_company/Credicorp_Ltd_2019Q2.txt,0.14953985810279846,0.2775076925754547,0.8120697915554047,True
EXACT SCIENCES CORP,2.0,-0.12,-0.15,transcripts_by_company/EXACT_Sciences_Corporation_2006Q2.txt,0.2627605199813843,0.11045385152101517,0.7829314805567265,True
KANSAS CITY SOUTHERN,1.0,0.21,0.24,transcripts_by_company/Kansas_City_Southern_2007Q1.txt,0.28376317024230957,0.2736515700817108,0.7192703098058701,True
ERA GROUP INC,1.0,-0.35,0.11,transcripts_by_company/REA_Group_Limited_2016Q1.txt,0.24728074669837952,0.24255749583244324,0.7541362285614014,True
AMICUS THERAPEUTICS INC,3.0,-0.19,-0.2,transcripts_by_company/Amicus_Therapeutics_Inc_2021Q3.txt,0.1229926347732544,0.18730786442756653,0.8577127963304519,True
EDWARDS LIFESCIENCES CORP,2.0,0.39,0.4,transcripts_by_company/Edwards_Lifesciences_2003Q2.txt,0.06134103983640671,0.15295615792274475,0.9111744247376918,True
COMMUNITY BANCSHARES INC,2.0,0.01,0.01,transcripts_by_company/Dime_Community_Bancshares_2005Q2.txt,0.29455626010894775,0.10918176919221878,0.761056087166071,True
INTEGRATED DEVICE TECHNOLOGY INC,3.0,0.34,0.38,transcripts_by_company/Integrated_Device_Technology_2016Q3.txt,0.12373397499322891,0.29447853565216064,0.8250426568090916,True
MRC GLOBAL INC,1.0,0.04,0.17,transcripts_by_company/MRC_Global_Inc_2020Q1.txt,0.08604191243648529,0.10968770831823349,0.9068643487989902,True
GARMIN LTD,1.0,0.73,0.68,transcripts_by_company/Garmin_Ltd_2019Q1.txt,0.11235194653272629,0.38961416482925415,0.8044693879783154,True
NEOGENOMICS INC,2.0,0.01,0.01,transcripts_by_company/Neogenomics_Inc_2012Q2.txt,0.20140008628368378,0.3575890362262726,0.7517432287335396,True
RENAISSANCERE HOLDINGS LTD,3.0,-8.98,1.81,transcripts_by_company/RenaissanceRe_Holdings_Ltd_2021Q3.txt,0.18747994303703308,0.26407796144485474,0.7895406514406205,True
BLACK HILLS CORP,1.0,0.65,0.76,transcripts_by_company/Black_Hills_Corporation_2012Q1.txt,0.1699618548154831,0.07957249879837036,0.8571549519896507,True
TRIMBLE INC,2.0,0.35,0.62,transcripts_by_company/Trimble_Navigation_2007Q2.txt,0.23154249787330627,0.13786664605140686,0.7965602576732635,True
AUTHENTIDATE HOLDING CORP,2.0,-0.25,-0.02,transcripts_by_company/AUTHENTIDATE_HLDG_CORP_2005Q2.txt,0.35275697708129883,0.030968880280852318,0.7437794519588352,True
NUCOR CORP,3.0,0.79,1.0,transcripts_by_company/Nucor_Corporation_2017Q3.txt,0.24480904638767242,0.2442949265241623,0.7553451895713806,True
ENCORE BANCSHARES INC,1.0,0.26,0.18,transcripts_by_company/Encore_Bancshares_Inc_2012Q1.txt,0.11109832674264908,0.15656866133213043,0.8752605728805065,True
MARVELL TECHNOLOGY GROUP LTD,3.0,0.16,0.28,transcripts_by_company/Marvell_Technology_Group_Ltd_2019Q3.txt,0.09235940128564835,0.18218442797660828,0.8806930907070637,True
COMPUTER PROGRAMS AND SYSTEMS IN,3.0,0.34,0.89,transcripts_by_company/Computer_Programs_and_Systems_Inc_2016Q3.txt,0.30957746505737305,0.09777896106243134,0.7539620861411095,True
CARPENTER TECHNOLOGY CORP,1.0,1.05,2.77,transcripts_by_company/Carpenter_Technology_Corporation_2008Q1.txt,0.37669816613197327,0.15306849777698517,0.6903907343745233,True
BOSTON SCIENTIFIC CORP,4.0,0.11,0.12,transcripts_by_company/Boston_Scientific_Corporation_2012Q4.txt,0.19964046776294708,0.16186931729316711,0.811690877377987,True
BUILDERS FIRSTSOURCE INC,4.0,-0.52,-0.45,transcripts_by_company/Builders_FirstSource_Inc_2008Q4.txt,0.2179998904466629,0.3159807324409485,0.7526058569550514,True
NORWEGIAN AIR SHUTTLE AS,1.0,-16.4,-39.82,transcripts_by_company/Norwegian_Air_Shuttle_ASA_2019Q1.txt,0.2792111933231354,0.2641443908214569,0.7253088474273681,True
PALM HARBOR HOMES INC,4.0,-0.2,0.05,transcripts_by_company/Palm_Harbor_Homes_2004Q4.txt,0.18133364617824554,0.1739659458398819,0.8208766639232635,True
EURAND NV,1.0,-0.02,-0.06,transcripts_by_company/Legrand_2008Q1.txt,0.26271888613700867,0.2238864302635193,0.7489308506250382,True
DOT HILL SYSTEMS CORP,2.0,0.06,0.05,transcripts_by_company/Dot_Hill_Systems_Corp_2015Q2.txt,0.23829522728919983,0.220932275056839,0.7669136583805085,True
DSW INC,2.0,0.98,0.98,transcripts_by_company/DSW_Inc_2012Q2.txt,0.25708258152008057,0.2855176627635956,0.734386894106865,True
XYLEM INC,2.0,0.98,0.77,transcripts_by_company/Xylem_Inc_2023Q2.txt,0.16232453286647797,0.3294643759727478,0.7875335142016411,True
AZZ INC,1.0,0.82,0.81,transcripts_by_company/AZZ_incorporated_2012Q1.txt,0.3698388338088989,0.1714119017124176,0.6896892458200454,True
MRO SOFTWARE INC,3.0,0.18,0.17,transcripts_by_company/MRO_Software_Inc_2004Q3.txt,0.11430054157972336,0.22279943525791168,0.8531497903168201,True
SATSUMA PHARMACEUTICALS INC,2.0,-0.52,-0.51,transcripts_by_company/Satsuma_Pharmaceuticals_Inc_2022Q2.txt,0.12992943823337555,0.2049170434474945,0.8475742802023888,True
COLUMBIA LABORATORIES INC,3.0,0.08,-0.09,transcripts_by_company/Columbia_Laboratories_2010Q3.txt,0.2069559544324875,0.3057386875152588,0.7634092256426812,True
COVANCE INC,2.0,0.36,0.34,transcripts_by_company/Covance_Inc_2004Q2.txt,0.17862004041671753,0.06762506812810898,0.8546784512698651,True
HATTERAS FINANCIAL CORP,2.0,1.2,1.2,transcripts_by_company/Hatteras_Financial_2009Q2.txt,0.1136777326464653,0.09781996160745621,0.8910795986652374,True
GENTIUM SPA,4.0,0.0,0.14,transcripts_by_company/Mediolanum_SpA_2011Q4.txt,0.44901102781295776,0.08600012958049774,0.6598922416567803,True
AVALONBAY COMMUNITIES INC,1.0,1.72,1.14,transcripts_by_company/AvalonBay_Communities_Inc_2017Q1.txt,0.27102920413017273,0.22245359420776367,0.74354347884655,True
QUIDEL CORP,3.0,0.07,0.06,transcripts_by_company/Quidel_Corp_2007Q3.txt,0.14061647653579712,0.11244085431098938,0.8678362101316452,True
IRON MOUNTAIN INC,4.0,0.33,0.34,transcripts_by_company/Iron_Mountain_Inc_2011Q4.txt,0.10522826015949249,0.19921919703483582,0.8665744587779045,True
BRF SA,1.0,-0.043,0.08,transcripts_by_company/BRF_SA_2018Q1.txt,0.3157995641231537,0.22610409557819366,0.7111090764403343,True
MOSYS INC,2.0,0.0,0.05,transcripts_by_company/MoSys_Inc_2007Q2.txt,0.24218419194221497,0.16752907633781433,0.7802123427391052,True
DZS INC,3.0,-0.17,0.22,transcripts_by_company/DZS_Inc_2022Q3.txt,0.34051939845085144,0.41295647621154785,0.6377494782209396,True
MICHAEL KORS HOLDINGS LTD,2.0,0.88,0.91,transcripts_by_company/Michael_Kors_Holdings_Ltd_2016Q2.txt,0.29613617062568665,0.24830220639705658,0.7182140186429025,True
LONE STAR STEAKHOUSE SALOON,4.0,0.47,0.45,transcripts_by_company/Lone_Star_Steakhouse_and_Saloon_2004Q4.txt,0.17240478098392487,0.31558892130851746,0.7846399769186974,True
BED BATH  BEYOND INC,3.0,0.47,0.46,transcripts_by_company/Bed_Bath_and_Beyond_Inc_2005Q3.txt,0.23512619733810425,0.0,0.7648738026618958,False
BLUE COAT SYSTEMS INC,1.0,0.21,0.24,transcripts_by_company/Blue_Coat_Systems_2006Q1.txt,0.40376052260398865,-0.1708935797214508,0.7686357080936432,True
MEDICAL PROPERTIES TRUST INC,4.0,0.26,0.24,transcripts_by_company/Medical_Properties_Trust_Inc_2019Q4.txt,0.15955278277397156,0.28214970231056213,0.8036681413650513,True
BUILDERS FIRSTSOURCE INC,1.0,3.9,0.87,transcripts_by_company/Builders_FirstSource_Inc_2022Q1.txt,0.2079288214445114,0.32355520129203796,0.7573832646012306,True
EVELO BIOSCIENCES INC,1.0,-0.64,-0.67,transcripts_by_company/Evelo_Biosciences_Inc_2019Q1.txt,0.23688797652721405,0.25610339641571045,0.757347397506237,True
"GLOBAL INDUSTRIES, LTD.",1.0,-0.3,0.05,transcripts_by_company/Global_Industries_2011Q1.txt,0.25286996364593506,0.0887807086110115,0.796356812864542,True
HEADWATERS,4.0,-0.19,-0.13,transcripts_by_company/Headwaters_Inc_2011Q4.txt,0.25276994705200195,0.12745361030101776,0.7848249539732933,True
SUMMIT HOTEL PROPERTIES INC,3.0,0.33,0.15,transcripts_by_company/Summit_Hotel_Properties_Inc_2018Q3.txt,0.20476233959197998,0.13121391832828522,0.8173021867871284,True
COPANO ENERGY LLC,4.0,0.21,0.09,transcripts_by_company/Copano_Energy_LLC_2012Q4.txt,0.131752148270607,0.07355379313230515,0.8857073582708835,True
PDF SOLUTIONS INC,1.0,-0.05,0.09,transcripts_by_company/PDF_Solutions_Inc_2021Q1.txt,0.36993393301963806,0.37960129976272583,0.6271658569574357,True
GRUPO AEROPORTUARIO DEL CENTRO N,2.0,0.636,0.57,transcripts_by_company/Grupo_Aeroportuario_del_Centro_Norte_SAB_de_CV_2021Q2.txt,0.08541883528232574,0.2481624037027359,0.8657580941915513,True
TECHPRECISION CORP,4.0,-0.03,0.04,transcripts_by_company/TechPrecision_Corporation_2012Q4.txt,0.29309043288230896,0.16894327104091644,0.7441537156701088,True
GN STORE NORD (GREAT NORDIC),3.0,2.58,2.66,transcripts_by_company/Nordic_Nanovector_ASA_2019Q3.txt,0.02430836856365204,0.10587039589881897,0.9512230232357979,True
GATX CORP,4.0,1.3,1.18,transcripts_by_company/GATX_Corporation_2014Q4.txt,0.12136726081371307,0.11703217029571533,0.8799332663416862,True
ALTRIA GROUP INC,4.0,0.37,0.4,transcripts_by_company/Altria_Group_2008Q4.txt,0.05864068865776062,0.19747796654701233,0.8997081279754638,True
MONTPELIER RE HOLDING,1.0,0.54,0.65,transcripts_by_company/Montpelier_Re_Holdings_Ltd_2009Q1.txt,0.2275293618440628,0.030586527660489082,0.8315534884110094,True
DECKERS OUTDOOR CORP,4.0,5.22,4.31,transcripts_by_company/Deckers_Outdoor_2009Q4.txt,0.2722150683403015,0.3372546434402466,0.708273059129715,True
FLOWERS FOODS INC,3.0,0.33,0.31,transcripts_by_company/Flowers_Foods_2004Q3.txt,0.1887454092502594,0.21102093160152435,0.8045719340443611,True
INTERNATIONAL GAME TECHNOLOGY PL,4.0,0.63,0.48,transcripts_by_company/International_Game_Technology_PLC_2015Q4.txt,0.1302698403596878,0.34511929750442505,0.805275322496891,True
YOUNG INNOVATIONS INC,4.0,0.47,0.45,transcripts_by_company/Young_Innovations_2010Q4.txt,0.1398400366306305,0.5198816061019897,0.7461474925279618,True
ASML,3.0,0.48,0.43,transcripts_by_company/ASML_Holdings_NV_2007Q3.txt,0.1308363378047943,0.2901826500892639,0.8213597685098648,True
LASERSCOPE,3.0,0.19,0.09,transcripts_by_company/Laserscope_2004Q3.txt,0.20696139335632324,-0.031115060672163963,0.8644615428522229,True
GOODYEAR TIRE  RUBBER CO,1.0,0.67,0.68,transcripts_by_company/Goodyear_Tire_and_Rubber_2008Q1.txt,0.2709728479385376,0.16779763996601105,0.7599797144532203,True
RED ROBIN GOURMET BURGERS INC,2.0,0.78,0.79,transcripts_by_company/Red_Robin_Gourmet_Burgers_Inc_2015Q2.txt,0.3282968997955322,0.26275941729545593,0.6913643449544906,True
KIMBALL INTERNATIONAL INC,3.0,0.08,0.11,transcripts_by_company/Kimball_International_2008Q3.txt,0.18040670454502106,0.09366213530302048,0.8456166662275791,True
CSX CORP,4.0,0.42,0.43,transcripts_by_company/CSX_Corporation_2013Q4.txt,0.13143464922904968,0.18345007300376892,0.8529607236385346,True
PERFORMANCE FOOD GROUP CO,3.0,0.5,0.36,transcripts_by_company/Performance_Food_Group_Company_2019Q3.txt,0.1726483851671219,0.31364142894744873,0.7850537016987801,True
LIBERTY BROADBAND CORP,1.0,1.77,1.5,transcripts_by_company/Liberty_Broadband_Corporation_2022Q1.txt,0.20764537155628204,0.2180912047624588,0.789220878481865,True
ANALOG DEVICES INC,3.0,1.72,1.46,transcripts_by_company/Analog_Devices_Inc_2021Q3.txt,0.3107062578201294,0.2207598239183426,0.7162776723504067,True
FLOTEK INDUSTRIES INC,4.0,-0.01,0.14,transcripts_by_company/Flotek_Industries_Inc_2017Q4.txt,0.3646659255027771,0.29599615931510925,0.6559350043535233,True
LIBBEY INC,2.0,0.5,0.44,transcripts_by_company/Libbey_Inc_2011Q2.txt,0.314969003200531,0.17062146961688995,0.7283352568745614,True
CACI INTERNATIONAL INC,4.0,1.69,1.65,transcripts_by_company/CACI_International_Inc_2012Q4.txt,0.22633083164691925,0.37512198090553284,0.7290318235754967,True
ELI LILLY AND CO,1.0,1.33,1.42,transcripts_by_company/Eli_Lilly_and_Company_2019Q1.txt,0.16652248799800873,0.2569780945777893,0.8063408300280571,True
PVH CORP,1.0,-0.38,1.13,transcripts_by_company/PVH_Corp_2021Q1.txt,0.15365497767925262,0.23670810461044312,0.8214290842413903,True
CIVISTA BANCSHARES INC,4.0,0.64,0.46,transcripts_by_company/Civista_Bancshares_Inc_2020Q4.txt,0.09843339771032333,0.15828634798526764,0.8836107172071934,True
OSCAR HEALTH INC,1.0,-0.18,0.03,transcripts_by_company/Oscar_Health_Inc_2023Q1.txt,0.3385315537452698,-0.0010437947930768132,0.7633410508162342,True
ELEKTA AB (PUBL),3.0,0.06,-0.1,transcripts_by_company/NetEnt_AB_publ_2016Q3.txt,0.18198466300964355,0.18808722496032715,0.8161845684051514,True
ANADARKO PETROLEUM CO,4.0,-0.5,-0.55,transcripts_by_company/Anadarko_Petroleum_Corporation_2016Q4.txt,0.32309651374816895,0.20426936447620392,0.7125516310334206,True
TOMOTHERAPY INC,2.0,-0.01,0.02,transcripts_by_company/TomoTherapy_Inc_2007Q2.txt,0.1258907914161682,0.1230754479765892,0.8749538116157055,True
GLOBAL PARTNERS LP,1.0,-0.21,0.56,transcripts_by_company/Global_Partners_LP_2016Q1.txt,0.32243260741233826,0.11889085173606873,0.7386299192905426,True
MACROMEDIA INC,1.0,0.13,0.07,transcripts_by_company/Macromedia_2003Q1.txt,0.2577837407588959,0.15414828062057495,0.7733068972826005,True
STATE AUTO FINANCIAL CORP,3.0,-0.25,0.06,transcripts_by_company/State_Auto_Financial_Corporation_2012Q3.txt,0.34327852725982666,0.07094354927539825,0.7384219661355018,True
PANTRY INC.,2.0,0.64,0.59,transcripts_by_company/The_Pantry_Inc_2014Q2.txt,0.07140780985355377,0.13483937084674835,0.9095627218484879,True
BARNES GROUP INC,2.0,0.61,0.51,transcripts_by_company/Barnes_Group_Inc_2005Q2.txt,0.11002399027347565,0.0,0.8899760097265244,False
PENNANT GROUP INC,4.0,0.17,0.11,transcripts_by_company/The_Pennant_Group_Inc_2020Q4.txt,0.1789395809173584,0.23333977162837982,0.8047403618693352,True
FB FINANCIAL CORP,3.0,1.46,0.53,transcripts_by_company/FB_Financial_Corporation_2020Q3.txt,0.2866046130657196,0.12569424510002136,0.7616684973239899,True
"J C PENNEY COMPANY, INC",1.0,1.09,1.01,transcripts_by_company/J_C_Penney_Company_Inc_2011Q1.txt,0.39224234223365784,0.0,0.6077576577663422,False
REGIONAL MANAGEMENT CORP,3.0,1.01,0.88,transcripts_by_company/Regional_Management_Corp_2020Q3.txt,0.2705007493495941,0.11183057725429535,0.7771003022789955,True
CVB FINANCIAL CORP,3.0,0.27,0.26,transcripts_by_company/CVB_Financial_Corp_2017Q3.txt,0.2123180627822876,0.09038004279136658,0.8242633432149887,True
CEDAR FAIR LP,4.0,-0.39,-0.04,transcripts_by_company/Cedar_Fair_LP_2009Q4.txt,0.11513257771730423,0.14323469996452332,0.87643678560853,True
JA SOLAR HOLDINGS CO LTD,2.0,-0.18,0.04,transcripts_by_company/JA_Solar_Holdings_Co_Ltd_2009Q2.txt,0.11813218891620636,0.12555062770843506,0.879642279446125,True
COMMERCIAL METALS CO,4.0,0.22,0.35,transcripts_by_company/Commercial_Metals_Company_2015Q4.txt,0.28534936904907227,0.3919558823108673,0.6826686769723893,True
NICE LTD,2.0,1.57,1.51,transcripts_by_company/NICE_Ltd_2021Q2.txt,0.23217815160751343,0.36087095737457275,0.7292140066623688,True
"DISNEY, WALT",3.0,0.46,0.38,transcripts_by_company/Walt_Disney_2009Q3.txt,0.17076976597309113,0.21086053550243378,0.8172030031681061,True
LABOR READY,1.0,0.21,0.21,transcripts_by_company/Labor_Ready_2006Q1.txt,0.19032713770866394,0.13807888329029083,0.825347338616848,True
ARQULE INC,2.0,-0.21,-0.19,transcripts_by_company/ArQule_Inc_2006Q2.txt,0.15916544198989868,0.04077178239822388,0.8763526558876038,True
CHARAH SOLUTIONS INC,4.0,-0.36,-0.05,transcripts_by_company/Charah_Solutions_Inc_2020Q4.txt,0.3782637119293213,0.09351375699043274,0.7071612745523452,True
INNOVATIVE SOLUTIONS AND SUPPORT,1.0,0.07,0.06,transcripts_by_company/Innovative_Solutions_and_Support_Inc_2023Q1.txt,0.0582452155649662,0.1099332720041275,0.9262483675032854,True
HAWAIIAN HOLDINGS INC,4.0,-0.49,-0.33,transcripts_by_company/Hawaiian_Holdings_Inc_2022Q4.txt,0.043646346777677536,0.2295583039522171,0.9005800660699605,True
NETGEAR INC,1.0,-0.28,0.53,transcripts_by_company/NETGEAR_Inc_2022Q1.txt,0.3648618459701538,0.2595977783203125,0.6667173743247986,True
EPL OIL & GAS INC,3.0,0.81,0.94,transcripts_by_company/EPL_Oil_and_Gas_Inc_2013Q3.txt,0.20953595638275146,0.0,0.7904640436172485,False
WAL-MART STORES INC,2.0,0.55,0.57,transcripts_by_company/Wal-Mart_Stores_Inc_2005Q2.txt,0.20667684078216553,0.0,0.7933231592178345,False
EDISON INTERNATIONAL,2.0,1.01,0.81,transcripts_by_company/Edison_International_2023Q2.txt,0.11094663292169571,0.13835978507995605,0.8808294214308262,True
SAPUTO INC,2.0,0.39,0.4,transcripts_by_company/Saputo_Inc_2022Q2.txt,0.24481652677059174,0.1659025251865387,0.7788576737046242,True
BROADRIDGE FINANCIAL SOLUTIONS I,2.0,0.91,1.05,transcripts_by_company/Broadridge_Financial_Solutions_Inc_2011Q2.txt,0.13200685381889343,0.1835607886314392,0.8525269657373429,True
XENON PHARMACEUTICALS INC,3.0,-0.51,-0.27,transcripts_by_company/Xenon_Pharmaceuticals_Inc_2016Q3.txt,0.22791951894760132,0.21185754239559174,0.7768990740180015,True
NEXPOINT RESIDENTIAL TRUST INC,2.0,0.69,-0.01,transcripts_by_company/NexPoint_Residential_Trust_Inc_2016Q2.txt,0.27482640743255615,0.12623555958271027,0.7697508469223976,True
RESPONSYS INC,2.0,0.03,0.05,transcripts_by_company/Responsys_Inc_2012Q2.txt,0.1625317931175232,0.12504485249519348,0.8487142890691757,True
TRAVELERS COMPANIES INC,3.0,1.61,1.27,transcripts_by_company/The_Travelers_Companies_Inc_2009Q3.txt,0.20784887671470642,0.2382092922925949,0.783042998611927,True
ANTARES PHARMA INC,1.0,-0.02,-0.03,transcripts_by_company/Antares_Pharma_Inc_2010Q1.txt,0.11419323086738586,0.2027876228094101,0.8592284515500068,True
GAP INC,4.0,0.58,0.6,transcripts_by_company/The_Gap_Inc_2017Q4.txt,0.16339926421642303,0.3474160134792328,0.781395711004734,True
CPI CORP,3.0,-0.49,-0.2,transcripts_by_company/CPI_International_Inc_2009Q3.txt,0.12218934297561646,0.07339303195476532,0.8924495503306389,True
VECTRUS INC,3.0,0.65,0.46,transcripts_by_company/Vectrus_Incorporated_2015Q3.txt,0.09328563511371613,0.1884315460920334,0.8781705915927887,True
J & J SNACK FOODS CORP,2.0,1.12,1.05,transcripts_by_company/JandJ_Snack_Foods_Corp_2013Q2.txt,0.2554997205734253,0.4537311792373657,0.6850308418273926,True
TRIMAS CORP,4.0,0.31,0.44,transcripts_by_company/TriMas_Corporation_2019Q4.txt,0.1339000165462494,0.12864521145820618,0.8676764249801636,True
SHERWINWILLIAMS CO,2.0,2.54,2.61,transcripts_by_company/Sherwin-Williams_Co_2013Q2.txt,0.24498389661312103,0.3520307242870331,0.7229020550847054,True
KILROY REALTY CORP,3.0,0.02,-0.01,transcripts_by_company/Kilroy_Realty_Corporation_2013Q3.txt,0.23665660619735718,0.3172803819179535,0.7391562610864639,True
BLOCK H&R INCORPORATED,4.0,-1.02,-0.98,transcripts_by_company/HandR_Block_Inc_2021Q4.txt,0.177209734916687,0.23008301854133606,0.8069282799959183,True
AQUANTIVE INC,3.0,0.13,0.04,transcripts_by_company/aQuantive_Inc_2005Q3.txt,0.36262989044189453,0.3655843734741211,0.6364837646484375,True
MIRATI THERAPEUTICS INC,3.0,-0.65,-0.79,transcripts_by_company/Mirati_Therapeutics_Inc_2017Q3.txt,0.17402078211307526,0.14765147864818573,0.8338900089263916,True
UNITED THERAPEUTICS CORP,3.0,-0.06,-0.06,transcripts_by_company/United_Theraputics_Corporation_2003Q3.txt,0.30759018659591675,0.38899481296539307,0.6679884254932403,True
UNITED THERAPEUTICS CORP,4.0,2.1,2.63,transcripts_by_company/United_Therapeutics_Corp_2015Q4.txt,0.291160523891449,0.3410298824310303,0.6938786685466767,True
CROWN HOLDINGS INC,1.0,0.3,0.3,transcripts_by_company/Crown_Holdings_Inc_2010Q1.txt,0.2842780351638794,0.21045970916748047,0.7378674626350403,True
NQ MOBILE INC,3.0,0.276,0.25,transcripts_by_company/NQ_Mobile_Inc_2013Q3.txt,0.1464170664548874,0.3052034378051758,0.8059470221400261,True
OAKLEY,2.0,0.29,0.33,transcripts_by_company/Oakley_2006Q2.txt,0.11232583969831467,0.0,0.8876741603016853,False
MICREL INC,3.0,0.11,0.04,transcripts_by_company/Micrel_Semiconductor_2009Q3.txt,0.27782005071640015,0.1497829258441925,0.7605910867452621,True
CENTRAL EURO DISTRIBUTION CP,2.0,0.27,0.39,transcripts_by_company/Central_European_Distribution_Corporation_2006Q2.txt,0.13154849410057068,0.18151715397834778,0.8534609079360962,True
TROVAGENE INC,2.0,-0.34,-0.31,transcripts_by_company/Trovagene_Inc_2016Q2.txt,0.20623628795146942,0.07878782600164413,0.8319982506334782,True
LUNA INNOVATIONS INC,2.0,-0.21,-0.13,transcripts_by_company/Luna_Innovations_Incorporated_2009Q2.txt,0.15961909294128418,0.2764699161052704,0.80532566010952,True
JOURNAL REGISTER CO.,1.0,0.18,0.26,transcripts_by_company/Journal_Register_2005Q1.txt,0.15858253836631775,0.24382320046424866,0.8158452630043029,True
INTEVAC INC,1.0,-0.23,0.19,transcripts_by_company/Intevac_Inc_2018Q1.txt,0.30295270681381226,0.1789514720439911,0.7342476636171341,True
CAPITAL SENIOR LIVING CORP,1.0,-0.31,-0.13,transcripts_by_company/Capital_Senior_Living_Corporation_2017Q1.txt,0.10296021401882172,0.20838288962841034,0.8654129832983017,True
GREENBRIER COMPANIES INC,2.0,0.09,0.79,transcripts_by_company/The_Greenbrier_Companies_Inc_2022Q2.txt,0.28395727276802063,0.3403669595718384,0.699119821190834,True
MOODY'S CORP,1.0,1.47,1.12,transcripts_by_company/Moodys_Corp_2017Q1.txt,0.3206890821456909,0.3300475776195526,0.6765033692121506,True
RENAISSANCERE HOLDINGS LTD,2.0,1.75,1.32,transcripts_by_company/RenaissanceRe_2003Q2.txt,0.1227228194475174,0.15490244328975677,0.8676232933998108,True
VCA ANTECH INC,4.0,0.3,0.34,transcripts_by_company/VCA_Antech_Inc_2008Q4.txt,0.2746850252151489,0.4575594663619995,0.6704526424407959,True
JOHN BEAN TECHNOLOGIES CORP,3.0,1.27,1.43,transcripts_by_company/John_Bean_Technologies_Corporation_2022Q3.txt,0.18664872646331787,0.19862447679042816,0.809758548438549,True
PSS WORLD MEDICAL INC,4.0,0.3,0.25,transcripts_by_company/PSS_World_Medical_Inc_2008Q4.txt,0.19930250942707062,0.20950303971767426,0.7976373314857483,True
RANDGOLD RESOURCES LTD,4.0,0.14,0.2,transcripts_by_company/Randgold_Resources_Limited_2006Q4.txt,0.0892680361866951,0.0,0.9107319638133049,False
POLYPORE INTERNATIONAL INC,4.0,0.42,0.27,transcripts_by_company/Polypore_International_Inc_2010Q4.txt,0.20645490288734436,0.35014456510543823,0.7504381984472275,True
LOUISIANA-PACIFIC CORP,4.0,0.87,0.24,transcripts_by_company/Louisiana-Pacific_Corp_2005Q4.txt,0.24115896224975586,0.12630504369735718,0.7932972133159637,True
PRA INTERNATIONAL INC,2.0,0.35,0.29,transcripts_by_company/PRA_International_2005Q2.txt,0.31743744015693665,0.1808413714170456,0.7235413804650307,True
KADANT INC,1.0,0.72,0.71,transcripts_by_company/Kadant_Inc_2016Q1.txt,0.384941428899765,0.3734589219093323,0.6185033231973649,True
SAMPO OYJ,3.0,0.71,0.7,transcripts_by_company/Sampo_Oyj_2015Q3.txt,0.1409466415643692,0.11346365511417389,0.8672982543706894,True
SIRONA DENTAL SYSTEMS INC,3.0,0.48,0.39,transcripts_by_company/Sirona_Dental_Systems_2008Q3.txt,0.22395059466362,0.14421114325523376,0.7999712407588959,True
WEST BANCORPORATION INC,3.0,0.17,0.09,transcripts_by_company/WEST_BANCORPORATION_INC_2010Q3.txt,0.1460416465997696,0.20424965023994446,0.836495952308178,True
NV ENERGY INC,3.0,0.77,0.76,transcripts_by_company/MVV_Energie_AG_2010Q3.txt,0.16850847005844116,0.17723903059959412,0.828872361779213,True
ESTEE LAUDER COMPANIES INC,3.0,0.85,0.17,transcripts_by_company/The_Estee_Lauder_Companies_Inc_2009Q3.txt,0.36858949065208435,0.1531214416027069,0.6960509240627288,True
INFORMATICA CORP,1.0,0.18,0.18,transcripts_by_company/Informatica_2009Q1.txt,0.44661378860473633,-0.024610932916402817,0.6947536278516054,True
BLACK HILLS CORP,3.0,0.5,0.52,transcripts_by_company/Black_Hills_Corporation_2017Q3.txt,0.21125680208206177,0.30726882815361023,0.7599395900964737,True
TRIQUINT SEMICONDUCTOR INC,1.0,0.12,0.08,transcripts_by_company/TriQuint_Semiconductor_2010Q1.txt,0.10427872091531754,0.17773011326789856,0.8736858613789081,True
"VERISIGN, INC",1.0,0.32,0.32,transcripts_by_company/VeriSign_Inc_2011Q1.txt,0.1018088236451149,0.23503124713897705,0.8582244493067265,True
APACHE CORP,4.0,2.35,1.92,transcripts_by_company/Apache_Corporation_2005Q4.txt,0.11382939666509628,0.05409497022628784,0.9040909312665463,True
EMC CORP MASS,4.0,0.689,0.67,transcripts_by_company/EMC_Corporation_2014Q4.txt,0.18334025144577026,0.20918329060077667,0.8089068368077279,True
UNIVERSAL ELECTRONICS INC,3.0,0.28,0.48,transcripts_by_company/Universal_Electronics_Inc_2008Q3.txt,0.12403811514377594,0.08795245736837387,0.8867875821888447,True
FORWARD AIR CORP,3.0,0.42,0.43,transcripts_by_company/Forward_Air_2008Q3.txt,0.22787779569625854,0.23494908213615417,0.7700008183717728,True
ROVI CORP,2.0,0.43,0.4,transcripts_by_company/Rovi_Corp_2014Q2.txt,0.125982403755188,0.08425826579332352,0.8865348376333714,True
PHOENIX TECHNOLOGIES LIMITED,4.0,-0.1,0.02,transcripts_by_company/Phoenix_Technologies_2003Q4.txt,0.2726413309574127,0.2975398302078247,0.7198891192674637,True
STANLEY INC,1.0,0.2,0.17,transcripts_by_company/The_Stanley_Works_2007Q1.txt,0.11192445456981659,0.14786458015441895,0.8772935077548027,True
NETLOGIC MICROSYSTEMS INC,2.0,0.45,0.36,transcripts_by_company/NetLogic_Microsystems_Inc_2011Q2.txt,0.27579277753829956,0.2984541356563568,0.7174088150262833,True
CRANE CO,1.0,0.92,1.21,transcripts_by_company/Crane_Co_2015Q1.txt,0.11508708447217941,0.1937132626771927,0.8613250620663166,True
CINCINNATI FINANCIAL CORP,1.0,1.37,1.04,transcripts_by_company/Cincinnati_Financial_Corporation_2021Q1.txt,0.14303918182849884,0.17243699729442596,0.848141473531723,True
FOSSIL GROUP INC,2.0,1.12,1.07,transcripts_by_company/Fossil_Group_Inc_2015Q2.txt,0.18115568161010742,0.0,0.8188443183898926,False
SIMS METAL MANAGEMENT LIMITED,2.0,0.933,1.035,transcripts_by_company/Sims_Metal_Management_Ltd_2011Q2.txt,0.22240562736988068,0.0,0.7775943726301193,False
BUCKEYE PARTNERS LIMITED PRT,4.0,0.86,1.14,transcripts_by_company/Buckeye_Partners_LP_2016Q4.txt,0.0946003645658493,0.1285860687494278,0.8952039241790771,True
SUPERNUS PHARMACEUTICALS INC,3.0,0.08,0.05,transcripts_by_company/Supernus_Pharmaceuticals_Inc_2015Q3.txt,0.1193762868642807,0.45023685693740845,0.7813655421137811,True
DUKE ENERGY CORP,3.0,1.79,1.73,transcripts_by_company/Duke_Energy_Corporation_2019Q3.txt,0.20009838044643402,0.16235412657260895,0.8112248957157135,True
CREDICORP 'C',2.0,2.18,2.16,transcripts_by_company/Credicorp_2011Q2.txt,0.4676918387413025,0.15020275115966797,0.6275548875331879,True
TAOMEE HOLDINGS LTD,1.0,0.01,0.03,transcripts_by_company/Taomee_Holdings_2014Q1.txt,0.058814819902181625,0.1810676008462906,0.9045093458145856,True
CVR ENERGY INC,2.0,0.36,0.72,transcripts_by_company/CVR_Energy_Inc_2020Q2.txt,0.2024768739938736,0.0,0.7975231260061264,False
AMN HEALTHCARE SERVICES  INC,1.0,0.23,0.25,transcripts_by_company/AMN_Healthcare_Services_Inc_2007Q1.txt,0.18957068026065826,0.014964231289923191,0.8628112544305623,True
QIAGEN NV,1.0,0.19,0.24,transcripts_by_company/Qiagen_2016Q1.txt,0.10292351990938187,0.0,0.8970764800906181,False
CLOVIS ONCOLOGY INC,4.0,-1.62,-1.13,transcripts_by_company/Clovis_Oncology_Inc_2014Q4.txt,0.12163538485765457,0.1772281378507614,0.8616867892444133,True
BRINKER INTERNATIONAL INC,4.0,0.87,0.72,transcripts_by_company/Brinker_International_Inc_2017Q4.txt,0.13368499279022217,0.21442469954490662,0.8420930951833725,True
FPIC INSURANCE GROUP INC,3.0,0.86,0.91,transcripts_by_company/FPIC_Insurance_Group_Inc_2007Q3.txt,0.19435761868953705,0.18207022547721863,0.8093285992741586,True
SPX CORP,1.0,0.25,0.62,transcripts_by_company/SPX_Corporation_2013Q1.txt,0.2648923397064209,0.1570662409067154,0.7674554899334908,True
COMERICA INC,4.0,1.66,1.44,transcripts_by_company/Comerica_Incorporated_2021Q4.txt,0.4462997317314148,0.1992260217666626,0.6278223812580109,True
CENVEO INC,2.0,0.09,0.13,transcripts_by_company/Cenveo_Inc_2011Q2.txt,0.2539183795452118,0.12942299246788025,0.7834302365779877,True
INDUSTRIAL LOGISTICS PROPERTIES,3.0,0.22,0.22,transcripts_by_company/Industrial_Logistics_Properties_Trust_2020Q3.txt,0.4202166199684143,0.20556394755840302,0.6441791817545891,True
MONOLITHIC POWER SYSTEMS INC,3.0,1.69,1.19,transcripts_by_company/Monolithic_Power_Systems_Inc_2020Q3.txt,0.18500594794750214,0.29286035895347595,0.7826377287507058,True
CALIFORNIA MICRO DEVICES CP,2.0,-0.04,0.01,transcripts_by_company/California_Micro_Devices_2008Q2.txt,0.2030710130929947,0.3409251570701599,0.7555727437138557,True
STRYKER CORP,1.0,2.14,2.25,transcripts_by_company/Stryker_Corporation_2023Q1.txt,0.22547394037246704,0.32365089654922485,0.7450729727745056,True
CALAMP CORP,3.0,-0.03,0.0,transcripts_by_company/CalAmp_Corp_2010Q3.txt,0.15200378000736237,0.1373751014471054,0.8523848235607148,True
UNIVERSAL DISPLAY CORP,2.0,0.44,0.5,transcripts_by_company/Universal_Display_Corporation_2014Q2.txt,0.14474552869796753,0.3513692021369934,0.7932673692703247,True
AVIS BUDGET GROUP INC,4.0,0.2,0.29,transcripts_by_company/Avis_Budget_Group_Inc_2007Q4.txt,0.14128631353378296,0.09669219702482224,0.8720919214189052,True
NEENAH INC,3.0,0.42,0.39,transcripts_by_company/Neenah_Paper_Inc_2011Q3.txt,0.3199217915534973,0.31145939230918884,0.6826169282197952,True
SPLUNK INC,2.0,-0.02,0.0,transcripts_by_company/Splunk_Inc_2016Q2.txt,0.3516480028629303,0.318732887506485,0.6582265317440033,True
AMKOR TECHNOLOGY INC,4.0,0.13,0.07,transcripts_by_company/Amkor_Technology_2003Q4.txt,0.20488689839839935,0.2292822003364563,0.7877945110201836,True
SENIOR HOUSING PROPERTIES TRUST,3.0,0.22,0.25,transcripts_by_company/Senior_Housing_Properties_Trust_2010Q3.txt,0.10912404954433441,0.27742502093315125,0.8403856590390206,True
FLUOR CORP,2.0,0.87,0.84,transcripts_by_company/Fluor_Corporation_2010Q2.txt,0.33108019828796387,0.06877078115940094,0.747612626850605,True
C4 THERAPEUTICS INC,3.0,-0.65,-0.72,transcripts_by_company/Knight_Therapeutics_Inc_2022Q3.txt,0.19845375418663025,0.16316168010234833,0.8121338680386543,True
FREQUENCY THERAPEUTICS INC,2.0,-0.61,-0.88,transcripts_by_company/Frequency_Therapeutics_Inc_2022Q2.txt,0.17689254879951477,0.239298477768898,0.8043856725096703,True
PROGENICS PHARMACEUTICALS INC,4.0,-0.01,-0.29,transcripts_by_company/Progenics_Pharmaceuticals_2012Q4.txt,0.18432024121284485,0.11462943255901337,0.8365870013833046,True
CVB FINANCIAL CORP,1.0,0.21,0.18,transcripts_by_company/CVB_Financial_Corporation_2012Q1.txt,0.1553017497062683,0.0,0.8446982502937317,False
IMMUNOGEN INC,4.0,-0.38,-0.35,transcripts_by_company/ImmunoGen_Inc_2015Q4.txt,0.1634875237941742,0.1418668031692505,0.8429986923933029,True
DUPONT PHOTOMASKS INC,4.0,-0.48,0.2,transcripts_by_company/DuPont_Photomasks_2002Q4.txt,0.1933990865945816,0.0,0.8066009134054184,False
INVITROGEN CORPORATION,1.0,1.01,0.89,transcripts_by_company/Invitrogen_Corporation_2007Q1.txt,0.1780521422624588,0.0,0.8219478577375412,False
BRADY CORP,3.0,0.53,0.6,transcripts_by_company/Brady_Corporation_2013Q3.txt,0.14285387098789215,0.12734732031822205,0.8617980942130089,True
EPLUS INC,1.0,3.48,3.27,transcripts_by_company/ePlus_Inc_2012Q1.txt,0.20130294561386108,0.4531121850013733,0.7231542825698853,True
GRUPO AVAL SA,3.0,0.014,0.08,transcripts_by_company/Grupo_de_Inversiones_Suramericana_SA_2023Q3.txt,0.2501692473888397,0.19522254168987274,0.7663147643208503,True
HUBSPOT INC,1.0,0.15,0.07,transcripts_by_company/HubSpot_Inc_2018Q1.txt,0.21635907888412476,0.11308303475379944,0.8146237343549729,True
PANACOS PHARMACEUTICALS INC,1.0,-0.19,-0.21,transcripts_by_company/Panacos_Pharmaceuticals_Inc_2007Q1.txt,0.0869269147515297,0.11250350624322891,0.9054001078009606,True
MEDIDATA SOLUTIONS INC,4.0,0.35,0.36,transcripts_by_company/Medidata_Solutions_Inc_2012Q4.txt,0.25238320231437683,0.32049891352653503,0.7271820843219757,True
EASTMAN CHEMICAL CO,3.0,1.19,2.19,transcripts_by_company/Eastman_Chemical_Company_2011Q3.txt,0.10402748733758926,0.26402056217193604,0.8479745902121067,True
PRETIUM RESOURCES INC,3.0,0.27,0.2,transcripts_by_company/Pretium_Resources_Inc_2020Q3.txt,0.13789226114749908,0.29843825101852417,0.8139439418911933,True
POZEN INC,3.0,0.48,0.32,transcripts_by_company/POZEN_2007Q3.txt,0.1510981172323227,0.1933223307132721,0.8362346187233924,True
TESSERA TECHNOLOGIES INC.,1.0,0.23,0.33,transcripts_by_company/Tessera_Technologies_Inc_2007Q1.txt,0.17564894258975983,0.13244368135929108,0.8373126357793808,True
BIOLASE INC,2.0,0.03,0.11,transcripts_by_company/Biolase_Technology_Inc_2004Q2.txt,0.2271994650363922,0.0,0.7728005349636078,False
COMERICA INC,2.0,1.94,1.99,transcripts_by_company/Comerica_Incorporated_2019Q2.txt,0.38459375500679016,0.2876014709472656,0.6445039302110672,True
DELTA APPAREL INC,3.0,0.08,0.07,transcripts_by_company/Delta_Apparel_Inc_2008Q3.txt,0.1611698567867279,0.3732853829860687,0.7751954853534699,True
AVEO PHARMACEUTICALS INC,1.0,-0.12,-0.37,transcripts_by_company/Aveo_Group_2014Q1.txt,0.13774627447128296,0.21561866998672485,0.8388920068740845,True
ONCOLYTICS BIOTECH INC,4.0,-0.09,-0.1,transcripts_by_company/Oncolytics_Biotech_Inc_2008Q4.txt,0.12662208080291748,0.10932490229606628,0.8785670727491379,True
CANADIAN NATIONAL RAILWAY CO,2.0,1.66,1.63,transcripts_by_company/Canadian_National_Railway_Company_2013Q2.txt,0.12608039379119873,0.2386193871498108,0.8401579082012176,True
FRANCO-NEVADA CORP,4.0,0.28,0.24,transcripts_by_company/Franco-Nevada_Corporation_2017Q4.txt,0.16892236471176147,0.3134695291519165,0.7877134859561921,True
JDA SOFTWARE GROUP INC,2.0,0.45,0.63,transcripts_by_company/JDA_Software_Group_Inc_2011Q2.txt,0.06662648916244507,0.18147185444831848,0.8989199012517929,True
DARLING INTERNATIONAL INC.,3.0,0.02,0.04,transcripts_by_company/Darling_International_Inc_2006Q3.txt,0.22505851089954376,0.3937363624572754,0.7243381336331367,True
EDISON INTERNATIONAL,1.0,0.56,0.71,transcripts_by_company/Edison_International_2006Q1.txt,0.1598854959011078,0.08826593309640884,0.8616003729403019,True
MASTEC INC,2.0,0.1,0.42,transcripts_by_company/MasTec_Inc_2015Q2.txt,0.10968909412622452,0.2967710494995117,0.8341863192617893,True
COMPASS INC,3.0,-0.2,0.03,transcripts_by_company/Compass_Minerals_International_Inc_2021Q3.txt,0.19365794956684113,0.18873322010040283,0.8078194692730903,True
DOMINION ENERGY INC,1.0,0.99,1.22,transcripts_by_company/Dominion_Energy_Inc_2023Q1.txt,0.2654760777950287,0.2778475284576416,0.7308124870061874,True
VISTEON AUTOMOTIVE,3.0,-0.27,-0.15,transcripts_by_company/Visteon_2002Q3.txt,0.3086429536342621,0.36910074949264526,0.6732197076082229,True
BRITISH SKY BROADCASTING,2.0,2.61,1.66,transcripts_by_company/British_Sky_Broadcasting_Group_Plc_2011Q2.txt,0.15323013067245483,-0.014716748148202896,0.8971539329737425,True
INNOVIVA INC,2.0,0.3,0.3,transcripts_by_company/Innoviva_Inc_2017Q2.txt,0.19659960269927979,0.19156765937805176,0.8049099802970886,True
"UNIVERSAL FOREST PRODUCTS, INC.",3.0,0.91,1.16,transcripts_by_company/Universal_Forest_Products_Inc_2006Q3.txt,0.22857002913951874,0.08095365017652512,0.8157148845493793,True
GAN LTD,2.0,-0.07,-0.01,transcripts_by_company/GAN_Limited_2021Q2.txt,0.3836737871170044,0.1926165521144867,0.673643383383751,True
MAGELLAN HEALTH INC,2.0,0.17,0.53,transcripts_by_company/Magellan_Health_Inc_2015Q2.txt,0.11822821199893951,0.3031662106513977,0.826290388405323,True
MSC INDUSTRIAL DIRECT CO INC,2.0,0.44,0.42,transcripts_by_company/MSC_Industrial_Direct_2005Q2.txt,0.3185786008834839,-0.02265075594186783,0.7837902061641217,True
BECTON DICKINSON AND CO,4.0,4.55,2.86,transcripts_by_company/Becton_Dickinson_and_Company_2020Q4.txt,0.25049257278442383,0.3737563490867615,0.712528294324875,True
U.S. PHYSICAL THERAPY INC,2.0,0.81,0.8,transcripts_by_company/US_Physical_Therapy_Inc_2019Q2.txt,0.1884751170873642,0.4344395101070404,0.737735565006733,True
REALD INC,4.0,-0.34,-0.08,transcripts_by_company/M-real_2010Q4.txt,0.31255581974983215,0.11210649460554123,0.7475789777934552,True
IMMUCOR INC,2.0,0.34,0.28,transcripts_by_company/Immucor_Inc_2011Q2.txt,0.12856048345565796,0.33383554220199585,0.8098569989204407,True
ANADARKO PETROLEUM CO,2.0,-0.77,0.09,transcripts_by_company/Anadarko_Petroleum_Corporation_2017Q2.txt,0.1519792526960373,0.2164858877658844,0.8286687567830086,True
RETAIL PROPERTIES OF AMERICA INC,1.0,-0.05,0.04,transcripts_by_company/Retail_Properties_of_America_Inc_2017Q1.txt,0.24437972903251648,0.0,0.7556202709674835,False
RR MEDIA LTD,3.0,0.18,0.21,transcripts_by_company/ProSiebenSat1_Media_AG_2008Q3.txt,0.15393126010894775,0.28883323073387146,0.8055981487035752,True
ECLIPSYS CORP,2.0,-0.24,-0.2,transcripts_by_company/Eclipsys_2003Q2.txt,0.2225370705127716,0.3217776119709015,0.7476907670497894,True
PLUG POWER INC,2.0,-0.15,-0.2,transcripts_by_company/Plug_Power_2004Q2.txt,0.13945795595645905,0.21792174875736237,0.83700290620327,True
C-COR INCORPORATED,1.0,-0.06,0.04,transcripts_by_company/C-COR_Incorporated_2006Q1.txt,0.3069451153278351,0.12979722023010254,0.7461992532014847,True
ALNYLAM PHARMACEUTICALS INC,2.0,-0.35,-0.33,transcripts_by_company/Alnylam_Pharmaceuticals_2010Q2.txt,0.10995865613222122,0.15920940041542053,0.8752661205828189,True
CYBERONICS INC,1.0,-0.04,-0.1,transcripts_by_company/Cyberonics_2008Q1.txt,0.2551402449607849,0.19787956774234772,0.7620379582047463,True
ESCO TECHNOLOGIES INC,1.0,0.41,0.49,transcripts_by_company/ESCO_Technologies_Inc_2012Q1.txt,0.28610050678253174,0.28955233097076416,0.7128639459609986,True
IPCS INC,1.0,-1.02,-0.71,transcripts_by_company/iPCS_Inc_2006Q1.txt,0.22127871215343475,0.1422392576932907,0.8024331241846084,True
ENTREMED INC,4.0,-0.08,-0.09,transcripts_by_company/EntreMed_Inc_2006Q4.txt,0.21115624904632568,0.0,0.7888437509536743,False
TORONTO-DOMINION BANK,3.0,1.51,1.32,transcripts_by_company/The_Toronto-Dominion_Bank_2017Q3.txt,0.25003552436828613,0.0,0.7499644756317139,False
SPANISH BROADCASTING SYS,3.0,-0.04,0.04,transcripts_by_company/Spanish_Broadcasting_System_Inc_2003Q3.txt,0.4021609425544739,0.1389555037021637,0.6768006891012193,True
AEROVIRONMENT INC,4.0,-0.18,0.01,transcripts_by_company/AeroVironment_Inc_2016Q4.txt,0.32668837904930115,0.25556620955467224,0.6946482717990876,True
TOREADOR RESOURCES CORP,2.0,-0.13,0.0,transcripts_by_company/Toreador_Resources_2011Q2.txt,0.14036217331886292,0.1403418481349945,0.8596439242362977,True
ELIZABETH ARDEN INC,2.0,0.1,0.4,transcripts_by_company/Elizabeth_Arden_Inc_2013Q2.txt,0.263624906539917,0.1327148973941803,0.775648096203804,True
INTERFACE FLOOR,4.0,0.13,0.29,transcripts_by_company/Interface_2011Q4.txt,0.405640572309494,0.04784808307886124,0.7016971744596958,True
CENTRAL EUROPEAN MEDIA ENTERPRIS,1.0,-0.67,-0.33,transcripts_by_company/Central_European_Media_Enterprises_2010Q1.txt,0.13949361443519592,0.05854782089591026,0.8847901236265898,True
VISHAY PRECISION GROUP INC,1.0,0.61,0.54,transcripts_by_company/Vishay_Precision_Group_Inc_2019Q1.txt,0.04251684993505478,0.2772606909275055,0.88705999776721,True
ALLIANCE DATA SYSTEMS CORP,1.0,3.84,4.24,transcripts_by_company/Alliance_Data_Systems_Corporation_2016Q1.txt,0.1955934315919876,0.07626163214445114,0.8402061082422734,True
HAWAIIAN HOLDINGS INC,3.0,0.12,0.28,transcripts_by_company/Hawaiian_Holdings_Inc_2008Q3.txt,0.27368849515914917,0.2908676266670227,0.7211577653884889,True
QUALITY SYS INC,3.0,0.35,0.66,transcripts_by_company/Quality_Systems_2011Q3.txt,0.10882146656513214,0.24372662603855133,0.8507069855928421,True
CISCO SYSTEMS INC,4.0,0.4,0.36,transcripts_by_company/Cisco_Systems_Inc_2007Q4.txt,0.10985283553600311,0.34562626481056213,0.8194151356816292,True
STITCH FIX INC,1.0,0.11,0.12,transcripts_by_company/Stitch_Fix_Inc_2020Q1.txt,0.12365581095218658,0.2629220485687256,0.8345643177628517,True
CLOROX CO,3.0,0.91,0.92,transcripts_by_company/The_Clorox_Company_2008Q3.txt,0.2952960133552551,0.4126632511615753,0.6694938153028488,True
BANK OF NEW YORK CO INC,1.0,0.49,0.5,transcripts_by_company/The_Bank_of_New_York_2005Q1.txt,0.16929270327091217,0.3222425580024719,0.78482234030962,True
GAIN CAPITAL HOLDINGS INC,4.0,-0.11,0.14,transcripts_by_company/GAIN_Capital_Holdings_Inc_2018Q4.txt,0.20613250136375427,0.24001309275627136,0.7837033212184906,True
GEA GROUP AG,1.0,0.39,0.28,transcripts_by_company/PageGroup_plc_2021Q1.txt,0.32137036323547363,0.12234620749950409,0.7383368834853172,True
GRT LAKES CHEM,3.0,-0.01,0.31,transcripts_by_company/Great_Lakes_Chemical_Corporation_2003Q3.txt,0.3237614035606384,0.03267357125878334,0.7635649461299181,True
KODIAK SCIENCES INC,2.0,-1.08,-0.98,transcripts_by_company/Kodiak_Sciences_Inc_2021Q2.txt,0.15791164338588715,0.13816332817077637,0.8480128511786461,True
MACATAWA BANK CORP,2.0,0.13,0.18,transcripts_by_company/Macatawa_Bank_Corporation_2008Q2.txt,0.1476219892501831,0.29359832406044006,0.8085851103067399,True
TERADYNE INC,1.0,0.25,0.08,transcripts_by_company/Teradyne_Inc_2006Q1.txt,0.24112214148044586,0.20712338387966156,0.7690774857997894,True
ELLINGTON FINANCIAL INC,2.0,0.41,0.46,transcripts_by_company/Ellington_Financial_Inc_2022Q2.txt,0.23660507798194885,0.19938363134860992,0.7745613560080529,True
WAL-MART DE MEXICO SA DE CV,2.0,0.04,0.39,transcripts_by_company/Wal-Mart_2005Q2.txt,0.206808939576149,0.12681256234645844,0.8171899735927581,True
FINANCIAL ENGINES INC,4.0,0.22,0.2,transcripts_by_company/Financial_Engines_2013Q4.txt,0.11674284189939499,0.26335328817367554,0.8392740242183209,True
OFFSHORE LOGISTICS INC,2.0,0.35,0.46,transcripts_by_company/Offshore_Logistics_2003Q2.txt,0.1911480873823166,0.3235696852207184,0.7691254332661629,True
NORDSON CORP,1.0,0.7,0.45,transcripts_by_company/Nordson_2010Q1.txt,0.20168139040470123,0.1750337779521942,0.8063128933310508,True
LSI CORP,3.0,-0.07,0.09,transcripts_by_company/LSI_Industries_Inc_2004Q3.txt,0.4962354898452759,0.07692676782608032,0.6295571267604828,True
VIRTUS INVESTMENT PARTNERS INC,2.0,2.77,2.56,transcripts_by_company/Virtus_Investment_Partners_Inc_2014Q2.txt,0.07778538763523102,0.22415170073509216,0.8783047184348106,True
XO GROUP INC,3.0,0.13,0.1,transcripts_by_company/XO_Group_Inc_2017Q3.txt,0.11428402364253998,0.34786587953567505,0.8156414195895195,True
FIRST INDUSTRIAL REALTY TRUST IN,1.0,0.02,0.06,transcripts_by_company/First_Industrial_Realty_Trust_Inc_2015Q1.txt,0.10875590145587921,0.21118183434009552,0.8605163186788559,True
SIRONA DENTAL SYSTEMS INC,1.0,0.36,0.42,transcripts_by_company/Sirona_Dental_Systems_2009Q1.txt,0.2097800225019455,0.13309964537620544,0.8132240906357766,True
KFORCE INC,4.0,0.09,0.06,transcripts_by_company/Kforce_Inc_2003Q4.txt,0.2856942415237427,0.10724783688783646,0.7678396798670292,True
CONCHO RESOURCES INC,4.0,1.15,1.19,transcripts_by_company/Concho_Resources_Inc_2011Q4.txt,0.29131585359573364,0.09850496798753738,0.7665274120867253,True
SCHNITZER STEEL INDUSTRIES INC,3.0,1.28,1.13,transcripts_by_company/Schnitzer_Steel_Industries_Inc_2007Q3.txt,0.2897709608078003,0.06605932861566544,0.7773425288498401,True
STARWOOD PROPERTY TRUST INC,1.0,0.15,0.22,transcripts_by_company/Starwood_Property_Trust_Inc_2010Q1.txt,0.2259598970413208,0.2860983908176422,0.7559985548257828,True
EXELIXIS INC,4.0,-0.36,-0.31,transcripts_by_company/Exelixis_2008Q4.txt,0.19063055515289307,0.1348402053117752,0.8261065497994423,True
AVANT IMMUNOTHERAPEUTICS INC,3.0,-0.05,-0.05,transcripts_by_company/Avant_Immunotherapeutics_2004Q3.txt,0.1474197953939438,0.40387019515037537,0.7756450846791267,True
CIBER INC,1.0,0.06,0.06,transcripts_by_company/CIBER_Inc_2011Q1.txt,0.16299819946289062,0.19891589879989624,0.8262264907360077,True
EVOFEM BIOSCIENCES INC,4.0,-0.5,-0.52,transcripts_by_company/Evofem_Biosciences_Inc_2020Q4.txt,0.319721519947052,0.28434690833091736,0.6908908635377884,True
BIOMEA FUSION INC,2.0,-0.59,-0.55,transcripts_by_company/Biomea_Fusion_2022Q2.txt,0.07727223634719849,0.05680118873715401,0.9288690779358149,True
NETFLIX INC,1.0,0.14,0.08,transcripts_by_company/Netflix_2007Q1.txt,0.15824078023433685,0.19115960597991943,0.8318835720419884,True
PERFECT CORP,2.0,0.01,0.0,transcripts_by_company/Efecte_Plc_2023Q2.txt,0.22273655235767365,0.024887321516871452,0.8366182168945671,True
RIGNET INC,2.0,0.28,0.27,transcripts_by_company/RigNet_Inc_2013Q2.txt,0.1691509485244751,0.17965403199195862,0.8276981264352798,True
CHEMOURS CO,3.0,0.61,0.28,transcripts_by_company/The_Chemours_Company_2016Q3.txt,0.1736661046743393,0.38107725977897644,0.7641105487942697,True
NETLOGIC MICROSYSTEMS INC,3.0,0.4,0.3,transcripts_by_company/NetLogic_Microsystems_Inc_2010Q3.txt,0.25961804389953613,0.27814748883247375,0.7348231226205826,True
KINETIK HOLDINGS INC,3.0,1.04,1.32,transcripts_by_company/Kinetik_Holdings_Inc_2022Q3.txt,0.028451556339859962,0.17940033972263336,0.926263808645308,True
DIGIRAD CORP,2.0,-0.02,0.0,transcripts_by_company/Digirad_Corporation_2018Q2.txt,0.29628506302833557,0.17604663968086243,0.7397864639759064,True
EBIX INC,2.0,0.01,0.58,transcripts_by_company/Ebix_Inc_2023Q2.txt,0.1502649337053299,0.20320375263690948,0.8338534206151962,True
SOUTHWEST AIRLINES CO,3.0,0.15,0.26,transcripts_by_company/Southwest_Airlines_2011Q3.txt,0.2247697114944458,0.1499672830104828,0.7976710170507431,True
VIOMI TECHNOLOGY CO LTD,2.0,1.37,1.55,transcripts_by_company/Viomi_Technology_Co_Ltd_2019Q2.txt,0.12071433663368225,0.2750113010406494,0.8329965740442276,True
SENORX INC,2.0,-0.3,-0.06,transcripts_by_company/SenoRx_Inc_2008Q2.txt,0.37871578335762024,0.03245438635349274,0.7251626357436181,True
ASPEN TECHNOLOGY INC,4.0,-0.09,-0.19,transcripts_by_company/Aspen_Technology_2010Q4.txt,0.14453287422657013,0.30705416202545166,0.8067107394337654,True
CAMBIUM NETWORKS CORP,3.0,0.23,0.3,transcripts_by_company/Cambium_Networks_Corporation_2021Q3.txt,0.10181860625743866,0.2405192255973816,0.8565712079405785,True
ELECTROMED INC,3.0,0.05,0.03,transcripts_by_company/Electromed_Inc_2021Q3.txt,0.15468576550483704,0.2014244943857193,0.8312926158308983,True
TRIBUNE CO NEW,3.0,0.5,0.53,transcripts_by_company/Tribune_Company_2005Q3.txt,0.261737197637558,0.2574273943901062,0.7395557433366775,True
FISERV INC,2.0,1.37,1.29,transcripts_by_company/Fiserv_Inc_2021Q2.txt,0.16673317551612854,0.2683219909667969,0.802790179848671,True
SILICON STORAGE TECHNOLOGY INC,1.0,0.14,0.01,transcripts_by_company/Storage_Technology_2004Q1.txt,0.14951571822166443,0.1732126623392105,0.8433751985430717,True
MODINE MANUFACTURING CO,3.0,0.41,0.22,transcripts_by_company/Modine_Manufacturing_Company_2004Q3.txt,0.20147185027599335,0.10450012236833572,0.8276196680963039,True
ON24 INC,3.0,-0.07,-0.15,transcripts_by_company/ON24_Inc_2022Q3.txt,0.20148468017578125,0.24063706398010254,0.7867696046829223,True
HOST HOTELS  RESORTS INC,3.0,0.18,0.1,transcripts_by_company/Host_Hotels_and_Resorts_Inc_2007Q3.txt,0.16699756681919098,0.1860036551952362,0.8273006066679954,True
PERRY ELLIS INTERNATIONAL INC,1.0,0.68,0.96,transcripts_by_company/Perry_Ellis_International_2007Q1.txt,0.42464587092399597,0.2325662076473236,0.6329780280590058,True
STAR GAS PARTNERS L. P.,1.0,1.31,0.84,transcripts_by_company/Star_Gas_Partners_LP_2015Q1.txt,0.3048975169658661,0.1727246344089508,0.7347543478012085,True
PLUM CREEK TIMBER CO INC,2.0,0.34,0.42,transcripts_by_company/Plum_Creek_Timber_2006Q2.txt,0.028795184567570686,0.08441946655511856,0.954517530836165,True
HNI CORP,2.0,0.17,0.24,transcripts_by_company/HNI_Corporation_2012Q2.txt,0.10314815491437912,0.06270991265773773,0.9089833177626133,True
FORCE PROTECTION INC,2.0,0.01,0.09,transcripts_by_company/Force_Protection_Inc_2009Q2.txt,0.32032713294029236,0.07177593559026718,0.7542382262647153,True
TIM PARTICIPACOES SA,1.0,-0.27,0.15,transcripts_by_company/TIM_Participacoes_SA_2009Q1.txt,0.1633806824684143,0.14409637451171875,0.8424046099185943,True
NEURONETICS INC,3.0,-0.33,-0.32,transcripts_by_company/Neuronetics_Inc_2023Q3.txt,0.24628782272338867,0.2819523513317108,0.7430128186941147,True
CHURCHILL DOWNS INC,2.0,2.03,1.93,transcripts_by_company/Churchill_Downs_Inc_2006Q2.txt,0.009958080016076565,0.17303268611431122,0.941119538154453,True
WORKDAY INC,4.0,1.1,0.7,transcripts_by_company/Workday_Inc_2021Q4.txt,0.2554079294204712,0.29315119981765747,0.733269089460373,True
NMS COMMUNICATIONS CORP,3.0,0.0,0.0,transcripts_by_company/NMS_Communications_Corporation_2007Q3.txt,0.15577970445156097,0.11426825076341629,0.8566737316548825,True
BROWN-FORMAN CORP,4.0,0.62,0.52,transcripts_by_company/Brown-Forman_Corporation_2017Q4.txt,0.1287667602300644,0.34451591968536377,0.8065084919333458,True
HALOZYME THERAPEUTICS INC,4.0,-0.01,-0.22,transcripts_by_company/Halozyme_Therapeutics_Inc_2018Q4.txt,0.18668967485427856,0.28815537691116333,0.782870614528656,True
SCORPIO TANKERS INC,1.0,0.24,0.18,transcripts_by_company/Scorpio_Tankers_Inc_2015Q1.txt,0.2238014191389084,0.3130755126476288,0.7494163528084755,True
SYMANTEC CORP,1.0,0.44,0.41,transcripts_by_company/Symantec_Corp_2013Q1.txt,0.3362671732902527,0.3832308053970337,0.6496437370777131,True
MERU NETWORKS INC,2.0,-0.26,-0.23,transcripts_by_company/Meru_Networks_Inc_2012Q2.txt,0.2585363984107971,0.2690749764442444,0.7383020281791688,True
LITTELFUSE INC,2.0,3.12,3.57,transcripts_by_company/Littelfuse_Inc_2023Q2.txt,0.1836920529603958,0.24242641031742096,0.7986876398324967,True
CAPITAL PRODUCT PARTNERS LP,1.0,0.08,0.14,transcripts_by_company/Capital_Product_Partners_LP_2016Q1.txt,0.2194274514913559,0.1400812864303589,0.8043763980269432,True
THERMO FISHER SCIENTIFIC INC,2.0,1.72,1.43,transcripts_by_company/Thermo_Fisher_Scientific_2014Q2.txt,0.15555641055107117,0.27405616641044617,0.8088936626911163,True
EXAR CORP,4.0,-0.04,0.05,transcripts_by_company/Exar_Corp_2011Q4.txt,0.31063076853752136,0.14080195128917694,0.740317876636982,True
CARDIAC SCIENCE CORP,1.0,-0.02,0.11,transcripts_by_company/Cardiac_Science_2009Q1.txt,0.09526553750038147,0.21865850687026978,0.867716571688652,True
WAGEWORKS INC,4.0,0.17,0.16,transcripts_by_company/WageWorks_Inc_2013Q4.txt,0.2334049940109253,0.10457654297351837,0.8052435413002967,True
INVENTURE GROUP INC,1.0,0.05,0.04,transcripts_by_company/The_Inventure_Group_Inc_2009Q1.txt,0.22644302248954773,0.333154559135437,0.7415435165166855,True
MGM GROWTH PROPERTIES LLC,2.0,0.24,0.26,transcripts_by_company/MGM_Growth_Properties_LLC_2019Q2.txt,0.17634539306163788,0.24309200048446655,0.8036306247115135,True
CSG SYSTEMS INTERNATIONAL INC,3.0,0.4,0.41,transcripts_by_company/CSG_Systems_Inc_2008Q3.txt,0.0698576495051384,0.2206350713968277,0.8849091239273548,True
NORTHERN OFFSHORE LTD,2.0,0.03,0.03,transcripts_by_company/Northern_Offshore_Ltd_2011Q2.txt,0.12746299803256989,0.19865518808364868,0.8511793449521065,True
ACRES COMMERCIAL REALTY CORP,3.0,0.4,0.33,transcripts_by_company/ACRES_Commercial_Realty_Corp_2022Q3.txt,0.23944023251533508,0.13901500403881073,0.7906873360276223,True
ORION ENGINEERED CARBONS SA,1.0,0.32,0.3,transcripts_by_company/Orion_Engineered_Carbons_SARL_2015Q1.txt,0.11971880495548248,0.1306128352880478,0.877012985944748,True
MICREL INC,2.0,0.17,0.21,transcripts_by_company/Micrel_Semiconductor_2011Q2.txt,0.24011698365211487,0.39632272720336914,0.7130212932825089,True
LECROY CORPORATION,2.0,0.22,0.17,transcripts_by_company/LeCroy_Corporation_Inc_2004Q2.txt,0.3276277482509613,0.34839800000190735,0.6661411762237549,True
ARGONAUT GROUP INCORPORATED,3.0,0.1,0.52,transcripts_by_company/Argonaut_Group_2005Q3.txt,0.14525628089904785,0.09474385529756546,0.8698974467813969,True
MICROSTRATEGY INC,4.0,-21.93,0.5,transcripts_by_company/MicroStrategy_Incorporated_2022Q4.txt,0.27505576610565186,0.24935175478458405,0.7326554372906685,True
GLOBAL CASH ACCESS HOLDINGS INC,3.0,0.15,0.15,transcripts_by_company/Global_Cash_Access_Holdings_Inc_2006Q3.txt,0.420066773891449,0.3404944837093353,0.6038049131631852,True
BEYONDSPRING INC,4.0,-0.52,-0.29,transcripts_by_company/BeyondSpring_Inc_2019Q4.txt,0.21651163697242737,0.1681467890739441,0.7979978173971176,True
BANK OF COMMERCE HOLDINGS,1.0,0.15,0.1,transcripts_by_company/Canadian_Imperial_Bank_of_Commerce_2010Q1.txt,0.014227529056370258,0.13164785504341125,0.9505463731475174,True
SINA CORP,1.0,0.5,0.2,transcripts_by_company/SINA_Corp_2017Q1.txt,0.1912231594324112,0.12667454779148102,0.8281414240598679,True
MKS INSTRUMENTS INC,4.0,3.02,2.78,transcripts_by_company/MKS_Instruments_Inc_2021Q4.txt,0.1364056020975113,0.20221243798732758,0.8438523471355438,True
SOURCEFIRE INC,2.0,-0.02,-0.01,transcripts_by_company/Sourcefire_2007Q2.txt,0.19805116951465607,0.06088406965136528,0.8430989604443312,True
EXLSERVICE HOLDINGS INC,4.0,0.79,0.76,transcripts_by_company/ExlService_Holdings_Inc_2019Q4.txt,0.12646743655204773,0.5297110080718994,0.7525594919919968,True
P.F. CHANGS CHINA BISTRO INC,4.0,0.52,0.39,transcripts_by_company/PF_Changs_China_Bistro_Inc_2009Q4.txt,0.08642049878835678,0.2028599977493286,0.8786476515233517,True
"ARBOR REALTY TRUST, INC",3.0,0.1,0.73,transcripts_by_company/Realty_Co_2008Q3.txt,0.36956024169921875,0.21651619672775269,0.6763529717922211,True
VANDA PHARMACEUTICALS INC,3.0,0.11,0.09,transcripts_by_company/Vanda_Pharmaceuticals_Inc_2020Q3.txt,0.20311547815799713,0.1850258708000183,0.8023114040493966,True
NIC INC,2.0,0.19,0.2,transcripts_by_company/NIC_Inc_2017Q2.txt,0.03672846406698227,0.0,0.9632715359330177,False
CHORDIANT SOFTWARE INC,4.0,-0.03,0.02,transcripts_by_company/Chordiant_Software_Inc_2006Q4.txt,0.28027811646461487,0.3605009615421295,0.6956550300121307,True
AEROVIRONMENT INC,4.0,0.48,0.46,transcripts_by_company/AeroVironment_Inc_2020Q4.txt,0.18101678788661957,0.10343005508184433,0.842259231954813,True
DRYSHIPS INC,4.0,0.06,0.21,transcripts_by_company/DryShips_Inc_2011Q4.txt,0.11083122342824936,0.24937069416046143,0.847606935352087,True
BB&T CORP,1.0,0.8,0.77,transcripts_by_company/BBandT_Corp_2006Q1.txt,0.23136799037456512,0.38497689366340637,0.7225493386387825,True
CITRIX SYSTEMS INC,2.0,0.39,0.41,transcripts_by_company/Citrix_Systems_2009Q2.txt,0.18992960453033447,0.2968226373195648,0.7780024856328964,True
HOME DEPOT INC,4.0,0.5,0.45,transcripts_by_company/Home_Depot_Inc_2003Q4.txt,0.09473588317632675,0.2813579738140106,0.849277489632368,True
TRAVELZOO INC,2.0,0.17,0.31,transcripts_by_company/Travelzoo_2007Q2.txt,0.159952774643898,0.057300761342048645,0.8708428293466568,True
YOUNG INNOVATIONS INC,1.0,0.31,0.42,transcripts_by_company/Young_Innovations_2007Q1.txt,0.2978029251098633,0.3167896270751953,0.6965010643005372,True
NEWMONT CORPORATION,3.0,0.28,0.19,transcripts_by_company/Newmont_Mining_Corporation_2003Q3.txt,0.1731720119714737,0.18473689258098602,0.8233585238456727,True
JUST ENERGY GROUP INC,3.0,-0.16,0.19,transcripts_by_company/Just_Group_Plc_2018Q3.txt,0.1479300856590271,0.0910903587937355,0.8691218324005604,True
NEWSTAR FINANCIAL INC,2.0,0.11,-0.13,transcripts_by_company/NewStar_Financial_Inc_2010Q2.txt,0.3126336932182312,0.20968590676784515,0.7182506427168847,True
FOCUS MEDIA HOLDING LTD,1.0,0.16,0.12,transcripts_by_company/Focus_Media_Holding_Ltd_2010Q1.txt,0.24693524837493896,0.14065483212471008,0.7849488765001298,True
GRUPO AEROPORTUARIO DEL PACIFICO,4.0,1.23,0.81,transcripts_by_company/Grupo_Aeroportuario_del_Pacifico_SAB_de_CV_2013Q4.txt,0.1853220909833908,0.21736127138137817,0.805066154897213,True
MTR GAMING GROUP INC,3.0,0.0,0.11,transcripts_by_company/MTR_Gaming_Group_2006Q3.txt,0.263047993183136,0.1824306845664978,0.7611371994018554,True
BANK OF COMMERCE HOLDINGS,2.0,0.08,0.21,transcripts_by_company/Canadian_Imperial_Bank_of_Commerce_2010Q2.txt,0.08279529958963394,0.08275093138217926,0.9172180108726025,True
FIRST HORIZON CORP (TENNESSEE),2.0,0.58,0.32,transcripts_by_company/First_Horizon_Corporation_2021Q2.txt,0.3508622348308563,0.1831863522529602,0.6994405299425126,True
LAS VEGAS SANDS CORP,2.0,0.54,0.4,transcripts_by_company/Las_Vegas_Sands_Corp_2011Q2.txt,0.14349617063999176,0.3181203007698059,0.804116590321064,True
LOGITECH INTERNATIONAL SA,1.0,0.81,0.87,transcripts_by_company/Logitech_International_SA_2022Q1.txt,0.12153816223144531,0.16900554299354553,0.8642216235399246,True
PNM RESOURCES INC,1.0,0.61,0.5,transcripts_by_company/PNM_Resources_Inc_2004Q1.txt,0.22448621690273285,0.0735725685954094,0.8207878775894641,True
ITRON INC,4.0,0.75,0.77,transcripts_by_company/Itron_Inc_2021Q4.txt,0.22204908728599548,0.38254743814468384,0.7298014074563981,True
HANGER INC,3.0,0.25,0.23,transcripts_by_company/Hanger_Inc_2019Q3.txt,0.08384406566619873,0.2264120727777481,0.8733855322003364,True
LUNA INNOVATIONS INC,4.0,-0.22,-0.25,transcripts_by_company/Luna_Innovations_Inc_2006Q4.txt,0.1547786295413971,0.40330708026885986,0.770662835240364,True
PROOFPOINT INC,3.0,0.19,-0.03,transcripts_by_company/Proofpoint_Inc_2016Q3.txt,0.21900181472301483,0.3234371840953827,0.7496675744652748,True
AFC GAMMA INC,4.0,0.49,0.55,transcripts_by_company/AFC_Gamma_Inc_2023Q4.txt,0.05837249755859375,0.3173274099826813,0.86394102871418,True
CLOROX CO,3.0,1.32,1.38,transcripts_by_company/The_Clorox_Company_2016Q3.txt,0.25903207063674927,0.4041411876678467,0.6974351942539215,True
CBTX INC,1.0,0.41,0.32,transcripts_by_company/CBTX_Inc_2021Q1.txt,0.22658497095108032,0.16244347393512726,0.7926574781537056,True
MIRAGEN THERAPEUTICS INC,3.0,-1.5,-0.14,transcripts_by_company/Miragen_Therapeutics_2020Q3.txt,0.18370038270950317,0.13414259254932404,0.8311669543385506,True
SIEBEL SYSTEMS INC,3.0,0.09,0.05,transcripts_by_company/Siebel_Systems_Inc_2005Q3.txt,0.13610805571079254,0.14369508624076843,0.8616158351302147,True
STREAMLINE HEALTH SOLUTIONS INC,3.0,0.02,0.03,transcripts_by_company/Streamline_Health_Solutions_Inc_2013Q3.txt,0.26660963892936707,0.18985748291015625,0.7564160078763962,True
IMAX CORP,1.0,0.53,0.06,transcripts_by_company/IMAX_2010Q1.txt,0.1652231514453888,0.27781978249549866,0.8009978592395782,True
AVID TECHNOLOGY INC,2.0,0.34,0.67,transcripts_by_company/Avid_Technology_Inc_2006Q2.txt,0.28929442167282104,0.4275503158569336,0.6692288100719452,True
TERNIUM SA,4.0,0.33,0.68,transcripts_by_company/Ternium_SA_2012Q4.txt,0.16004928946495056,0.31628310680389404,0.7930805653333663,True
"VIVUS, INC.",3.0,0.02,0.49,transcripts_by_company/VIVUS_Inc_2007Q3.txt,0.2607215344905853,0.11199799180030823,0.7838955283164978,True
FEDEX CORP,2.0,4.94,4.95,transcripts_by_company/FedEx_Corporation_2023Q2.txt,0.34685906767845154,0.26108497381210327,0.678873160481453,True
PRIORITY HEALTHCARE CORP-B,2.0,0.26,0.31,transcripts_by_company/Priority_Healthcare_2003Q2.txt,0.3836115002632141,0.043950583785772324,0.7182867746800184,True
CENTRAL GARDEN  PET CO,1.0,0.67,0.67,transcripts_by_company/Central_Garden_and_Pet_Company_2017Q1.txt,0.25549501180648804,0.1389714926481247,0.7794620439410209,True
JINKOSOLAR HOLDING CO LTD,3.0,1.08,1.38,transcripts_by_company/JinkoSolar_Holding_Co_Ltd_2016Q3.txt,0.06296093016862869,0.3712977468967438,0.8445380248129368,True
FIRST MARBLEHEAD CORP,3.0,1.8,1.47,transcripts_by_company/First_Marblehead_Corporation_2007Q3.txt,0.2256137877702713,0.0,0.7743862122297287,False
CONCEPTUS INC,3.0,0.07,0.05,transcripts_by_company/Conceptus_2012Q3.txt,0.25606569647789,0.24450014531612396,0.7474039688706398,True
GLOBAL PARTNERS LP,4.0,0.32,0.66,transcripts_by_company/Global_Partners_LP_2010Q4.txt,0.1969505101442337,0.1745450347661972,0.8097711324691772,True
PROS HOLDINGS INC,2.0,-0.14,-0.12,transcripts_by_company/PROS_Holdings_Inc_2021Q2.txt,0.09174572676420212,0.345139741897583,0.8322360686957836,True
ALKERMES INC,4.0,-0.23,-0.22,transcripts_by_company/Alkermes_Inc_2003Q4.txt,0.02948165312409401,0.08062233030796051,0.955176143720746,True
PFENEX INC,4.0,-0.45,-0.56,transcripts_by_company/Pfenex_Inc_2016Q4.txt,0.24691800773143768,0.13969995081424713,0.7852474093437195,True
ALADDIN KNOWLEDGE SYSTEMS LTD,3.0,-0.02,0.34,transcripts_by_company/Aladdin_Knowledge_Systems_2008Q3.txt,0.3685280680656433,0.15246085822582245,0.696292094886303,True
LIMELIGHT NETWORKS INC,2.0,0.03,0.01,transcripts_by_company/Limelight_Networks_Inc_2020Q2.txt,0.24927297234535217,0.15558959543704987,0.7788320407271385,True
DATASCOPE CORP,3.0,0.31,0.32,transcripts_by_company/Datascope_Corporation_2004Q3.txt,0.16548693180084229,0.3226977288722992,0.7873498290777207,True
LULULEMON ATHLETICA INC,3.0,0.26,0.37,transcripts_by_company/lululemon_athletica_inc_2011Q3.txt,0.09552089869976044,0.14895600080490112,0.8884485706686973,True
VIMPEL COMMUNICATIONS,3.0,1.42,1.55,transcripts_by_company/Vimpel_Communications_2003Q3.txt,0.13062670826911926,0.2190728485584259,0.8428394496440887,True
VAREX IMAGING CORP,3.0,0.29,0.69,transcripts_by_company/Varex_Imaging_Corporation_2018Q3.txt,0.3509226143360138,0.256884902715683,0.6772886991500855,True
TRICIDA INC,1.0,-0.94,-1.16,transcripts_by_company/Tricida_Inc_2021Q1.txt,0.259912371635437,0.2198321372270584,0.7521116986870766,True
REGENCY CENTERS CORP,4.0,0.73,0.68,transcripts_by_company/Regency_Centers_2004Q4.txt,0.18553663790225983,0.13386142253875732,0.8299659267067909,True
SIGMA-ALDRICH CORP,1.0,1.06,1.08,transcripts_by_company/Sigma-Aldrich_Corporation_2014Q1.txt,0.25698137283325195,0.11842112988233566,0.7845867000520229,True
LHC GROUP INC,2.0,0.56,0.62,transcripts_by_company/LHC_Group_Inc_2011Q2.txt,0.17881548404693604,0.24851493537425995,0.8002746805548668,True
IMPAX LABORATORIES INC,1.0,0.24,0.34,transcripts_by_company/Impax_Laboratories_Inc_2011Q1.txt,0.17363613843917847,0.07930947840213776,0.8546618595719337,True
TORCHMARK CORP,2.0,1.11,1.1,transcripts_by_company/Torchmark_Corporation_2016Q2.txt,0.16405370831489563,0.22519508004188538,0.8176038801670075,True
SEEBEYOND TECHNOLOGY CORP,3.0,-0.1,0.04,transcripts_by_company/SeeBeyond_Technology_Corp_2002Q3.txt,0.2995932996273041,0.024011239409446716,0.7830813184380532,True
DSP GROUP INC,1.0,0.03,0.03,transcripts_by_company/DSP_Group_Inc_2014Q1.txt,0.13010179996490479,0.0,0.8698982000350952,False
LARGE SCALE BIOLOGY CORP,1.0,-0.16,-0.19,transcripts_by_company/Large_Scale_Biology_Corporation_2004Q1.txt,0.17083701491355896,0.01824045181274414,0.8749419540166855,True
JOHN WILEY & SONS INC,3.0,0.54,0.29,transcripts_by_company/John_Wiley_and_Sons_Inc_2021Q3.txt,0.19727441668510437,0.0,0.8027255833148956,False
HALLIBURTON CO,2.0,0.05,0.31,transcripts_by_company/Halliburton_Company_2020Q2.txt,0.10261568427085876,0.3522239923477173,0.8225018233060837,True
STANTEC INC,4.0,0.47,0.44,transcripts_by_company/Stantec_Inc_2019Q4.txt,0.27314528822898865,0.3385879695415497,0.707221907377243,True
BLOCK H&R INCORPORATED,3.0,-0.41,-0.13,transcripts_by_company/HandR_Block_Inc_2006Q3.txt,0.011384481564164162,-0.0862584263086319,1.0179083907976747,True
ARES COMMERCIAL REAL ESTATE CORP,3.0,0.17,0.37,transcripts_by_company/Ares_Commercial_Real_Estate_Corporation_2023Q3.txt,0.09450977295637131,0.16272574663162231,0.8850254349410533,True
PRUDENTIAL FINANCIAL INC,4.0,2.44,2.94,transcripts_by_company/Prudential_Financial_Inc_2018Q4.txt,0.3378334045410156,0.2132289558649063,0.6995479300618173,True
IMPAC MEDICAL SYSTEMS,2.0,0.16,0.28,transcripts_by_company/IMPAC_Medical_Systems_Inc_2004Q2.txt,0.28704604506492615,0.35730692744255066,0.6918756902217865,True
SCHWEITZER-MAUDUIT INTERNATIONAL,2.0,0.97,0.83,transcripts_by_company/Schweitzer-Maudui_International_2015Q2.txt,0.1523360162973404,0.15182460844516754,0.8478174060583115,True
CAMDEN PROPERTY TRUST,1.0,0.45,0.5,transcripts_by_company/Camden_Property_Trust_2014Q1.txt,0.08812762796878815,0.13106077909469604,0.8989924266934395,True
CARBO CERAMICS INC,2.0,1.29,0.97,transcripts_by_company/CARBO_Ceramics_2011Q2.txt,0.20687443017959595,0.13515914976596832,0.8146401539444923,True
PORTFOLIO RECOVERY ASSOCIATES,1.0,1.47,1.7,transcripts_by_company/Portfolio_Recovery_Associates_Inc_2012Q1.txt,0.1391439139842987,0.34887802600860596,0.7979358524084091,True
NUVASIVE INC,3.0,0.46,0.33,transcripts_by_company/NuVasive_Inc_2010Q3.txt,0.2602483034133911,0.26269593834877014,0.7390174061059952,True
TEAMHEALTH HOLDINGS INC,4.0,0.56,0.55,transcripts_by_company/TeamHealth_Holdings_Inc_2014Q4.txt,0.3741540014743805,0.32747218012809753,0.6398505449295044,True
DIODES INC,4.0,0.36,0.09,transcripts_by_company/Diodes_Incorporated_2009Q4.txt,0.17182600498199463,0.2858184278011322,0.7939762681722641,True
KELLY SERVICES INC,4.0,0.64,0.4,transcripts_by_company/Kelly_Services_Inc_2011Q4.txt,0.325419545173645,0.26678943634033203,0.6921694874763489,True
BOOT BARN HOLDINGS INC,1.0,0.12,0.16,transcripts_by_company/Boot_Barn_Holdings_Inc_2017Q1.txt,0.2750926911830902,0.30643630027770996,0.7155042260885238,True
FERRO CORP,4.0,0.33,0.38,transcripts_by_company/Ferro_Corporation_2018Q4.txt,0.14672014117240906,0.19034796953201294,0.8401915103197097,True
SIGNATURE BANK,4.0,2.11,2.16,transcripts_by_company/Signature_Bank_2016Q4.txt,0.19748160243034363,0.20169702172279358,0.8012537717819214,True
NVIDIA CORP,4.0,0.19,-0.01,transcripts_by_company/NVIDIA_Corporation_2009Q4.txt,0.16044612228870392,0.19950971007347107,0.827834801375866,True
MITEK SYSTEMS INC,1.0,-0.07,-0.08,transcripts_by_company/Mitek_Systems_Inc_2014Q1.txt,0.2224164456129074,0.0,0.7775835543870926,False
ARMSTRONG WORLD INDUSTRIES INC,4.0,0.77,0.96,transcripts_by_company/Armstrong_World_Industries_Inc_2020Q4.txt,0.10034403204917908,0.09695500135421753,0.9006726771593094,True
NANO-X IMAGING LTD,2.0,-0.28,-0.23,transcripts_by_company/Nano-X_Imaging_Ltd_2021Q2.txt,0.15617071092128754,0.18077661097049713,0.8364475190639495,True
TETRA TECHNOLOGIES INC DEL,1.0,0.06,0.0,transcripts_by_company/TETRA_Technologies_Inc_2022Q1.txt,0.2610851228237152,0.18713994324207306,0.7610984310507775,True
HNI CORP,4.0,0.26,0.28,transcripts_by_company/HNI_Corporation_2009Q4.txt,0.130144864320755,0.1390238106250763,0.8671914517879487,True
DRESSER RAND GROUP INC,3.0,0.54,0.82,transcripts_by_company/Dresser-Rand_Group_Inc_2012Q3.txt,0.2732594609260559,0.1274619996547699,0.7704797774553299,True
ALLIANCE FIBER OPTIC PRODUCTS IN,1.0,0.34,0.29,transcripts_by_company/Alliance_Fiber_Optic_Products_Inc_2014Q1.txt,0.265042781829834,0.07908777892589569,0.7907437190413475,True
CENTENE CORP,1.0,0.46,0.46,transcripts_by_company/Centene_Corporation_2011Q1.txt,0.3033909201622009,0.1759825348854065,0.7348315954208374,True
PNC FINANCIAL SERVICES GROUP INC,1.0,1.09,1.46,transcripts_by_company/PNC_Financial_Services_Group_2008Q1.txt,0.11049973219633102,0.08393513411283493,0.8974696472287178,True
LINDBLAD EXPEDITIONS HOLDINGS IN,2.0,-0.8,0.06,transcripts_by_company/Lindblad_Expeditions_Holdings_Inc_2020Q2.txt,0.1015009880065918,0.0,0.8984990119934082,False
WRIGHT MEDICAL GROUP INC,3.0,0.14,0.15,transcripts_by_company/Wright_Medical_Group_Inc_2004Q3.txt,0.29987001419067383,0.24435310065746307,0.7167850598692894,True
QUIDEL CORP,3.0,5.36,6.96,transcripts_by_company/Quidel_Corporation_2021Q3.txt,0.3588825762271881,0.22886383533477783,0.680123046040535,True
IMATION CORPORATION,1.0,-0.34,-0.06,transcripts_by_company/Imation_Corp_2012Q1.txt,0.11054792255163193,0.07210297137498856,0.9009855628013611,True
AVIENT CORP,3.0,0.57,0.68,transcripts_by_company/Avient_Corporation_2023Q3.txt,0.2003035992383957,0.24966523051261902,0.7848879113793373,True
MARVELL TECHNOLOGY GROUP LTD,2.0,0.27,0.23,transcripts_by_company/Marvell_Technology_Group_2005Q2.txt,0.11653467267751694,0.19839997589588165,0.8589057363569736,True
SUNRISE SENIOR LIVING INC,4.0,0.56,0.55,transcripts_by_company/Sunrise_Senior_Living_2004Q4.txt,0.19221468269824982,0.1194227784872055,0.8296228885650635,True
AMAZON.COM INC,1.0,0.34,0.34,transcripts_by_company/Amazoncom_Inc_2008Q1.txt,0.10204559564590454,0.32273125648498535,0.8317487061023712,True
LUMINEX CORP,4.0,-0.06,0.02,transcripts_by_company/Luminex_Corporation_2007Q4.txt,0.2576223909854889,0.06370389461517334,0.8005531579256058,True
RLJ LODGING TRUST,2.0,0.33,0.33,transcripts_by_company/RLJ_Lodging_Trust_2018Q2.txt,0.336628258228302,0.2541458010673523,0.688116478919983,True
CYBERARK SOFTWARE LTD,4.0,0.16,0.07,transcripts_by_company/CyberArk_Software_Ltd_2022Q4.txt,0.22979801893234253,0.21826159954071045,0.773662906885147,True
SVB FINANCIAL GROUP,1.0,-0.2,0.8,transcripts_by_company/SVB_Financial_Group_2009Q1.txt,0.22135157883167267,0.16325633227825165,0.7960769951343536,True
GENERAL MILLS INC,1.0,0.67,0.67,transcripts_by_company/General_Mills_Inc_2003Q1.txt,0.14768469333648682,0.047903429716825485,0.8822496857494115,True
DCP MIDSTREAM LP,4.0,1.48,0.63,transcripts_by_company/DCP_Midstream_Partners_LP_2014Q4.txt,0.174608051776886,0.23686380684375763,0.8067152217030525,True
FLOWERS FOODS INC,4.0,0.23,0.19,transcripts_by_company/Flowers_Foods_2007Q4.txt,0.10560394078493118,0.015690376982092857,0.9213701283559204,True
TRIPLE-S MANAGEMENT CORP,3.0,0.22,0.56,transcripts_by_company/Triple-S_Management_Corporation_2013Q3.txt,0.15489345788955688,0.23090222477912903,0.8223039120435714,True
ONYX SOFTWARE CORPORATION,2.0,0.01,0.0,transcripts_by_company/Onyx_Software_Corporation_2003Q2.txt,0.2462725043296814,0.31846174597740173,0.7320707231760025,True
EMCORE CORP,4.0,-0.11,0.08,transcripts_by_company/Emcore_2008Q4.txt,0.29457107186317444,0.34571555256843567,0.6900855839252472,True
MARKFORGED HOLDING CORP,3.0,-0.08,-0.07,transcripts_by_company/Markforged_Holding_Corporation_2022Q3.txt,0.22909145057201385,0.2244662642478943,0.772296105325222,True
UTSTARCOM HOLDINGS CORP,3.0,-0.18,-0.06,transcripts_by_company/UTStarcom_Holdings_Corp_2014Q3.txt,0.12792058289051056,0.23928575217723846,0.8386698663234711,True
EVERQUOTE INC,1.0,-0.19,-0.19,transcripts_by_company/EverQuote_Inc_2022Q1.txt,0.13916903734207153,0.16451138257980347,0.8532282590866089,True
SERVICEMASTER COMPANY,3.0,0.22,0.19,transcripts_by_company/ServiceMaster_Company_2003Q3.txt,0.24513445794582367,0.33385351300239563,0.7282498255372047,True
AGILITI INC,2.0,0.14,0.2,transcripts_by_company/Agiliti_Inc_2023Q2.txt,0.09199844300746918,0.27061083912849426,0.8544178381562233,True
ROCKWELL AUTOMATION INC,1.0,2.04,2.14,transcripts_by_company/Rockwell_Automation_Inc_2019Q1.txt,0.2668677270412445,0.23775319755077362,0.7418666318058967,True
TEPPCO PARTNERS L P,4.0,0.46,0.52,transcripts_by_company/TEPPCO_Partners_2002Q4.txt,0.11569324135780334,0.29688560962677,0.8299490481615066,True
RYAN SPECIALTY GROUP HOLDINGS IN,3.0,0.24,0.18,transcripts_by_company/Ryan_Specialty_Group_Holdings_Inc_2021Q3.txt,0.09048748016357422,0.21365690231323242,0.8725616931915283,True
MODINE MANUFACTURING CO,3.0,0.43,0.27,transcripts_by_company/Modine_Manufacturing_Company_2020Q3.txt,0.31249722838401794,0.33413374423980713,0.6810118168592454,True
STERICYCLE INC,4.0,0.45,0.46,transcripts_by_company/Stericycle_Inc_2008Q4.txt,0.08120198547840118,0.17741906642913818,0.8899328902363777,True
STEELCASE INC-CL A,3.0,0.08,0.07,transcripts_by_company/Steelcase_Inc_2010Q3.txt,0.12171825766563416,0.3149365186691284,0.8203162640333176,True
VIVINT SOLAR INC,2.0,-0.49,-0.58,transcripts_by_company/Vivint_Solar_Inc_2016Q2.txt,0.24528868496418,0.10802407562732697,0.7958906978368759,True
CSX CORP,4.0,1.14,0.94,transcripts_by_company/CSX_Corporation_2010Q4.txt,0.15312668681144714,0.23382550477981567,0.8226636677980423,True
IMATION CORPORATION,1.0,0.33,0.38,transcripts_by_company/Imation_Corp_2008Q1.txt,0.18644797801971436,0.2686438262462616,0.7888932675123215,True
PEP BOYS - MANNY MOE & JACK,2.0,0.27,0.21,transcripts_by_company/The_Pep_Boys_2004Q2.txt,0.27187490463256836,0.12266895920038223,0.7728868789970875,True
TORO CO,2.0,1.24,1.29,transcripts_by_company/The_Toro_Company_2022Q2.txt,0.21785828471183777,0.2496778815984726,0.7725958362221719,True
COLDWATER CREEK INC,2.0,0.14,0.17,transcripts_by_company/Coldwater_Creek_Inc_2005Q2.txt,0.23823422193527222,0.2751215696334839,0.7506995737552643,True
AMN HEALTHCARE SERVICES  INC,2.0,0.27,0.31,transcripts_by_company/AMN_Healthcare_Services_Inc_2008Q2.txt,0.1722487509250641,0.16729918122291565,0.8292361199855804,True
AMERICAN RESIDENTIAL PROPERTIES,3.0,-0.14,-0.08,transcripts_by_company/American_Residential_Properties_Inc_2013Q3.txt,0.21188677847385406,0.21938954293727875,0.7858623921871186,True
SCHLUMBERGER LTD,3.0,0.86,0.68,transcripts_by_company/Schlumberger_2005Q3.txt,0.2874075770378113,0.37290820479393005,0.6869422346353531,True
STEEL DYNAMICS INC,4.0,0.07,0.32,transcripts_by_company/Steel_Dynamics_2010Q4.txt,0.18524987995624542,0.2679985761642456,0.7899255111813546,True
CANTEL MEDICAL CORP,3.0,0.24,0.76,transcripts_by_company/Cantel_Medical_Corp_2020Q3.txt,0.278156042098999,0.2265128493309021,0.73733691573143,True
MINERVA SURGICAL INC,1.0,-0.12,-0.23,transcripts_by_company/Minerva_Surgical_Inc_2023Q1.txt,0.24782870709896088,0.0,0.7521712929010391,False
ACELRX PHARMACEUTICALS INC,3.0,-0.13,-0.22,transcripts_by_company/AcelRx_Pharmaceuticals_Inc_2014Q3.txt,0.11854706704616547,0.2362419217824936,0.8461444765329361,True
COVANSYS CORP,4.0,0.17,0.07,transcripts_by_company/Convansys_2003Q4.txt,0.301012247800827,0.37289759516716003,0.677422147989273,True
GIBRALTAR INDUSTRIES INC,4.0,0.19,0.5,transcripts_by_company/Gibraltar_Industries_Inc_2006Q4.txt,0.3035776615142822,0.12774658203125,0.7491716623306275,True
BJ'S RESTAURANTS INC,2.0,0.29,0.27,transcripts_by_company/BJS_Restaurants_Inc_2011Q2.txt,0.3133394718170166,0.0,0.6866605281829834,False
PARTNERRE LTD,3.0,4.78,2.04,transcripts_by_company/PartnerRe_2007Q3.txt,0.19792717695236206,0.08529838174581528,0.835861461609602,True
HYPERION SOLUTIONS CORP,2.0,0.25,0.28,transcripts_by_company/Hyperion_Solutions_Inc_2003Q2.txt,0.1838853657245636,0.27515149116516113,0.7887347966432572,True
DXP ENTERPRISES INC,1.0,0.17,-0.04,transcripts_by_company/DXP_Enterprises_Inc_2017Q1.txt,0.1677788347005844,0.20430560410022736,0.8212631344795227,True
NORTHWEST PIPE CO,1.0,-0.13,0.06,transcripts_by_company/Northwest_Pipe_Company_2014Q1.txt,0.14812196791172028,0.1903533786535263,0.8392086088657379,True
LEAR CORP,1.0,1.46,1.48,transcripts_by_company/Lear_Corp_2011Q1.txt,0.14795438945293427,0.4387798607349396,0.7647979691624641,True
DUCOMMUN INC DEL,3.0,0.44,0.41,transcripts_by_company/Ducommun_Inc_2016Q3.txt,0.3314691185951233,0.3649721145629883,0.6584799826145172,True
ECHELON CORPORATION,2.0,-0.08,-0.14,transcripts_by_company/Echelon_Corporation_2006Q2.txt,0.1674344539642334,0.013363832607865334,0.878786732442677,True
STAG INDUSTRIAL INC,4.0,0.63,0.1,transcripts_by_company/STAG_Industrial_Inc_2020Q4.txt,0.1734929233789444,0.16989092528820038,0.8275876760482788,True
RED HAT INC,1.0,0.61,0.6,transcripts_by_company/Red_Hat_Inc_2017Q1.txt,0.33514612913131714,0.1974801868200302,0.7061536535620689,True
RENT-A-CENTER INC,1.0,0.66,0.57,transcripts_by_company/Rent-A-Center_2007Q1.txt,0.18515239655971527,0.30460497736930847,0.7790118291974067,True
MERITAGE CORPORATION,2.0,4.36,3.02,transcripts_by_company/Meritage_Homes_Corporation_2021Q2.txt,0.2570180594921112,0.35934531688690186,0.7122837632894516,True
JABIL CIRCUIT INC,4.0,0.44,0.41,transcripts_by_company/Jabil_Circuit_Inc_2005Q4.txt,0.22629788517951965,0.27021166682243347,0.7605279803276062,True
MOLEX INC,2.0,0.16,0.2,transcripts_by_company/Molex_Inc_2003Q2.txt,0.19898374378681183,0.3217325806617737,0.7641916051506996,True
CALLWAVE INC,3.0,0.04,0.11,transcripts_by_company/CallWave_Inc_2005Q3.txt,0.12066641449928284,0.31555646657943726,0.8208665698766708,True
MACK-CALI REALTY CORP,4.0,0.17,-0.07,transcripts_by_company/Mack-Cali_Realty_Corporation_2016Q4.txt,0.1729731261730194,0.270624041557312,0.7977315992116929,True
ASYST TECHNOLOGIES INC,3.0,0.13,0.15,transcripts_by_company/Asyst_Technologies_Inc_2006Q3.txt,0.1369633823633194,0.18201899528503418,0.8495199337601662,True
ATLANTIC POWER CORP,2.0,0.01,0.0,transcripts_by_company/Atlantic_Power_Corp_2012Q2.txt,0.11745890974998474,0.1795436143875122,0.863915678858757,True
MSC INDUSTRIAL DIRECT CO INC,1.0,0.48,0.4,transcripts_by_company/MSC_Industrial_Direct_2010Q1.txt,0.1553567796945572,0.28113293647766113,0.8069103732705116,True
PPL CORP,3.0,0.51,0.58,transcripts_by_company/PPL_Corporation_2015Q3.txt,0.23421911895275116,0.14094091951847076,0.793764340877533,True
FORWARD AIR CORP,3.0,0.41,0.43,transcripts_by_company/Forward_Air_2006Q3.txt,0.20919480919837952,0.3615044355392456,0.7451123028993607,True
PERNIX THERAPEUTICS HOLDINGS,1.0,-0.06,0.09,transcripts_by_company/Pernix_Therapeutics_Holdings_Inc_2013Q1.txt,0.2753255069255829,0.24759793281555176,0.7329927653074264,True
CARMIKE CINEMAS INC,4.0,0.09,0.84,transcripts_by_company/Carmike_Cinemas_Inc_2005Q4.txt,0.35314202308654785,0.14738699793815613,0.7085844844579696,True
MICROSTRATEGY INC,2.0,0.39,0.24,transcripts_by_company/MicroStrategy_Incorporated_2003Q2.txt,0.23590348660945892,0.1575738489627838,0.7875954046845436,True
UNITED THERAPEUTICS CORP,4.0,2.19,2.57,transcripts_by_company/United_Therapeutics_Corporation_2020Q4.txt,0.21853958070278168,0.24026930332183838,0.7749415025115013,True
ALLIANCE DATA SYSTEMS CORP,4.0,5.24,5.47,transcripts_by_company/Alliance_Data_Systems_Corporation_2017Q4.txt,0.24219226837158203,0.24068531394004822,0.7582598179578781,True
DIGITAL RIVER INC,2.0,0.42,0.43,transcripts_by_company/Digital_River_Inc_2009Q2.txt,0.1455201804637909,0.14662586152553558,0.8541481152176857,True
ALERUS FINANCIAL CORP,4.0,0.72,0.41,transcripts_by_company/Alerus_Financial_Corporation_2021Q4.txt,0.2820202708244324,0.262275755405426,0.7239030838012696,True
TESARO INC,3.0,-1.01,-0.84,transcripts_by_company/TESARO_Inc_2014Q3.txt,0.06192651018500328,0.0,0.9380734898149967,False
BG GROUP PLC,3.0,1.45,1.32,transcripts_by_company/BG_Group_2010Q3.txt,0.12220121920108795,0.21253356337547302,0.8506990775465966,True
Q.E.P. COMPANY INC.,3.0,0.29,0.18,transcripts_by_company/Morgan_Crucible_Company_plc_2007Q3.txt,0.3446003496646881,0.1859801560640335,0.7029857084155082,True
GSE SYSTEMS INC,1.0,0.02,0.04,transcripts_by_company/GSE_Systems_Inc_2010Q1.txt,0.21134822070598602,0.0,0.788651779294014,False
NET 1 UEPS TECHNOLOGIES INC,4.0,-0.22,-0.14,transcripts_by_company/Net_1_UEPS_Technologies_Inc_2021Q4.txt,0.1270129382610321,0.2408699095249176,0.8388299703598022,True
YELP INC,1.0,-0.01,0.1,transcripts_by_company/Yelp_Inc_2022Q1.txt,0.3609997630119324,0.1796092540025711,0.693417389690876,True
MASIMO CORP,1.0,0.93,1.01,transcripts_by_company/Masimo_Corporation_2022Q1.txt,0.18756639957427979,0.1664561629295349,0.8187666714191437,True
CARPENTER TECHNOLOGY CORP,2.0,-0.34,0.8,transcripts_by_company/Carpenter_Technology_Corporation_2009Q2.txt,0.346525639295578,0.4337485134601593,0.6273074984550476,True
TEREX CORP,2.0,-0.05,0.8,transcripts_by_company/Terex_Corporation_2020Q2.txt,0.14550624787807465,0.206682950258255,0.8361407414078712,True
PNM RESOURCES INC,1.0,0.53,0.62,transcripts_by_company/PNM_Resources_Inc_2003Q1.txt,0.13903263211250305,0.21606186032295227,0.8378585994243621,True
COLUMBIA PROPERTY TRUST INC,4.0,-0.01,0.0,transcripts_by_company/Columbia_Property_Trust_Inc_2017Q4.txt,0.34715408086776733,0.2516840696334839,0.6814869225025177,True
ITC HOLDINGS CORP,3.0,0.47,0.46,transcripts_by_company/ITC_Holdings_Corporation_2014Q3.txt,0.10685788094997406,0.28909021615982056,0.838472418487072,True
TRIZETTO GROUP INC,1.0,-0.09,0.05,transcripts_by_company/The_TriZetto_Group_Inc_2004Q1.txt,0.07255427539348602,0.21236003935337067,0.8855039954185486,True
RPM INTERNATIONAL INC,1.0,0.14,0.17,transcripts_by_company/RPM_International_Inc_2017Q1.txt,0.1983087956905365,0.30602511763572693,0.7693763077259064,True
RETAIL OPPORTUNITY INVESTMENTS C,2.0,0.05,0.03,transcripts_by_company/Retail_Opportunity_Investments_Corporation_2015Q2.txt,0.46985891461372375,0.08638542890548706,0.6451831310987473,True
XPLORE TECHNOLOGIES CORP,1.0,-0.06,-0.05,transcripts_by_company/Xplore_Technologies_Corp_2018Q1.txt,0.23021173477172852,0.27294430136680603,0.7569684952497482,True
AVI BIOPHARMA INC,1.0,-0.18,-0.11,transcripts_by_company/AVI_BioPharma_Inc_2006Q1.txt,0.20287740230560303,0.13168852031230927,0.8184792622923851,True
LANTHEUS HOLDINGS INC,1.0,0.22,0.33,transcripts_by_company/Lantheus_Holdings_Inc_2018Q1.txt,0.170961394906044,0.12647253274917603,0.8423852637410164,True
ECHELON CORPORATION,2.0,-0.17,-0.04,transcripts_by_company/Echelon_Corporation_2008Q2.txt,0.323154091835022,0.3438677489757538,0.6706318110227585,True
INCYTE CORP,4.0,0.05,-0.06,transcripts_by_company/Incyte_Corporation_2016Q4.txt,0.26452362537384033,0.35415810346603394,0.7085860311985016,True
"HEINZ, HJ",1.0,0.84,0.84,transcripts_by_company/HJ_Heinz_Company_2011Q1.txt,0.20216405391693115,0.3939262628555298,0.7403072834014892,True
CON-WAY INC,2.0,0.66,0.65,transcripts_by_company/Con-way_Inc_2012Q2.txt,0.29245296120643616,0.4813087582588196,0.6508902996778488,True
CHYRONHEGO CORP,3.0,0.03,0.03,transcripts_by_company/ChyronHego_Corporation_2014Q3.txt,0.3846814036369324,0.18476653099060059,0.6752930581569672,True
MSC INDUSTRIAL DIRECT CO INC,4.0,0.5,0.49,transcripts_by_company/MSC_Industrial_Direct_2009Q4.txt,0.23383376002311707,0.19792582094669342,0.77693862169981,True
ABM INDUSTRIES INC,3.0,0.47,0.46,transcripts_by_company/ABM_Industries_Incorporated_2014Q3.txt,0.2187996208667755,0.16426916420459747,0.7975595161318779,True
TORONTO-DOMINION BANK,3.0,1.65,2.01,transcripts_by_company/Toronto-Dominion_Bank_2013Q3.txt,0.12475202977657318,0.16885697841644287,0.8620164856314659,True
PLATINUM UNDERWRITER HOLDNGS LTD,1.0,1.76,1.11,transcripts_by_company/Platinum_Underwriters_Holdings_Ltd_2008Q1.txt,0.2384212464094162,0.18455655872821808,0.7777381598949433,True
CELCUITY INC,3.0,-0.73,-0.66,transcripts_by_company/Celcuity_Inc_2022Q3.txt,0.15814298391342163,0.28667598962783813,0.8032971143722534,True
NETAPP INC,1.0,0.4,0.33,transcripts_by_company/NetApp_Inc_2010Q1.txt,0.1463627815246582,0.0,0.8536372184753418,False
FGX INTERNATIONAL HOLDINGS LTD,3.0,0.18,0.18,transcripts_by_company/FGX_International_2008Q3.txt,0.21949909627437592,0.0,0.7805009037256241,False
ARCOS DORADOS HOLDINGS INC,2.0,0.03,0.01,transcripts_by_company/Arcos_Dorados_Holdings_Inc_2015Q2.txt,0.10430234670639038,0.21097171306610107,0.8636968433856964,True
ACLARIS THERAPEUTICS INC,1.0,-0.98,-1.8,transcripts_by_company/Aclaris_Therapeutics_Inc_2018Q1.txt,0.22648701071739197,0.11437122523784637,0.8071477249264717,True
INFINITY PHARMACEUTICALS INC,2.0,-0.24,-0.46,transcripts_by_company/Infinity_Pharmaceuticals_2010Q2.txt,0.19788402318954468,0.19651764631271362,0.8025258898735046,True
EPIQ SYSTEMS INC,4.0,0.24,0.26,transcripts_by_company/Epiq_Systems_2011Q4.txt,0.17782920598983765,0.23237177729606628,0.8058080226182938,True
CRANE CO,3.0,1.89,1.28,transcripts_by_company/Crane_Co_2021Q3.txt,0.11511936783790588,0.3535066545009613,0.8133644461631775,True
DRESSER RAND GROUP INC,4.0,0.9,0.87,transcripts_by_company/Dresser-Rand_Group_Inc_2011Q4.txt,0.14243923127651215,0.13019169867038727,0.8612350285053253,True
AQUA METALS INC,1.0,-0.06,-0.06,transcripts_by_company/Aqua_Metals_Inc_2021Q1.txt,0.41181784868240356,0.310855895280838,0.6184707373380661,True
INFORMATICA CORP,1.0,0.35,0.35,transcripts_by_company/Informatica_Corporation_2014Q1.txt,0.17851415276527405,0.3791205585002899,0.7613039255142212,True
AMGEN INC,3.0,1.23,1.06,transcripts_by_company/Amgen_Inc_2008Q3.txt,0.27412062883377075,0.12104257941246033,0.7718027859926224,True
POLYMEDICA CORP,3.0,0.47,0.94,transcripts_by_company/PolyMedica_2003Q3.txt,0.3471314609050751,0.16792914271354675,0.7066292345523835,True
VIZIO HOLDING CORP,3.0,0.01,0.03,transcripts_by_company/VIZIO_Holding_Corp_2022Q3.txt,0.1667017936706543,0.06209409609436989,0.864680515602231,True
HIGHWOODS PROPERTIES INC,2.0,0.16,0.14,transcripts_by_company/Highwoods_Properties_Inc_2011Q2.txt,0.15025022625923157,0.3858987092971802,0.7790552288293839,True
ELLIE MAE INC,3.0,0.45,0.24,transcripts_by_company/Ellie_Mae_Inc_2015Q3.txt,0.3955417573451996,0.15014606714248657,0.6780769497156143,True
BLACK STONE MINERALS LP,4.0,0.39,0.17,transcripts_by_company/Black_Stone_Minerals_LP_2017Q4.txt,0.21635843813419342,0.23650437593460083,0.7775977805256844,True
MAGNITE INC,3.0,0.18,0.17,transcripts_by_company/Magnite_Inc_2022Q3.txt,0.2856437563896179,0.24938759207725525,0.7252330929040909,True
MOMO INC,1.0,0.44,0.26,transcripts_by_company/Momo_Inc_2017Q1.txt,0.18615926802158356,0.2346881479024887,0.7992820680141449,True
CEMEX SAB DE CV,3.0,-0.08,0.06,transcripts_by_company/CEMEX_SAB_de_CV_2014Q3.txt,0.13470204174518585,0.2901185154914856,0.8186730161309242,True
ASYST TECHNOLOGIES INC,3.0,-0.28,-0.31,transcripts_by_company/Asyst_Technologies_2003Q3.txt,0.19612622261047363,0.2824244499206543,0.7779843091964722,True
QWEST COMMUNICATIONS INTL,2.0,0.13,0.1,transcripts_by_company/Qwest_2007Q2.txt,0.11677159368991852,0.2854003608226776,0.8326397761702538,True
ARRIS INTERNATIONAL PLC,1.0,0.4,0.72,transcripts_by_company/ARRIS_International_plc_2017Q1.txt,0.17810973525047302,0.18609297275543213,0.8194952934980393,True
NVE CORP,1.0,0.75,0.76,transcripts_by_company/NVE_Corporation_2011Q1.txt,0.357666552066803,0.19315658509731293,0.6916864380240441,True
VALIDUS HOLDINGS LTD,2.0,1.65,1.24,transcripts_by_company/Validus_Holdings_Ltd_2012Q2.txt,0.26241233944892883,0.23558828234672546,0.7456348776817322,True
DEVRY EDUCATION GROUP INC,1.0,0.22,0.24,transcripts_by_company/DeVry_Inc_2006Q1.txt,0.4547205865383148,0.11239544302225113,0.6479769565165043,True
CINEMARK HOLDINGS INC,3.0,0.19,0.18,transcripts_by_company/Cinemark_Holdings_Inc_2009Q3.txt,0.09020226448774338,0.38187503814697266,0.8222959034144879,True
GOODRX HOLDINGS INC,3.0,0.06,0.07,transcripts_by_company/GoodRx_Holdings_Inc_2023Q3.txt,0.1885000616312027,0.20729228854179382,0.80586227029562,True
MINISO GROUP HOLDING LTD,4.0,0.72,0.96,transcripts_by_company/MINISO_Group_Holding_Limited_2021Q4.txt,0.10640884190797806,0.2035626620054245,0.864445012062788,True
EVELO BIOSCIENCES INC,4.0,-0.54,-0.57,transcripts_by_company/Evelo_Biosciences_Inc_2021Q4.txt,0.1536843180656433,0.19236668944358826,0.8347109705209732,True
REYNOLDS AMERICAN INC,1.0,1.89,1.91,transcripts_by_company/Reynolds_American_2006Q1.txt,0.22895753383636475,0.18612179160118103,0.7838931888341903,True
GLG PARTNERS INC,3.0,0.07,0.12,transcripts_by_company/GLG_Partners_Inc_2008Q3.txt,0.25189828872680664,-0.06721489876508713,0.8438356675207614,True
BARNES GROUP INC,4.0,0.71,0.68,transcripts_by_company/Barnes_Group_Inc_2017Q4.txt,0.14921146631240845,0.1842113584280014,0.8402885660529137,True
APOLLO GLOBAL MANAGEMENT INC,3.0,1.71,0.71,transcripts_by_company/Apollo_Global_Management_Inc_2021Q3.txt,0.13315372169017792,0.2975764870643616,0.817519448697567,True
FISERV INC,1.0,0.84,0.83,transcripts_by_company/Fiserv_Inc_2019Q1.txt,0.21576593816280365,0.1857399344444275,0.7932418629527092,True
ACTIVISION BLIZZARD INC,3.0,0.6,0.5,transcripts_by_company/Activision_Blizzard_Inc_2017Q3.txt,0.2985628843307495,0.1920153647661209,0.7334013715386392,True
BRASKEM SA,2.0,0.0,0.64,transcripts_by_company/Braskem_SA_2016Q2.txt,0.2186567634344101,0.19249968230724335,0.78919036090374,True
PASSAGE BIO INC,4.0,-0.95,-0.88,transcripts_by_company/Passage_Bio_Inc_2021Q4.txt,0.26915672421455383,0.2862178385257721,0.7257249414920808,True
VOCUS INC,4.0,0.15,0.18,transcripts_by_company/Vocus_Inc_2009Q4.txt,0.2056913524866104,0.2775759696960449,0.7727432623505592,True
SUBURBAN PROPANE PARTNERS LP,4.0,0.34,0.61,transcripts_by_company/Suburban_Propane_Partners_LP_2021Q4.txt,0.2847260534763336,0.1365039199590683,0.759740586578846,True
DUKE REALTY CORP,3.0,0.18,-0.06,transcripts_by_company/Duke_Realty_Corp_2014Q3.txt,0.26718899607658386,0.24958625435829163,0.7380918264389038,True
51JOB INC,4.0,0.09,0.12,transcripts_by_company/51job_Incorporated_2006Q4.txt,0.19455580413341522,0.2033335417509079,0.8028108745813369,True
BRIGHTHOUSE FINANCIAL INC,3.0,6.17,3.07,transcripts_by_company/Brighthouse_Financial_Inc_2021Q3.txt,0.20678460597991943,0.14742815494537354,0.8110223293304444,True
ROKU INC,3.0,-2.33,-1.2,transcripts_by_company/Roku_Inc_2023Q3.txt,0.13000033795833588,0.23078382015228271,0.8397646173834801,True
YANDEX NV,1.0,8.56,7.05,transcripts_by_company/Yandex_NV_2014Q1.txt,0.10273100435733795,0.2976645827293396,0.8387889221310616,True
MEDIDATA SOLUTIONS INC,2.0,0.17,0.2,transcripts_by_company/Medidata_Solutions_Inc_2014Q2.txt,0.06312612444162369,0.30426469445228577,0.8645323045551777,True
GENERAL GROWTH PROPERTIES INC,4.0,-0.04,0.04,transcripts_by_company/General_Growth_Properties_Inc_2011Q4.txt,0.10409587621688843,0.13957594335079193,0.8852601036429405,True
CHUY'S HOLDINGS INC,1.0,0.47,0.28,transcripts_by_company/Chuys_Holdings_Inc_2023Q1.txt,0.18447034060955048,0.19056546688079834,0.8137011215090751,True
HERITAGE-CRYSTAL CLEAN INC,4.0,0.07,0.06,transcripts_by_company/Heritage-Crystal_Clean_Inc_2010Q4.txt,0.07474299520254135,0.35691556334495544,0.8406052343547344,True
STEIN MART INC,3.0,0.26,0.17,transcripts_by_company/Stein_Mart_Inc_2005Q3.txt,0.1568009853363037,0.19585910439491272,0.8314815789461136,True
AVINO SILVER & GOLD MINES LTD,3.0,-0.05,0.01,transcripts_by_company/Avino_Silver_and_Gold_Mines_Ltd_2020Q3.txt,0.10843660682439804,0.3163391053676605,0.8291926436126232,True
INTROGEN THERAPEUTICS INC,3.0,-0.17,-0.19,transcripts_by_company/Introgen_Therapeutics_Inc_2007Q3.txt,0.23065140843391418,0.24319806694984436,0.7655845940113069,True
UNITED THERAPEUTICS CORP,1.0,0.49,0.69,transcripts_by_company/United_Therapeutics_2009Q1.txt,0.2054833322763443,0.08531901240348816,0.8305659636855125,True
SIMON PROPERTY GROUP INC,3.0,1.65,1.62,transcripts_by_company/Simon_Property_Group_Inc_2017Q3.txt,0.2439594268798828,0.3300328552722931,0.7302185446023941,True
DELTA APPAREL INC,2.0,0.27,0.76,transcripts_by_company/Delta_Apparel_Inc_2014Q2.txt,0.3085103929042816,0.1867460012435913,0.7280189245939255,True
CLEARSIDE BIOMEDICAL INC,1.0,-0.41,-0.27,transcripts_by_company/Clearside_Biomedical_Inc_2017Q1.txt,0.27320751547813416,0.1376764327287674,0.7674518093466759,True
CATCHMARK TIMBER TRUST INC,1.0,-0.08,-0.09,transcripts_by_company/CatchMark_Timber_Trust_Inc_2018Q1.txt,0.2838219702243805,0.31731289625167847,0.7061307519674301,True
TETRA TECH INC NEW,3.0,0.59,0.59,transcripts_by_company/Tetra_Tech_Inc_2016Q3.txt,0.12733612954616547,0.17160464823246002,0.8593833148479462,True
NORFOLK SOUTHERN CORP,4.0,0.43,0.39,transcripts_by_company/Norfolk_Southern_Corporation_2003Q4.txt,0.3178185522556305,0.16587594151496887,0.727764230966568,True
LUXOFT HOLDING INC,3.0,0.74,0.85,transcripts_by_company/Luxoft_Holding_Inc_2018Q3.txt,0.1498991847038269,0.08838880062103271,0.8685539305210114,True
MICROTUNE,4.0,0.04,0.05,transcripts_by_company/Microtune_2008Q4.txt,0.17903664708137512,0.30285635590553284,0.7838174402713776,True
INTEL CORP,3.0,0.22,0.27,transcripts_by_company/Intel_Corporation_2006Q3.txt,0.19500397145748138,0.08886125683784485,0.8368388429284096,True
PROCEPT BIOROBOTICS CORP,2.0,-0.56,-0.54,transcripts_by_company/PROCEPT_BioRobotics_Corporation_2023Q2.txt,0.1895587146282196,0.397410124540329,0.7480858623981476,True
COLUMBIA SPORTSWEAR CO,4.0,1.15,1.26,transcripts_by_company/Columbia_Sportswear_2012Q4.txt,0.11600471287965775,0.11160611361265182,0.885314866900444,True
BUENAVENTURA,2.0,0.09,0.23,transcripts_by_company/Compania_de_Minas_Buenaventura_2014Q2.txt,0.05557936429977417,0.10429445654153824,0.9298061080276966,True
ORBITZ INC,2.0,0.2,0.17,transcripts_by_company/Orbitz_2004Q2.txt,0.207459956407547,0.1356486976146698,0.8140834212303162,True
PLATINUM UNDERWRITER HOLDNGS LTD,2.0,1.34,1.1,transcripts_by_company/Platinum_Underwriters_Holdings_Ltd_2007Q2.txt,0.22477954626083374,0.16203835606575012,0.7940428107976913,True
VOLTERRA SEMICONDUCTOR CORP,3.0,0.03,0.11,transcripts_by_company/VOLTERRA_SEMICONDUCTOR_CORP_2005Q3.txt,0.25444307923316956,0.057080551981925964,0.8047656789422035,True
ENDO PHARMACEUTICALS,1.0,0.67,0.57,transcripts_by_company/Endo_Pharmaceuticals_2009Q1.txt,0.21916574239730835,0.18697701394557953,0.7904908761382103,True
KYMERA THERAPEUTICS INC,4.0,-0.66,-0.19,transcripts_by_company/Kymera_Therapeutics_Inc_2021Q4.txt,0.13696423172950745,0.04236671328544617,0.891415023803711,True
HALLIBURTON CO,4.0,0.72,0.59,transcripts_by_company/Halliburton_Company_2022Q4.txt,0.12808722257614136,0.2260836958885193,0.8425138354301452,True
PERCEPTRON INC,3.0,0.06,0.16,transcripts_by_company/Perceptron_Inc_2019Q3.txt,0.11504426598548889,0.17494052648544312,0.8669868558645248,True
SARATOGA RESOURCES INC,3.0,-0.01,0.19,transcripts_by_company/Saratoga_Resources_Inc_2012Q3.txt,0.2692015469074249,0.15060007572174072,0.7663788944482803,True
DESIGN WITHIN REACH INC,2.0,-0.01,-0.01,transcripts_by_company/Design_Within_Reach_Inc_2008Q2.txt,0.2795565128326416,0.20714794099330902,0.7421660587191582,True
WESTERN WIRELESS CORPORATION,1.0,-0.27,-0.3,transcripts_by_company/Western_Wireless_Corporation_2003Q1.txt,0.17469191551208496,0.061106979846954346,0.8593835651874542,True
TENABLE HOLDINGS INC,3.0,0.07,0.09,transcripts_by_company/Tenable_Holdings_Inc_2021Q3.txt,0.14504210650920868,0.26661938428878784,0.8184847101569176,True
MOODY'S CORP,3.0,0.76,0.62,transcripts_by_company/Moodys_Corporation_2004Q3.txt,0.2477649599313736,0.14811991155147552,0.7821285545825958,True
MONEYGRAM INTERNATIONAL INC,2.0,-0.4,0.02,transcripts_by_company/MoneyGram_International_2009Q2.txt,0.22507180273532867,0.167975515127182,0.7920570835471153,True
FORWARD AIR CORP,1.0,0.6,0.51,transcripts_by_company/Forward_Air_Corporation_2018Q1.txt,0.2522883713245392,0.13128334283828735,0.7840131372213364,True
CGG SA,4.0,-0.11,0.5,transcripts_by_company/CGG_SA_2013Q4.txt,0.051608238369226456,0.2036224901676178,0.9027874860912561,True
WOLVERINE WORLD WIDE INC,3.0,0.48,0.61,transcripts_by_company/Wolverine_World_Wide_Inc_2015Q3.txt,0.32857489585876465,0.31262391805648804,0.6762103974819184,True
FOCUS ENHANCEMENTS INC,4.0,-0.04,-0.03,transcripts_by_company/Focus_Enhancements_2006Q4.txt,0.15073023736476898,0.022523412480950356,0.8877318101003766,True
PINTEREST INC,3.0,0.28,0.18,transcripts_by_company/Pinterest_Inc_2021Q3.txt,0.3346072733402252,0.2146216183900833,0.7013884231448173,True
HAVERTY FURNITURE COMPANIES INC,3.0,-0.07,0.02,transcripts_by_company/Haverty_Furniture_Companies_Inc_2008Q3.txt,0.35860252380371094,0.36964690685272217,0.6380841612815857,True
DOLE FOOD COMPANY INC,1.0,0.16,0.54,transcripts_by_company/Dole_Food_Company_Inc_2010Q1.txt,0.14773158729076385,0.36790165305137634,0.7862173929810524,True
GENESCO INC,3.0,0.34,0.6,transcripts_by_company/Genesco_Inc_2014Q3.txt,0.43754351139068604,0.25294673442840576,0.617835521697998,True
WAYFAIR INC,4.0,1.24,-1.24,transcripts_by_company/Wayfair_Inc_2020Q4.txt,0.34207889437675476,0.2603583335876465,0.6824372738599778,True
EMC INSURANCE GROUP INC,2.0,-0.02,0.17,transcripts_by_company/UNIQA_Insurance_Group_AG_2018Q2.txt,0.2535720467567444,0.0,0.7464279532432556,False
LINKTONE LTD,3.0,-0.12,-0.04,transcripts_by_company/Linktone_Ltd_2007Q3.txt,0.11025074124336243,0.29650449752807617,0.8338731318712235,True
KIMBALL INTERNATIONAL INC,2.0,0.25,0.19,transcripts_by_company/Kimball_International_2014Q2.txt,0.19912001490592957,0.15681105852127075,0.813572672009468,True
NANOMETRICS INC,4.0,0.53,0.46,transcripts_by_company/Nanometrics_Incorporated_2018Q4.txt,0.09881439059972763,0.10927201062440872,0.898048323392868,True
ROHM & HAAS CO,2.0,0.77,0.63,transcripts_by_company/Rohm_and_Haas_2005Q2.txt,0.24390123784542084,0.30786633491516113,0.7369092330336571,True
RINGCENTRAL INC,4.0,-0.09,-0.1,transcripts_by_company/RingCentral_Inc_2014Q4.txt,0.32005172967910767,0.0,0.6799482703208923,False
BANK OF COMMERCE HOLDINGS,3.0,0.26,0.23,transcripts_by_company/Canadian_Imperial_Bank_of_Commerce_2020Q3.txt,0.06719481199979782,0.23251697421073914,0.8832085393369198,True
ARISTA NETWORKS INC,3.0,1.83,1.49,transcripts_by_company/Arista_Networks_Inc_2023Q3.txt,0.19749562442302704,0.05748091638088226,0.8445087879896165,True
"UNIVERSAL FOREST PRODUCTS, INC.",2.0,0.79,0.88,transcripts_by_company/Universal_Forest_Products_Inc_2013Q2.txt,0.13808809220790863,0.12316206097602844,0.8663897171616555,True
OPLINK COMMUNICATIONS INC,3.0,-0.01,-0.01,transcripts_by_company/Oplink_Communications_2003Q3.txt,0.1849140226840973,0.24580557644367218,0.7968185111880303,True
ALBANY MOLECULAR RESEARCH,4.0,0.28,0.3,transcripts_by_company/Albany_Molecular_Research_Inc_2014Q4.txt,0.2184927761554718,0.22034496068954468,0.7809515684843064,True
XO GROUP INC,1.0,0.08,0.07,transcripts_by_company/XO_Group_Inc_2016Q1.txt,0.11657025665044785,0.349078893661499,0.8136771522462368,True
LINCARE HOLDINGS INC,3.0,0.66,0.63,transcripts_by_company/Lancashire_Holdings_Limited_2007Q3.txt,0.07544496655464172,0.1139030009508133,0.9130176231265068,True
TTM TECHNOLOGIES INC,4.0,0.41,0.3,transcripts_by_company/TTM_Technologies_Inc_CurrentQ4.txt,0.1966703236103058,0.28276199102401733,0.7775021761655807,True
KIMCO REALTY CORP,1.0,0.4,0.33,transcripts_by_company/KIMCO_REALTY_CORP_2006Q1.txt,0.13304437696933746,0.2514418661594391,0.8314363762736321,True
ANDERSONS (THE),4.0,-1.85,1.31,transcripts_by_company/The_Andersons_Inc_2008Q4.txt,0.3984111249446869,0.3644704520702362,0.6117710769176483,True
SPIRIT AEROSYSTEMS HOLDINGS INC,3.0,0.65,0.51,transcripts_by_company/Spirit_AeroSystems_Holdings_Inc_2013Q3.txt,0.17174671590328217,0.15435247123241425,0.8334715574979782,True
"BLUE APRON HOLDINGS, INC.",2.0,0.08,-0.71,transcripts_by_company/Blue_Apron_Holdings_Inc_2020Q2.txt,0.28899121284484863,0.362479567527771,0.6889622807502747,True
TENNANT CO,1.0,0.47,0.46,transcripts_by_company/Tennant_Company_2006Q1.txt,0.2544764280319214,0.24491558969020844,0.7483918234705925,True
DAVITA HEALTHCARE PARTNERS INC,3.0,0.83,0.8,transcripts_by_company/DaVita_2007Q3.txt,0.13895247876644135,0.12588375806808472,0.8649681374430657,True
VIRTUSA CORP,4.0,0.22,0.25,transcripts_by_company/Virtusa_Corporation_2011Q4.txt,0.10087110102176666,0.12226855754852295,0.8927096620202064,True
BRIGGS & STRATTON CORP,2.0,0.01,0.65,transcripts_by_company/Briggs_and_Stratton_Corporation_2008Q2.txt,0.4444696307182312,0.06493920087814331,0.6693894982337951,True
EQUIFAX INC,4.0,0.62,0.62,transcripts_by_company/Equifax_Inc_2010Q4.txt,0.14996206760406494,0.23341037333011627,0.8250034406781197,True
SINGAPORE EXCHANGE LTD,4.0,0.078,0.07,transcripts_by_company/Singapore_Exchange_Ltd_2015Q4.txt,0.2644113004207611,0.15619079768657684,0.7680548503994942,True
NXSTAGE MEDICAL INC,4.0,-0.08,-0.07,transcripts_by_company/NxStage_Medical_Inc_2011Q4.txt,0.17300380766391754,0.3739619255065918,0.7667087569832802,True
LITHIUM AMERICAS (ARGENTINA) COR,2.0,-0.12,-0.1,transcripts_by_company/Lithium_Americas_Corp_2021Q2.txt,0.09953249990940094,0.0,0.9004675000905991,False
CARS.COM INC,2.0,0.3,0.22,transcripts_by_company/Carscom_Inc_2019Q2.txt,0.11403919756412506,0.25976628065109253,0.8422426775097847,True
VERASTEM INC,1.0,-0.52,-0.42,transcripts_by_company/Verastem_Inc_2019Q1.txt,0.15178322792053223,0.17118136584758759,0.8423973307013511,True
NICE LTD,4.0,1.58,1.54,transcripts_by_company/NICE_Ltd_2019Q4.txt,0.267995148897171,0.23464912176132202,0.7420086592435837,True
INMARSAT GROUP HOLDINGS LTD,3.0,0.12,0.13,transcripts_by_company/Inmarsat_PLC_2016Q3.txt,0.1388261765241623,0.1399196982383728,0.8608457669615746,True
AUXILIUM PHARMACEUTICALS INC,2.0,0.22,0.01,transcripts_by_company/Auxilium_Pharmaceuticals_Inc_2013Q2.txt,0.181303933262825,0.0,0.818696066737175,False
ENCORE CAPITAL GROUP INC,1.0,1.46,1.25,transcripts_by_company/Encore_Capital_Group_Inc_2019Q1.txt,0.07929098606109619,0.22454002499580383,0.8771343022584915,True
LIMITED BRANDS INC,4.0,0.02,-0.04,transcripts_by_company/Limited_Brands_2009Q4.txt,0.20075078308582306,0.16520072519779205,0.8099142342805863,True
RINGCENTRAL INC,3.0,0.36,0.32,transcripts_by_company/RingCentral_Inc_2021Q3.txt,0.10583925247192383,0.3599478304386139,0.8179281741380692,True
HOST HOTELS  RESORTS INC,2.0,0.39,0.29,transcripts_by_company/Host_Hotels_and_Resorts_Inc_2019Q2.txt,0.10483585298061371,0.29940107464790344,0.8367945805191994,True
FTI CONSULTING INC,3.0,0.7,0.57,transcripts_by_company/FTI_Consulting_2011Q3.txt,0.12165804952383041,0.2405143529176712,0.8426850594580173,True
GLOBANT SA,2.0,1.22,1.11,transcripts_by_company/Globant_SA_2022Q2.txt,0.3069925904273987,0.22057710587978363,0.7189320549368858,True
CSX CORP,3.0,0.5,0.63,transcripts_by_company/CSX_Corporation_2004Q3.txt,0.29503747820854187,0.16891302168369293,0.7427998587489129,True
FIRSTENERGY CORP,1.0,0.69,0.73,transcripts_by_company/FirstEnergy_Corp_2011Q1.txt,0.14501991868019104,0.37422454357147217,0.7862186938524246,True
FINANCIAL INSTITUTIONS INC,3.0,0.35,0.32,transcripts_by_company/Financial_Institutions_2006Q3.txt,0.11765111982822418,0.03223193436861038,0.90797463580966,True
CELGENE CORP,1.0,0.44,0.48,transcripts_by_company/Celgene_2009Q1.txt,0.1943236142396927,0.3006211817264557,0.7737871155142784,True
SARA LEE CORPORATION,1.0,0.22,0.23,transcripts_by_company/Sara_Lee_Corporation_2010Q1.txt,0.13113878667354584,-0.005419452209025621,0.9098286849912256,True
REGIONAL MANAGEMENT CORP,1.0,0.72,0.64,transcripts_by_company/Regional_Management_Corp_2018Q1.txt,0.16713999211788177,0.31420662999153137,0.7887400165200233,True
TEVA PHARMACEUTICAL INDS LTD,2.0,0.83,0.7,transcripts_by_company/Teva_Pharmaceutical_2009Q2.txt,0.13251745700836182,0.2122400552034378,0.8435657635331154,True
WEBSTER FINANCIAL CORP CONN,3.0,1.55,1.75,transcripts_by_company/Webster_Financial_Corporation_2023Q3.txt,0.22642062604427338,0.21998414397239685,0.7755103185772896,True
HARTFORD FINANCIAL SERVICES GROU,1.0,1.16,0.95,transcripts_by_company/The_Hartford_Financial_Services_Group_Inc_2011Q1.txt,0.15824180841445923,0.2080049365758896,0.8268292531371116,True
ARCH RESOURCES INC,4.0,12.92,4.45,transcripts_by_company/Syrah_Resources_Limited_2021Q4.txt,0.2619829475879669,0.11523819714784622,0.7820404775440692,True
MAGELLAN MIDSTREAM PARTNERS LP,4.0,0.91,1.2,transcripts_by_company/Magellan_Midstream_Partners_LP_2022Q4.txt,0.21505005657672882,0.1246296614408493,0.812076061964035,True
ULTA SALON COSMETICS & FRAGRANCE,4.0,0.72,0.76,transcripts_by_company/Ulta_Salon_Cosmetics_and_Fragrance_Inc_2013Q4.txt,0.356100469827652,0.17228387296199799,0.6990445092320442,True
KFORCE INC,3.0,1.09,1.22,transcripts_by_company/Kforce_Inc_2022Q3.txt,0.1477452516555786,0.3103561997413635,0.803471463918686,True
AMERICAN AXLE & MANUFACTURING HO,4.0,0.42,0.46,transcripts_by_company/American_Axle_and_Manufacturing_Holdings_2007Q4.txt,0.18972408771514893,0.22273465991020203,0.8003727406263351,True
AZTAR CORP,3.0,0.51,0.5,transcripts_by_company/Aztar_Corporation_2005Q3.txt,0.19001400470733643,0.19637331366539001,0.8080782026052475,True
CABLEVISION SYSTEMS CORP,4.0,0.41,0.42,transcripts_by_company/Cablevision_Systems_Corporation_2010Q4.txt,0.15417151153087616,0.0769624412059784,0.8689912095665931,True
NEOGENOMICS INC,1.0,-0.01,0.0,transcripts_by_company/NeoGenomics_Inc_2015Q1.txt,0.24940861761569977,0.33263450860977173,0.7256236150860786,True
JOURNAL COMMUNICATIONS INC,2.0,0.16,0.19,transcripts_by_company/Journal_Communications_Inc_2008Q2.txt,0.23866583406925201,0.20335564017295837,0.7719272240996361,True
FLUENT INC,4.0,0.05,0.08,transcripts_by_company/Fluent_Inc_2021Q4.txt,0.15151657164096832,0.20316188037395477,0.8329898357391358,True
RENTRAK CORP,3.0,0.08,0.13,transcripts_by_company/Rentrak_Corporation_2008Q3.txt,0.15626737475395203,0.15021829307079315,0.8455473497509957,True
VULCAN MATERIALS CO,3.0,1.01,1.3,transcripts_by_company/Vulcan_Materials_Company_2016Q3.txt,0.1927475482225418,0.31732577085494995,0.7698789849877358,True
TWITTER INC,3.0,0.1,0.08,transcripts_by_company/Twitter_Inc_2015Q3.txt,0.17349308729171753,0.22607696056365967,0.8107317507266998,True
OMNOVA SOLUTIONS,2.0,0.12,-0.01,transcripts_by_company/OMNOVA_Solutions_2009Q2.txt,0.2315405011177063,0.17881253361701965,0.7842778891324997,True
INTEVAC INC,1.0,-0.31,0.03,transcripts_by_company/Intevac_Inc_2011Q1.txt,0.2647816836833954,0.3081884980201721,0.7221962720155716,True
"INSIGHT ENTERPRISES, INC.",3.0,0.43,0.43,transcripts_by_company/Insight_Enterprises_Inc_2014Q3.txt,0.1474810540676117,0.371980220079422,0.7851691961288452,True
STANLEY FURNITURE CO,3.0,-0.12,-0.06,transcripts_by_company/Stanley_Furniture_2011Q3.txt,0.18778494000434875,0.4393101930618286,0.7367574840784072,True
BANK OF NEW YORK MELLON CORP,1.0,0.53,0.76,transcripts_by_company/Bank_of_New_York_Mellon_Corp_2009Q1.txt,0.22049914300441742,0.16679081320762634,0.7956133559346199,True
CHEGG INC,2.0,0.37,0.28,transcripts_by_company/Chegg_Inc_2020Q2.txt,0.20311275124549866,0.15987056493759155,0.8098599046468735,True
1STDIBS.COM INC,1.0,-0.17,-0.14,transcripts_by_company/1stDibscom_2022Q1.txt,0.3222791254520416,0.3366228938102722,0.6734177440404892,True
ASTEC INDUSTRIES INC,3.0,-0.12,0.47,transcripts_by_company/Astec_Industries_Inc_2017Q3.txt,0.20230118930339813,0.3317437469959259,0.7588660433888436,True
UNIVERSAL HEALTH SERVICES INC,3.0,0.64,0.69,transcripts_by_company/Universal_Health_Services_Inc_2007Q3.txt,0.17042109370231628,0.16980230808258057,0.8297645419836044,True
RED HAT INC,2.0,0.34,0.38,transcripts_by_company/Red_Hat_Inc_2014Q2.txt,0.3056017756462097,0.10762479901313782,0.7537913173437119,True
MSC INDUSTRIAL DIRECT CO INC,3.0,0.41,0.43,transcripts_by_company/MSC_Industrial_Direct_2009Q3.txt,0.11783856153488159,0.31731078028678894,0.8223197728395462,True
7 DAYS GROUP HOLDINGS LTD,4.0,0.78,1.06,transcripts_by_company/7_Days_Group_Holdings_Limited_2012Q4.txt,0.1541767418384552,0.2833108603954315,0.8070830225944519,True
VALENCE TECHNOLOGY INC,2.0,-0.04,-0.04,transcripts_by_company/Valence_Technology_2010Q2.txt,0.2971232533454895,0.15208587050437927,0.7463879615068436,True
HANCOCK WHITNEY CORP,3.0,1.55,1.36,transcripts_by_company/Hancock_Whitney_Corporation_2022Q3.txt,0.33036723732948303,0.21587340533733368,0.7039809122681617,True
AIR METHODS CORP,4.0,0.55,1.23,transcripts_by_company/Air_Methods_2012Q4.txt,0.12449369579553604,0.06376617401838303,0.8937245607376099,True
LECG CORPORATION,3.0,-0.25,0.04,transcripts_by_company/LECG_Corporation_2010Q3.txt,0.28404510021209717,0.3404868245124817,0.6990223824977875,True
MASCO CORP,3.0,0.99,0.93,transcripts_by_company/Masco_Corporation_2021Q3.txt,0.24077656865119934,0.31905829906463623,0.7357389122247696,True
EMPLOYERS HOLDINGS INC,4.0,0.4,0.28,transcripts_by_company/Employers_Holdings_Inc_2014Q4.txt,0.14447912573814392,0.16132862865924835,0.8504660233855248,True
STREAMLINE HEALTH SOLUTIONS INC,3.0,-0.002,-0.05,transcripts_by_company/Streamline_Health_Solutions_Inc_2021Q3.txt,0.33067604899406433,0.28560054302215576,0.6828466027975082,True
VITA COCO COMPANY INC,4.0,-0.05,0.06,transcripts_by_company/The_Vita_Coco_Company_Inc_2022Q4.txt,0.1345452070236206,0.2051173597574234,0.8442831471562385,True
AMERICAN PUBLIC EDUCATION INC,2.0,0.42,0.6,transcripts_by_company/American_Public_Education_Inc_2015Q2.txt,0.2661892771720886,0.24501831829547882,0.7401620104908944,True
LOCAL.COM CORP,4.0,-0.15,-0.05,transcripts_by_company/Localcom_2008Q4.txt,0.4130788743495941,0.3507441282272339,0.605621549487114,True
DIGI INTERNATIONAL INC,2.0,0.16,0.1,transcripts_by_company/Digi_International_Inc_2016Q2.txt,0.1602165699005127,0.38519686460494995,0.7722893416881562,True
SUNOPTA INC,4.0,0.03,0.13,transcripts_by_company/SunOpta_Inc_2015Q4.txt,0.3833448886871338,0.23440183699131012,0.6613380268216134,True
ARROW ELECTRONICS INC,4.0,2.2,2.16,transcripts_by_company/Arrow_Electronics_Inc_2019Q4.txt,0.4254216253757477,0.3601270616054535,0.5941667437553406,True
DERMTECH INC,3.0,-0.96,-0.92,transcripts_by_company/DermTech_Inc_2022Q3.txt,0.23058420419692993,0.2727748453617096,0.7567586034536362,True
MANULIFE FINANCIAL CORP,3.0,0.77,0.87,transcripts_by_company/Manulife_Financial_Corp_2005Q3.txt,0.20179469883441925,0.2847996950149536,0.7733038023114205,True
AMGEN INC,3.0,3.66,3.56,transcripts_by_company/Amgen_Inc_2019Q3.txt,0.30177757143974304,0.18969663977622986,0.731846708059311,True
MID-AMERICA APARTMENT COMMUNITIE,4.0,1.3,0.56,transcripts_by_company/Mid-America_Apartment_Communities_Inc_2019Q4.txt,0.24258635938167572,0.14896151423454285,0.7855010941624642,True
CROSSFIRST BANKSHARES INC,2.0,0.35,0.35,transcripts_by_company/CrossFirst_Bankshares_Inc_2023Q2.txt,0.11679067462682724,0.18301403522491455,0.8633423171937465,True
AUTODESK INC,2.0,0.41,0.16,transcripts_by_company/Autodesk_Inc_2004Q2.txt,0.30967268347740173,0.2934248149394989,0.6952016770839691,True
CITY NATIONAL CORPORATION,2.0,0.73,1.18,transcripts_by_company/City_National_Corporation_2008Q2.txt,0.2094048410654068,0.019863931462168694,0.8474574318155647,True
VOXX INTERNATIONAL CORP,1.0,0.0,0.12,transcripts_by_company/VOXX_International_2017Q1.txt,0.1274842917919159,0.3274828791618347,0.8125161319971085,True
AXSOME THERAPEUTICS INC,3.0,-0.93,-1.15,transcripts_by_company/Axsome_Therapeutics_Inc_2021Q3.txt,0.2589848041534424,0.2557791471481323,0.7419768929481507,True
WALGREEN CO,3.0,0.44,0.43,transcripts_by_company/Walgreen_2009Q3.txt,0.14096514880657196,0.4203500747680664,0.7752193734049797,True
SES AI CORP,2.0,-0.04,-0.08,transcripts_by_company/SES_AI_Corporation_2023Q2.txt,0.10948533564805984,0.20545180141925812,0.8617247246205807,True
ARLINGTON ASSET INVESTMENT CORP,3.0,0.52,0.6,transcripts_by_company/Arlington_Asset_Investment_Corp_2017Q3.txt,0.09832533448934555,0.24438165128231049,0.857857770472765,True
LIGHTINTHEBOX HOLDING CO LTD,3.0,-0.02,-0.03,transcripts_by_company/LightInTheBox_Holding_Co_Ltd_2016Q3.txt,0.10732544213533401,0.4235951900482178,0.7977936334908009,True
JOHN BEAN TECHNOLOGIES CORP,2.0,1.19,1.16,transcripts_by_company/John_Bean_Technologies_Corporation_2021Q2.txt,0.1628294587135315,0.2428474724292755,0.8131651371717453,True
SHUTTERFLY INC,2.0,-0.22,-0.15,transcripts_by_company/Shutterfly_Inc_2009Q2.txt,0.08342277258634567,0.3827529549598694,0.8267781727015973,True
CSG SYSTEMS INTERNATIONAL INC,3.0,0.92,0.89,transcripts_by_company/CSG_Systems_International_Inc_2023Q3.txt,0.194550022482872,0.1620500236749649,0.8151999771595001,True
TNS INC,4.0,0.33,0.26,transcripts_by_company/TNS_Inc_2007Q4.txt,0.250101774930954,0.1861712634563446,0.7690773785114289,True
XEROX CORP,4.0,0.31,0.31,transcripts_by_company/Xerox_Corporation_2014Q4.txt,0.19017572700977325,0.1317090392112732,0.8273642793297769,True
NATUS MEDICAL INC,4.0,0.51,0.46,transcripts_by_company/Natus_Medical_Incorporated_2015Q4.txt,0.06641899794340134,0.16952022910118103,0.9026506327092647,True
PRIMORIS SERVICES CORP,4.0,0.63,0.56,transcripts_by_company/Primoris_Services_Corporation_2018Q4.txt,0.20431193709373474,0.23924122750759125,0.7852092757821083,True
BRUKER BIOSCIENCES CORP,4.0,0.02,0.02,transcripts_by_company/Bruker_BioSciences_Corporation_2005Q4.txt,0.3375614583492279,0.19864629209041595,0.7041130915284157,True
QLT INC,2.0,0.2,0.19,transcripts_by_company/QLT_2004Q2.txt,0.21538716554641724,0.060667142271995544,0.8310288414359093,True
COMPUTER PROGRAMS AND SYSTEMS IN,2.0,0.75,0.65,transcripts_by_company/Computer_Programs_and_Systems_Inc_2021Q2.txt,0.13655135035514832,0.25351178646087646,0.8283605188131333,True
CENTRAL GARDEN  PET CO,3.0,0.08,0.12,transcripts_by_company/Central_Garden_and_Pet_Company_2017Q3.txt,0.10029473155736923,0.15443681180477142,0.8834626443684102,True
MARSH  MCLENNAN COMPANIES INC,1.0,1.99,1.7,transcripts_by_company/Marsh_and_McLennan_Companies_Inc_2021Q1.txt,0.22713637351989746,0.3422722816467285,0.7383228540420532,True
"BOSTON PRIVATE BANCORP, INC",3.0,0.4,0.36,transcripts_by_company/The_Bancorp_Inc_2005Q3.txt,0.2623586356639862,0.17639677226543427,0.7634299233555794,True
PROCERA NETWORKS INC,4.0,0.05,0.02,transcripts_by_company/Procera_Networks_Inc_2010Q4.txt,0.12886478006839752,0.16162848472595215,0.8613061085343361,True
LYONDELLBASELL INDUSTRIES NV,1.0,1.23,0.45,transcripts_by_company/LyondellBasell_Industries_NV_2011Q1.txt,0.3023917078971863,0.20455113053321838,0.7269604653120041,True
BTU INTERNATIONAL,4.0,-0.24,0.33,transcripts_by_company/BTU_International_2011Q4.txt,0.08270041644573212,0.14521867036819458,0.8985441073775291,True
KINDRED HEALTHCARE INC,3.0,0.14,0.07,transcripts_by_company/Kindred_Healthcare_Inc_2009Q3.txt,0.31462690234184265,0.12009517103433609,0.7437326170504093,True
CATALINA MARKETING,2.0,0.3,0.25,transcripts_by_company/Catalina_Marketing_2006Q2.txt,0.16782627999782562,0.12240845710039139,0.8457990668714046,True
RUSS BERRIE & CO INC,3.0,0.01,0.51,transcripts_by_company/Russ_Berrie_2006Q3.txt,0.23168808221817017,0.15469306707382202,0.7914104223251344,True
ZUMIEZ INC,1.0,0.42,0.5,transcripts_by_company/Zumiez_Inc_2008Q1.txt,0.21935078501701355,0.18345454335212708,0.7914180874824523,True
CHARLES RIVER ASSOCIATES,4.0,0.28,0.27,transcripts_by_company/Charles_River_Associates_Inc_2003Q4.txt,0.24254204332828522,0.19001074135303497,0.7732173472642898,True
BLACKBERRY LTD,2.0,0.0,-0.1,transcripts_by_company/BlackBerry_2016Q2.txt,0.17747126519680023,0.0,0.8225287348031998,False
GRAHAM CORP,3.0,0.02,0.07,transcripts_by_company/Graham_Corporation_2017Q3.txt,0.22145095467567444,0.13596847653388977,0.804193788766861,True
B&G FOODS INC,3.0,0.56,0.49,transcripts_by_company/BandG_Foods_Inc_2016Q3.txt,0.3038192391395569,0.410650372505188,0.6641314208507538,True
VIAVI SOLUTIONS INC,2.0,0.12,0.1,transcripts_by_company/Viavi_Solutions_Inc_2017Q2.txt,0.21144923567771912,0.198466494679451,0.7924455866217613,True
CAREER EDUCATION CORP,4.0,0.57,0.65,transcripts_by_company/Career_Education_2004Q4.txt,0.21770402789115906,0.18647116422653198,0.7916658312082291,True
QUALYS INC,3.0,0.08,0.07,transcripts_by_company/Qualys_Inc_2013Q3.txt,0.32437071204185486,0.16969144344329834,0.7220330685377121,True
AFFYMETRIX INC,3.0,0.05,0.04,transcripts_by_company/Affymetrix_2002Q3.txt,0.19714075326919556,0.12005817145109177,0.8259840212762356,True
EDISON INTERNATIONAL,1.0,0.92,1.22,transcripts_by_company/Edison_International_2008Q1.txt,0.2761734426021576,0.1454388052225113,0.7630469486117363,True
TETRA TECH INC,4.0,1.4,1.3,transcripts_by_company/Terra_Tech_Corp_2023Q4.txt,0.23591792583465576,0.17261902987957,0.78307174295187,True
ROCKY BRANDS INC,4.0,0.18,0.65,transcripts_by_company/Rocky_Brands_Inc_2015Q4.txt,0.06900686025619507,0.1980413794517517,0.8922827839851379,True
BRE PROPERTIES INC,3.0,0.28,0.27,transcripts_by_company/BRE_PROPERTIES_INC_2012Q3.txt,0.07866831123828888,0.40757960081100464,0.8226583018898964,True
CRYOLIFE INC,3.0,-0.15,-0.31,transcripts_by_company/CryoLife_Inc_2004Q3.txt,0.214559867978096,0.10830619931221008,0.8173162326216699,True
BENSON HILL INC,4.0,-0.29,-0.17,transcripts_by_company/Benson_Hill_Inc_CurrentQ4.txt,0.048848994076251984,0.08832312375307083,0.9393087670207023,True
IDACORP INC.,2.0,1.12,1.15,transcripts_by_company/IDACORP_2016Q2.txt,0.049388397485017776,0.008924770168960094,0.9627506907097996,True
SPARTON CORP,1.0,0.141,0.04,transcripts_by_company/Sparton_Corporation_2010Q1.txt,0.13048681616783142,0.36330336332321167,0.7996682196855545,True
ORTHODONTIC CENTERS OF AMERICA,2.0,0.07,0.2,transcripts_by_company/Orthodontic_Centers_of_America_2004Q2.txt,0.4199192523956299,0.1428760141134262,0.6631937190890312,True
AMERICAN ITALIAN PASTA CO,1.0,0.7,0.43,transcripts_by_company/American_Italian_Pasta_Company_2009Q1.txt,0.2611617147922516,0.17234164476394653,0.76548430621624,True
ABIOMED INC,3.0,1.03,1.09,transcripts_by_company/Abiomed_Inc_2019Q3.txt,0.1330738067626953,0.13926348090171814,0.8650692909955978,True
APTARGROUP INC,3.0,0.68,0.58,transcripts_by_company/AptarGroup_Inc_2010Q3.txt,0.08933797478675842,0.32529446482658386,0.8398750782012939,True
ROGERS COMMUNICATIONS INC,4.0,0.99,0.92,transcripts_by_company/Rogers_Communications_Inc_2020Q4.txt,0.14292845129966736,0.4623902440071106,0.7612330108880997,True
DRS TECHNOLOGIES INC,1.0,0.79,0.8,transcripts_by_company/DRS_Technologies_2006Q1.txt,0.30562177300453186,0.25170084834098816,0.7105545043945313,True
CHOICE HOTELS INTERNATIONAL INC,3.0,0.5,0.49,transcripts_by_company/Choice_Hotels_International_2006Q3.txt,0.24372482299804688,0.12775249779224396,0.791066874563694,True
NAVISTAR INTERNATIONAL CORP,2.0,0.6,1.42,transcripts_by_company/Navistar_International_2009Q2.txt,0.17521582543849945,0.0740213692188263,0.8551425114274025,True
II-VI INCORPORATED,3.0,0.36,0.28,transcripts_by_company/II-IV_Incorporated_2016Q3.txt,0.12975473701953888,0.20965245366096497,0.8462759479880333,True
CORCEPT THERAPEUTICS INC,3.0,0.24,0.25,transcripts_by_company/Corcept_Therapeutics_Incorporated_2021Q3.txt,0.3422606289386749,0.15465831756591797,0.7140200644731522,True
MAGNITE INC,3.0,0.12,0.18,transcripts_by_company/Magnite_Inc_2023Q3.txt,0.09270138293504715,0.24468213319778442,0.8617043919861317,True
SONOS INC,3.0,-0.5,0.24,transcripts_by_company/Sonos_Inc_2022Q3.txt,0.09650722146034241,0.15533751249313354,0.8858436912298202,True
MOBILE MINI INC,1.0,0.17,0.28,transcripts_by_company/Mobile_Mini_Inc_2014Q1.txt,0.29111629724502563,0.29250073432922363,0.708468371629715,True
EASTGROUP PROPERTIES INC,1.0,0.31,0.33,transcripts_by_company/EastGroup_Properties_2009Q1.txt,0.15402917563915253,0.03887837380170822,0.8805160649120808,True
"METROCORP BANCSHARES, INC.",3.0,0.18,0.17,transcripts_by_company/MetroCorp_Bancshares_Inc_2013Q3.txt,0.23239454627037048,0.054129697382450104,0.8210849083960057,True
LTX CORP,3.0,0.14,0.07,transcripts_by_company/LTX_Corporation_2004Q3.txt,0.2368045151233673,0.3083770275115967,0.7417237311601639,True
AVID BIOSERVICES INC,4.0,-0.02,0.02,transcripts_by_company/Avid_Bioservices_Inc_2022Q4.txt,0.22161512076854706,0.321917325258255,0.7482942178845406,True
BOOT BARN HOLDINGS INC,1.0,1.53,1.64,transcripts_by_company/Boot_Barn_Holdings_Inc_2023Q1.txt,0.1664343774318695,0.37720364332199097,0.7703348428010941,True
IPC THE HOSPITALIST CO INC,2.0,0.39,0.42,transcripts_by_company/IPC_The_Hospitalist_Co_Inc_2011Q2.txt,0.0641188770532608,0.0,0.9358811229467392,False
"KRAFT FOODS, INC.",1.0,0.57,0.57,transcripts_by_company/Kraft_Foods_Inc_2012Q1.txt,0.36277008056640625,0.0,0.6372299194335938,False
CSX CORP,1.0,0.78,0.62,transcripts_by_company/CSX_Corporation_2018Q1.txt,0.19744549691677094,0.27053219079971313,0.7806284949183464,True
COEUR MINING INC,4.0,0.08,0.05,transcripts_by_company/Coeur_Mining_Inc_2020Q4.txt,0.2844661474227905,0.17640230059623718,0.7479530066251755,True
CHEFS WAREHOUSE INC,2.0,0.26,0.26,transcripts_by_company/The_Chefs_Warehouse_Inc_2013Q2.txt,0.33654770255088806,0.437040239572525,0.6333045363426208,True
MOSYS INC,4.0,-0.64,-0.06,transcripts_by_company/MoSys_Inc_2016Q4.txt,0.11936288326978683,0.2012256681919098,0.8560782812535763,True
STEALTHGAS INC,1.0,0.45,0.22,transcripts_by_company/StealthGas_Inc_2023Q1.txt,0.16301743686199188,0.23111321032047272,0.8165538311004639,True
COLFAX CORP,1.0,0.24,0.36,transcripts_by_company/Colfax_Corporation_2009Q1.txt,0.13356828689575195,0.11220284551382065,0.8728413455188274,True
EXPEDIA GROUP INC,1.0,0.26,0.3,transcripts_by_company/Expedia_Inc_2012Q1.txt,0.11964519321918488,0.2257159948348999,0.8485335662961007,True
PENNANTPARK INVESTMENT CORP,2.0,0.17,0.18,transcripts_by_company/PennantPark_Investment_Corporation_2018Q2.txt,0.1944793164730072,0.2229854166507721,0.7969688534736634,True
TAILORED BRANDS INC,3.0,0.99,0.98,transcripts_by_company/Tailored_Brands_Inc_2016Q3.txt,0.15413157641887665,0.19554482400417328,0.8334444493055344,True
FLUOR CORP,3.0,1.21,1.19,transcripts_by_company/Fluor_Corporation_2015Q3.txt,0.37815093994140625,0.3035943806171417,0.6442160278558731,True
UNITED COMMUNITY BANKS INC,4.0,0.38,0.38,transcripts_by_company/United_Community_Bank_2005Q4.txt,0.32915234565734863,0.2700176537036896,0.6885880619287491,True
SUMITOMO CORP,1.0,3.339,3.31,transcripts_by_company/Sumitomo_Heavy_Industries_Ltd_2023Q1.txt,0.34404563903808594,0.0,0.6559543609619141,False
PARK ELECTROCHEMICAL CORP,2.0,0.15,0.34,transcripts_by_company/Park_Electrochemical_Corp_2009Q2.txt,0.15629953145980835,0.5226507186889648,0.7337951123714448,True
INDUSTRIAS BACHOCO SA,2.0,1.35,1.64,transcripts_by_company/Industrias_Bachoco_SAB_de_CV_2018Q2.txt,0.16137848794460297,0.39648720622062683,0.7680888965725898,True
API GROUP CORP,2.0,0.41,0.39,transcripts_by_company/APi_Group_Corporation_2023Q2.txt,0.16618290543556213,0.34968551993370056,0.7787663102149964,True
ROSEHILL RESOURCES INC,2.0,0.75,0.13,transcripts_by_company/Rosehill_Resources_Inc_2018Q2.txt,0.013654726557433605,0.2138446569442749,0.926288294326514,True
CITADEL BROADCASTING CORP.,4.0,0.14,0.14,transcripts_by_company/Citadel_Broadcasting_Corp_2006Q4.txt,0.1547977477312088,0.1662435233592987,0.8417685195803642,True
GRAND CANYON EDUCATION INC,2.0,0.45,0.39,transcripts_by_company/Grand_Canyon_Education_Inc_2013Q2.txt,0.1823168396949768,0.24555082619190216,0.7987129643559456,True
DENSO CORPORATION,3.0,0.23,0.32,transcripts_by_company/Dentsu_Inc_2012Q3.txt,0.05105661228299141,0.16431176662445068,0.9149668414145709,True
STATE AUTO FINANCIAL CORP,2.0,-0.12,0.58,transcripts_by_company/State_Auto_Financial_Corporation_2008Q2.txt,0.1208566278219223,0.018387218937277794,0.909884194843471,True
BROADSOFT INC,2.0,0.4,0.53,transcripts_by_company/BroadSoft_Inc_2017Q2.txt,0.11348731070756912,0.44925186038017273,0.7857833243906498,True
P.F. CHANGS CHINA BISTRO INC,3.0,0.2,0.32,transcripts_by_company/PF_Changs_China_Bistro_Inc_2007Q3.txt,0.0525522343814373,0.1357434093952179,0.9224904131144285,True
WD 40 CO,1.0,0.51,0.51,transcripts_by_company/WD-40_Company_2008Q1.txt,0.15641404688358307,0.09173013269901276,0.8629911273717881,True
JUNIPER NETWORKS INC,2.0,0.19,0.29,transcripts_by_company/Juniper_Networks_2009Q2.txt,0.11750867962837219,0.030805153772234917,0.908502378128469,True
KELLOGG CO,2.0,0.84,0.94,transcripts_by_company/Kellogg_Company_2012Q2.txt,0.27352213859558105,0.27031657099723816,0.7274395316839218,True
MERIDIAN BIOSCIENCE INC,4.0,0.65,0.26,transcripts_by_company/Meridian_Bioscience_Inc_2020Q4.txt,0.2750343680381775,0.15758293867111206,0.7602010607719422,True
GENWORTH FINANCIAL INC,1.0,0.3,0.28,transcripts_by_company/Genworth_Financial_Inc_2013Q1.txt,0.088474340736866,0.1510971486568451,0.8927388168871403,True
QLOGIC CORP,1.0,0.28,0.21,transcripts_by_company/QLogic_Corp_2010Q1.txt,0.4306991696357727,0.26946768164634705,0.617670276761055,True
HUDSON HIGHLAND GROUP INC,4.0,-3.12,0.17,transcripts_by_company/Hudson_Highland_Group_Inc_2008Q4.txt,0.02216404303908348,0.1781480461359024,0.9310407560318709,True
INTEGRATED DEVICE TECHNOLOGY INC,3.0,0.47,0.44,transcripts_by_company/Integrated_Device_Technology_Inc_2018Q3.txt,0.22594060003757477,0.4287308156490326,0.7132223352789879,True
KAYDON CORP,2.0,0.25,0.45,transcripts_by_company/Kaydon_Corporation_2009Q2.txt,0.27618682384490967,0.13802501559257507,0.7652617186307907,True
VISTA OUTDOOR INC,4.0,0.8,1.25,transcripts_by_company/Vista_Outdoor_Inc_2023Q4.txt,0.1079118549823761,0.22868837416172028,0.8558551892638206,True
ANGLOGOLD ASHANTI LIMITED,1.0,0.34,0.57,transcripts_by_company/Anglogold_Ashanti_Limited_2007Q1.txt,0.1075594425201416,0.18261879682540894,0.8699227511882782,True
HARLEYSVILLE GRO,2.0,0.32,0.47,transcripts_by_company/Harleysville_Group_2004Q2.txt,0.09792132675647736,0.26214441657066345,0.8528117462992668,True
MURPHY OIL CORP,3.0,0.98,0.6,transcripts_by_company/Murphy_Oil_Corporation_2009Q3.txt,0.28276899456977844,0.0,0.7172310054302216,False
CBIZ INC,3.0,0.18,0.17,transcripts_by_company/CBIZ_Inc_2015Q3.txt,0.13777028024196625,0.023471416905522346,0.8965193787589669,True
NAVIGATORS GROUP INC,2.0,1.04,0.94,transcripts_by_company/The_Navigators_Group_Inc_2014Q2.txt,0.11744356155395508,0.3348005712032318,0.8173493355512619,True
BIOMARIN PHARMACEUTICAL INC,3.0,-0.33,-0.27,transcripts_by_company/BioMarin_Pharmaceutical_Inc_2003Q3.txt,0.20144540071487427,0.17803801596164703,0.805576814711094,True
VENTAS INC,3.0,0.44,0.45,transcripts_by_company/Ventas_Inc_2017Q3.txt,0.11106370389461517,0.0,0.8889362961053848,False
ONCTERNAL THERAPEUTICS INC,4.0,-0.2,-0.22,transcripts_by_company/Oncternal_Therapeutics_Inc_2022Q4.txt,0.2302093207836151,0.15826499462127686,0.7913739770650864,True
CARDIOVASCULAR SYSTEMS INC,3.0,-0.28,-0.36,transcripts_by_company/Cardiovascular_Systems_Inc_2010Q3.txt,0.13945208489894867,0.2154882550239563,0.8377370640635491,True
INTEGRAL AD SCIENCE HOLDING CORP,2.0,0.01,-0.01,transcripts_by_company/Integral_Ad_Science_Holding_Corp_2022Q2.txt,0.2384817898273468,0.15474319458007812,0.7866397887468338,True
HERCULES CAPITAL INC,1.0,0.35,0.32,transcripts_by_company/Hercules_Technology_Growth_Capital_2009Q1.txt,0.10547655820846558,0.07412545382976532,0.9039287731051445,True
VAXGEN INC,4.0,-0.5,-0.12,transcripts_by_company/VaxGen_Inc_2007Q4.txt,0.3079669177532196,0.18820564448833466,0.7279614642262459,True
UMH PROPERTIES INC,2.0,0.18,-0.09,transcripts_by_company/UMH_Properties_Inc_2021Q2.txt,0.18921494483947754,0.18248549103736877,0.812803891301155,True
STONERIDGE INC,3.0,-0.02,0.12,transcripts_by_company/Stoneridge_2008Q3.txt,0.3072579801082611,0.24013829231262207,0.7128779262304306,True
AXON ENTERPRISE INC,4.0,0.41,0.35,transcripts_by_company/Axon_Enterprise_Inc_2019Q4.txt,0.11450263112783432,0.1092674657702446,0.8870679184794426,True
NORFOLK SOUTHERN CORP,1.0,1.22,1.33,transcripts_by_company/Norfolk_Southern_Corporation_2013Q1.txt,0.22659990191459656,0.21823428571224213,0.7759097829461098,True
MEREDITH CORP,1.0,0.49,1.44,transcripts_by_company/Meredith_Corporation_2020Q1.txt,0.08624250441789627,0.2784254848957062,0.8561026014387607,True
ANNALY CAPITAL MANAGEMENT INC,3.0,0.3,0.29,transcripts_by_company/Annaly_Capital_Management_Inc_2018Q3.txt,0.2333986461162567,0.1309993714094162,0.7973211362957955,True
NEWPARK RESOURCES INC,4.0,0.23,0.18,transcripts_by_company/Newpark_Resources_Inc_2011Q4.txt,0.17487090826034546,0.22225110232830048,0.8109150335192681,True
MOMENTA PHARMACEUTICALS INC,3.0,-0.59,-0.41,transcripts_by_company/Momenta_Pharmaceuticals_Inc_2019Q3.txt,0.09502548724412918,0.08640619367361069,0.9075603008270263,True
NEWPARK RESOURCES INC,3.0,-0.02,0.01,transcripts_by_company/Newpark_Resources_Inc_2009Q3.txt,0.16603702306747437,0.07827150076627731,0.8602926336228848,True
CEMPRA INC,3.0,-1.0,-0.17,transcripts_by_company/Cempra_Inc_2017Q3.txt,0.19791536033153534,0.16215991973876953,0.8128112718462944,True
M&T BANK CORP,3.0,1.32,1.2,transcripts_by_company/MandT_Bank_Corp_2002Q3.txt,0.18361304700374603,0.0298322606831789,0.8625211888924241,True
SYSOREX GLOBAL HOLDINGS CORP,1.0,-0.16,-0.1,transcripts_by_company/Sysorex_Global_2016Q1.txt,0.23481003940105438,0.22956682741641998,0.7667629241943359,True
ENBRIDGE ENERGY MGMT,1.0,0.4902,0.53,transcripts_by_company/Enbridge_2004Q1.txt,0.23243644833564758,0.2330845594406128,0.7673691183328628,True
BLACK DIAMOND INC,3.0,0.05,0.04,transcripts_by_company/Black_Diamond_Inc_2011Q3.txt,0.09962931275367737,0.2164422571659088,0.8653268039226532,True
AMERICAN EQUITY INVESTMENT LIFE,4.0,1.37,0.99,transcripts_by_company/American_Equity_Investment_Life_Holding_Company_2019Q4.txt,0.3222501277923584,0.12799587845802307,0.7360261470079422,True
MANITOWOC COMPANY INC,2.0,0.6,0.05,transcripts_by_company/The_Manitowoc_Company_Inc_2021Q2.txt,0.1778927743434906,0.20555570721626282,0.8138083457946778,True
MASIMO CORP,4.0,0.83,0.71,transcripts_by_company/Masimo_Corporation_2018Q4.txt,0.24500402808189392,0.3317083716392517,0.7289846688508987,True
BALCHEM CORP,3.0,0.36,0.36,transcripts_by_company/Balchem_Corporation_2012Q3.txt,0.3446669578552246,0.19064274430274963,0.7015403062105179,True
ART TECHNOLOGY GROUP INC,2.0,0.06,0.04,transcripts_by_company/Art_Technology_Group_2009Q2.txt,0.13783808052539825,0.00794893503189087,0.9011286631226539,True
ZIPRECRUITER INC,2.0,0.11,0.07,transcripts_by_company/ZipRecruiter_Inc_2022Q2.txt,0.1620662808418274,0.2621641755104065,0.8079043507575989,True
WEBSTER FINANCIAL CORP CONN,4.0,0.53,0.54,transcripts_by_company/Webster_Financial_Corporation_2014Q4.txt,0.17316201329231262,0.23881590366363525,0.8071418195962906,True
PIPER JAFFRAY COMPANIES INC.,2.0,0.58,0.78,transcripts_by_company/Piper_Jaffray_2007Q2.txt,0.05659259855747223,0.11579838395118713,0.9256456658244133,True
EQT CORP,1.0,0.83,0.88,transcripts_by_company/EQT_Corporation_2019Q1.txt,0.25995492935180664,0.3993540406227112,0.698225337266922,True
ALLERGAN INC,1.0,0.53,0.57,transcripts_by_company/Allergan_2008Q1.txt,0.2007300704717636,0.18112067878246307,0.8051527470350266,True
"DONNELLEY, RR",1.0,0.31,0.38,transcripts_by_company/RR_Donnelley_2014Q1.txt,0.10922088474035263,0.19420622289180756,0.8652835138142109,True
MSC INDUSTRIAL DIRECT CO INC,1.0,0.27,0.22,transcripts_by_company/MSC_Industrial_2004Q1.txt,0.18753822147846222,0.12457466125488281,0.8313508465886117,True
HENRY JACK & ASSOCIATES,1.0,0.18,0.17,transcripts_by_company/Jack_Henry_and_Associates_2004Q1.txt,0.08951307833194733,0.2807931900024414,0.8531028881669045,True
SUPERTEX INC,1.0,0.38,0.42,transcripts_by_company/Supertex_2007Q1.txt,0.19467753171920776,0.15269304811954498,0.817917813360691,True
ACADIA HEALTHCARE CO INC,2.0,0.18,0.15,transcripts_by_company/Acadia_Healthcare_Co_2012Q2.txt,0.16722075641155243,0.0,0.8327792435884476,False
IMMUCOR INC,4.0,0.2,0.23,transcripts_by_company/Immucor_Inc_2005Q4.txt,0.3550896644592285,-0.010632512159645557,0.7546269885264337,True
SPECTRUM PHARMACEUTICALS INC,3.0,-0.2,-0.13,transcripts_by_company/Spectrum_Pharmaceuticals_Inc_2009Q3.txt,0.2080373615026474,0.055239662528038025,0.8378019481897354,True
XPO INC,1.0,-0.13,-0.06,transcripts_by_company/XPO_Logistics_Inc_2015Q1.txt,0.031680040061473846,0.13161921501159668,0.9383382074534893,True
SEATTLE GENETICS INC /WA,1.0,-0.13,-0.2,transcripts_by_company/Seattle_Genetics_2014Q1.txt,0.0887996256351471,0.23882104456424713,0.8661939486861229,True
DYCOM INDUSTRIES INC,1.0,-0.02,0.09,transcripts_by_company/Dycom_Industries_2003Q1.txt,0.33806535601615906,0.149586483836174,0.7184783056378365,True
ADVANCED PHOTONIX INC,3.0,-0.05,-0.02,transcripts_by_company/Advanced_Photonix_Inc_2009Q3.txt,0.3360157907009125,0.09249255806207657,0.7370411790907383,True
OSCAR HEALTH INC,1.0,-0.36,-0.19,transcripts_by_company/Oscar_Health_Inc_2022Q1.txt,0.33891963958740234,0.05022527649998665,0.7476886693388224,True
CYRUSONE INC,1.0,0.0,0.01,transcripts_by_company/CyrusOne_Inc_2014Q1.txt,0.19200065732002258,0.0,0.8079993426799774,False
IDW MEDIA HOLDINGS INC,2.0,-0.17,-0.16,transcripts_by_company/IDW_Media_Holdings_Inc_2022Q2.txt,0.21711786091327667,0.2708216905593872,0.7667709901928902,True
ANDERSONS (THE),1.0,-1.32,-0.16,transcripts_by_company/The_Andersons_Inc_2020Q1.txt,0.29026973247528076,0.17194637656211853,0.7452272742986679,True
ARCHER DANIELS MIDLAND CO,3.0,0.45,0.73,transcripts_by_company/Archer_Daniels_Midland_Company_2017Q3.txt,0.11899331212043762,0.08974925428628922,0.8897799052298069,True
INTRICON CORP,1.0,0.08,0.13,transcripts_by_company/IntriCon_Corporation_2019Q1.txt,0.14954575896263123,0.24473989009857178,0.8218960016965866,True
AMERICAN EXPRESS CO,1.0,1.15,1.11,transcripts_by_company/American_Express_Company_2013Q1.txt,0.16914987564086914,0.26135608553886414,0.8031882613897323,True
VIRTUALSCOPICS INC,2.0,-0.06,0.0,transcripts_by_company/VirtualScopics_Inc_2012Q2.txt,0.1470852792263031,0.14038480818271637,0.8549248620867729,True
MISTER CAR WASH INC,2.0,0.09,0.11,transcripts_by_company/Mister_Car_Wash_Inc_2023Q2.txt,0.27960532903671265,0.12372693419456482,0.7671581894159317,True
CHARLES RIVER LABORATORIES,4.0,0.69,0.59,transcripts_by_company/Charles_River_Laboratories_International_Inc_2011Q4.txt,0.12186789512634277,0.1400928795337677,0.8726646095514298,True
LANCASTER COLONY CORP,2.0,0.49,0.68,transcripts_by_company/Lancaster_Colony_Corp_2004Q2.txt,0.3019135594367981,0.10066167265176773,0.758462006598711,True
FAIRWAY GROUP HOLDINGS CORP,3.0,-0.27,-0.24,transcripts_by_company/Fairway_Group_Holdings_Corp_2015Q3.txt,0.24624864757061005,0.15986095368862152,0.7796676605939865,True
ILLINOIS TOOL WORKS INC,1.0,0.79,0.82,transcripts_by_company/Illinois_Tool_Works_Inc_2008Q1.txt,0.16805079579353333,0.22761870920658112,0.8140788301825523,True
AAR CORP,4.0,0.31,0.1,transcripts_by_company/AAR_Corp_2020Q4.txt,0.2913946807384491,0.17270195484161377,0.7442131370306015,True
CYTEK BIOSCIENCES INC,3.0,0.04,0.02,transcripts_by_company/Cytek_Biosciences_Inc_2022Q3.txt,0.20364394783973694,0.3209514021873474,0.7611638158559799,True
DOVA PHARMACEUTICALS INC,4.0,-0.36,-0.33,transcripts_by_company/Dova_Pharmaceuticals_2017Q4.txt,0.1804247796535492,0.22767162322998047,0.8054011672735214,True
AMERICAN ASSETS TRUST INC,4.0,0.11,0.02,transcripts_by_company/American_Assets_Trust_Inc_2013Q4.txt,0.22362270951271057,0.2694244384765625,0.7626367717981339,True
AUTOWEB INC,2.0,-0.22,0.18,transcripts_by_company/AutoWeb_Inc_2018Q2.txt,0.1599559336900711,0.19465753436088562,0.8296335861086845,True
RUDOLPH TECHNOLOGIES INC,3.0,0.1,0.2,transcripts_by_company/Rudolph_Technologies_2014Q3.txt,0.21775679290294647,0.5363124012947083,0.686676524579525,True
SMITH & WESSON BRANDS INC,3.0,1.57,0.43,transcripts_by_company/Smith_and_Wesson_Brands_Inc_2021Q3.txt,0.2356061488389969,0.2053631842136383,0.7734667405486106,True
AVERY DENNISON CORP,3.0,0.69,0.64,transcripts_by_company/Avery_Dennison_Corporation_2013Q3.txt,0.06882640719413757,0.21762306988239288,0.8865345939993858,True
IMMUNIC INC,1.0,-0.58,-0.68,transcripts_by_company/Immunic_Inc_2023Q1.txt,0.177811399102211,0.24194732308387756,0.802947823703289,True
BANCO CHILE,3.0,1.2,1.3,transcripts_by_company/Banco_de_Sabadell_SA_2016Q3.txt,0.15741214156150818,0.1568402498960495,0.8427594259381295,True
PTC INC,3.0,0.45,0.4,transcripts_by_company/PTC_Therapeutics_Inc_2018Q3.txt,0.12272872775793076,0.16397252678871155,0.864898132532835,True
BOISE CASCADE CO,2.0,1.29,0.87,transcripts_by_company/BSE_Limited_2018Q2.txt,0.11924638599157333,0.19414761662483215,0.858283244818449,True
ATHENAHEALTH INC,3.0,0.14,0.12,transcripts_by_company/athenahealth_Inc_2008Q3.txt,0.2753874659538269,0.38630419969558716,0.6913375139236451,True
NETGEAR INC,3.0,0.44,0.39,transcripts_by_company/NETGEAR_Inc_2007Q3.txt,0.1737821102142334,0.09549817442893982,0.8497030705213546,True
PATRICK INDUSTRIES INC,4.0,0.69,0.58,transcripts_by_company/Patrick_Industries_2014Q4.txt,0.20103533565998077,0.1764378398656845,0.8063439130783081,True
CARMIKE CINEMAS INC,4.0,-2.73,-0.18,transcripts_by_company/Carmike_Cinemas_Inc_2008Q4.txt,0.20981693267822266,0.20164865255355835,0.7926335513591767,True
EVELO BIOSCIENCES INC,4.0,-0.21,-0.43,transcripts_by_company/Evelo_Biosciences_Inc_2022Q4.txt,0.26181161403656006,0.24802127480506897,0.7423254877328873,True
CENTURYLINK INC,3.0,0.63,0.66,transcripts_by_company/CenturyLink_Inc_2013Q3.txt,0.19883747398853302,0.3560057282447815,0.7540120497345925,True
OTONOMY INC,1.0,-0.38,-0.42,transcripts_by_company/Otonomy_Inc_2020Q1.txt,0.10704003274440765,0.2975221276283264,0.8358153387904167,True
WELLS FARGO  CO,4.0,0.41,0.71,transcripts_by_company/Wells_Fargo_2007Q4.txt,0.17715883255004883,0.17359453439712524,0.8239104568958282,True
IMAX CORP,1.0,-0.25,-0.17,transcripts_by_company/IMAX_Corporation_2008Q1.txt,0.07349491864442825,0.24034111201763153,0.8764512233436108,True
AGL RESOURCES INC,4.0,0.64,0.48,transcripts_by_company/AGL_Resources_2004Q4.txt,0.23954667150974274,0.2992161214351654,0.7425524935126304,True
VERIS RESIDENTIAL INC,3.0,-0.65,-0.05,transcripts_by_company/Rossi_Residencial_SA_2019Q3.txt,0.2527448236942291,0.0,0.7472551763057709,False
CMS ENERGY CORP,3.0,0.59,0.63,transcripts_by_company/CMS_Energy_Corporation_2018Q3.txt,0.18077822029590607,0.13735757768154144,0.8322479724884033,True
SELECTA BIOSCIENCES INC,2.0,-0.25,-0.2,transcripts_by_company/Selecta_Biosciences_Inc_2020Q2.txt,-0.032076265662908554,0.0,1.0320762656629086,False
RESTORATION ROBOTICS INC,1.0,-0.18,-0.14,transcripts_by_company/Restoration_Robotics_Inc_2019Q1.txt,0.20082738995552063,0.0,0.7991726100444794,False
EHEALTH INC,1.0,0.1,0.07,transcripts_by_company/eHealth_Inc_2012Q1.txt,0.14629872143268585,0.14457836747169495,0.8542173847556114,True
HUNTSMAN CORP,4.0,-0.21,0.4,transcripts_by_company/Huntsman_Corporation_2023Q4.txt,0.20940299332141876,0.1627536416053772,0.8045918121933937,True
BIO-RAD LABORATORIES INC,1.0,1.91,1.82,transcripts_by_company/Bio-Rad_Laboratories_Inc_2020Q1.txt,0.11671525985002518,0.4036997854709625,0.7971893824636936,True
MAGELLAN HEALTH INC,1.0,0.74,0.71,transcripts_by_company/Magellan_Health_Services_Inc_2017Q1.txt,0.14813563227653503,0.2561704218387604,0.8194539308547973,True
CTC MEDIA INC,1.0,0.21,0.14,transcripts_by_company/CTC_Media_Inc_2012Q1.txt,0.1765965223312378,0.3091455399990082,0.783638772368431,True
NUVASIVE INC,1.0,0.24,0.32,transcripts_by_company/NuVasive_Inc_2011Q1.txt,0.3189047873020172,0.34983381628990173,0.6718165040016174,True
BERKLEY W R CORP,3.0,1.06,0.77,transcripts_by_company/W_R_Berkley_Corporation_2014Q3.txt,0.1497844159603119,0.0,0.8502155840396881,False
GRIFFON CORP,3.0,0.04,0.13,transcripts_by_company/Griffon_Corporation_2012Q3.txt,0.20538625121116638,0.16744813323020935,0.8059951841831208,True
SPS COMMERCE INC,2.0,0.23,0.28,transcripts_by_company/SPS_Commerce_Inc_2017Q2.txt,0.15691450238227844,0.15452730655670166,0.8438016563653946,True
TELEFLEX INC,3.0,0.87,0.78,transcripts_by_company/Teleflex_Inc_2005Q3.txt,0.26746419072151184,0.40999457240104675,0.6897766947746277,True
DESARROLLADORA HOMEX SAB DE CV,2.0,0.72,0.77,transcripts_by_company/Desarrolladora_Homex_SAB_de_CV_2011Q2.txt,0.07018338143825531,0.33366382122039795,0.8507724866271019,True
MDU RESOURCES GROUP INC,4.0,0.47,0.39,transcripts_by_company/MDU_Resources_Group_Inc_2019Q4.txt,0.19173982739448547,0.204295352101326,0.8044935151934625,True
NEWSTAR FINANCIAL INC,3.0,0.1,0.13,transcripts_by_company/NewStar_Financial_Inc_2014Q3.txt,0.24487964808940887,0.14328698813915253,0.785598149895668,True
LONGS DRUG STORES INC,4.0,0.08,0.09,transcripts_by_company/Longs_Drug_Stores_Corporation_2002Q4.txt,0.22858604788780212,0.24170945584774017,0.7674769297242164,True
PAN AMERICAN SILVER CORP,4.0,0.03,-0.01,transcripts_by_company/Pan_American_Silver_2005Q4.txt,0.16137681901454926,0.12277352809906006,0.8502041682600975,True
GLOBAL PARTNERS LP,4.0,0.2,0.08,transcripts_by_company/Global_Partners_LP_2017Q4.txt,0.2762982249259949,0.2723309397697449,0.7248919606208801,True
TREE.COM INC,4.0,-0.1,-0.25,transcripts_by_company/Treecom_Inc_2011Q4.txt,0.13772964477539062,0.3075719177722931,0.8113176733255386,True
POLARIS INC,4.0,1.11,1.1,transcripts_by_company/Polaris_Industries_Inc_2008Q4.txt,0.31395894289016724,0.1503376066684723,0.7351274579763413,True
INTERMUNE INC,3.0,-0.44,-0.77,transcripts_by_company/InterMune_Inc_2010Q3.txt,0.22561222314834595,0.34049853682518005,0.7399218827486038,True
FIREEYE INC,2.0,-0.33,-0.34,transcripts_by_company/FireEye_Inc_2016Q2.txt,0.13438297808170319,0.04210257530212402,0.8933011427521705,True
EMPRESA BRASILEIRA DE AERONAUTIC,3.0,0.54,0.44,transcripts_by_company/Embraer-Empresa_Brasileira_de_Aeronautica_SA_2010Q3.txt,0.2797841727733612,0.2219885140657425,0.7375545248389244,True
ELANCO ANIMAL HEALTH INC,2.0,0.18,0.3,transcripts_by_company/Elanco_Animal_Health_Incorporated_2023Q2.txt,0.1900160163640976,0.16323938965797424,0.8180169716477395,True
CF INDUSTRIES HOLDINGS INC,1.0,4.83,4.65,transcripts_by_company/CF_Industries_Holdings_Inc_2015Q1.txt,0.2967875301837921,0.3435855209827423,0.6891730725765228,True
CLEVER LEAVES HOLDINGS INC,2.0,-0.08,-0.08,transcripts_by_company/Clever_Inc_2023Q2.txt,0.3144667148590088,0.14200852811336517,0.7372707411646844,True
HOULIHAN LOKEY INC,2.0,0.5,0.37,transcripts_by_company/Houlihan_Lokey_Inc_2017Q2.txt,0.27046987414360046,0.14012131094932556,0.768634694814682,True
PHX MINERALS INC,4.0,0.07,0.08,transcripts_by_company/PHX_Minerals_Inc_2023Q4.txt,0.19104105234146118,0.3111078441143036,0.7729389101266861,True
CLEARSIGN TECHNOLOGIES CORP,2.0,-0.05,-0.06,transcripts_by_company/ClearSign_Technologies_Corporation_2022Q2.txt,0.07579862326383591,0.21366962790489197,0.8828400753438472,True
IGNITE RESTAURANT GROUP INC,1.0,0.01,0.04,transcripts_by_company/Ignite_Restaurant_Group_Inc_2014Q1.txt,0.14182500541210175,-0.030841447412967682,0.9099749304354191,True
CLEAN ENERGY FUELS CORP,2.0,0.01,0.0,transcripts_by_company/Clean_Energy_Fuels_Corp_2021Q2.txt,0.2757996618747711,0.09211812913417816,0.7793047979474068,True
CASA SYSTEMS INC,3.0,-0.29,0.1,transcripts_by_company/Casa_Systems_Inc_2022Q3.txt,0.280367910861969,0.3341216444969177,0.7035059690475465,True
HEARTWARE INTERNATIONAL INC,1.0,-0.35,-0.7,transcripts_by_company/HeartWare_International_2010Q1.txt,0.2875981330871582,0.17868202924728394,0.745076698064804,True
ALKALINE WATER COMPANY INC,4.0,-0.03,-0.05,transcripts_by_company/Manila_Water_Company_Inc_2022Q4.txt,0.15766756236553192,0.0,0.8423324376344681,False
ABEONA THERAPEUTICS INC,1.0,-0.17,-0.07,transcripts_by_company/Abeona_Therapeutics_Inc_2016Q1.txt,0.010880003683269024,0.18792228400707245,0.93600731221959,True
AUDACY INC,1.0,-0.08,0.05,transcripts_by_company/Audacy_Inc_2022Q1.txt,0.15886099636554718,0.31972020864486694,0.7928812399506568,True
SOTHEBY'S,4.0,1.09,0.55,transcripts_by_company/Sothebys_2009Q4.txt,0.27479103207588196,0.30764275789260864,0.7153534501791001,True
INTERNATIONAL RECTIFIER CORP,4.0,0.63,0.31,transcripts_by_company/International_Rectifier_2010Q4.txt,0.2414509356021881,0.21886934340000153,0.7653235420584679,True
COEUR D ALENE MI,4.0,0.02,0.04,transcripts_by_company/Coeur_dAlene_Mines_2004Q4.txt,0.07586610317230225,0.12922252714633942,0.9081269696354866,True
OVINTIV INC,4.0,0.7,0.05,transcripts_by_company/Ovintiv_Inc_2020Q4.txt,0.16117122769355774,0.2206326574087143,0.8209903433918952,True
EATON CORP,4.0,1.08,2.16,transcripts_by_company/Eaton_Vance_Corp_2008Q4.txt,0.16006287932395935,0.1744508445262909,0.8356207311153412,True
BERRY PLASTICS GROUP INC,3.0,0.5,0.49,transcripts_by_company/Berry_Plastics_Group_Inc_2015Q3.txt,0.16863326728343964,0.1358436793088913,0.8412036091089249,True
FUEL SYSTEMS SOLUTIONS INC,4.0,0.31,0.22,transcripts_by_company/Fuel_Systems_Solutions_Inc_2007Q4.txt,0.35636281967163086,0.1977037489414215,0.691234901547432,True
DOLBY LABORATORIES INC,2.0,0.55,0.83,transcripts_by_company/Dolby_Laboratories_Inc_2023Q2.txt,0.27378877997398376,0.14724092185497284,0.7641755774617196,True
OMNICOM GROUP INC,2.0,1.02,1.04,transcripts_by_company/Omnicom_Group_Inc_2012Q2.txt,0.14928607642650604,0.1868561953306198,0.8394428879022598,True
ECLIPSYS CORP,2.0,0.11,0.12,transcripts_by_company/Eclipsys_Corp_2006Q2.txt,0.2657676339149475,0.24567829072475433,0.7402591690421105,True
COLGATE-PALMOLIVE CO,2.0,0.73,0.77,transcripts_by_company/Colgate-Palmolive_Company_2014Q2.txt,0.10017593204975128,0.20345720648765564,0.8688396856188774,True
BLACKROCK CAPITAL INVESTMENT COR,4.0,0.42,0.34,transcripts_by_company/BlackRock_Inc_2008Q4.txt,0.05485435202717781,0.20883482694625854,0.898951505497098,True
HESKA CORP,2.0,-0.51,0.19,transcripts_by_company/Heska_Corporation_2022Q2.txt,0.2036801129579544,0.18468007445335388,0.8020198985934257,True
VERAZ NETWORKS INC,2.0,-0.28,0.06,transcripts_by_company/Veraz_Networks_2008Q2.txt,0.28999823331832886,0.42127498984336853,0.6706187397241593,True
BIONTECH SE,1.0,14.24,9.24,transcripts_by_company/BioNTech_SE_2022Q1.txt,0.2228209376335144,0.12090171873569489,0.8077548280358314,True
COVENANT TRANSPORT INC - CL A,1.0,0.06,0.19,transcripts_by_company/Covenant_Transport_2003Q1.txt,0.2682522237300873,0.3865016996860504,0.6962729334831238,True
FOCUS FINANCIAL PARTNERS INC,2.0,0.98,0.84,transcripts_by_company/Focus_Financial_Partners_Inc_2021Q2.txt,0.13794547319412231,0.17962519824504852,0.8495506092905998,True
OPSWARE INC,1.0,-0.01,0.0,transcripts_by_company/Opsware_Inc_2004Q1.txt,0.26159337162971497,0.2944931387901306,0.7285366982221604,True
SIAM CEMENT PCL,1.0,10.34,10.82,transcripts_by_company/The_Siam_Cement_Public_Company_Limited_2018Q1.txt,0.1836383193731308,0.0,0.8163616806268692,False
ARDEA BIOSCIENCES INC,4.0,-0.69,-0.42,transcripts_by_company/Ardea_Biosciences_Inc_2010Q4.txt,0.0798250287771225,0.17631463706493378,0.8912280887365341,True
ALLMERICA FINANCIAL  CORP,4.0,1.1,0.6,transcripts_by_company/Allmerica_Financial_Corporation_2004Q4.txt,0.20586462318897247,0.045720066875219345,0.8421787437051534,True
ENDEAVOUR INTERNATIONAL CORP,3.0,0.0,0.01,transcripts_by_company/Endeavour_International_Corporation_2007Q3.txt,0.17258401215076447,0.07204221189022064,0.8575785279273986,True
SIGMA-ALDRICH CORP,4.0,0.67,0.63,transcripts_by_company/Sigma-Aldrich_Corporation_2003Q4.txt,0.1675070971250534,0.05686230584979057,0.8656863402575254,True
"CITIZENS FINANCIAL GROUP, INC",3.0,0.4,0.42,transcripts_by_company/Citizens_Financial_Group_Inc_2015Q3.txt,0.23144741356372833,0.12130499631166458,0.8015953116118908,True
SUNOCO INCORPORATED,4.0,0.11,0.1,transcripts_by_company/Sunoco_2010Q4.txt,0.12850207090377808,0.17727239429950714,0.8568668320775032,True
PONIARD PHARMACEUTICALS INC,1.0,-0.29,-0.35,transcripts_by_company/Poniard_Pharmaceuticals_2010Q1.txt,0.233089417219162,0.23300257325172424,0.7669366359710694,True
"MCKESSON HBOC, INC.",4.0,1.4,1.54,transcripts_by_company/McKesson_Corporation_2011Q4.txt,0.2506085932254791,0.224333256483078,0.7572740077972412,True
WALTER INVESTMENT MANAGEMENT COR,2.0,0.21,0.33,transcripts_by_company/Walter_Investment_Management_Corp_2011Q2.txt,0.2254815697669983,0.14132019877433777,0.7997668415307999,True
CRACKER BARREL OLD COUNTRY STORE,4.0,0.99,1.5,transcripts_by_company/Cracker_Barrel_Old_Country_Store_Inc_2022Q4.txt,0.37974703311920166,0.183211088180542,0.6792137503623963,True
MONROE CAPITAL CORP,2.0,0.62,0.36,transcripts_by_company/Monroe_Capital_Corporation_2020Q2.txt,0.236884206533432,0.3044509291648865,0.7428457766771317,True
FREDDIE MAC,1.0,2.8,1.39,transcripts_by_company/Freddie_Mac_2006Q1.txt,0.17024146020412445,0.10274673253297806,0.8500069580972195,True
UNDER ARMOUR INC,2.0,-0.31,-0.01,transcripts_by_company/Under_Armour_Inc_2020Q2.txt,0.17599628865718842,0.23935015499591827,0.8049975514411927,True
CALAMP CORP,1.0,0.02,0.03,transcripts_by_company/CalAmp_Corp_2011Q1.txt,0.26856738328933716,0.2418946623802185,0.7394344329833984,True
AMERICAN RAILCAR INDUSTRIES INC,4.0,1.82,1.33,transcripts_by_company/American_Railcar_Industries_Inc_2015Q4.txt,0.2744125723838806,0.16843527555465698,0.7573806166648864,True
CRANE CO,4.0,1.25,1.39,transcripts_by_company/Crane_Co_2021Q4.txt,0.09159651398658752,0.29230064153671265,0.848192247748375,True
MAG SILVER CORP,4.0,0.09,0.01,transcripts_by_company/IMPACT_Silver_Corp_2021Q4.txt,0.2590351998806,0.2409568578004837,0.7463883027434349,True
NEURONETICS INC,4.0,-0.35,-0.45,transcripts_by_company/Neuronetics_Inc_2018Q4.txt,0.2928093373775482,0.37845003604888916,0.6814984530210495,True
AMERICAN HOMES 4 RENT,1.0,0.02,0.04,transcripts_by_company/American_Homes_4_Rent_2018Q1.txt,0.2862761318683624,0.11699124425649643,0.7645093344151974,True
TROVAGENE INC,4.0,-0.25,-0.25,transcripts_by_company/Trovagene_Inc_2015Q4.txt,0.22834746539592743,0.0,0.7716525346040726,False
MODTECH HOLDINGS INC,1.0,-0.07,0.06,transcripts_by_company/Modtech_Holdings_Inc_2005Q1.txt,0.23510204255580902,0.15170592069625854,0.7899167940020562,True
"CHICO'S FAS, INC.",4.0,0.13,0.21,transcripts_by_company/Chicos_FAS_Inc_2015Q4.txt,0.2597740590572357,0.3272993862628937,0.7199683427810669,True
NEUROMETRIX INC,3.0,0.18,0.06,transcripts_by_company/NeuroMetrix_2006Q3.txt,0.2758544385433197,0.5272987484931946,0.6487122684717178,True
EIGER BIOPHARMACEUTICALS INC,3.0,-0.65,-0.46,transcripts_by_company/Eiger_BioPharmaceuticals_Inc_2021Q3.txt,0.1245938390493393,0.06629584729671478,0.8928955584764481,True
KELLY SERVICES INC,4.0,-0.29,0.46,transcripts_by_company/Kelly_Services_Inc_2008Q4.txt,0.3264530897140503,0.08527082204818726,0.7459015905857087,True
ALLEGIANT TRAVEL CO,4.0,0.94,1.08,transcripts_by_company/Allegiant_Travel_Co_2013Q4.txt,0.25089171528816223,0.33276787400245667,0.7245454370975495,True
CALLAWAY GOLF CO,3.0,-0.18,-0.17,transcripts_by_company/Callaway_Golf_2013Q3.txt,0.08723114430904388,0.16913260519504547,0.8881984174251556,True
WEYERHAEUSER CO,4.0,0.27,0.28,transcripts_by_company/Weyerhaeuser_Co_2013Q4.txt,0.13259154558181763,0.30344805121421814,0.8161515027284623,True
BODY CENTRAL CORP,3.0,0.19,0.16,transcripts_by_company/Body_Central_Corp_2011Q3.txt,0.07884558290243149,0.31269264221191406,0.8510002993047238,True
CBEYOND COMMUNICATIONS INC,4.0,-0.07,0.0,transcripts_by_company/Cbeyond_Inc_2010Q4.txt,0.1322488933801651,0.248572438955307,0.8328540429472924,True
REVANCE THERAPEUTICS INC,2.0,-0.94,-0.86,transcripts_by_company/Revance_Therapeutics_Inc_2018Q2.txt,0.14609909057617188,0.21822147071361542,0.8322641953825951,True
MOBILE TELESYSTEMS,1.0,14.58,12.66,transcripts_by_company/Mobile_TeleSystems_PJSC_2016Q1.txt,0.13322696089744568,0.2460523098707199,0.8329254344105721,True
NAPCO SECURITY TECHNOLOGIES INC,3.0,0.28,0.24,transcripts_by_company/Napco_Security_Technologies_Inc_2023Q3.txt,0.30209851264953613,0.17700853943824768,0.7354284793138504,True
DOMO INC,2.0,-0.26,-0.4,transcripts_by_company/Domo_Inc_2021Q2.txt,0.21126461029052734,0.3024432957172394,0.7613817840814591,True
"DISNEY, WALT",1.0,1.5,1.42,transcripts_by_company/The_Walt_Disney_Company_2017Q1.txt,0.13271093368530273,0.2455485463142395,0.8334377825260162,True
MWI VETERINARY SUPPLY INC,1.0,1.04,0.99,transcripts_by_company/MWI_Veterinary_Supply_Inc_2012Q1.txt,0.09737665206193924,0.07704702764749527,0.9087222352623939,True
NORSTAN INC,2.0,0.09,-0.01,transcripts_by_company/Norstan_2004Q2.txt,0.3050572872161865,0.2354271411895752,0.7158317565917969,True
CHECKPOINT SYSTEMS INC,2.0,0.36,0.18,transcripts_by_company/Checkpoint_Systems_Inc_2005Q2.txt,0.16665779054164886,0.1905267834663391,0.8261815115809441,True
ISILON SYSTEMS INC,1.0,0.04,-0.04,transcripts_by_company/Isilon_Systems_Inc_2010Q1.txt,0.15155315399169922,0.2345096617937088,0.8235598936676979,True
EMERGENT BIOSOLUTIONS INC,3.0,0.41,0.19,transcripts_by_company/Emergent_BioSolutions_Inc_2010Q3.txt,0.28471627831459045,0.28821587562561035,0.7142338424921035,True
BLACK KNIGHT FINANCIAL SERVICES,3.0,0.36,0.35,transcripts_by_company/Black_Knight_Financial_Services_Inc_2017Q3.txt,0.15976297855377197,0.4484659433364868,0.7536261320114136,True
EATON CORP,3.0,1.65,1.55,transcripts_by_company/Eaton_Vance_Corp_2006Q3.txt,0.09243633598089218,0.18523813784122467,0.8797231234610081,True
WR BERKLEY CORP,4.0,0.53,0.66,transcripts_by_company/WR_Berkley_Corp_2011Q4.txt,0.06652484834194183,0.42027056217193604,0.8273514375090599,True
AMBIT BIOSCIENCES CORP,2.0,-0.46,-0.51,transcripts_by_company/Ambit_Biosciences_2014Q2.txt,0.17000900208950043,0.2113591730594635,0.8175859466195107,True
MASCO CORP,4.0,0.67,0.77,transcripts_by_company/Masco_Corporation_2021Q4.txt,0.1847694367170334,0.2841830849647522,0.785406468808651,True
NATUS MEDICAL INC,1.0,0.03,0.19,transcripts_by_company/Natus_Medical_Incorporated_2009Q1.txt,0.0833711251616478,0.2058815360069275,0.8798757515847683,True
EMCOR GROUP INC,1.0,0.32,0.41,transcripts_by_company/EMCOR_Group_Inc_2010Q1.txt,0.148907870054245,0.049939826130867004,0.8807825431227684,True
DRIVEN BRANDS HOLDINGS INC,4.0,0.18,0.14,transcripts_by_company/Driven_Brands_Holdings_Inc_2021Q4.txt,0.1574292778968811,0.22086244821548462,0.8235407710075379,True
ATRICURE INC,1.0,-0.42,-0.19,transcripts_by_company/AtriCure_Inc_2020Q1.txt,0.19281549751758575,0.2121230512857437,0.8013922363519669,True
NEWPARK RESOURCES INC,1.0,0.18,0.19,transcripts_by_company/Newpark_Resources_Inc_2013Q1.txt,0.22330474853515625,0.30697980523109436,0.7515927344560623,True
FORWARD AIR CORP,1.0,0.35,0.34,transcripts_by_company/Forward_Air_2006Q1.txt,0.2727133333683014,0.1583113968372345,0.7616072475910187,True
VITAE PHARMACEUTICALS INC,2.0,-0.45,-0.43,transcripts_by_company/Vitae_Pharmaceuticals_2015Q2.txt,0.23248133063316345,0.20416578650474548,0.776013332605362,True
TORCHMARK CORP,4.0,1.05,1.11,transcripts_by_company/Torchmark_Corporation_2015Q4.txt,0.1805708110332489,0.41001972556114197,0.7505945146083832,True
KLA-TENCOR CORP,4.0,0.68,1.06,transcripts_by_company/KLA-Tencor_Corporation_2014Q4.txt,0.10035292059183121,0.09679237753152847,0.9007152423262597,True
KRATON CORP,4.0,0.29,0.64,transcripts_by_company/Kraton_Corporation_2016Q4.txt,0.3590092658996582,0.1312536597251892,0.7093174159526825,True
ALLEGHENY TECHNOLOGIES INC,1.0,-0.06,-0.21,transcripts_by_company/Allegheny_Technologies_Incorporated_2021Q1.txt,0.15023177862167358,0.24166792631149292,0.8223373770713807,True
KOHL'S CORP,2.0,0.31,0.65,transcripts_by_company/Kohls_Corporation_2016Q2.txt,0.43078675866127014,0.2801940143108368,0.6143910646438598,True
DELUXE CHECK PTR,2.0,1.13,1.09,transcripts_by_company/Deluxe_Corporation_2015Q2.txt,0.15978306531906128,0.3921282887458801,0.770513367652893,True
ESTEE LAUDER COMPANIES INC,1.0,1.62,1.54,transcripts_by_company/The_Estée_Lauder_Companies_Inc_2021Q1.txt,0.2614824175834656,0.27787119150161743,0.7336009502410888,True
VASTERA,2.0,0.01,0.01,transcripts_by_company/Vastera_Inc_2003Q2.txt,0.3887408375740051,0.0,0.6112591624259949,False
GRAY TELEVISION INC,2.0,0.91,0.67,transcripts_by_company/Gray_Television_Inc_2022Q2.txt,0.16364040970802307,0.3602152168750763,0.7773871481418609,True
ARHAUS INC,3.0,0.14,0.12,transcripts_by_company/Arhaus_Inc_2023Q3.txt,0.3362123668193817,0.353253036737442,0.6586754322052002,True
COMPLETE GENOMICS INC,2.0,-0.51,-0.52,transcripts_by_company/Complete_Genomics_Inc_2012Q2.txt,0.34551018476486206,0.1850685179233551,0.7026223152875901,True
VERENIUM CORP,3.0,-2.02,-0.27,transcripts_by_company/Verenium_2008Q3.txt,0.18083591759204865,0.0838007926940918,0.8482746198773384,True
JIAYIN GROUP INC,3.0,1.6,1.62,transcripts_by_company/Jiayin_Group_Inc_2020Q3.txt,0.17221270501613617,0.17206989228725433,0.8278301388025284,True
EMCORE CORP,4.0,-0.13,-0.06,transcripts_by_company/EMCORE_Corporation_2007Q4.txt,0.3384685516357422,0.14518991112709045,0.7195150405168533,True
DIGENE CORP,1.0,-0.03,-0.06,transcripts_by_company/Digene_Corporation_2003Q1.txt,0.3033878207206726,0.19471538066864014,0.7292139112949372,True
OBSEVA SA,3.0,-0.59,-0.51,transcripts_by_company/ObsEva_SA_2017Q3.txt,0.20559976994991302,0.04637027159333229,0.8421690795570612,True
PINNACLE WEST CAPITAL CORP,2.0,0.94,1.33,transcripts_by_company/Pinnacle_West_Capital_Corporation_2023Q2.txt,0.27181434631347656,0.26110750436782837,0.7313977062702179,True
EMC CORP MASS,3.0,0.05,0.03,transcripts_by_company/EMC_Corporation_2003Q3.txt,0.1244795098900795,0.08523479849100113,0.887293903529644,True
CARDIAC SCIENCE CORP,1.0,-0.36,-0.06,transcripts_by_company/Cardiac_Science_2010Q1.txt,0.20172128081321716,0.09517756849527359,0.8302418328821659,True
HECLA MINING CO,1.0,0.04,0.09,transcripts_by_company/Hecla_Mining_Company_2017Q1.txt,0.24675434827804565,0.037851836532354355,0.8159164052456618,True
QUINSTREET INC,1.0,0.03,0.07,transcripts_by_company/Quinstreet_Inc_2015Q1.txt,0.15836875140666962,0.22180777788162231,0.8225995406508446,True
IMERGENT INC,1.0,0.15,0.04,transcripts_by_company/iMergent_Inc_2008Q1.txt,0.32588115334510803,0.34245529770851135,0.6691466033458711,True
NEXTDECADE CORP,4.0,-0.18,-0.08,transcripts_by_company/NEXTDC_Limited_2022Q4.txt,0.17969274520874023,0.2401866614818573,0.8021590799093247,True
RADISYS CORPORATION,4.0,-0.02,-0.01,transcripts_by_company/RadiSys_2002Q4.txt,0.10547836124897003,0.3486839830875397,0.8215599521994591,True
CTO REALTY GROWTH INC (MARYLAND),3.0,0.07,-0.02,transcripts_by_company/CTO_Realty_Growth_Inc_2023Q3.txt,0.1786774843931198,0.1681486815214157,0.8244811564683914,True
INTERSECT ENT INC,2.0,-0.36,-0.12,transcripts_by_company/Intersect_ENT_Inc_2019Q2.txt,0.2289935052394867,0.2059038281440735,0.7779333978891373,True
CNH INDUSTRIAL NV,2.0,-0.07,0.3,transcripts_by_company/Summit_Industrial_Income_REIT_2020Q2.txt,0.13422183692455292,-0.005824808031320572,0.9077921565622091,True
AUTOLIV INC,4.0,0.81,0.97,transcripts_by_company/Autoliv_Inc_2005Q4.txt,0.32757261395454407,0.21425288915634155,0.7064233034849168,True
"UNIVERSAL FOREST PRODUCTS, INC.",3.0,0.59,1.22,transcripts_by_company/Universal_Forest_Products_Inc_2007Q3.txt,0.2043461948633194,-0.10610780864953995,0.8887900061905384,True
TERNIUM SA,1.0,1.33,0.54,transcripts_by_company/Ternium_SA_2017Q1.txt,0.249461367726326,0.2574218809604645,0.7481504783034325,True
GREIF BROS CORP,3.0,1.45,1.0,transcripts_by_company/Greif_2006Q3.txt,0.26192352175712585,0.32557225227355957,0.718981859087944,True
KID BRANDS INC,2.0,-0.15,0.03,transcripts_by_company/Kid_Brands_Inc_2013Q2.txt,0.09915351867675781,0.23630499839782715,0.8597010374069214,True
MODINE MANUFACTURING CO,2.0,0.6,0.43,transcripts_by_company/Modine_Manufacturing_Co_2005Q2.txt,0.20089955627918243,0.4139997363090515,0.7351703897118569,True
LUXOTTICA GROUP SPA,4.0,0.32,0.3,transcripts_by_company/Luxottica_Group_SpA_2014Q4.txt,0.06280098110437393,0.3669586479663849,0.8459517188370228,True
ESTEE LAUDER COMPANIES INC,1.0,0.47,2.24,transcripts_by_company/The_Estée_Lauder_Companies_Inc_2023Q1.txt,0.11374679207801819,0.050987496972084045,0.905080996453762,True
ANAREN INC,3.0,0.35,0.27,transcripts_by_company/Anaren_Inc_2010Q3.txt,0.16383883357048035,0.23156550526618958,0.8158431649208069,True
NASDAQ INC,1.0,0.02,-0.07,transcripts_by_company/The_Nasdaq_Stock_Market_Inc_2004Q1.txt,0.17427709698677063,0.1833147257566452,0.823011614382267,True
ZURN ELKAY WATER SOLUTIONS CORP,1.0,0.18,0.25,transcripts_by_company/Zurn_Elkay_Water_Solutions_Corporation_2023Q1.txt,0.28945621848106384,0.3505431115627289,0.6922177135944366,True
ACHILLION PHARMACEUTICALS INC,2.0,-0.14,-0.17,transcripts_by_company/Achillion_Pharmaceuticals_Inc_2019Q2.txt,0.17638123035430908,0.0,0.8236187696456909,False
BOOKHAM INC,3.0,-0.1,-0.08,transcripts_by_company/Bookham_Inc_2007Q3.txt,0.2718661427497864,0.3673645853996277,0.6994843244552612,True
CARLSBERG A/S,4.0,8.72,42.88,transcripts_by_company/Carlsberg_AS_2020Q4.txt,0.2406216710805893,0.17120838165283203,0.7802023157477379,True
IQVIA HOLDINGS INC,4.0,1.5,1.49,transcripts_by_company/IQVIA_Holdings_Inc_2018Q4.txt,0.3615484833717346,0.21770954132080078,0.6816031992435456,True
QAD INC,2.0,-0.01,0.02,transcripts_by_company/QAD_2010Q2.txt,0.0722721517086029,0.4303555190563202,0.8203028380870819,True
MILLENNIUM CELL INC,2.0,-0.12,-0.08,transcripts_by_company/Millennium_Cell_2003Q2.txt,0.2604548931121826,0.07835559546947479,0.7941748961806298,True
TABULA RASA HEALTHCARE INC,4.0,-0.05,-0.05,transcripts_by_company/Tabula_Rasa_HealthCare_Inc_2022Q4.txt,0.1386464536190033,0.35531848669052124,0.7963519364595413,True
VISHAY PRECISION GROUP INC,2.0,0.58,0.63,transcripts_by_company/Vishay_Precision_Group_Inc_2023Q2.txt,0.1191655695438385,0.34713488817214966,0.8124436348676682,True
ALBANY INTERNATIONAL CORP,3.0,0.29,0.43,transcripts_by_company/Albany_International_2012Q3.txt,0.30003464221954346,0.06203538551926613,0.7713651347905397,True
MYERS INDUSTRIES INC,3.0,0.41,0.31,transcripts_by_company/Myers_Industries_Inc_2022Q3.txt,0.32414641976356506,0.2034793198108673,0.7120537102222443,True
CORPORATE OFFICE PROPERTIES,4.0,0.34,0.19,transcripts_by_company/Corporate_Office_Properties_Trust_2008Q4.txt,0.15828821063041687,0.2779185473918915,0.8058226883411408,True
J  J SNACK FOODS CORP,1.0,0.78,0.8,transcripts_by_company/J_and_J_Snack_Foods_Corporation_2015Q1.txt,0.2844102084636688,0.3412016034126282,0.6985523730516434,True
GERDAU AMERISTEEL CORP,4.0,0.26,0.34,transcripts_by_company/Gerdau_AmeriSteel_Corporation_2005Q4.txt,0.09735795855522156,0.29626110196113586,0.8429710984230041,True
KAMAN CORP,1.0,0.35,0.5,transcripts_by_company/Kaman_Corporation_2008Q1.txt,0.3880213499069214,0.06291373819112778,0.7095109336078167,True
TRANSALTA CORP,1.0,0.34,0.32,transcripts_by_company/TransAlta_Corporation_2011Q1.txt,0.09966841340065002,0.18339663743972778,0.8752131193876267,True
MID-AMERICA APARTMENT COMMUNITIE,3.0,1.22,0.5,transcripts_by_company/Mid-America_Apartment_Communities_Inc_2015Q3.txt,0.171831414103508,0.24242429435253143,0.806990721821785,True
LIMCO-PIEDMONT INC,3.0,0.07,0.13,transcripts_by_company/Limco-Piedmont_Inc_2008Q3.txt,0.21805980801582336,0.41601115465164185,0.7225547879934311,True
INFORMATICA CORP,4.0,0.56,0.54,transcripts_by_company/Informatica_Corporation_2014Q4.txt,0.18073326349258423,0.0,0.8192667365074158,False
AGCO CORP,2.0,1.35,0.87,transcripts_by_company/AGCO_2011Q2.txt,0.22856687009334564,0.3613038957118988,0.7316120222210885,True
ALEXANDRIA REAL ESTATE EQUITIES,3.0,0.64,0.55,transcripts_by_company/Alexandria_Real_Estate_2003Q3.txt,0.07560113072395325,0.18585406243801117,0.8913229897618293,True
U.S. PHYSICAL THERAPY INC,4.0,0.32,0.39,transcripts_by_company/US_Physical_Therapy_Inc_2013Q4.txt,0.203190416097641,0.42813998460769653,0.7293247133493423,True
NORTHEAST UTILS,3.0,0.37,0.45,transcripts_by_company/Northeast_Utilities_2009Q3.txt,0.3363111615180969,0.3010798394680023,0.6742582350969315,True
TTM TECHNOLOGIES INC,1.0,0.26,0.39,transcripts_by_company/TTM_Technologies_Inc_2018Q1.txt,0.4231018126010895,0.3322101831436157,0.6041656762361527,True
SSR MINING INC,1.0,0.1,0.29,transcripts_by_company/SSR_Mining_Inc_2023Q1.txt,0.14983557164669037,0.319263756275177,0.7993359729647637,True
CRANE CO,1.0,0.93,1.08,transcripts_by_company/Crane_Co_2016Q1.txt,0.16339635848999023,0.17580869793891907,0.8328799396753311,True
ZURN ELKAY WATER SOLUTIONS CORP,1.0,0.24,0.25,transcripts_by_company/Zurn_Water_Solutions_Corporation_2022Q1.txt,0.21731367707252502,0.21334931254386902,0.7838756322860718,True
CONSTELLATION BRANDS INC,3.0,2.76,2.71,transcripts_by_company/Constellation_Brands_Inc_2020Q3.txt,0.24166364967823029,0.3542264699935913,0.7245675042271614,True
FATE THERAPEUTICS INC,4.0,-0.61,-0.47,transcripts_by_company/Fate_Therapeutics_Inc_2020Q4.txt,0.14903624355793,0.17104941606521606,0.8443598046898841,True
CENTERPOINT ENERGY INC,3.0,0.26,0.26,transcripts_by_company/CenterPoint_Energy_2006Q3.txt,0.2984566390514374,0.298493891954422,0.7015321850776672,True
CELADON GROUP INC,2.0,0.39,0.28,transcripts_by_company/Celadon_Group_Inc_2012Q2.txt,0.1496075987815857,0.21153494715690613,0.8318141967058181,True
DASSAULT SYSTEMES SE,2.0,0.28,0.3,transcripts_by_company/Dassault_Systèmes_SE_2023Q2.txt,0.14278148114681244,0.23626473546028137,0.8291735425591469,True
ATHERSYS INC,1.0,-0.17,-0.22,transcripts_by_company/Athersys_Inc_2012Q1.txt,0.20157316327095032,0.11360092461109161,0.8248185083270073,True
LULULEMON ATHLETICA INC,3.0,0.38,0.38,transcripts_by_company/lululemon_athletica_inc_2016Q3.txt,0.08515475690364838,0.32969552278518677,0.8414830133318901,True
DORAL FINANCIAL CORP,4.0,-1.57,-0.04,transcripts_by_company/Doral_Financial_Corporation_2006Q4.txt,0.4026774764060974,0.3409891724586487,0.6158290147781372,True
THERAPEUTICSMD INC,4.0,-0.15,-0.11,transcripts_by_company/TherapeuticsMD_Inc_2020Q4.txt,0.1808200180530548,0.2970316708087921,0.7843164861202241,True
ABM INDUSTRIES INC,3.0,0.79,0.9,transcripts_by_company/ABM_Industries_Incorporated_2023Q3.txt,0.14083699882030487,0.2958320081233978,0.8126644983887672,True
LAKELAND INDUSTRIES INC,4.0,0.03,0.2,transcripts_by_company/Lakeland_Industries_Inc_2011Q4.txt,0.09326756000518799,0.09091239422559738,0.9074389897286892,True
BEST BUY CO INC,4.0,0.54,0.56,transcripts_by_company/Best_Buy_Co_Inc_2010Q4.txt,0.17091788351535797,0.2890876531600952,0.7936311855912208,True
DONNELLEY FINANCIAL SOLUTIONS IN,4.0,-0.06,0.28,transcripts_by_company/Donnelley_Financial_Solutions_Inc_2018Q4.txt,0.16725720465183258,0.23173393309116364,0.8133997768163681,True
WAL-MART STORES INC,3.0,0.62,0.59,transcripts_by_company/Wal-Mart_Stores_2004Q3.txt,0.27285125851631165,0.0,0.7271487414836884,False
3D SYSTEMS CORP,4.0,0.09,0.1,transcripts_by_company/3D_Systems_Corporation_2021Q4.txt,0.13616660237312317,0.14624395966529846,0.8608101904392242,True
CRANE CO,3.0,1.62,1.39,transcripts_by_company/Crane_Co_2018Q3.txt,0.08461091667413712,0.33657175302505493,0.8398008324205876,True
GRANITE CONSTRUCTION INC,3.0,0.8,0.62,transcripts_by_company/Granite_Construction_Inc_2004Q3.txt,0.19973938167095184,0.22416728734970093,0.7929322466254234,True
"EAST WEST BANCORP, INC.",1.0,0.13,-0.07,transcripts_by_company/West_Corporation_2010Q1.txt,0.1512771099805832,0.2955433428287506,0.8054430201649666,True
PENN NATIONAL GAMING INC,1.0,0.05,0.62,transcripts_by_company/Penn_National_Gaming_Inc_2014Q1.txt,0.21497474610805511,-0.04791021719574928,0.8638907428830862,True
ACETO CORP.,4.0,0.24,0.43,transcripts_by_company/Aceto_Corporation_2016Q4.txt,0.27485227584838867,0.09850506484508514,0.7780518874526023,True
THOMAS WEISEL PARTNERS GP INC,4.0,0.13,0.32,transcripts_by_company/Thomas_Weisel_Partners_2007Q4.txt,0.24906377494335175,0.24346233904361725,0.7526166558265686,True
PRINCIPAL FINANCIAL GROUP INC,3.0,0.66,0.7,transcripts_by_company/The_Principal_Financial_Group_2004Q3.txt,0.18218618631362915,0.26262861490249634,0.7936810851097107,True
PACTERA TECHNOLOGY INTERNATIONAL,2.0,0.14,0.26,transcripts_by_company/Pactera_Technology_International_Ltd_2013Q2.txt,0.2036096751689911,-0.014470579102635384,0.8618144011124969,True
ARTISAN PARTNERS ASSET MANAGEMEN,1.0,0.78,0.72,transcripts_by_company/Artisan_Partners_Asset_Management_Inc_2014Q1.txt,0.13542385399341583,0.10686711221933365,0.8731431685388088,True
CIGNA CORP,2.0,1.75,1.24,transcripts_by_company/CIGNA_2004Q2.txt,0.2603127956390381,0.14428561925888062,0.7744953572750092,True
MID-AMERICA APARTMENT COMMUNITIE,3.0,0.68,0.54,transcripts_by_company/Mid-America_Apartment_Communities_Inc_2019Q3.txt,0.2361590415239334,0.31860509514808655,0.7391071423888207,True
EMMIS COMMUNICATIONS CORP,2.0,-0.05,-0.05,transcripts_by_company/Emmis_Communications_2008Q2.txt,0.1625266820192337,0.4052810072898865,0.7646470203995706,True
ORCHID ISLAND CAPITAL INC,2.0,0.73,0.24,transcripts_by_company/Orchid_Island_Capital_Inc_2020Q2.txt,0.3024686872959137,0.18936967849731445,0.731461015343666,True
VANTAGE DRILLING CO,4.0,-0.03,-0.01,transcripts_by_company/Vantage_Drilling_Company_2011Q4.txt,0.10265380889177322,-0.005478954408317804,0.9297860200982541,True
SOCIEDAD QUIMICA Y MINERA DE CHI,3.0,0.36,0.29,transcripts_by_company/Sociedad_Quimica_y_Minera_de_Chile_SA_2010Q3.txt,0.23166848719120026,0.2627846300601959,0.758996669948101,True
GRAND CANYON EDUCATION INC,2.0,0.39,0.32,transcripts_by_company/Grand_Canyon_Education_Inc_2012Q2.txt,0.1957147717475891,0.3131408095359802,0.7690574169158936,True
LAMAR ADVERTISING CO,4.0,0.08,0.09,transcripts_by_company/Lamar_Advertising_Company_2012Q4.txt,0.2544010281562805,0.30120784044265747,0.7315569281578065,True
MERCANTILE BANK CORP,3.0,0.3,0.06,transcripts_by_company/Mercantile_Bank_Corporation_2011Q3.txt,0.21442370116710663,0.11347170174121857,0.8158618986606598,True
BLACK HILLS CORP,1.0,1.73,1.8,transcripts_by_company/Black_Hills_Corporation_2023Q1.txt,0.11072487384080887,0.2458929568529129,0.8487247012555599,True
LOCAL.COM CORP,2.0,0.2,0.1,transcripts_by_company/Localcom_Corporation_2010Q2.txt,0.26950603723526,0.27611178159713745,0.7285122394561767,True
FORMFACTOR INC,4.0,-0.37,-0.2,transcripts_by_company/FormFactor_Inc_2010Q4.txt,0.33654433488845825,0.4391668140888214,0.6326689213514328,True
HARLEY-DAVIDSON INC,1.0,0.51,0.51,transcripts_by_company/Harley-Davidson_2011Q1.txt,0.1593751460313797,0.1747632920742035,0.8360084101557732,True
PALL CORP,2.0,0.7,0.82,transcripts_by_company/Pall_Corp_2012Q2.txt,0.38891729712486267,0.3265315592288971,0.6297984242439271,True
COMMERCIAL METALS CO,1.0,-0.31,0.59,transcripts_by_company/Commercial_Metals_Company_2009Q1.txt,0.47087210416793823,0.18883639574050903,0.6137386083602905,True
ADVA OPTICAL NETWORKING SE,1.0,0.02,0.04,transcripts_by_company/ADVA_Optical_Networking_SE_2019Q1.txt,0.2192474901676178,0.3310105502605438,0.7472235918045044,True
ADVISORY BOARD CO.,3.0,0.3,0.29,transcripts_by_company/The_Advisory_Board_Company_2010Q3.txt,0.19692209362983704,0.03757781907916069,0.8508811887353659,True
EPIQ SYSTEMS INC,3.0,0.24,0.27,transcripts_by_company/Epiq_Systems_2012Q3.txt,0.2824188470840454,0.1735796332359314,0.7502329170703887,True
IXYS,3.0,0.16,0.17,transcripts_by_company/Ixys_Corporation_2005Q3.txt,0.28350314497947693,0.0819656103849411,0.7769581153988838,True
P.F. CHANGS CHINA BISTRO INC,1.0,0.27,0.32,transcripts_by_company/PF_Changs_China_Bistro_Inc_2004Q1.txt,0.05846196040511131,0.0,0.9415380395948887,False
STORA ENSO OYJ A-SHARE,4.0,0.16,0.94,transcripts_by_company/Stora_Enso_2005Q4.txt,0.21878820657730103,0.24587750434875488,0.7730850040912628,True
ENTERPRISE PRODUCTS PARTNERS LP,2.0,0.46,0.47,transcripts_by_company/Enterprise_Products_Partners_LP_2010Q2.txt,0.21634040772914886,0.1941002756357193,0.79033163189888,True
WEINGARTEN REALTY INVESTORS,2.0,0.95,0.67,transcripts_by_company/Weingarten_Realty_Investors_2006Q2.txt,0.2903101444244385,0.19996851682662964,0.7367923438549042,True
BRT APARTMENTS CORP,3.0,0.37,-0.07,transcripts_by_company/BRT_Apartments_Corp_2022Q3.txt,0.16602182388305664,0.26543566584587097,0.8041540235280991,True
LMI AEROSPACE INC,4.0,0.05,0.46,transcripts_by_company/LMI_Aerospace_Inc_2008Q4.txt,0.3339383006095886,0.2089930921792984,0.7035452619194984,True
ZAIS FINANCIAL CORP,2.0,0.38,0.44,transcripts_by_company/ZAIS_Financial_Corp_2015Q2.txt,0.26905083656311035,0.31886500120162964,0.716004914045334,True
NORTHWEST NATURAL HOLDING CO,4.0,1.2,1.23,transcripts_by_company/Northwest_Natural_Holding_Company_2019Q4.txt,0.16530846059322357,0.20602688193321228,0.8224760130047798,True
IMMUNOGEN INC,4.0,-0.07,-0.08,transcripts_by_company/ImmunoGen_Inc_2006Q4.txt,0.2722402513027191,0.2826263904571533,0.7246439069509507,True
TELLABS INC,3.0,0.09,0.03,transcripts_by_company/Tellabs_2004Q3.txt,0.10487879067659378,0.048412710428237915,0.912061033397913,True
YANDEX NV,3.0,18.24,16.0,transcripts_by_company/Yandex_NV_2018Q3.txt,0.10413079708814621,0.28466227650642395,0.8417097590863705,True
NET 1 UEPS TECHNOLOGIES INC,4.0,0.39,0.49,transcripts_by_company/Net1_UEPS_technologies_Inc_2010Q4.txt,0.1303582787513733,0.211140438914299,0.845407073199749,True
STEEL DYNAMICS INC,1.0,0.46,0.32,transcripts_by_company/Steel_Dynamics_2011Q1.txt,0.2603277564048767,0.34316885471343994,0.7148199141025543,True
DONALDSON COMPANY INC,3.0,0.66,0.59,transcripts_by_company/Donaldson_Company_Inc_2021Q3.txt,0.13991640508174896,0.3156746029853821,0.8073561355471611,True
GENPACT LTD,2.0,0.52,0.55,transcripts_by_company/Genpact_Limited_2020Q2.txt,0.10664772987365723,0.3133585751056671,0.8313390165567398,True
HARTE-HANKS COMMUNICATIONS,2.0,0.15,0.22,transcripts_by_company/Harte-Hanks_Inc_2011Q2.txt,0.3196185231208801,0.12881207466125488,0.7376234114170075,True
SYNTEL INC,3.0,0.54,0.44,transcripts_by_company/Synthes_Inc_2008Q3.txt,0.2752845883369446,0.20286932587623596,0.746439990401268,True
PATTERSON COMPANIES INC,4.0,0.48,0.49,transcripts_by_company/Patterson_Companies_Inc_2013Q4.txt,0.2306695580482483,0.2859129011631012,0.7527574390172959,True
AKAMAI TECHNOLOGIES INC,1.0,1.4,1.35,transcripts_by_company/Akamai_Technologies_Inc_2023Q1.txt,0.18258623778820038,0.14782677590847015,0.8278416007757187,True
RENOVORX INC,3.0,-0.13,-0.19,transcripts_by_company/RenovoRx_Inc_2023Q3.txt,0.1639690101146698,0.16729363799095154,0.8350336015224457,True
"VERISIGN, INC",4.0,1.58,1.18,transcripts_by_company/VeriSign_Inc_2018Q4.txt,0.2791789174079895,0.18903827667236328,0.7478632748126983,True
LIZ CLAIBORNE INC,3.0,0.05,0.1,transcripts_by_company/Liz_Claiborne_Inc_2011Q3.txt,0.3037462830543518,0.16115880012512207,0.7390299618244172,True
CHINA SUNERGY CO LTD,2.0,0.08,-0.09,transcripts_by_company/China_Sunergy_Co_Ltd_2008Q2.txt,0.26776736974716187,-0.03725314140319824,0.8237387835979462,True
GLOBAL PARTNERS LP,4.0,0.44,0.16,transcripts_by_company/Global_Partners_LP_2021Q4.txt,0.1922474503517151,0.24480557441711426,0.7919851124286652,True
MDU RESOURCES GP,4.0,0.42,0.4,transcripts_by_company/MDU_Resources_2010Q4.txt,0.26622846722602844,0.18784886598587036,0.7572854131460189,True
ACHILLION PHARMACEUTICALS INC,3.0,-0.14,-0.17,transcripts_by_company/Achillion_Pharmaceuticals_Inc_2013Q3.txt,0.23670178651809692,0.16140371561050415,0.7858876347541809,True
WEBMETHODS INC,1.0,0.01,0.02,transcripts_by_company/webMethods_Inc_2005Q1.txt,0.1948416531085968,0.1971614509820938,0.804462407529354,True
ATOTECH LTD,2.0,0.15,0.11,transcripts_by_company/Atotech_Limited_2021Q2.txt,0.27182793617248535,0.2748364508152008,0.7272695094347,True
LATHAM GROUP INC,4.0,-0.05,0.16,transcripts_by_company/Latham_Group_Inc_2022Q4.txt,0.17355160415172577,0.17744891345500946,0.8252792030572891,True
EAGLE POINT CREDIT COMPANY INC,4.0,0.38,0.46,transcripts_by_company/Eagle_Point_Credit_Company_Inc_2018Q4.txt,0.08326910436153412,0.16058598458766937,0.8935358315706253,True
RCN CORP,3.0,-0.94,-0.48,transcripts_by_company/RCN_Corporation_2007Q3.txt,0.19574081897735596,0.3716776371002197,0.7514781355857849,True
ADIENT PLC,1.0,0.62,0.57,transcripts_by_company/Adient_plc_2020Q1.txt,0.13166365027427673,0.26306217908859253,0.8289167910814286,True
VERITEX HOLDINGS INC,2.0,0.59,0.6,transcripts_by_company/Veritex_Holdings_Inc_2019Q2.txt,0.38333654403686523,0.23241868615150452,0.6619388133287429,True
COACH INC,1.0,0.84,0.85,transcripts_by_company/Coach_Inc_2013Q1.txt,0.23128102719783783,0.24198123812675476,0.765508909523487,True
MKS INSTRUMENTS INC,3.0,0.0,-0.05,transcripts_by_company/MKS_Instruments_Inc_2002Q3.txt,0.15434227883815765,0.07445146888494492,0.8696249641478062,True
MEADOWBROOK INSURANCE GROUP,4.0,0.09,0.11,transcripts_by_company/Meadowbrook_Insurance_2004Q4.txt,0.12820066511631012,0.20036272704601288,0.850150716304779,True
RANGE RESOURCES CORP,4.0,0.08,0.12,transcripts_by_company/Range_Resources_Corporation_2019Q4.txt,0.16897252202033997,0.1351352483034134,0.841178660094738,True
AMERON INC,1.0,-0.47,0.68,transcripts_by_company/Hammerson_plc_2011Q1.txt,0.14522765576839447,0.02916645258665085,0.8895907051861286,True
WD 40 CO,3.0,0.37,0.51,transcripts_by_company/WD-40_Company_2006Q3.txt,0.11427842080593109,0.11124551296234131,0.8866314515471458,True
HAEMONETICS CORP,3.0,0.72,0.84,transcripts_by_company/Haemonetics_Corporation_2011Q3.txt,0.16468574106693268,0.4082072675228119,0.7622578009963036,True
ISTAR INC,2.0,-0.42,-0.04,transcripts_by_company/SkiStar_AB_2022Q2.txt,0.1951095014810562,0.049952153116464615,0.8484377030283212,True
"PROSPERITY BANCSHARES, INC.",2.0,0.68,0.64,transcripts_by_company/Prosperity_Bancshares_2010Q2.txt,0.0542033314704895,0.07874275743961334,0.9384348407387734,True
RETROPHIN INC,3.0,-0.46,-0.31,transcripts_by_company/Retrophin_Inc_2017Q3.txt,0.06912197917699814,0.11004094034433365,0.9186023324728012,True
FPIC INSURANCE GROUP INC,2.0,0.87,0.84,transcripts_by_company/FPIC_Insurance_Group_Inc_2006Q2.txt,0.2309904545545578,0.3637174367904663,0.7291914507746697,True
MAC-GRAY CORP,4.0,0.17,0.2,transcripts_by_company/Mac-Gray_Corporation_2012Q4.txt,0.23189638555049896,0.30800819396972656,0.7452700719237327,True
TRIUMPH GROUP INC,1.0,0.69,0.86,transcripts_by_company/Triumph_Group_Inc_2020Q1.txt,0.10162023454904556,0.16924019157886505,0.8780937783420086,True
TIMKEN CO,3.0,0.58,0.44,transcripts_by_company/The_Timken_Company_2005Q3.txt,0.11403127759695053,0.015720048919320107,0.9154620910063386,True
ON SEMICONDUCTOR CORP,4.0,0.21,0.24,transcripts_by_company/ON_Semiconductor_2007Q4.txt,0.3200445771217346,0.13678660988807678,0.7349328130483628,True
VECTOR GROUP LTD,4.0,0.25,0.26,transcripts_by_company/Vector_Group_Ltd_2006Q4.txt,0.22094370424747467,0.14352354407310486,0.8022823438048363,True
HOOPER HOLMES,3.0,-0.03,0.0,transcripts_by_company/Hooper_Holmes_2008Q3.txt,0.20886537432670593,0.30410081148147583,0.7625639945268631,True
ALLIANCE DATA SYSTEMS CORP,1.0,4.44,4.89,transcripts_by_company/Alliance_Data_Systems_Corporation_2018Q1.txt,0.10715417563915253,0.2207418531179428,0.8587695211172104,True
MPLX LP,1.0,0.1,0.69,transcripts_by_company/MPLX_LP_2016Q1.txt,0.23141205310821533,0.25104179978370667,0.7626990228891373,True
LIMELIGHT NETWORKS INC,3.0,-0.07,-0.05,transcripts_by_company/Limelight_Networks_Inc_2013Q3.txt,0.0683261975646019,0.07121267169713974,0.9308078601956368,True
TENABLE HOLDINGS INC,2.0,0.09,0.06,transcripts_by_company/Tenable_Holdings_Inc_2021Q2.txt,0.23349153995513916,0.16609078645706177,0.7867286860942841,True
FACTSET RESEARCH SYSTEMS INC,1.0,0.41,0.4,transcripts_by_company/FactSet_Research_Systems_2004Q1.txt,0.25791019201278687,0.03189511224627495,0.8098943319171668,True
DNOW INC,1.0,0.14,0.04,transcripts_by_company/Mednow_Inc_2022Q1.txt,0.3246474266052246,0.2004174292087555,0.7126215726137162,True
ATLANTIC UNION BANKSHARES CORP,4.0,0.78,0.68,transcripts_by_company/Atlantic_Union_Bankshares_Corporation_2023Q4.txt,0.1230127289891243,0.24155965447425842,0.8414231933653354,True
MT BANK CORP,3.0,2.17,1.75,transcripts_by_company/TD_Bank_Group_2012Q3.txt,0.15002813935279846,0.06220823898911476,0.8763178307563066,True
CITY OFFICE REIT INC,1.0,-0.07,-0.02,transcripts_by_company/Slate_Office_REIT_2019Q1.txt,0.11901451647281647,0.21127375960350037,0.8533077105879784,True
THOR INDUSTRIES INC,2.0,1.65,2.66,transcripts_by_company/Toray_Industries_Inc_2019Q2.txt,0.1381903439760208,0.0,0.8618096560239792,False
SOLAR CAPITAL LTD,1.0,0.64,0.54,transcripts_by_company/Solar_Capital_Ltd_2010Q1.txt,0.10304510593414307,0.18417015671730042,0.8726173788309097,True
INCYTE CORP,3.0,-0.29,-0.21,transcripts_by_company/Incyte_Corporation_2007Q3.txt,0.18108132481575012,0.11019445955753326,0.840184734761715,True
REGENERON PHARMACEUTICALS INC,3.0,6.67,5.85,transcripts_by_company/Regeneron_Pharmaceuticals_Inc_2019Q3.txt,0.1516171544790268,0.19305191934108734,0.835952416062355,True
"ALLOY ONLINE, INC.",1.0,0.15,0.22,transcripts_by_company/Alloy_Inc_2003Q1.txt,0.20763683319091797,0.14728957414627075,0.8104673445224762,True
MODTECH HOLDINGS INC,3.0,-0.66,0.21,transcripts_by_company/Modtech_Holdings_Inc_2005Q3.txt,0.2741162180900574,0.19321343302726746,0.7501546174287796,True
INTERCONTINENTAL EXCHANGE INC,2.0,1.07,1.04,transcripts_by_company/Intercontinental_Exchange_Inc_2020Q2.txt,0.2155746966600418,0.19631905853748322,0.7902019947767258,True
AMEREN CORP,2.0,0.93,0.7,transcripts_by_company/Ameren_Corporation_2005Q2.txt,0.1585799604654312,0.46812984347343445,0.7485550746321679,True
NORTHWEST NATURAL HOLDING CO,1.0,1.72,1.55,transcripts_by_company/Northwest_Natural_Holding_Company_2019Q1.txt,0.09866233915090561,0.10744678974151611,0.8987023256719112,True
ASSEMBLY BIOSCIENCES INC,4.0,-0.99,-1.2,transcripts_by_company/Assembly_Biosciences_Inc_2019Q4.txt,0.23322603106498718,0.19765762984752655,0.777444489300251,True
SUPER MICRO COMPUTER INC,3.0,0.15,0.11,transcripts_by_company/Super_Micro_Computer_Inc_2009Q3.txt,0.2109125703573227,0.17235367000102997,0.8006550997495652,True
MERCANTILE BANKSHARES CORP,4.0,0.67,0.72,transcripts_by_company/Mercantile_Bankshares_Corp_2003Q4.txt,0.16355794668197632,0.14038993418216705,0.8433924570679665,True
GREAT AMERICAN GROUP INC,3.0,0.02,-0.02,transcripts_by_company/Great_American_Group_Inc_2010Q3.txt,0.1471433937549591,0.10667631775140762,0.8649967290461064,True
ASPEN INSURANCE HOLDINGS LTD,4.0,-0.15,0.79,transcripts_by_company/Aspen_Insurance_Holdings_Ltd_2012Q4.txt,0.21248634159564972,0.013866826891899109,0.8470995128154755,True
JINKOSOLAR HOLDING CO LTD,2.0,0.64,0.85,transcripts_by_company/JinkoSolar_Holding_Co_Ltd_2014Q2.txt,0.11004216223955154,0.19098204374313354,0.8656758733093739,True
CONMED CORP,1.0,0.45,0.46,transcripts_by_company/CONMED_Corporation_2013Q1.txt,0.2578343152999878,0.2173096239566803,0.7543230921030044,True
MERCANTILE BANK CORP,4.0,0.7,0.63,transcripts_by_company/Mercantile_Bank_Corporation_2018Q4.txt,0.1899711787700653,0.06680348515510559,0.8469791293144227,True
COLUMBIA SPORTSWEAR CO,1.0,1.07,0.86,transcripts_by_company/Columbia_Sportswear_Company_2019Q1.txt,0.1750367134809494,0.17736545205116272,0.8242646649479866,True
CARDIONET INC,2.0,-0.01,-0.07,transcripts_by_company/CardioNet_Inc_2012Q2.txt,0.18744736909866333,0.10515403002500534,0.8372406326234341,True
HOLLYSYS AUTOMATION TECHNOLOGIES,1.0,0.38,0.36,transcripts_by_company/Hollysys_Automation_Technologies_Ltd_2016Q1.txt,0.25159794092178345,0.10996738821268082,0.7908912248909474,True
HOT TOPIC,1.0,0.23,0.48,transcripts_by_company/Hot_Topic_2006Q1.txt,0.16415779292583466,0.0,0.8358422070741653,False
UNITED RENTALS INC,3.0,2.2,1.99,transcripts_by_company/United_Rentals_Inc_2014Q3.txt,0.24612855911254883,0.15146711468696594,0.7822698742151261,True
CATAPULT COMMUNICATIONS CORP,4.0,0.0,0.0,transcripts_by_company/Catapult_Communications_2008Q4.txt,0.3664577901363373,0.19372029602527618,0.6853634580969811,True
VIRTUS INVESTMENT PARTNERS INC,2.0,3.24,3.96,transcripts_by_company/Virtus_Investment_Partners_Inc_2020Q2.txt,0.018306266516447067,0.29123109579086304,0.8998162847012281,True
BCE INC,1.0,0.81,0.77,transcripts_by_company/BCE_Inc_2014Q1.txt,0.1987713724374771,0.401167094707489,0.7405099108815194,True
SEALED AIR CORP,1.0,0.35,0.34,transcripts_by_company/Sealed_Air_2008Q1.txt,0.3124845027923584,0.23274365067481995,0.7114377528429031,True
PACTIV CORP,1.0,0.38,0.55,transcripts_by_company/Pactiv_2010Q1.txt,0.15360422432422638,0.27103856205940247,0.8111654743552208,True
ROYAL CARIBBEAN CRUISES LTD,1.0,0.35,0.31,transcripts_by_company/Royal_Caribbean_Cruises_Ltd_2013Q1.txt,0.11876370757818222,0.06430709362030029,0.8975732766091824,True
CARMAX INC,2.0,2.63,1.5,transcripts_by_company/CarMax_Inc_2021Q2.txt,0.28965404629707336,0.2190510779619217,0.7315268442034721,True
MARATHON OIL CORP,2.0,0.85,0.67,transcripts_by_company/Marathon_Oil_Corporation_2003Q2.txt,0.1478598266839981,0.19344712793827057,0.8384639829397201,True
CONIFER HOLDINGS INC,2.0,-0.14,0.17,transcripts_by_company/Conifer_Holdings_Inc_2016Q2.txt,0.14756686985492706,0.1546468883752823,0.8503091245889663,True
HEALTHCARE REALTY TRUST INC,1.0,0.28,0.07,transcripts_by_company/Healthcare_Realty_Trust_2022Q1.txt,0.18074464797973633,0.20165452361106873,0.812982389330864,True
HEADWATERS,1.0,-0.14,-0.17,transcripts_by_company/Headwaters_Inc_2013Q1.txt,0.1032872423529625,0.23369452357292175,0.8575905732810497,True
INTUIT INC,1.0,1.0,0.44,transcripts_by_company/Intuit_Inc_2019Q1.txt,0.3031146228313446,0.21688146889209747,0.7227553233504296,True
METLIFE INC,2.0,1.38,1.33,transcripts_by_company/MetLife_Inc_2019Q2.txt,0.2016359567642212,0.11538417637348175,0.8242395773530007,True
STEREOTAXIS INC,2.0,-0.18,-0.17,transcripts_by_company/Stereotaxis_2009Q2.txt,0.1387394517660141,0.16047638654708862,0.8547394677996636,True
CONN'S INC,3.0,0.62,0.66,transcripts_by_company/Conns_Inc_2019Q3.txt,0.3056968152523041,0.16823086142539978,0.7355429708957673,True
QUICKSILVER RESOURCES INC,4.0,-0.01,-0.03,transcripts_by_company/Quicksilver_Resources_Inc_2012Q4.txt,0.12023843079805374,0.25476017594337463,0.83940504565835,True
ADAPTEC INC,1.0,0.01,0.0,transcripts_by_company/Adaptec_Inc_2009Q1.txt,0.22648881375789642,0.0,0.7735111862421036,False
IPASS INC,4.0,-0.04,-0.07,transcripts_by_company/iPass_Inc_2014Q4.txt,0.12216327339410782,0.3057272434234619,0.822767535597086,True
ZIPREALTY INC,4.0,-0.08,-0.05,transcripts_by_company/ZipRealty_Inc_2011Q4.txt,0.3200805187225342,0.24908538162708282,0.7012180224061013,True
PENUMBRA INC,4.0,0.16,0.28,transcripts_by_company/Penumbra_Inc_2022Q4.txt,0.12128052860498428,0.3504188358783722,0.8099779792129993,True
LIFE TIME FITNESS INC,1.0,0.44,0.41,transcripts_by_company/Life_Time_Fitness_2010Q1.txt,0.1267768293619156,0.07050848752260208,0.8901036731898785,True
RED HAT INC,3.0,0.2,0.14,transcripts_by_company/Red_Hat_Inc_2009Q3.txt,0.19360564649105072,0.24671900272369385,0.7904603466391563,True
LOGMEIN INC,4.0,0.62,0.55,transcripts_by_company/LogMein_Inc_2016Q4.txt,0.09656792134046555,0.27293986082077026,0.8505204968154431,True
AVNET INC,3.0,0.9,0.89,transcripts_by_company/Avnet_Incorporated_2013Q3.txt,0.2980469763278961,0.4613743722438812,0.6529548048973084,True
@ROAD,3.0,0.02,0.02,transcripts_by_company/Road_2003Q3.txt,0.3878595232963562,0.0,0.6121404767036438,False
"VERISIGN, INC",1.0,0.14,0.15,transcripts_by_company/VeriSign_Inc_2004Q1.txt,0.1937539428472519,0.11910557001829147,0.8286405690014362,True
EASTERLY GOVERNMENT PROPERTIES I,4.0,0.08,0.1,transcripts_by_company/Easterly_Government_Properties_Inc_2021Q4.txt,0.2645499110221863,0.054703131318092346,0.798404122889042,True
CARDIOVASCULAR SYSTEMS INC,3.0,-0.06,0.01,transcripts_by_company/Cardiovascular_Systems_Inc_2017Q3.txt,0.24860718846321106,0.27772659063339233,0.7426569908857346,True
CUTERA INC,4.0,0.15,0.13,transcripts_by_company/Cutera_Inc_2015Q4.txt,0.20258605480194092,0.20925241708755493,0.7954140365123749,True
CLIFFS NATURAL RESOURCES INC,3.0,-0.12,-0.09,transcripts_by_company/Cliffs_Natural_Resources_Inc_2016Q3.txt,0.4800030589103699,0.13612820208072662,0.6231593981385231,True
STR HOLDINGS INC,2.0,0.3,0.41,transcripts_by_company/STR_Holdings_Inc_2011Q2.txt,0.14971913397312164,0.3078859746456146,0.8028308138251306,True
DESTINATION MATERNITY CORP,3.0,0.2,0.36,transcripts_by_company/Destination_Maternity_Corporation_2011Q3.txt,0.3605950176715851,0.2926099896430969,0.6598004907369615,True
CIRRUS LOGIC INC,4.0,-0.02,-0.1,transcripts_by_company/Cirrus_Logic_2003Q4.txt,0.28698402643203735,0.26669058203697205,0.7191040068864822,True
IPG PHOTONICS CORP,3.0,0.81,0.72,transcripts_by_company/IPG_Photonics_Corporation_2012Q3.txt,0.19528064131736755,0.3632379174232483,0.7543321758508683,True
UTSTARCOM HOLDINGS CORP,4.0,-0.37,-0.04,transcripts_by_company/Utstarcom_Inc_2015Q4.txt,0.10568464547395706,0.170559361577034,0.8748529396951199,True
GOODYEAR TIRE  RUBBER CO,3.0,0.53,0.81,transcripts_by_company/Goodyear_Tire_and_Rubber_Company_2012Q3.txt,0.18617235124111176,0.05100853368639946,0.854376794025302,True
DCP MIDSTREAM LP,3.0,0.46,0.32,transcripts_by_company/DCP_Midstream_LP_2020Q3.txt,0.26920732855796814,0.2764074206352234,0.7286326438188553,True
SOLARIS OILFIELD INFRASTRUCTURE,3.0,0.24,0.1,transcripts_by_company/Solaris_Oilfield_Infrastructure_Inc_2022Q3.txt,0.173674538731575,0.1683579534292221,0.8279204368591309,True
NATUS MEDICAL INC,4.0,0.51,0.52,transcripts_by_company/Natus_Medical_Incorporated_2016Q4.txt,0.27547651529312134,0.3077591061592102,0.714838707447052,True
UNITED STATIONERS INC,4.0,1.17,1.14,transcripts_by_company/United_Stationers_Inc_2010Q4.txt,0.2415992021560669,0.24357524514198303,0.7578079849481583,True
SCHLUMBERGER LTD,1.0,0.62,0.64,transcripts_by_company/Schlumberger_Limited_2010Q1.txt,0.19025108218193054,0.07473988831043243,0.8444022759795189,True
ATHEROS COMMUNICATIONS INC.,3.0,0.46,0.11,transcripts_by_company/Atheros_Communications_Inc_2009Q3.txt,0.27257445454597473,0.4099885821342468,0.6862013071775437,True
MGM RESORTS INTERNATIONAL,3.0,-1.39,0.19,transcripts_by_company/MGM_Resorts_International_2022Q3.txt,0.14108385145664215,0.1306597888469696,0.8620433673262596,True
NEUROGEN CORP,3.0,-0.52,-0.27,transcripts_by_company/Neurogen_2008Q3.txt,0.13549721240997314,0.056808680295944214,0.8881093472242355,True
RAMBUS INC,3.0,-0.26,-0.26,transcripts_by_company/Rambus_Inc_2009Q3.txt,0.25269290804862976,0.2033901810646057,0.7620979100465775,True
TRIBUNE CO NEW,1.0,0.4,0.44,transcripts_by_company/Tribune_Company_2004Q1.txt,0.1316373348236084,0.3152194917201996,0.8132880181074142,True
L BRANDS INC,3.0,0.63,0.64,transcripts_by_company/Pacific_Brands_Limited_2014Q3.txt,0.20065578818321228,0.13191445171833038,0.8199666127562524,True
AGILON HEALTH INC,2.0,-0.04,0.0,transcripts_by_company/agilon_health_inc_2023Q2.txt,0.10697857290506363,0.10452651232481003,0.8937570452690125,True
MDU RESOURCES GROUP INC,3.0,0.38,0.81,transcripts_by_company/MDU_Resources_Group_Inc_2023Q3.txt,0.17348414659500122,0.07522275298833847,0.8559942714869976,True
STOCKHOUSE INC,4.0,-0.02,-0.15,transcripts_by_company/Stockhouse_Inc_2008Q4.txt,0.3199048936367035,0.32320043444633484,0.6791064441204071,True
DEUTSCHE BANK AG,3.0,0.15,0.19,transcripts_by_company/Deutsche_Pfandbriefbank_AG_2021Q3.txt,0.1970832645893097,0.014228696003556252,0.8577731059864163,True
EXLSERVICE HOLDINGS INC,1.0,0.64,0.69,transcripts_by_company/ExlService_Holdings_Inc_2018Q1.txt,0.09787175804376602,0.21309661865234375,0.8675607837736606,True
WABTEC CORPORATION,4.0,0.37,0.37,transcripts_by_company/Wabted_Corporation_2005Q4.txt,0.18867595493793488,0.3691973388195038,0.7571676298975945,True
PLANAR SYSTEMS INCORPORATED,1.0,0.03,0.01,transcripts_by_company/Planar_Systems_Inc_2014Q1.txt,0.10643494874238968,0.3608682155609131,0.8172350712120533,True
HANOVER INSURANCE GROUP INC,2.0,1.88,1.87,transcripts_by_company/The_Hanover_Insurance_Group_Inc_2019Q2.txt,0.2362532913684845,0.09515645354986191,0.8060757599771022,True
LEXMARK INTERNATIONAL GROUP INC,4.0,1.25,1.13,transcripts_by_company/Lexmark_International_Inc_2011Q4.txt,0.14525920152664185,0.30796730518341064,0.8059283673763276,True
ALTERA CORP,1.0,0.21,0.25,transcripts_by_company/Altera_Corporation_2007Q1.txt,0.2631063461303711,0.08784665912389755,0.7894715599715709,True
EVERGREEN SOLAR INC,4.0,-0.48,-0.01,transcripts_by_company/Evergreen_Solar_Inc_2009Q4.txt,0.22310903668403625,0.19827379286289215,0.784341536462307,True
INVESCO HOLDING COMPANY LTD,4.0,0.08,0.46,transcripts_by_company/Investec_plc_2008Q4.txt,0.2530456781387329,0.04201697185635567,0.8102629337459802,True
DIGITALGLOBE INC,3.0,0.02,0.11,transcripts_by_company/DigitalGlobe_Inc_2011Q3.txt,0.06719062477350235,0.16042937338352203,0.9048377506434917,True
COGNEX CORP,4.0,0.44,0.43,transcripts_by_company/Cognex_Corp_2011Q4.txt,0.26300808787345886,0.1639174520969391,0.7667191028594971,True
KARYOPHARM THERAPEUTICS INC,4.0,-0.59,-0.48,transcripts_by_company/Karyopharm_Therapeutics_Inc_2020Q4.txt,0.17051313817501068,0.1652422845363617,0.831068117916584,True
MINERALS TECHNOLOGIES INC,4.0,0.63,0.74,transcripts_by_company/MINERALS_TECHNOLOGIES_INC_2006Q4.txt,0.19695448875427246,0.03929844871163368,0.8503423232585192,True
PSYCHIATRIC SOLUTIONS INC,4.0,0.33,0.29,transcripts_by_company/Psychiatric_Solutions_Inc_2006Q4.txt,0.1245415061712265,0.4194986820220947,0.7869713410735131,True
ORCHARD THERAPEUTICS PLC,3.0,-0.2,-0.55,transcripts_by_company/Orchard_Therapeutics_plc_2020Q3.txt,0.2648299038410187,0.05920775607228279,0.7968567404896021,True
COLDWATER CREEK INC,2.0,0.13,0.18,transcripts_by_company/Coldwater_Creek_2007Q2.txt,0.10958239436149597,0.03872162103652954,0.9116758376359939,True
CROSS COUNTRY HEALTHCARE INC,4.0,0.18,0.19,transcripts_by_company/Cross_Country_Healthcare_2004Q4.txt,0.26991915702819824,0.24208499491214752,0.738431091606617,True
LYONDELL,1.0,0.96,0.97,transcripts_by_company/Lyondell_Chemicals_2006Q1.txt,0.33145466446876526,0.14390023052692413,0.7248116657137871,True
BOOKS-A-MILLION INC,3.0,0.19,0.16,transcripts_by_company/Books-A-Million_Inc_2007Q3.txt,0.12279418855905533,0.08416327089071274,0.8887950867414475,True
AVON PRODUCTS INC,3.0,0.37,0.63,transcripts_by_company/Avon_Products_Inc_2004Q3.txt,0.3126160800457001,0.10361127555370331,0.750085361301899,True
TARGACEPT INC,2.0,-0.33,-0.32,transcripts_by_company/Targacept_Inc_2006Q2.txt,0.25955793261528015,0.15934351086616516,0.7705063939094543,True
ORASURE TECHNOLOGIES INC,2.0,-0.01,0.01,transcripts_by_company/OraSure_Technologies_2003Q2.txt,0.163081094622612,0.09415808320045471,0.8575958088040352,True
RMR GROUP INC,3.0,0.31,0.45,transcripts_by_company/The_RMR_Group_Inc_2017Q3.txt,0.16333092749118805,0.1264244019985199,0.8477410301566124,True
TELENET GROUP HOLDING NV,3.0,0.58,0.45,transcripts_by_company/Telenet_Group_Holding_NV_2016Q3.txt,0.14122000336647034,0.25384610891342163,0.8249921649694443,True
VIAD CORP,3.0,0.41,0.45,transcripts_by_company/Viad_Corp_2002Q3.txt,0.08969132602214813,0.05027274042367935,0.9221342496573925,True
AGILENT TECHNOLOGIES INC,4.0,0.3,0.32,transcripts_by_company/Agilent_Technologies_Inc_2004Q4.txt,0.15980644524097443,0.4117439091205597,0.76461231559515,True
CYBERARK SOFTWARE LTD,4.0,0.28,0.35,transcripts_by_company/CyberArk_Software_Ltd_2021Q4.txt,0.19634422659873962,0.21044215559959412,0.7994263947010041,True
GRAFTECH INTERNATIONAL LTD,2.0,0.31,0.26,transcripts_by_company/GrafTech_International_Ltd_2010Q2.txt,0.09754082560539246,0.3405991494655609,0.829541677236557,True
NAVIOS MARITIME HOLDINGS INC,3.0,0.34,0.24,transcripts_by_company/Navios_Maritime_Holdings_Inc_2007Q3.txt,0.22822171449661255,0.23244842886924744,0.770510271191597,True
MEDIAALPHA INC,3.0,-0.29,-0.18,transcripts_by_company/MediaAlpha_Inc_2023Q3.txt,0.30631008744239807,0.24993374943733215,0.7106028139591217,True
TAILORED BRANDS INC,4.0,0.53,0.95,transcripts_by_company/Tailored_Brands_Inc_2019Q4.txt,0.10878636687994003,0.3829256296157837,0.808971854299307,True
HEARTLAND PAYMENT SYSTEMS INC,1.0,0.17,0.2,transcripts_by_company/Heartland_Payment_Systems_2007Q1.txt,0.13699737191200256,0.41560640931129456,0.7794199168682099,True
AKAMAI TECHNOLOGIES INC,3.0,1.26,1.48,transcripts_by_company/Akamai_Technologies_Inc_2022Q3.txt,0.16915884613990784,0.22758255898952484,0.813314040005207,True
PITNEY BOWES INC,2.0,0.02,0.08,transcripts_by_company/Pitney_Bowes_Inc_2022Q2.txt,0.1434096097946167,0.1470823436975479,0.855488570034504,True
LXP INDUSTRIAL TRUST,2.0,0.14,0.01,transcripts_by_company/LXP_Industrial_Trust_2022Q2.txt,0.2972935736179352,0.12343402206897736,0.7548642918467522,True
PREFERRED APARTMENT COMMUNITIES,3.0,-0.56,-0.01,transcripts_by_company/Preferred_Apartment_Communities_Inc_2011Q3.txt,0.30890411138534546,0.15959393978118896,0.7358889400959014,True
HUTCHINSON TECHNOLOGY INC,4.0,0.22,0.77,transcripts_by_company/Hutchinson_Technology_2005Q4.txt,0.09258737415075302,0.0,0.907412625849247,False
INFOCUS CORPORATION,2.0,0.01,-0.01,transcripts_by_company/InFocus_2004Q2.txt,0.13450820744037628,0.2963472604751587,0.816940076649189,True
AUTOZONE INC,4.0,9.36,9.29,transcripts_by_company/AutoZone_Inc_2016Q4.txt,0.23071721196174622,0.18772661685943604,0.7821799665689468,True
RESERVOIR MEDIA INC,3.0,0.05,0.05,transcripts_by_company/Reservoir_Media_Inc_2023Q3.txt,0.14840589463710785,0.2193397879600525,0.8303139373660088,True
SRAX INC,1.0,-0.57,-0.36,transcripts_by_company/SRAX_Inc_2021Q1.txt,0.13726577162742615,0.0,0.8627342283725739,False
METHODE ELECTRONICS INC,1.0,0.87,0.59,transcripts_by_company/Methode_Electronics_Inc_2018Q1.txt,0.15250113606452942,0.2504817843437195,0.8181046694517136,True
JOY GLOBAL INC,1.0,-0.23,0.31,transcripts_by_company/Joy_Global_Inc_2016Q1.txt,0.18054938316345215,0.23479779064655304,0.8031760945916175,True
CORESITE REALTY CORP,3.0,0.46,0.41,transcripts_by_company/CoreSite_Realty_Corporation_2017Q3.txt,0.22310411930084229,0.11666837334632874,0.8088266044855118,True
PULTE CORPORATION,1.0,-0.33,0.5,transcripts_by_company/Pulte_Homes_2007Q1.txt,0.20072321593761444,0.035065971314907074,0.8489739574491978,True
RITHM CAPITAL CORP,1.0,0.35,0.31,transcripts_by_company/Rithm_Capital_Corp_2023Q1.txt,0.06196794658899307,0.14156682789325714,0.9141523890197277,True
RPM INTERNATIONAL INC,2.0,1.28,1.37,transcripts_by_company/RPM_International_Inc_2021Q2.txt,0.21549062430858612,0.21757420897483826,0.7838843002915383,True
UNITED COMMUNITY BANKS INC,3.0,0.36,0.37,transcripts_by_company/United_Community_Banks_2005Q3.txt,0.24380488693714142,0.1973259150981903,0.7701388046145439,True
ROCKWELL COLLINS INC,2.0,0.43,0.34,transcripts_by_company/Rockwell_Collins_2003Q2.txt,0.19172878563404083,0.13203975558280945,0.8261779233813286,True
ARCUS BIOSCIENCES INC,3.0,-0.9,-0.9,transcripts_by_company/Arcus_Biosciences_Inc_2022Q3.txt,0.19842392206192017,0.2050105780363083,0.7996000811457634,True
AXCELIS TECHNOLOGIES INC,2.0,0.04,0.06,transcripts_by_company/Axcelis_Technologies_Inc_2011Q2.txt,0.15420371294021606,0.2994864583015442,0.8022114634513855,True
UPWORK INC,3.0,0.04,-0.03,transcripts_by_company/Upwork_Inc_2021Q3.txt,0.24409936368465424,0.1821676343679428,0.7744801551103592,True
PIPER JAFFRAY COMPANIES INC.,2.0,-0.32,0.64,transcripts_by_company/Piper_Jaffray_2008Q2.txt,0.3815763294696808,0.4612886607646942,0.5945099711418153,True
AMERICAN FINANCE TRUST INC,1.0,-0.04,0.27,transcripts_by_company/American_Finance_Trust_Inc_2020Q1.txt,0.17619702219963074,0.3251446485519409,0.7791186898946763,True
PENNTEX MIDSTREAM PARTNERS LP,2.0,0.13,0.29,transcripts_by_company/PennTex_Midstream_Partners_LP_2016Q2.txt,0.2970358431339264,0.08105815947055817,0.7677574619650841,True
NEXSTAR BROADCASTING GROUP INC.,4.0,-0.09,-0.14,transcripts_by_company/NEXSTAR_Broadcasting_Group_Inc_2007Q4.txt,0.2995806336402893,0.21371977031230927,0.7261776253581047,True
EXTREME NETWORKS INC,4.0,0.14,0.17,transcripts_by_company/Extreme_Networks_Inc_2017Q4.txt,0.28931206464767456,0.0,0.7106879353523254,False
NASDAQ INC,2.0,0.62,0.7,transcripts_by_company/The_NASDAQ_OMX_Group_Inc_2013Q2.txt,0.15957602858543396,0.17501011490821838,0.8357937455177307,True
COMPTON PETROLEUM CORP,1.0,-0.11,0.12,transcripts_by_company/Compton_Petroleum_2009Q1.txt,0.2072327882051468,0.04508740082383156,0.8414108280092478,True
VALMONT INDUSTRIES INC,2.0,0.42,0.38,transcripts_by_company/Valmont_Industries_Inc_2005Q2.txt,0.07546944171190262,0.1663389652967453,0.8972697012126446,True
ACETO CORP.,3.0,0.21,0.21,transcripts_by_company/Aceto_2004Q3.txt,0.3702308237552643,0.37365230917930603,0.6287427306175232,True
TRAVELERS COMPANIES INC,4.0,3.07,2.38,transcripts_by_company/The_Travelers_Companies_Inc_2014Q4.txt,0.1658519208431244,0.2453572154045105,0.8102964907884598,True
WORLD FUEL SERVICES CORP,1.0,0.51,0.63,transcripts_by_company/World_Fuel_Services_2007Q1.txt,0.17996415495872498,0.11907374858856201,0.8383029669523239,True
CARBO CERAMICS INC,2.0,-0.93,-0.6,transcripts_by_company/CARBO_Ceramics_Inc_2017Q2.txt,0.3725520968437195,0.3808995187282562,0.6249436765909195,True
VEECO INSTRUMENTS INC,4.0,0.01,0.37,transcripts_by_company/Veeco_Instruments_Inc_2015Q4.txt,0.24454423785209656,0.42500942945480347,0.7013162046670913,True
BRADY CORP,1.0,0.7,0.77,transcripts_by_company/Brady_Corporation_2022Q1.txt,0.10957871377468109,0.20297221839427948,0.8624032348394394,True
ADVANCED MICRO DEVICES INC,1.0,-0.66,-0.31,transcripts_by_company/Advanced_Micro_Devices_2009Q1.txt,0.24404878914356232,0.4167277216911316,0.704147531092167,True
ALICO INC,2.0,0.6,0.61,transcripts_by_company/Aimco_2013Q2.txt,0.07348684966564178,0.21812154352664948,0.8831227421760559,True
"URBAN OUTFITTERS, INC.",2.0,0.31,0.23,transcripts_by_company/Urban_Outfitters_Inc_2010Q2.txt,0.25547105073928833,0.11971832066774368,0.7852547682821751,True
PERKINELMER INC,2.0,2.32,1.55,transcripts_by_company/PerkinElmer_Inc_2022Q2.txt,0.2807556688785553,0.20716485381126404,0.741321575641632,True
IDEXX LABORATORIES INC,2.0,1.56,2.53,transcripts_by_company/IDEXX_Laboratories_Inc_2022Q2.txt,0.2016676813364029,0.2330644130706787,0.7889132991433143,True
CRANE CO,2.0,0.52,0.5,transcripts_by_company/Crane_Co_2004Q2.txt,0.14708872139453888,0.1627371907234192,0.8482167378067971,True
ELEMENT SOLUTIONS INC,3.0,0.35,0.29,transcripts_by_company/Element_Solutions_Inc_2021Q3.txt,0.13601402938365936,0.2962442934513092,0.8159168913960457,True
EMPRESA BRASILEIRA DE AERONAUTIC,1.0,0.46,0.63,transcripts_by_company/Embraer-Empresa_Brasileira_de_Aeronautica_SA_2008Q1.txt,0.23821544647216797,0.06636281311511993,0.8133403435349464,True
DFC GLOBAL CORP,4.0,0.56,0.61,transcripts_by_company/DFC_Global_Corp_2012Q4.txt,0.12730616331100464,0.2035994827747345,0.8498058408498764,True
HAIN CELESTIAL GROUP INC,3.0,0.29,0.3,transcripts_by_company/Hain_Celestial_Group_2011Q3.txt,0.21257159113883972,0.0,0.7874284088611603,False
UTI WORLDWIDE INC,4.0,0.62,0.48,transcripts_by_company/UTi_Worldwide_2004Q4.txt,0.29426026344299316,0.2210165560245514,0.7277128487825394,True
AMEDISYS INC,2.0,1.16,1.3,transcripts_by_company/Amedisys_Inc_2010Q2.txt,0.1987295299768448,0.2748394310474396,0.7784374997019767,True
LNR PROPERTY CORPORATION,1.0,1.06,0.99,transcripts_by_company/LNR_Property_2003Q1.txt,0.21385128796100616,0.2578861713409424,0.772938247025013,True
GRAFTECH INTERNATIONAL LTD,4.0,0.26,0.16,transcripts_by_company/GrafTech_International_2009Q4.txt,0.12258683890104294,0.2140239030122757,0.8499820418655872,True
COOPER TIRE & RUBBER CO,2.0,0.3,1.07,transcripts_by_company/Cooper_Tire_and_Rubber_Company_2018Q2.txt,0.44985049962997437,0.10936659574508667,0.652294671535492,True
TRANSUNION,4.0,0.44,0.34,transcripts_by_company/TransUnion_2016Q4.txt,0.13927413523197174,0.3216511905193329,0.8060127481818199,True
MASTERCARD INC,3.0,2.68,2.74,transcripts_by_company/Mastercard_Incorporated_2022Q3.txt,0.22481949627399445,0.17402377724647522,0.7904192194342613,True
SALARY.COM INC,4.0,-0.16,-0.19,transcripts_by_company/Salarycom_2008Q4.txt,0.08865445852279663,0.2880266308784485,0.8515338897705078,True
FIRST FINANCIAL CORP,4.0,0.73,0.73,transcripts_by_company/First_National_Financial_Corporation_2017Q4.txt,0.2926441729068756,0.357625275850296,0.6878614962100983,True
OCUGEN INC,2.0,-0.13,-0.04,transcripts_by_company/Ocugen_Inc_2021Q2.txt,0.2765847444534302,0.14253737032413483,0.7636294677853585,True
GREATBATCH INC,4.0,0.4,0.45,transcripts_by_company/Greatbatch_Inc_2009Q4.txt,0.17933185398578644,0.29305291175842285,0.7865518286824227,True
STATE AUTO FINANCIAL CORP,3.0,0.34,0.42,transcripts_by_company/State_Auto_Financial_Corporation_2019Q3.txt,0.11854440718889236,0.3027305006980896,0.8261997647583484,True
CRINETICS PHARMACEUTICALS INC,1.0,-0.69,-0.59,transcripts_by_company/Crinetics_Pharmaceuticals_Inc_2021Q1.txt,0.26424673199653625,0.17813435196876526,0.7615869820117951,True
DEUTSCHE BANK AG,1.0,0.095,0.13,transcripts_by_company/Deutsche_Pfandbriefbank_AG_2019Q1.txt,0.12686575949192047,0.20333194732666016,0.8501943841576576,True
MYKROLIS,1.0,0.13,0.16,transcripts_by_company/Mykrolis_Corporation_2005Q1.txt,0.16158504784107208,-0.04041906073689461,0.8990161847323179,True
NANOSPHERE INC,4.0,-0.08,-0.1,transcripts_by_company/Nanosphere_Inc_2014Q4.txt,0.16337600350379944,0.3696199655532837,0.7747508078813553,True
ART TECHNOLOGY GROUP INC,1.0,0.01,0.03,transcripts_by_company/Art_Technology_Group_2007Q1.txt,0.13794678449630737,0.1350383460521698,0.8629257470369339,True
CLEAN ENERGY FUELS CORP,4.0,0.11,-0.24,transcripts_by_company/Clean_Energy_Fuels_Corp_2014Q4.txt,0.17526385188102722,0.23185905814170837,0.8077575862407684,True
RAPID MICRO BIOSYSTEMS INC,3.0,-0.38,-0.34,transcripts_by_company/Rapid_Micro_Biosystems_Inc_2022Q3.txt,0.28749942779541016,0.2683245539665222,0.7182530343532563,True
EASTERLY GOVERNMENT PROPERTIES I,2.0,0.03,0.05,transcripts_by_company/Easterly_Government_Properties_Inc_2018Q2.txt,0.2830880582332611,0.0,0.7169119417667389,False
BRIGHTHOUSE FINANCIAL INC,1.0,2.86,3.4,transcripts_by_company/Brighthouse_Financial_Inc_2023Q1.txt,0.23382975161075592,0.11711879074573517,0.8011835366487503,True
COREPOINT LODGING INC,4.0,-0.74,-0.85,transcripts_by_company/CorePoint_Lodging_Inc_2020Q4.txt,0.10991042107343674,0.3416430950164795,0.8205697767436504,True
HCP INC,3.0,0.12,0.23,transcripts_by_company/HCP_Inc_2017Q3.txt,0.12877295911312103,0.30377838015556335,0.8187254145741463,True
PLANAR SYSTEMS INCORPORATED,4.0,0.05,-0.08,transcripts_by_company/Planar_Systems_Inc_2012Q4.txt,0.1589316725730896,0.15916402637958527,0.8409986212849617,True
SPOTIFY TECHNOLOGY SA,3.0,-0.41,-0.47,transcripts_by_company/Spotify_Technology_SA_2021Q3.txt,0.0579279325902462,0.2329903095960617,0.8895533543080092,True
OLIN CORP,2.0,2.24,0.15,transcripts_by_company/Olin_Corporation_2021Q2.txt,0.3533029854297638,0.22147288918495178,0.6862460434436799,True
WATERS CORP,3.0,0.43,0.47,transcripts_by_company/Waters_Corporation_2005Q3.txt,0.14741241931915283,0.22007694840431213,0.8307882219552993,True
CONCENTRIX CORP,3.0,2.49,1.9,transcripts_by_company/Concentrix_Corporation_2021Q3.txt,0.14143222570419312,0.23149555921554565,0.8315487742424011,True
EXPONENT INC,1.0,0.43,0.34,transcripts_by_company/Exponent_Inc_2004Q1.txt,0.24858582019805908,0.14673259854316711,0.7819701462984086,True
SELECTA BIOSCIENCES INC,4.0,-0.65,-0.62,transcripts_by_company/Selecta_Biosciences_Inc_2018Q4.txt,0.33345022797584534,0.11015966534614563,0.7335369408130645,True
BEST BUY CO INC,2.0,0.22,0.32,transcripts_by_company/Best_Buy_2002Q2.txt,0.31102490425109863,0.3721463680267334,0.6706386566162109,True
LOJACK CORP,2.0,0.15,0.16,transcripts_by_company/LoJack_Corporation_2004Q2.txt,0.2668292820453644,0.3468797504901886,0.7091555774211884,True
SAMPO OYJ,4.0,0.84,0.69,transcripts_by_company/Sampo_Oyj_2016Q4.txt,0.32623863220214844,0.31871625781059265,0.6760180801153184,True
STREAMLINE HEALTH SOLUTIONS INC,2.0,-0.05,0.06,transcripts_by_company/Streamline_Health_Solutions_Inc_2007Q2.txt,0.14875903725624084,0.07199645042419434,0.8742697387933731,True
VITESSE SEMICONDUCTOR CORP,3.0,0.03,0.0,transcripts_by_company/Vitesse_Semiconductor_2008Q3.txt,0.13380640745162964,0.12956710159778595,0.8674653843045235,True
QUINSTREET INC,1.0,0.06,0.08,transcripts_by_company/QuinStreet_Inc_2017Q1.txt,0.1369650512933731,0.18953323364257812,0.8472644940018654,True
POLAR POWER INC,2.0,0.06,0.04,transcripts_by_company/Polar_Power_Inc_2019Q2.txt,0.3001754879951477,0.08024685084819794,0.7658031031489372,True
MIDDLEBY CORP,2.0,1.1,1.09,transcripts_by_company/The_Middleby_Corporation_2011Q2.txt,0.3246522545814514,0.46990129351615906,0.6317730337381363,True
GRAINGER WW,4.0,0.87,0.74,transcripts_by_company/WW_2004Q4.txt,0.2582660913467407,0.32759615778923035,0.7209348887205125,True
AMERIS BANCORP,2.0,0.74,0.83,transcripts_by_company/Ameris_Bancorp_2018Q2.txt,0.17642132937908173,0.19581227004528046,0.8177613884210586,True
OUSTER INC,1.0,-0.19,-0.12,transcripts_by_company/Ouster_Inc_2022Q1.txt,0.3179353177547455,0.18967458605766296,0.7205429017543793,True
PROTAGONIST THERAPEUTICS INC,4.0,-0.48,-0.55,transcripts_by_company/Protagonist_Therapeutics_Inc_2020Q4.txt,0.2570233643054962,0.24192644655704498,0.7475057110190392,True
NEENAH INC,1.0,0.69,1.36,transcripts_by_company/Neenah_Inc_2019Q1.txt,0.3843783736228943,0.2043222039937973,0.6696384772658348,True
AKEENA SOLAR INC,3.0,-0.16,-0.13,transcripts_by_company/Akeena_Solar_2007Q3.txt,0.09484700858592987,0.2234964370727539,0.8665581628680229,True
APPLIED INDUSTRIAL TECHNOLOGIES,1.0,1.16,1.25,transcripts_by_company/Applied_Industrial_Technologies_Inc_2019Q1.txt,0.2969458997249603,0.4928585886955261,0.64428029358387,True
NIGHTHAWK RADIOLOGY HLDGS INC,3.0,0.17,0.18,transcripts_by_company/NightHawk_Radiology_Holdings_Inc_2009Q3.txt,0.17389822006225586,0.413488507270813,0.7542246937751771,True
DECIPHERA PHARMACEUTICALS INC,1.0,-1.36,-1.15,transcripts_by_company/Deciphera_Pharmaceuticals_Inc_2020Q1.txt,0.15491518378257751,0.19108366966247559,0.8342342704534531,True
INSPIRE PHARMACEUTICALS INC,4.0,-0.29,-0.32,transcripts_by_company/Inspire_Pharmaceuticals_Inc_2003Q4.txt,0.3047163784503937,0.12579810619354248,0.7489591032266617,True
CARMAX INC,2.0,0.33,0.36,transcripts_by_company/CarMax_2004Q2.txt,0.3254745602607727,0.14792485535144806,0.7277903512120247,True
CORVUS PHARMACEUTICALS INC,1.0,-0.44,-0.35,transcripts_by_company/Corvus_Pharmaceuticals_Inc_2020Q1.txt,0.17776469886302948,0.15529803931713104,0.8289752990007401,True
MEDLEY CAPITAL CORP,4.0,0.03,0.11,transcripts_by_company/Medley_Capital_Corporation_2018Q4.txt,0.24147041141986847,0.1840890347957611,0.7757440015673638,True
NICE LTD,2.0,1.25,1.18,transcripts_by_company/NICE_Ltd_2019Q2.txt,0.27069753408432007,0.3370870351791382,0.7093856155872345,True
MARVELL TECHNOLOGY GROUP LTD,2.0,0.16,0.32,transcripts_by_company/Marvell_Technology_Group_Ltd_2019Q2.txt,0.11186739802360535,0.2125834822654724,0.8579177767038345,True
CULP INC,3.0,0.5,0.36,transcripts_by_company/Culp_Inc_2015Q3.txt,0.19445578753948212,0.27558037638664246,0.7812068358063697,True
KNOLOGY INC,4.0,0.18,0.19,transcripts_by_company/Knology_Inc_2010Q4.txt,0.2638262212276459,0.48358553647994995,0.6702459841966629,True
II-VI INC,2.0,0.41,0.27,transcripts_by_company/II-VI_2004Q2.txt,0.2604905664920807,0.48438990116119385,0.6723396331071854,True
MARATHON OIL CORP,2.0,2.25,3.03,transcripts_by_company/Marathon_Oil_Corporation_2007Q2.txt,0.1676911860704422,-0.020135648548603058,0.8886568643152714,True
GENESCO INC,4.0,1.4,1.44,transcripts_by_company/Genesco_Inc_2015Q4.txt,0.17434896528720856,0.2963124215602875,0.7890619978308677,True
GMX RESOURCES INC.,2.0,-0.18,-0.14,transcripts_by_company/GMX_Resources_Inc_2012Q2.txt,0.051459901034832,-0.0030231010168790817,0.9648849995806813,True
VALASSIS COMMUNICATIONS INC,4.0,0.52,0.64,transcripts_by_company/Valassis_Communications_Inc_2010Q4.txt,0.15224811434745789,0.28103408217430115,0.8091160953044891,True
ENI SPA,4.0,1.791,3.79,transcripts_by_company/Davide_Campari-Milano_SpA_2019Q4.txt,0.1467544138431549,0.24081957340240479,0.8250260382890702,True
GLOBAL PAYMENTS INC,1.0,0.36,0.64,transcripts_by_company/Global_Payments_Inc_2006Q1.txt,0.17042237520217896,0.37104660272598267,0.7693903565406799,True
SILICON LABORATORIES INC,4.0,0.63,0.63,transcripts_by_company/Silicon_Laboratories_Inc_2015Q4.txt,0.16237561404705048,0.062239550054073334,0.8676652051508427,True
HERITAGE-CRYSTAL CLEAN INC,3.0,0.79,0.26,transcripts_by_company/Heritage-Crystal_Clean_Inc_2021Q3.txt,0.15505999326705933,0.23895061016082764,0.8197728216648101,True
OXFORD INDUSTRIES INC,4.0,0.01,0.11,transcripts_by_company/Oxford_Industries_2014Q4.txt,0.15318161249160767,0.26170814037323,0.8142604291439056,True
THERMO FISHER SCIENTIFIC INC,2.0,2.03,2.03,transcripts_by_company/Thermo_Fisher_Scientific_Inc_2016Q2.txt,0.29940980672836304,0.0,0.700590193271637,False
RAND LOGISTICS INC,4.0,-0.5,0.12,transcripts_by_company/Rand_Logistics_2008Q4.txt,0.08553525805473328,0.4093444347381592,0.817321988940239,True
"RICK'S CABARET INTERNATIONAL, IN",4.0,0.21,0.35,transcripts_by_company/Ricks_Cabaret_International_Inc_2010Q4.txt,0.09131339937448502,0.047657690942287445,0.9217833131551743,True
KIMBERLY-CLARK CORP,2.0,1.59,1.58,transcripts_by_company/Kimberly-Clark_de_México_S_A_B_de_C_V_2018Q2.txt,0.13623270392417908,0.20781786739826202,0.842291747033596,True
AMERICAN AXLE & MANUFACTURING HO,1.0,0.68,0.57,transcripts_by_company/American_Axle_and_Manufacturing_Holdings_Inc_2015Q1.txt,0.13920439779758453,0.313314288854599,0.8085626348853111,True
TOMOTHERAPY INC,3.0,0.05,0.03,transcripts_by_company/TomoTherapy_Inc_2007Q3.txt,0.2076312154531479,0.1334969401359558,0.8146090671420098,True
TEKELEC,4.0,-0.02,0.27,transcripts_by_company/Tekelec_2010Q4.txt,0.36374226212501526,0.30839765071868896,0.6528611212968827,True
NEWELL RUBBERMAID INC,3.0,0.52,0.5,transcripts_by_company/Newell_Rubbermaid_2007Q3.txt,0.19170115888118744,0.3913089632987976,0.7484164997935295,True
BRUNSWICK CORP,3.0,0.26,0.3,transcripts_by_company/Brunswick_2002Q3.txt,0.16381791234016418,0.20251676440238953,0.8245724320411683,True
SANDISK CORP,4.0,-1.65,0.6,transcripts_by_company/SanDisk_Corp_2008Q4.txt,0.2801193594932556,0.17638839781284332,0.7509999290108681,True
ALBANY MOLECULAR RESEARCH,4.0,-0.01,0.12,transcripts_by_company/Albany_Molecular_Research_2005Q4.txt,0.3071703612804413,0.2922195494174957,0.6973148822784424,True
"HEMISPHERX BIOPHARMA, INC.",2.0,-0.02,-0.03,transcripts_by_company/Hemispherx_Biopharma_Inc_2011Q2.txt,0.18798311054706573,0.1635090559720993,0.8193591058254241,True
OPEN BANK,3.0,0.24,0.23,transcripts_by_company/Sbanken_ASA_2019Q3.txt,0.2920616567134857,0.0,0.7079383432865143,False
PEPSICO INC,2.0,1.21,1.23,transcripts_by_company/PepsiCo_Inc_2011Q2.txt,0.1544906198978424,0.2334490567445755,0.8218218490481377,True
NEOPHOTONICS CORP,2.0,-0.11,0.0,transcripts_by_company/NeoPhotonics_Corporation_2013Q2.txt,0.12280136346817017,0.2520013153553009,0.8384386509656906,True
CACI INTERNATIONAL INC,4.0,1.38,1.49,transcripts_by_company/CACI_International_2013Q4.txt,0.21140098571777344,0.31948578357696533,0.756173574924469,True
CONTAINER STORE GROUP INC,1.0,0.2,0.29,transcripts_by_company/The_Container_Store_Group_Inc_2016Q1.txt,0.23041920363903046,0.0,0.7695807963609695,False
CUBESMART,2.0,0.26,0.2,transcripts_by_company/CubeSmart_2019Q2.txt,0.13206201791763306,0.15210291743278503,0.8619257122278213,True
CONFORMIS INC,1.0,-0.4,-0.36,transcripts_by_company/ConforMIS_Inc_2017Q1.txt,0.11181420832872391,0.11639118939638138,0.8868126973509789,True
KLA CORP,3.0,3.03,2.17,transcripts_by_company/KLA_Corporation_2020Q3.txt,0.3132753372192383,0.2456255406141281,0.7070196017622947,True
TRELLEBORG AB,1.0,3.25,3.89,transcripts_by_company/Trelleborg_AB_publ_2019Q1.txt,0.16660566627979279,0.1372397243976593,0.8422041162848473,True
WD 40 CO,3.0,0.56,0.71,transcripts_by_company/WD-40_Company_2012Q3.txt,0.08200091868638992,0.03515489771962166,0.9320528876036406,True
ISIS PHARMACEUTICALS INC,4.0,-0.08,-0.13,transcripts_by_company/Isis_Pharmaceuticals_Inc_2007Q4.txt,0.17817644774913788,0.13240297138690948,0.8355555951595306,True
MYRIAD GENETICS INC,3.0,-0.02,-0.03,transcripts_by_company/Myriad_Genetics_Inc_2021Q3.txt,0.18233154714107513,0.3324456214904785,0.7726342305541039,True
SRA INTERNATIONAL INC.,4.0,0.33,0.31,transcripts_by_company/SRA_International_2003Q4.txt,0.1447959691286087,0.07914964854717255,0.8748979270458221,True
BENCHMARK ELECTRONICS INC,4.0,0.34,0.46,transcripts_by_company/Benchmark_Electronics_2007Q4.txt,0.08889840543270111,0.35630717873573303,0.8308789625763893,True
KEYNOTE SYSTEMS INC,4.0,0.17,0.14,transcripts_by_company/Keynote_Systems_Inc_2009Q4.txt,0.27180084586143494,0.21093592047691345,0.7464586317539215,True
EXELIXIS INC,1.0,-0.39,-0.35,transcripts_by_company/Exelixis_2004Q1.txt,0.15470662713050842,0.16510024666786194,0.8421752870082855,True
IMMUNOMEDICS INC,1.0,-0.13,-0.12,transcripts_by_company/Immunomedics_Inc_2015Q1.txt,0.1253523826599121,0.25016629695892334,0.8372034430503845,True
NET2PHONE INC,2.0,-0.04,-0.14,transcripts_by_company/Net2Phone_Inc_2004Q2.txt,0.2845580279827118,0.33925074338912964,0.6990341573953629,True
GOLUB CAPITAL BDC INC,4.0,0.34,0.32,transcripts_by_company/Golub_Capital_BDC_Inc_2012Q4.txt,0.20425903797149658,0.37440693378448486,0.744696593284607,True
ALLEGHENY TECHNOLOGIES INC,1.0,-0.58,0.1,transcripts_by_company/Allegheny_Technologies_2016Q1.txt,0.12705300748348236,0.18188025057315826,0.8564988195896148,True
KAMAN CORP,1.0,0.15,0.32,transcripts_by_company/Kaman_Corporation_2022Q1.txt,0.30687418580055237,0.27470269799232483,0.7027772605419159,True
51JOB INC,1.0,5.33,5.04,transcripts_by_company/51job_Inc_2019Q1.txt,0.23976334929466248,0.158119797706604,0.784729716181755,True
GENTIVA HEALTH SERVICES,3.0,0.54,0.44,transcripts_by_company/Gentiva_Health_Services_2009Q3.txt,0.1907651126384735,0.304229736328125,0.775195500254631,True
ANDINA (PFA),2.0,0.19,0.27,transcripts_by_company/Nipuna_2007Q2.txt,0.30078616738319397,0.14763981103897095,0.7451577395200729,True
EATON CORP,2.0,1.4,1.38,transcripts_by_company/Eaton_Vance_Corp_2005Q2.txt,0.12760856747627258,0.17664489150047302,0.8576805353164673,True
ACA CAPITAL HOLDINGS INC,4.0,0.43,0.42,transcripts_by_company/ACA_Capital_2006Q4.txt,0.14028581976890564,0.05315195024013519,0.8858543410897255,True
GAFISA SA,4.0,0.167,0.04,transcripts_by_company/Gafisa_SA_2013Q4.txt,0.28258016705513,0.15538178384304047,0.7555793479084969,True
LUTHER BURBANK CORP,2.0,0.41,0.26,transcripts_by_company/Luther_Burbank_Corporation_2021Q2.txt,0.27962547540664673,0.19270706176757812,0.7464500486850738,True
LAWSON PRODUCTS INC,1.0,-0.21,0.19,transcripts_by_company/Lawson_Products_Inc_2012Q1.txt,0.1731128841638565,0.13983935117721558,0.8368691757321358,True
CAMDEN PROPERTY TRUST,4.0,0.11,0.04,transcripts_by_company/Camden_Property_Trust_2010Q4.txt,0.337800532579422,0.2546358108520508,0.6871488839387894,True
UNITI GROUP INC,3.0,-0.66,0.19,transcripts_by_company/Uniti_Group_Inc_2022Q3.txt,0.09743162244558334,0.15038461983203888,0.88668247833848,True
DEXCOM INC,3.0,0.94,0.63,transcripts_by_company/DexCom_Inc_2020Q3.txt,0.31623128056526184,0.20189708471298218,0.7180689781904221,True
TGC INDUSTRIES INC,1.0,0.11,0.16,transcripts_by_company/TGC_Industries_Inc_2008Q1.txt,0.13670726120471954,0.22805087268352509,0.8358896553516388,True
WARNER MUSIC GROUP CORP,3.0,0.08,0.12,transcripts_by_company/Munich_Re_Group_AG_2005Q3.txt,0.09781727939844131,0.01962571032345295,0.9256401913240552,True
RESOLUTE FOREST PRODUCTS INC,1.0,0.3,-0.04,transcripts_by_company/Resolute_Forest_Products_2013Q1.txt,0.14457465708255768,0.1480269879102707,0.8543896436691284,True
HOSPIRA INC,2.0,0.72,0.54,transcripts_by_company/Hospira_Inc_2014Q2.txt,0.2166268676519394,0.19899964332580566,0.7886612996459007,True
NVIDIA CORP,3.0,2.7,1.0,transcripts_by_company/NVIDIA_Ltd_2023Q3.txt,0.23820297420024872,0.2880721986293793,0.7468362584710122,True
REDFIN CORP,2.0,-0.29,0.03,transcripts_by_company/Redfin_Corporation_2021Q2.txt,0.18011465668678284,0.16802804172039032,0.823511327803135,True
INTERFACE FLOOR,2.0,0.15,0.15,transcripts_by_company/Interface_2006Q2.txt,0.42729729413986206,0.1364472508430481,0.6599577188491821,True
ATARA BIOTHERAPEUTICS INC,4.0,-1.75,-1.01,transcripts_by_company/Atara_Biotherapeutics_Inc_2018Q4.txt,0.06597580015659332,0.1503770351409912,0.9087038293480874,True
RADYNE COMSTREAM INC,3.0,0.15,0.2,transcripts_by_company/Radyne_Corporation_2006Q3.txt,0.27560728788375854,0.16110599040985107,0.7587431013584137,True
ENERPLUS CORP,3.0,0.27,0.02,transcripts_by_company/Enerplus_Corporation_2012Q3.txt,0.37848424911499023,0.0,0.6215157508850098,False
INTERACTIVE BROKERS GROUP INC,1.0,0.4,0.38,transcripts_by_company/Interactive_Brokers_Group_Inc_2017Q1.txt,0.06543572247028351,0.20604735612869263,0.8923807874321937,True
EATON CORP,3.0,1.33,1.33,transcripts_by_company/Eaton_Vance_Corp_2005Q3.txt,0.1244715228676796,0.2643963694572449,0.8335510231554508,True
MARATHON PETROLEUM CORP,2.0,0.67,-0.1,transcripts_by_company/Marathon_Petroleum_Corporation_2021Q2.txt,0.2711903154850006,0.20515364408493042,0.7486206859350204,True
AFFYMETRIX INC,1.0,-0.22,0.08,transcripts_by_company/Affymetrix_2003Q1.txt,0.3228268623352051,0.36214590072631836,0.665377426147461,True
FOCUS ENHANCEMENTS INC,3.0,0.01,0.01,transcripts_by_company/FOCUS_Enhancements_2003Q3.txt,0.3572326898574829,0.16899985074996948,0.6992371618747711,True
MTS SYSTEMS CORP,4.0,0.35,0.28,transcripts_by_company/MTS_Systems_2003Q4.txt,0.18146488070487976,0.2104053795337677,0.8098529696464538,True
GLOBAL PAYMENTS INC,2.0,1.22,1.2,transcripts_by_company/Global_Payments_Inc_2015Q2.txt,0.19790862500667572,0.23394136130809784,0.7912815541028977,True
WESTERN DIGITAL CORP,3.0,2.12,1.98,transcripts_by_company/Western_Digital_Corp_2013Q3.txt,0.31380218267440796,0.3033733665943146,0.68932646214962,True
MASTERCARD INC,4.0,1.14,1.06,transcripts_by_company/Mastercard_Incorporated_2017Q4.txt,0.1792355626821518,0.113307885825634,0.8405427403748036,True
MUELLER WATER PRODUCTS INC,1.0,0.05,0.03,transcripts_by_company/Mueller_Water_Products_Inc_2013Q1.txt,0.19646021723747253,0.21448300778865814,0.7981329455971717,True
WYNN RESORTS LTD,1.0,2.32,1.76,transcripts_by_company/Wynn_Resorts_Limited_2014Q1.txt,0.21166157722473145,0.19917075335979462,0.7920856699347496,True
NEWELL BRANDS INC,4.0,0.8,0.86,transcripts_by_company/Newell_Brands_Inc_2016Q4.txt,0.09167419373989105,0.0,0.908325806260109,False
APOGEE ENTERPRISES INC,3.0,0.73,0.69,transcripts_by_company/Apogee_Enterprises_Inc_2020Q3.txt,0.09968993067741394,0.02838004007935524,0.9217030365020037,True
PARAMOUNT GLOBAL,4.0,0.04,0.25,transcripts_by_company/Paramount_Global_CurrentQ4.txt,0.15218408405780792,0.2227644920349121,0.8266417935490609,True
DURECT CORP,1.0,-0.12,-0.14,transcripts_by_company/Durect_Corp_2004Q1.txt,0.2002829909324646,0.17765168845653534,0.8065063998103141,True
MCDONALD'S CORP,4.0,1.97,1.91,transcripts_by_company/McDonalds_Corporation_2018Q4.txt,0.3016078770160675,0.34267646074295044,0.6860715478658677,True
PLANETOUT INC,4.0,-0.1,0.16,transcripts_by_company/PlanetOut_Inc_2006Q4.txt,0.27724942564964294,0.09637678414583206,0.7770123668015003,True
NEWCASTLE INVESTMENT CORP,1.0,0.7,0.71,transcripts_by_company/Newcastle_Investment_2007Q1.txt,0.23485340178012848,0.07443375885486603,0.8132724910974503,True
ONE STOP SYSTEMS INC,1.0,0.0,0.05,transcripts_by_company/One_Stop_Systems_Inc_2023Q1.txt,0.13009679317474365,0.4037855863571167,0.7877965688705444,True
STITCH FIX INC,1.0,0.02,0.06,transcripts_by_company/Stitch_Fix_Inc_2018Q1.txt,0.14334577322006226,0.24502778053283691,0.8261496245861053,True
DESKTOP METAL INC,2.0,-0.05,-0.06,transcripts_by_company/Desktop_Metal_Inc_2023Q2.txt,0.22415320575237274,0.2078476995229721,0.7807384461164475,True
X FINANCIAL,2.0,0.31,0.23,transcripts_by_company/IGM_Financial_Inc_2019Q2.txt,0.08365336805582047,0.1778537631034851,0.8880865134298801,True
PAYCOM SOFTWARE INC,4.0,0.29,0.23,transcripts_by_company/Paycom_Software_Inc_2017Q4.txt,0.1634315699338913,0.19763650000095367,0.82630695104599,True
MARTHA STEWART LIVING,3.0,-0.13,-0.14,transcripts_by_company/Martha_Stewart_Living_Omnimedia_2006Q3.txt,0.11671590805053711,0.10094155371189117,0.8880163982510567,True
GMX RESOURCES INC.,3.0,0.08,0.07,transcripts_by_company/GMX_Resources_Inc_2009Q3.txt,0.2386559545993805,0.2347991168498993,0.7625010967254638,True
MISTRAS GROUP INC,3.0,0.12,0.2,transcripts_by_company/Mistras_Group_Inc_2019Q3.txt,0.09617020934820175,0.43052977323532104,0.8035219214856625,True
ARBITRON INC,4.0,0.13,0.27,transcripts_by_company/Arbitron_Inc_2008Q4.txt,0.23859520256519318,0.20093676447868347,0.7727023288607597,True
LANCASTER COLONY CORP,1.0,1.11,1.2,transcripts_by_company/Lancaster_Colony_Corporation_2019Q1.txt,0.1954064518213272,0.30521252751350403,0.7716517254710198,True
ABERCROMBIE  FITCH CO,1.0,1.8,1.43,transcripts_by_company/Abercrombie_and_Fitch_2006Q1.txt,0.16546569764614105,0.19176669418811798,0.8266440033912659,True
YOUNG INNOVATIONS INC,2.0,0.56,0.53,transcripts_by_company/Young_Innovations_Inc_2012Q2.txt,0.05979754030704498,0.3897719085216522,0.8412101492285728,True
INTEL CORP,3.0,0.31,0.29,transcripts_by_company/Intel_Corporation_2007Q3.txt,0.16173304617404938,0.14782024919986725,0.8424407929182053,True
OCI PARTNERS LP,4.0,0.17,0.42,transcripts_by_company/OCI_Partners_LP_2015Q4.txt,0.131644606590271,0.25443235039711,0.8315190702676774,True
FISKER INC,3.0,-0.49,-0.43,transcripts_by_company/Fisker_Inc_2022Q3.txt,0.17344431579113007,0.20392780005931854,0.8174106389284134,True
VERIGY LTD,1.0,-0.7,0.38,transcripts_by_company/Verigy_Limited_2009Q1.txt,0.34089359641075134,0.38609689474105835,0.6455454140901566,True
MAXLINEAR INC,4.0,0.01,0.11,transcripts_by_company/MaxLinear_Inc_2010Q4.txt,0.21849794685840607,0.44920089840888977,0.7122911676764488,True
GOLD RESOURCE CORP,4.0,0.06,0.17,transcripts_by_company/Detour_Gold_2014Q4.txt,0.1407359093427658,0.14756467938423157,0.8572154596447945,True
INHIBITEX INC,1.0,-0.3,-0.4,transcripts_by_company/Inhibitex_Inc_2006Q1.txt,0.20704716444015503,0.17901484668254852,0.801362530887127,True
GENERAL CABLE CORP,1.0,0.79,0.54,transcripts_by_company/General_Cable_Corporation_2011Q1.txt,0.13220156729221344,0.3482443690299988,0.8029855921864509,True
OLD REPUBLIC INTERNATIONAL CORP,4.0,0.69,0.67,transcripts_by_company/Old_Republic_International_Corporation_2023Q4.txt,0.17786502838134766,0.3240916430950165,0.7782669872045518,True
STRYKER CORP,1.0,1.24,1.24,transcripts_by_company/Stryker_Corporation_2016Q1.txt,0.3833601772785187,0.19608759880065918,0.6728215962648392,True
ZAYO GROUP HOLDINGS INC,1.0,0.09,0.15,transcripts_by_company/Zayo_Group_Holdings_Inc_2018Q1.txt,0.16548961400985718,0.18874558806419373,0.827533593773842,True
JOS A BANK CLOTHIERS INC,4.0,0.5,0.39,transcripts_by_company/Jos_A_Bank_Clothiers_2008Q4.txt,0.2667006552219391,0.0,0.7332993447780609,False
COMPANHIA PARANAENSE DE ENERGIA,3.0,-0.094,0.12,transcripts_by_company/Companhia_Paranaense_de_Energia_2016Q3.txt,0.3509525656700134,0.3423847556114197,0.6516177773475647,True
ALCOA CORP,3.0,0.72,0.67,transcripts_by_company/Alcoa_Corporation_2017Q3.txt,0.07228047400712967,0.26956087350845337,0.8685354061424733,True
ANI PHARMACEUTICALS INC,2.0,0.67,0.93,transcripts_by_company/ANI_Pharmaceuticals_Inc_2021Q2.txt,0.16936589777469635,-0.052803825587034225,0.8972850192338229,True
UNIVERSAL HEALTH SERVICES INC,2.0,1.12,1.15,transcripts_by_company/Universal_Health_Services_Inc_2012Q2.txt,0.16725032031536102,0.24303705990314484,0.8100136578083038,True
ADOBE INC,1.0,1.55,1.17,transcripts_by_company/Adobe_Systems_Incorporated_2018Q1.txt,0.2438563108444214,0.0,0.7561436891555786,False
CAPITAL PRODUCT PARTNERS LP,1.0,0.08,0.1,transcripts_by_company/Capital_Product_Partners_LP_2014Q1.txt,0.20074474811553955,0.08148393034934998,0.8350334972143174,True
DIGITAL RIVER INC,1.0,0.26,0.2,transcripts_by_company/Digital_River_Incorporated_2004Q1.txt,0.19109900295734406,0.23723550140857697,0.7950600475072861,True
CARLISLE COMPANIES INC,4.0,0.69,0.73,transcripts_by_company/Carlisle_Companies_2004Q4.txt,0.20066304504871368,0.4057641327381134,0.7378066286444664,True
PUBLIC SERVICE ENTERPRISE GROUP,1.0,1.01,0.74,transcripts_by_company/Public_Service_Enterprise_Group_Inc_2014Q1.txt,0.15419349074363708,0.28192973136901855,0.8074856370687484,True
BLUE BUFFALO PET PRODUCTS INC,1.0,0.23,0.22,transcripts_by_company/Blue_Buffalo_Pet_Products_Inc_2017Q1.txt,0.16530390083789825,0.23570413887500763,0.8135760277509689,True
INTERSECT ENT INC,3.0,-0.35,-0.3,transcripts_by_company/Intersect_ENT_Inc_2015Q3.txt,0.08611202985048294,0.07639311999082565,0.9168036431074142,True
MAXWELL TECHNOLOGIES INC.,4.0,-0.14,-0.14,transcripts_by_company/Maxwell_Technologies_Inc_2017Q4.txt,0.18909834325313568,0.17999297380447388,0.8136332675814628,True
TTM TECHNOLOGIES INC,2.0,0.48,0.39,transcripts_by_company/TTM_Technologies_Inc_2018Q2.txt,0.20283851027488708,0.28469669818878174,0.7726040333509445,True
WEIBO CORP,1.0,0.56,0.63,transcripts_by_company/Weibo_Corporation_2019Q1.txt,0.112251415848732,0.303677499294281,0.8303207591176033,True
WIDEOPENWEST INC,2.0,0.05,0.14,transcripts_by_company/WideOpenWest_Inc_2022Q2.txt,0.1140882670879364,0.17606736719608307,0.8673180028796196,True
GOOD TIMES RESTAURANTS INC,2.0,-0.02,-0.02,transcripts_by_company/Good_Times_Restaurants_Inc_2017Q2.txt,0.3403128385543823,0.4509478211402893,0.6264966666698456,True
MOODY'S CORP,2.0,0.49,0.83,transcripts_by_company/Moodys_Corporation_2005Q2.txt,0.005598910618573427,0.08912791311740875,0.969342388631776,True
MANHATTAN ASSOCIATES INC,2.0,0.47,0.35,transcripts_by_company/Manhattan_Associates_Inc_2018Q2.txt,0.14789614081382751,0.2849884033203125,0.810976180434227,True
MIRAGEN THERAPEUTICS INC,2.0,-0.12,-0.17,transcripts_by_company/Miragen_Therapeutics_2020Q2.txt,0.14655762910842896,0.16875241696834564,0.846783934533596,True
CALIFORNIA MICRO DEVICES CP,1.0,-0.22,0.03,transcripts_by_company/California_Micro_Devices_Corp_2003Q1.txt,0.2907145023345947,0.1400311440229416,0.7544905051589013,True
UNITED INSURANCE HOLDINGS CORP,4.0,-0.02,0.57,transcripts_by_company/United_Insurance_Holdings_Corp_2018Q4.txt,0.137567400932312,0.3499753773212433,0.7987102061510086,True
WOODWARD GOVERNO,1.0,0.6,0.79,transcripts_by_company/Woodward_Inc_2017Q1.txt,0.09359440207481384,0.3332679867744446,0.8345035225152969,True
APAC CUSTOMER SERVICES,2.0,0.1,0.11,transcripts_by_company/APAC_Customer_Services_Inc_2011Q2.txt,0.2378082126379013,0.3690103590488434,0.7228311434388162,True
LOWE'S COMPANIES INC,2.0,1.06,0.89,transcripts_by_company/Lowes_Companies_2006Q2.txt,0.328350305557251,0.36982840299606323,0.6592062652111054,True
LAM RESEARCH CORP,2.0,0.8,0.7,transcripts_by_company/Lam_Research_2013Q2.txt,0.06138579919934273,0.10148485004901886,0.9265844855457545,True
TRIVAGO NV,2.0,-0.01,-0.02,transcripts_by_company/trivago_NV_2021Q2.txt,0.2056659609079361,0.26588180661201477,0.7762692853808404,True
INTERNATIONAL PAPER CO,3.0,0.75,0.84,transcripts_by_company/International_Paper_Co_2012Q3.txt,0.06029406189918518,0.19875819981098175,0.8981666967272759,True
NAVIGANT CONSULTING CO,4.0,0.31,0.24,transcripts_by_company/Navigant_Consulting_Inc_2012Q4.txt,0.3759239912033081,0.22525668144226074,0.6692762017250061,True
NIELSEN HOLDINGS NV,2.0,0.42,0.45,transcripts_by_company/Nielsen_Holdings_NV_2012Q2.txt,0.2679689824581146,0.17021995782852173,0.7613557249307632,True
GEORGIA GULF CORP,3.0,1.38,1.11,transcripts_by_company/Georgia_Gulf_2012Q3.txt,0.15171468257904053,0.11335565894842148,0.8597930245101452,True
ROYAL BANK OF CANADA,1.0,2.14,1.93,transcripts_by_company/Royal_Bank_of_Canada_2018Q1.txt,0.2423357516527176,0.10792896896600723,0.7979862831532956,True
TOWER SEMICONDUCTOR LTD,2.0,2.08,0.03,transcripts_by_company/Tower_Semiconductor_2012Q2.txt,0.1784614622592926,0.22667968273162842,0.8070730715990067,True
VIASAT INC,3.0,0.35,0.37,transcripts_by_company/ViaSat_Inc_2007Q3.txt,0.1942252665758133,0.2632264792919159,0.785074369609356,True
CYMABAY THERAPEUTICS INC,2.0,-0.16,-0.28,transcripts_by_company/CymaBay_Therapeutics_Inc_2020Q2.txt,0.11878529191017151,0.0,0.8812147080898285,False
LIMITED BRANDS INC,4.0,0.18,0.1,transcripts_by_company/Limited_Brands_Inc_2010Q4.txt,0.15483950078487396,0.1991814225912094,0.8318579226732254,True
SUPPORT.COM INC,3.0,-0.05,-0.01,transcripts_by_company/Supportcom_2015Q3.txt,0.03736718371510506,0.25023573637008667,0.8987722504884005,True
AMERICAN WATER WORKS COMPANY INC,4.0,0.55,0.55,transcripts_by_company/American_Water_Works_Company_Inc_2015Q4.txt,0.3591419458389282,0.12371795624494553,0.7114852510392666,True
AMERICAN WATER WORKS COMPANY INC,3.0,1.08,1.04,transcripts_by_company/American_Water_Works_Company_Inc_2017Q3.txt,0.2664399743080139,0.24996407330036163,0.7385027959942818,True
AMEREN CORP,4.0,0.6,0.74,transcripts_by_company/Ameren_Corporation_2023Q4.txt,0.14244306087493896,0.17788857221603394,0.8469232857227326,True
DMC GLOBAL INC,1.0,0.04,-0.07,transcripts_by_company/DMC_Global_Inc_2021Q1.txt,0.3020200729370117,0.38215404748916626,0.6739397346973419,True
INTERNATIONAL SPEEDWAY CORP,2.0,0.35,0.55,transcripts_by_company/International_Speedway_Corporation_2015Q2.txt,0.24129410088062286,0.11701014637947083,0.7959910854697227,True
TRACTOR SUPPLY CO,1.0,0.71,0.7,transcripts_by_company/Tractor_Supply_Company_2020Q1.txt,0.28009870648384094,0.1845855712890625,0.7485552340745927,True
MERITAGE CORPORATION,1.0,1.07,0.64,transcripts_by_company/Meritage_Homes_Corporation_2018Q1.txt,0.3436322510242462,0.27345484495162964,0.6774209707975387,True
CACI INTERNATIONAL INC,3.0,3.7,3.79,transcripts_by_company/CACI_International_Inc_2021Q3.txt,0.15053005516529083,0.3913887143135071,0.7772123470902443,True
BARNES & NOBLE EDUCATION INC,2.0,0.0,0.08,transcripts_by_company/Barnes_and_Noble_Inc_2017Q2.txt,0.16937017440795898,0.16813130676746368,0.8310014858841897,True
BREAD FINANCIAL HOLDINGS INC,3.0,2.69,3.27,transcripts_by_company/Bread_Financial_Holdings_Inc_2022Q3.txt,0.03800283372402191,0.008870359510183334,0.9707369085401296,True
MANITEX INTERNATIONAL INC,2.0,0.09,0.06,transcripts_by_company/Manitex_International_Inc_2011Q2.txt,0.26495224237442017,0.4064716696739197,0.69259192943573,True
AMERISOURCEBERGEN CORP,2.0,1.54,1.52,transcripts_by_company/AmerisourceBergen_Corporation_2018Q2.txt,0.09651362150907516,0.21619150042533875,0.8675830148160457,True
JAMBA INC,3.0,-0.02,0.04,transcripts_by_company/Jamba_Juice_2010Q3.txt,0.13983410596847534,0.19080397486686707,0.8448749333620071,True
MULTI FINELINE ELECTRONIX INC,3.0,0.12,0.23,transcripts_by_company/Multi-Fineline_Electronix_Inc_2007Q3.txt,0.30911028385162354,0.11084836721420288,0.7503682911396027,True
SEACHANGE INTERNATIONAL INC,4.0,0.13,0.23,transcripts_by_company/SeaChange_International_Inc_2011Q4.txt,-0.007860337384045124,0.2507495880126953,0.930277359765023,True
PLANET FITNESS INC,4.0,0.53,0.46,transcripts_by_company/5th_Planet_Games_AS_2022Q4.txt,0.1079946830868721,0.0,0.8920053169131279,False
DOLLAR THRIFTY AUTOMATIVE GROUP,1.0,-0.55,-0.33,transcripts_by_company/Dollar_Thrifty_Automotive_Group_2009Q1.txt,0.14748802781105042,0.30576077103614807,0.8050301492214202,True
ORACLE CORP,4.0,0.22,0.21,transcripts_by_company/Oracle_2006Q4.txt,0.12989750504493713,0.17705775797367096,0.8559544190764428,True
FTI CONSULTING INC,3.0,0.5,0.45,transcripts_by_company/FTI_Consulting_Inc_2007Q3.txt,0.08410695195198059,0.3806234300136566,0.8269381046295166,True
WATSCO INC,2.0,0.88,1.17,transcripts_by_company/Watsco_Inc_2007Q2.txt,0.23265975713729858,0.36319267749786377,0.7281803667545319,True
CARBONITE INC,1.0,0.27,0.22,transcripts_by_company/Carbonite_Inc_2018Q1.txt,0.2946237027645111,0.28707945346832275,0.7076395720243454,True
PENNTEX MIDSTREAM PARTNERS LP,1.0,0.12,0.23,transcripts_by_company/PennTex_Midstream_Partners_LP_2016Q1.txt,0.2040461152791977,-0.02554628998041153,0.864831606298685,True
FLUOR CORP,2.0,0.65,0.72,transcripts_by_company/Fluor_Corporation_2019Q2.txt,0.20083767175674438,0.09369277209043503,0.8313057981431484,True
APPHARVEST INC,4.0,-0.4,-0.3,transcripts_by_company/AppHarvest_Inc_2022Q4.txt,0.1328931301832199,0.15401197969913483,0.8607712149620056,True
O'CHARLEY'S INC,1.0,0.34,0.36,transcripts_by_company/OCharleys_Inc_2004Q1.txt,0.3571714758872986,0.2452896237373352,0.6763930797576905,True
TOLL BROTHERS IN,2.0,0.51,0.56,transcripts_by_company/Toll_Brothers_Inc_2016Q2.txt,0.2186550348997116,0.28907787799835205,0.7602181121706963,True
ICAD INC,1.0,-0.03,0.01,transcripts_by_company/iCAD_Inc_2010Q1.txt,0.3405497670173645,0.16643276810646057,0.7116853326559067,True
URS CORPORATION,2.0,0.73,0.75,transcripts_by_company/URS_Corp_2009Q2.txt,0.11863034218549728,0.21373401582241058,0.8528385557234287,True
TERNIUM SA,1.0,1.87,0.93,transcripts_by_company/Ternium_SA_2018Q1.txt,0.1630784422159195,0.3662587106227875,0.7759674772620201,True
MEMSIC INC,2.0,-0.06,0.11,transcripts_by_company/MEMSIC_Inc_2008Q2.txt,0.17826008796691895,0.3436747193336487,0.7721155226230622,True
GERON CORP,2.0,-0.14,-0.16,transcripts_by_company/Geron_Corporation_2006Q2.txt,0.1075563132762909,0.18982437252998352,0.8677632689476014,True
EXPRESS-1 EXPEDITED SOLUTIONS IN,1.0,0.02,0.02,transcripts_by_company/Express-1_Expedited_Solutions_Inc_2008Q1.txt,0.4417123794555664,0.2766525447368622,0.607805570960045,True
WATSON WYATT WORLDWIDE INC,3.0,0.77,0.62,transcripts_by_company/Watson_Wyatt_Worldwide_2007Q3.txt,0.25345128774642944,0.11471972614526749,0.7881681807339191,True
NORTHEAST UTILS,4.0,0.48,0.43,transcripts_by_company/Northeast_Utilities_2009Q4.txt,0.1543329507112503,0.15610745549201965,0.8451346978545189,True
UNITED DOMINION,1.0,0.05,0.11,transcripts_by_company/United_Dominion_Realty_Trust_Inc_2004Q1.txt,0.41243186593055725,0.13335856795310974,0.671290123462677,True
TUPPERWARE BRANDS CORP,4.0,0.5,0.81,transcripts_by_company/Tupperware_2002Q4.txt,0.12429812550544739,0.19192031025886536,0.8554152190685272,True
AMERICAN STATES WATER CO,3.0,0.85,0.91,transcripts_by_company/American_States_Water_Company_2023Q3.txt,0.2018107771873474,0.3530410826206207,0.7528201311826705,True
EQUITY BANCSHARES INC,2.0,0.94,0.69,transcripts_by_company/Equity_Bancshares_Inc_2022Q2.txt,0.12691321969032288,0.17612610757350922,0.8583229139447213,True
INSPIRE MEDICAL SYSTEMS INC,1.0,-0.53,-0.81,transcripts_by_company/Inspire_Medical_Systems_Inc_2023Q1.txt,0.410235732793808,0.1944105476140976,0.6545118227601052,True
SYNTA PHARMACEUTICALS CORP,1.0,-0.27,-0.26,transcripts_by_company/Synta_Pharmaceuticals_Corp_2012Q1.txt,0.19430963695049286,0.11032581329345703,0.8308855101466179,True
ARVINMERITOR INC,3.0,0.44,0.65,transcripts_by_company/ArvinMeritor_2004Q3.txt,0.1517617404460907,0.09943077713251114,0.8639375485479832,True
CINEMARK HOLDINGS INC,1.0,0.16,0.09,transcripts_by_company/Cinemark_Holdings_Inc_2009Q1.txt,0.21659837663173676,0.17090067267417908,0.7971109345555305,True
FRANKLIN RESOURCES INC,2.0,1.0,0.94,transcripts_by_company/Franklin_Resources_Inc_2005Q2.txt,0.18515120446681976,0.061997391283512115,0.8517949394881725,True
INDEPENDENT BANK CORP (MASSACHUS,1.0,0.48,0.5,transcripts_by_company/Independent_Bank_Corp_2008Q1.txt,0.20035603642463684,0.23360730707645416,0.789668582379818,True
CONSOLIDATED WATER CO LTD,3.0,0.09,0.19,transcripts_by_company/Consolidated_Water_2010Q3.txt,0.22900228202342987,0.0822703018784523,0.8150173120200634,True
GENUINE PARTS CO,4.0,0.63,0.6,transcripts_by_company/Genuine_Parts_2005Q4.txt,0.20791567862033844,0.45970040559768677,0.716548903286457,True
HOSPIRA INC,4.0,0.51,1.2,transcripts_by_company/Hospira_Inc_2011Q4.txt,0.249698206782341,0.47911134362220764,0.681477852165699,True
SNAP INC,1.0,-0.02,0.05,transcripts_by_company/Snap_Inc_2022Q1.txt,0.15846362709999084,0.2166808843612671,0.8240711957216262,True
HARRIS CORP,3.0,0.69,0.57,transcripts_by_company/Harris_Interactive_2006Q3.txt,0.3116556406021118,0.16227319836616516,0.7331590920686721,True
INNOVATIVE SOLUTIONS AND SUPPORT,1.0,-0.14,0.09,transcripts_by_company/Innovative_Solutions_and_Support_Inc_2007Q1.txt,0.14695028960704803,0.09751319885253906,0.8678808376193047,True
EXELON CORP,1.0,0.96,0.8,transcripts_by_company/Exelon_Corporation_2018Q1.txt,0.2773369252681732,0.04626147821545601,0.791985708847642,True
VERSAR INC,2.0,0.37,0.37,transcripts_by_company/Versar_Inc_2011Q2.txt,0.17245686054229736,0.18066725134849548,0.8250800222158432,True
OTTER TAIL CORP,4.0,0.45,0.57,transcripts_by_company/Otter_Tail_Corporation_2020Q4.txt,0.15508292615413666,0.08127628266811371,0.8670590668916702,True
SHIP FINANCE INTERNATIONAL LTD,4.0,0.8,1.28,transcripts_by_company/Ship_Finance_International_Ltd_2006Q4.txt,0.2649526596069336,0.11463168263435364,0.7801436334848404,True
FARFETCH LTD,1.0,-0.24,-0.29,transcripts_by_company/Farfetch_Limited_2022Q1.txt,0.22235015034675598,0.1678825169801712,0.7939901396632194,True
NXP SEMICONDUCTORS NV,4.0,0.37,0.49,transcripts_by_company/NXP_Semiconductors_2010Q4.txt,0.1649947464466095,0.3231958746910095,0.7875449150800705,True
PARK HOTELS & RESORTS INC,3.0,0.48,0.31,transcripts_by_company/Park_Hotels_and_Resorts_Inc_2017Q3.txt,0.15202559530735016,0.2489844411611557,0.8188867509365082,True
AWARE INC,2.0,-0.08,-0.02,transcripts_by_company/Aware_Inc_2009Q2.txt,0.27819570899009705,0.1672646850347519,0.7550835981965065,True
AVID TECHNOLOGY INC,2.0,0.26,0.28,transcripts_by_company/Avid_Technology_Inc_2022Q2.txt,0.040264975279569626,0.23485729098320007,0.9013573300093413,True
SHAW GROUP INC,4.0,0.75,0.74,transcripts_by_company/Shaw_Group_Inc_2008Q4.txt,0.21147675812244415,0.20545704662799835,0.7903291553258895,True
CLEARWATER PAPER CORP,2.0,1.74,-0.29,transcripts_by_company/Clearwater_Paper_Corporation_2023Q2.txt,0.3119199573993683,0.27969253063201904,0.6977482706308364,True
NPS PHARMACEUTICALS INCORPORATED,4.0,-0.14,-0.07,transcripts_by_company/NPS_Pharmaceuticals_Inc_2012Q4.txt,0.09985935688018799,0.09930898249149323,0.9003057554364204,True
PAREXEL INTERNATIONAL CORP,2.0,0.37,0.35,transcripts_by_company/PAREXEL_2007Q2.txt,0.14032036066055298,0.3435344696044922,0.7987154066562653,True
CRAWFORD  CO,3.0,0.13,0.1,transcripts_by_company/Crawford_and_Company_2008Q3.txt,0.19493114948272705,0.20338255167007446,0.8025334298610687,True
BAIDU INC,1.0,16.1,12.59,transcripts_by_company/Baidu_Inc_2023Q1.txt,0.30069655179977417,0.17411810159683228,0.7372769832611084,True
SAMPO OYJ,1.0,0.86,0.52,transcripts_by_company/Sampo_Oyj_2022Q1.txt,0.17531372606754303,0.24774685502052307,0.802956335246563,True
VALUEVISION MEDIA INC,3.0,-0.03,0.04,transcripts_by_company/ValueVision_Media_Inc_2014Q3.txt,0.3717701733112335,0.40008053183555603,0.6197367191314698,True
WJ COMMUNICATIONS,4.0,-0.01,0.02,transcripts_by_company/WJ_Communications_Inc_2007Q4.txt,0.17677614092826843,0.10864480584859848,0.8436632595956326,True
APPLIED DNA SCIENCES INC,2.0,-0.1,-0.05,transcripts_by_company/Applied_DNA_Sciences_Inc_2018Q2.txt,0.24933971464633942,0.217671200633049,0.7601608395576477,True
VERA BRADLEY INC,3.0,0.28,0.45,transcripts_by_company/Vera_Bradley_Inc_2021Q3.txt,0.09436436742544174,0.2067435383796692,0.8719218812882901,True
HECLA MINING CO,4.0,-0.03,0.04,transcripts_by_company/Hecla_Mining_Company_2004Q4.txt,0.22384704649448395,0.2175387442111969,0.7780454441905023,True
SCHNITZER STEEL INDUSTRIES INC,1.0,-0.43,0.26,transcripts_by_company/Schnitzer_Steel_Industries_Inc_2015Q1.txt,0.14605207741260529,0.21888703107833862,0.8320974364876748,True
BED BATH  BEYOND INC,3.0,1.16,1.14,transcripts_by_company/Bed_Bath_and_Beyond_Inc_2013Q3.txt,0.4088802635669708,0.0,0.5911197364330292,False
INTERNATIONAL FLAVORS & FRAGRANC,3.0,1.39,1.43,transcripts_by_company/International_Flavors_and_Fragrances_Inc_2015Q3.txt,0.1860509216785431,0.26201528310775757,0.7911597698926927,True
NORTHWEST PIPE CO,4.0,0.6,0.69,transcripts_by_company/Northwest_Pipe_Company_2007Q4.txt,0.3092007040977478,0.05054580420255661,0.7683957658708096,True
"ESSEX PROPERTY TRUST, INC.",2.0,0.38,0.43,transcripts_by_company/Essex_Property_Trust_Inc_2008Q2.txt,0.05770019814372063,0.1422584503889084,0.916932326182723,True
TELLABS INC,1.0,-0.04,-0.01,transcripts_by_company/Tellabs_Inc_2012Q1.txt,0.06369216740131378,0.19319851696491241,0.8974559277296066,True
WCI COMMUNITIES INC,3.0,-1.66,-0.27,transcripts_by_company/WCI_Communities_Inc_2007Q3.txt,0.311832070350647,0.34850946068763733,0.6771647125482559,True
HERLEY INDUSTRIES INCORPORAT,2.0,0.11,0.28,transcripts_by_company/Herley_Industries_Inc_2006Q2.txt,0.2942570149898529,0.12398729473352432,0.7568239010870457,True
PRINCIPAL FINANCIAL GROUP INC,2.0,1.46,1.48,transcripts_by_company/Principal_Financial_Group_Inc_2020Q2.txt,0.15962491929531097,0.18144947290420532,0.8338277146220208,True
EVERQUOTE INC,4.0,-0.26,-0.39,transcripts_by_company/EverQuote_Inc_2022Q4.txt,0.207386314868927,0.15047460794448853,0.8096871972084045,True
MKS INSTRUMENTS INC,2.0,0.21,0.3,transcripts_by_company/MKS_Instruments_Inc_2008Q2.txt,0.15678595006465912,0.3840927183628082,0.7750220194458961,True
CHART INDUSTRIES INC,3.0,0.26,0.5,transcripts_by_company/Chart_Industries_Inc_2015Q3.txt,0.42030537128448486,0.25657784938812256,0.6288128852844239,True
NEOSE TECHNOLOGIES INC,2.0,-0.08,-0.06,transcripts_by_company/Neose_Technologies_2008Q2.txt,0.2512628734111786,0.1807352900505066,0.769895401597023,True
MAGNOLIA OIL & GAS CORP,2.0,1.32,0.62,transcripts_by_company/Magnolia_Oil_and_Gas_Corporation_2022Q2.txt,0.15323010087013245,0.2296365201473236,0.8238479733467102,True
WEST BANCORPORATION INC,3.0,-0.02,0.26,transcripts_by_company/WEST_BANCORPORATION_INC_2008Q3.txt,0.1798669993877411,0.1541719138622284,0.8278415262699127,True
EXTREME NETWORKS INC,4.0,-0.05,-0.01,transcripts_by_company/Extreme_Networks_2003Q4.txt,0.040380559861660004,0.20486006140708923,0.9102755896747112,True
