ticker,period,eps_actual,eps_forecast,transcript_path,cosine_prepared,cosine_qa,nnw_final,has_qa_section
EVE HOLDING INC,2.0,-0.11,-0.11,transcripts_by_company/Eve_Holding_Inc_2023Q2.txt,0.13342422246932983,0.30938786268234253,0.8137866854667664,True
EMBARCADERO TECHNOLOGIES,3.0,0.07,0.06,transcripts_by_company/Embarcadero_Technologies_2003Q3.txt,0.07212357968091965,0.22669315338134766,0.881505548208952,True
US AUTO PARTS NETWORK INC,4.0,-0.1,0.03,transcripts_by_company/US_Auto_Parts_2010Q4.txt,0.3905598521232605,0.14189381897449493,0.6840399578213692,True
KIMBALL ELECTRONICS INC,4.0,0.28,0.22,transcripts_by_company/Kimball_Electronics_Inc_2016Q4.txt,0.23357133567333221,0.2538485527038574,0.7603454992175103,True
CARECOM INC,2.0,-0.16,-0.2,transcripts_by_company/Carecom_Inc_2015Q2.txt,0.12580738961696625,0.16012483835220337,0.8638973757624626,True
EQUINIX INC,1.0,0.81,0.85,transcripts_by_company/Equinix_Inc_2014Q1.txt,0.19670340418815613,0.2799108326435089,0.7783343672752381,True
AFLAC INC,3.0,1.82,1.63,transcripts_by_company/Aflac_Incorporated_2016Q3.txt,0.14499829709529877,0.28624340891838074,0.8126281693577766,True
VERA BRADLEY INC,2.0,-0.05,-0.11,transcripts_by_company/Vera_Bradley_Inc_2021Q2.txt,0.1600446254014969,0.40381109714508057,0.766825433075428,True
LANCASTER COLONY CORP,4.0,1.27,1.22,transcripts_by_company/Lancaster_Colony_Corp_2012Q4.txt,0.29849985241889954,0.36723411083221436,0.680879870057106,True
COTIVITI HOLDINGS INC,4.0,0.47,0.46,transcripts_by_company/Cotiviti_Holdings_Inc_2017Q4.txt,0.19324178993701935,0.26354163885116577,0.7856682553887367,True
CRA INTERNATIONAL INC,4.0,0.95,0.76,transcripts_by_company/CRA_International_Inc_2020Q4.txt,0.1807815134525299,0.3610948324203491,0.7651244908571243,True
BF GOODRICH COMPANY,1.0,0.47,0.41,transcripts_by_company/Goodrich_Corporation_2005Q1.txt,0.20995739102363586,0.15146593749523163,0.8075900450348854,True
ALTRA INDUSTRIAL MOTION CORP,4.0,0.41,0.35,transcripts_by_company/Altra_Industrial_Motion_Corp_2016Q4.txt,0.1692269742488861,0.24707730114459991,0.8074179276823998,True
SUNSTONE HOTEL INVESTORS INC,4.0,0.28,-0.05,transcripts_by_company/Sunstone_Hotel_Investors_Inc_2010Q4.txt,0.20787939429283142,0.32591521739959717,0.7567098587751389,True
BENEFITFOCUS INC,2.0,-0.1,-0.12,transcripts_by_company/Benefitfocus_Inc_2022Q2.txt,0.22015295922756195,0.2011212408542633,0.7855565562844277,True
PEBBLEBROOK HOTEL TRUST,4.0,-0.34,0.04,transcripts_by_company/Pebblebrook_Hotel_Trust_2022Q4.txt,0.10486547648906708,0.16245244443416595,0.8778584331274033,True
"URBAN OUTFITTERS, INC.",1.0,0.8,0.8,transcripts_by_company/Urban_Outfitters_Inc_2019Q1.txt,0.14595496654510498,0.24449528753757477,0.824482937157154,True
HURON CONSULTING GROUP INC,2.0,0.47,0.86,transcripts_by_company/Huron_Consulting_Group_2009Q2.txt,0.09612508863210678,0.054719701409339905,0.9162965275347232,True
EXPRESS INC,3.0,0.25,0.12,transcripts_by_company/Hoteles_City_Express_SAB_de_CV_2015Q3.txt,0.2947687804698944,0.19324690103530884,0.7356877833604812,True
KORN/FERRY INTERNATIONAL,1.0,0.26,0.36,transcripts_by_company/KornFerry_International_2012Q1.txt,0.37438035011291504,0.05656442791223526,0.7209644265472889,True
MARINA BIOTECH INC,1.0,-0.12,-0.27,transcripts_by_company/Marina_Biotech_Inc_2011Q1.txt,0.2961331903934479,0.18450333178043365,0.7373557671904565,True
CABOT CORP,1.0,0.83,0.98,transcripts_by_company/Cabot_Microelectronics_2014Q1.txt,0.2669067978858948,0.26333755254745483,0.7341639757156373,True
ALEXION PHARMACEUTICALS INC,1.0,1.28,1.23,transcripts_by_company/Alexion_Pharmaceuticals_Inc_2015Q1.txt,0.2401372343301773,0.1896447092294693,0.775010523200035,True
CABOT CORP,3.0,0.53,0.77,transcripts_by_company/Cabot_Oil_and_Gas_Corporation_2011Q3.txt,-0.03539412468671799,0.0,1.035394124686718,False
AMERICAN WATER WORKS COMPANY INC,1.0,0.25,0.27,transcripts_by_company/American_Water_Works_Company_Inc_2012Q1.txt,0.24951547384262085,0.2434033453464508,0.7523181647062301,True
ROCKWELL AUTOMATION INC,4.0,2.14,2.33,transcripts_by_company/Rockwell_Automation_Inc_2021Q4.txt,0.16533905267715454,0.2714083790779114,0.8028401494026185,True
REALPAGE INC,3.0,0.2,0.19,transcripts_by_company/RealPage_Inc_2016Q3.txt,0.08864597231149673,-0.013234834186732769,0.9419182696379721,True
THL CREDIT INC,2.0,0.35,0.34,transcripts_by_company/THL_Credit_Inc_2015Q2.txt,0.30661240220069885,0.026106318458914757,0.7775394229218364,True
FOAMIX PHARMACEUTICALS LTD,1.0,-0.14,-0.18,transcripts_by_company/Foamix_Pharmaceuticals_Ltd_2015Q1.txt,0.3070357143878937,0.17903444170951843,0.7313646674156189,True
QUOTIENT LTD,2.0,-0.24,-0.29,transcripts_by_company/Quotient_Limited_2021Q2.txt,0.3026430606842041,0.09183693677186966,0.7605987764894963,True
CENTRAL GARDEN  PET CO,2.0,0.47,0.39,transcripts_by_company/Central_Garden_and_Pet_Company_2012Q2.txt,0.22960227727890015,0.27900198101997375,0.7555778115987778,True
COMMSCOPE HOLDING COMPANY INC,4.0,0.47,0.75,transcripts_by_company/CommScope_Holding_Company_Inc_2017Q4.txt,0.09130765497684479,0.11536714434623718,0.9014744982123375,True
CVR ENERGY INC,3.0,0.37,0.17,transcripts_by_company/CVR_Energy_Inc_2017Q3.txt,0.2644041180610657,0.0,0.7355958819389343,False
SYNAPTICS INC,3.0,0.96,1.8,transcripts_by_company/Synaptics_Incorporated_2016Q3.txt,0.10301610082387924,0.07341821491718292,0.9058632649481296,True
DXP ENTERPRISES INC,1.0,0.42,0.36,transcripts_by_company/DXP_Enterprises_Inc_2011Q1.txt,0.09919082373380661,0.09019573777914047,0.9035077020525932,True
PRUDENTIAL FINANCIAL INC,4.0,2.46,2.31,transcripts_by_company/Prudential_Financial_Inc_2016Q4.txt,0.30293595790863037,0.2173079252243042,0.7227524518966675,True
KADANT INC,4.0,0.54,0.45,transcripts_by_company/Kadant_2007Q4.txt,0.14318189024925232,0.07742500305175781,0.876545175909996,True
MEDICINOVA INC,4.0,-0.21,-0.28,transcripts_by_company/MediciNova_Inc_2011Q4.txt,0.3204863369464874,0.23713380098342896,0.7045194238424302,True
UNISYS CORP,3.0,-0.33,-0.27,transcripts_by_company/Unisys_Corporation_2023Q3.txt,0.28438350558280945,-0.029444128274917603,0.8097647845745086,True
SBA COMMUNICATIONS CORP,4.0,-0.27,-0.08,transcripts_by_company/SBA_Communications_2007Q4.txt,0.13448122143745422,0.08764961361885071,0.8795682609081268,True
CELGENE CORP,4.0,0.73,0.7,transcripts_by_company/Celgene_Corporation_2010Q4.txt,0.33085936307907104,0.30289626121520996,0.6775295674800873,True
EL POLLO LOCO HOLDINGS INC,3.0,0.19,0.18,transcripts_by_company/El_Pollo_Loco_Holdings_Inc_2018Q3.txt,0.11979115754365921,0.1967688351869583,0.857115539163351,True
CARECLOUD INC,4.0,-0.01,-0.11,transcripts_by_company/CareCloud_Inc_2021Q4.txt,0.30666738748550415,0.2633225619792938,0.706336060166359,True
BIODEL INC,1.0,-0.49,-0.45,transcripts_by_company/Biodel_Inc_2009Q1.txt,0.1755492091178894,0.24865683913230896,0.8025185018777847,True
HANGER INC,1.0,-0.15,-0.09,transcripts_by_company/Hanger_Inc_2022Q1.txt,0.14474859833717346,0.16445179283618927,0.8493404433131218,True
IGATE CAPITAL CORPORATION,2.0,0.48,0.47,transcripts_by_company/iGATE_Corporation_2014Q2.txt,0.1803441047668457,0.3660784363746643,0.7639355957508087,True
TRADESTATION GROUP INC,3.0,0.17,0.14,transcripts_by_company/TradeStation_Group_Inc_2006Q3.txt,0.15864817798137665,0.18705692887306213,0.8328291967511177,True
UNITED FIRE GROUP INC,1.0,1.0,0.85,transcripts_by_company/United_Fire_Group_Inc_2018Q1.txt,0.0995812937617302,0.12657730281352997,0.8923199035227298,True
CONFORMIS INC,2.0,0.21,-0.07,transcripts_by_company/Conformis_Inc_2021Q2.txt,0.22706735134124756,0.0,0.7729326486587524,False
FIRST STATE BANCORPORATION,1.0,-1.19,0.11,transcripts_by_company/First_State_Bancorporation_2009Q1.txt,0.21756024658679962,0.17755958437919617,0.7944399520754815,True
STANLEY FURNITURE CO,1.0,-0.22,0.06,transcripts_by_company/Stanley_Furniture_Company_Inc_2009Q1.txt,0.20810189843177795,0.15620197355747223,0.8074680790305138,True
NIKE INC,3.0,1.23,1.56,transcripts_by_company/NIKE_Inc_2012Q3.txt,0.3475004732608795,0.08295271545648575,0.7318638540804386,True
CHANGE HEALTHCARE INC,2.0,0.38,0.44,transcripts_by_company/Change_Healthcare_Inc_2022Q2.txt,0.1641327142715454,0.0,0.8358672857284546,False
ISSUER DIRECT CORP,4.0,0.1,0.09,transcripts_by_company/Issuer_Direct_Corporation_2018Q4.txt,0.09828754514455795,0.44283944368362427,0.7983468852937221,True
ROMEO POWER INC,1.0,-0.34,-0.27,transcripts_by_company/Romeo_Power_Inc_2022Q1.txt,0.09274086356163025,0.11255545169115067,0.9013147599995136,True
COINSTAR INC,4.0,0.18,0.16,transcripts_by_company/Coinstar_Inc_2006Q4.txt,0.09778790175914764,0.030492423102259636,0.9224007418379188,True
MAZOR ROBOTICS LTD,2.0,-0.15,-0.17,transcripts_by_company/Mazor_Robotics_Ltd_2017Q2.txt,0.23080021142959595,0.19633468985557556,0.7795394450426102,True
DR PEPPER SNAPPLE GROUP INC,3.0,0.6,0.67,transcripts_by_company/Dr_Pepper_Snapple_Group_Inc_2010Q3.txt,0.11533372104167938,0.19036373496055603,0.8621572747826576,True
OSI SYSTEMS INC,2.0,1.02,1.1,transcripts_by_company/OSI_Systems_Inc_2013Q2.txt,0.23114967346191406,0.29637154936790466,0.7492837637662888,True
MF GLOBAL HOLDINGS LTD,2.0,0.1,0.12,transcripts_by_company/MF_Global_Holdings_Ltd_2011Q2.txt,0.12474773824214935,0.17052578926086426,0.8615188464522362,True
JDS UNIPHASE CORP,2.0,-0.02,0.0,transcripts_by_company/JDS_Uniphase_Corporation_2005Q2.txt,0.056468263268470764,0.18819560110569,0.9040135353803634,True
DECIPHERA PHARMACEUTICALS INC,1.0,-1.25,-0.75,transcripts_by_company/Deciphera_Pharmaceuticals_Inc_2019Q1.txt,0.059000562876462936,0.0,0.9409994371235371,False
LUBY'S INC.,2.0,-0.02,0.0,transcripts_by_company/Lubys_Inc_2009Q2.txt,0.20418919622898102,0.07322213798761368,0.8351009212434292,True
DISH NETWORK CORP,2.0,0.14,0.59,transcripts_by_company/DISH_Network_Corporation_2009Q2.txt,0.17125573754310608,0.3242073357105255,0.7828587830066681,True
LMI AEROSPACE INC,2.0,0.43,0.46,transcripts_by_company/LMI_Aerospace_Inc_2012Q2.txt,0.2795771360397339,0.22815610468387604,0.7358491733670235,True
TOWN SPORTS INTERNATIONAL HOLDIN,3.0,0.2,0.12,transcripts_by_company/Town_Sports_International_Holdings_Inc_2006Q3.txt,0.1804063320159912,0.2010893076658249,0.8133887752890587,True
SAREPTA THERAPEUTICS INC,2.0,-0.6,-0.39,transcripts_by_company/Sarepta_Therapeutics_Inc_2013Q2.txt,0.23675207793712616,0.20540651679039001,0.7726515904068947,True
GENESCO INC,2.0,0.98,0.86,transcripts_by_company/Genesco_2012Q2.txt,0.13000640273094177,0.14823533594608307,0.8645249173045159,True
DIAMEDICA THERAPEUTICS INC,4.0,-0.14,-0.24,transcripts_by_company/DiaMedica_Therapeutics_Inc_2022Q4.txt,0.23602525889873505,0.18227419257164001,0.7801000609993936,True
BUILD-A-BEAR WORKSHOP INC,3.0,-0.82,-0.01,transcripts_by_company/Build-A-Bear_Workshop_Inc_2020Q3.txt,0.1597224324941635,0.1810421347618103,0.8338816568255425,True
CROWN CRAFTS INC,2.0,0.09,0.06,transcripts_by_company/Crown_Crafts_Inc_2012Q2.txt,0.09099320322275162,0.27878206968307495,0.8526701368391514,True
NOKIA CORP,2.0,0.29,0.25,transcripts_by_company/Nokia_2006Q2.txt,0.12696421146392822,0.1211651936173439,0.874775493890047,True
PARADYNE NETWORKS INC.,3.0,-0.05,-0.07,transcripts_by_company/Paradyne_2003Q3.txt,0.09346865862607956,0.09295297414064407,0.9066860467195511,True
NORTHERN TECHNOLOGIES INTERNATIO,1.0,0.1,0.23,transcripts_by_company/Northern_Technologies_International_Corporation_2023Q1.txt,0.3048079013824463,0.3605576157569885,0.678467184305191,True
"EAST WEST BANCORP, INC.",3.0,1.17,1.14,transcripts_by_company/East_West_Bancorp_Inc_2018Q3.txt,0.2636975646018982,0.17977787554264069,0.7614783421158791,True
CRACKER BARREL OLD COUNTRY STORE,1.0,0.81,0.76,transcripts_by_company/Cracker_Barrel_Old_Country_Store_Inc_2009Q1.txt,0.2679525315761566,0.2235756516456604,0.7453605324029923,True
AMBEV SA,2.0,0.04,0.01,transcripts_by_company/Ambev_SA_2017Q2.txt,0.20697557926177979,0.40243756771087646,0.7343858242034913,True
CONCEPTUS INC,1.0,-0.09,0.0,transcripts_by_company/Conceptus_2011Q1.txt,0.14372529089450836,0.13169047236442566,0.8598851546645164,True
STERLING FINANCIAL CORP (PA),1.0,0.4,0.43,transcripts_by_company/Sterling_Financial_Corporation_2005Q1.txt,0.1723850518465042,0.245771124958992,0.8055991262197495,True
AETNA INC,1.0,1.98,1.58,transcripts_by_company/Aetna_Inc_2014Q1.txt,0.187819242477417,0.0,0.812180757522583,False
VITAL SIGNS INC,3.0,0.62,0.67,transcripts_by_company/Vital_Signs_2006Q3.txt,0.20617333054542542,-0.020753396674990654,0.8619046876206994,True
CAMBRIDGE HEART INC,2.0,-0.03,-0.01,transcripts_by_company/Cambridge_Heart_Inc_2007Q2.txt,0.419518381357193,0.13799583911895752,0.6649383813142777,True
AMERICAN CAMPUS COMMUNITIES INC,2.0,-0.03,0.02,transcripts_by_company/American_Campus_Communities_Inc_2008Q2.txt,0.12862853705883026,0.07261298596858978,0.8881761282682419,True
PDF SOLUTIONS INC,3.0,0.2,0.09,transcripts_by_company/PDF_Solutions_Inc_2022Q3.txt,0.27855297923088074,0.17572078108787537,0.7522966802120209,True
RAM HOLDINGS LTD,3.0,0.5,0.41,transcripts_by_company/RAM_Holdings_Ltd_2007Q3.txt,0.1242704764008522,0.06669096648693085,0.8930033765733242,True
ASTRAZENECA PLC,2.0,1.08,0.96,transcripts_by_company/AstraZeneca_PLC_2023Q2.txt,0.29953116178512573,0.13162317872047424,0.7508412331342698,True
CELLECTIS SA,1.0,-0.58,-0.72,transcripts_by_company/Cellectis_SA_2023Q1.txt,0.06300250440835953,0.14059118926525116,0.913720890134573,True
LIN TELEVISION,2.0,0.31,0.25,transcripts_by_company/Tandberg_Television_2004Q2.txt,0.24182336032390594,0.2223765254020691,0.7640106901526451,True
RADNET INC,2.0,0.27,0.16,transcripts_by_company/RadNet_Inc_2021Q2.txt,0.3477047383785248,0.1746816784143448,0.7042021796107292,True
DSP GROUP INC,4.0,0.06,0.04,transcripts_by_company/DSP_Group_Inc_2012Q4.txt,0.06127398461103439,0.19504797458648682,0.8985938183963299,True
MEDNAX INC,4.0,1.19,1.23,transcripts_by_company/MEDNAX_Inc_2011Q4.txt,0.11922109127044678,0.32686078548431396,0.818487000465393,True
URS CORPORATION,3.0,0.73,0.66,transcripts_by_company/URS_Corporation_2007Q3.txt,0.24080359935760498,0.32130756974220276,0.7350452095270157,True
AVANGRID INC,4.0,0.67,0.66,transcripts_by_company/AVANGRID_Inc_2016Q4.txt,0.32051989436149597,0.23449018597602844,0.7052890181541442,True
TRIMERIS INC,3.0,0.16,0.01,transcripts_by_company/Trimeris_Inc_2006Q3.txt,0.1836216151714325,0.2831837236881256,0.7865097522735596,True
DOMINION ENERGY INC,4.0,0.9,0.88,transcripts_by_company/Dominion_Energy_Inc_2021Q4.txt,0.250726580619812,0.3387073874473572,0.7228791773319245,True
VERU INC,4.0,-0.08,-0.07,transcripts_by_company/Veru_Inc_2021Q4.txt,0.34337711334228516,0.11540891230106354,0.7250133469700814,True
"WESTPOINT STEVENS, INC.",1.0,-0.31,0.02,transcripts_by_company/WestPoint_Stevens_2003Q1.txt,0.3424461781978607,0.0,0.6575538218021393,False
COMPUDYNE CORP,4.0,-0.06,0.06,transcripts_by_company/CompuDyne_2005Q4.txt,0.28732070326805115,0.38574784994125366,0.683151152729988,True
EASTGROUP PROPERTIES INC,4.0,1.75,0.69,transcripts_by_company/EastGroup_Properties_Inc_2021Q4.txt,0.1928073614835739,0.18529322743415833,0.8094468787312508,True
ARTHROCARE CORPORATION,4.0,0.31,0.3,transcripts_by_company/ArthroCare_2005Q4.txt,0.10441308468580246,0.34684211015701294,0.8228582076728344,True
NVIDIA CORP,2.0,0.36,0.36,transcripts_by_company/NVIDIA_Corporation_2008Q2.txt,0.1265370398759842,0.19244034588336945,0.8536919683218003,True
LTC PROPERTIES INC,3.0,0.88,0.55,transcripts_by_company/LTC_Properties_Inc_2018Q3.txt,0.2397768348455429,0.11385004967451096,0.7980012007057666,True
KAMAN CORP,1.0,0.41,0.54,transcripts_by_company/Kaman_Corporation_2016Q1.txt,0.2326183319091797,0.1402663290500641,0.7950872689485551,True
HARLEY-DAVIDSON INC,2.0,0.59,0.39,transcripts_by_company/Harley-Davidson_2010Q2.txt,0.18123053014278412,0.15661007165908813,0.8261556074023246,True
UNITED STATIONERS INC,2.0,0.59,1.18,transcripts_by_company/United_Stationers_Inc_2011Q2.txt,0.06572208553552628,0.24086889624595642,0.8817338712513447,True
RPT REALTY,3.0,0.13,0.01,transcripts_by_company/RPT_Realty_2022Q3.txt,0.16927452385425568,0.2088497281074524,0.8188529148697854,True
ACM RESEARCH INC,1.0,0.11,0.15,transcripts_by_company/ACM_Research_Inc_2020Q1.txt,0.05715080723166466,0.31456321477890015,0.8656254705041647,True
T-MOBILE US INC,4.0,0.61,0.43,transcripts_by_company/T-Mobile_US_Inc_2017Q4.txt,0.20859649777412415,0.023766040802001953,0.8468526393175125,True
FARO TECHNOLOGIES INC,2.0,-0.03,0.32,transcripts_by_company/FARO_Technologies_Inc_2022Q2.txt,0.33784303069114685,0.504219114780426,0.6122441440820694,True
SEATTLE GENETICS INC /WA,3.0,-0.12,-0.08,transcripts_by_company/Seattle_Genetics_Inc_2012Q3.txt,0.10778862982988358,0.2878710627555847,0.8381866402924061,True
QWEST COMMUNICATIONS INTL,4.0,0.12,0.09,transcripts_by_company/Qwest_Communications_2010Q4.txt,0.10738706588745117,0.12840934097766876,0.8863062515854836,True
SERES THERAPEUTICS INC,4.0,-0.63,-0.44,transcripts_by_company/Seres_Therapeutics_Inc_2016Q4.txt,0.2869987487792969,0.21710605919361115,0.7339690580964089,True
VIVINT SOLAR INC,4.0,-0.11,0.11,transcripts_by_company/Vivint_Solar_Inc_2018Q4.txt,0.17942585051059723,0.2409379482269287,0.8021205201745033,True
EVOFEM BIOSCIENCES INC,2.0,-0.27,-0.36,transcripts_by_company/Evofem_Biosciences_Inc_2021Q2.txt,0.14999136328697205,0.0,0.850008636713028,False
FLOTEK INDUSTRIES INC,1.0,-0.2,-0.09,transcripts_by_company/Flotek_Industries_Inc_2019Q1.txt,0.2760726511478424,0.2552306652069092,0.7301799446344376,True
MODTECH HOLDINGS INC,3.0,-0.66,0.21,transcripts_by_company/Modtech_Holdings_Inc_2005Q3.txt,0.2741162180900574,0.19321343302726746,0.7501546174287796,True
NANOMETRICS INC,2.0,0.26,0.11,transcripts_by_company/Nanometrics_Incorporated_2016Q2.txt,0.1279735118150711,0.3921891152858734,0.7927618071436882,True
POWELL INDUSTRIES INC,3.0,0.99,0.55,transcripts_by_company/Powell_Industries_Incorporated_2012Q3.txt,0.209842249751091,0.18374232947826385,0.7979877263307571,True
MOLDFLOW CORP,4.0,0.35,0.23,transcripts_by_company/Moldflow_Corp_2007Q4.txt,0.17088231444358826,0.27923300862312317,0.7966124773025512,True
AMETEK INC,3.0,0.52,0.54,transcripts_by_company/Ametek_Inc_2013Q3.txt,0.14296557009220123,0.3991415798664093,0.7801816269755364,True
OPEN TEXT CORP (PRE-REINCORPORAT,2.0,0.73,0.69,transcripts_by_company/Open_Text_2009Q2.txt,0.10715028643608093,0.1467546671628952,0.8809683993458748,True
ENTEGRIS INC,2.0,1.0,0.97,transcripts_by_company/Entegris_Inc_2022Q2.txt,0.09661433100700378,0.2288801372051239,0.8637059271335602,True
GERON CORP,2.0,-0.05,-0.06,transcripts_by_company/Geron_Corporation_2016Q2.txt,0.2606542110443115,0.17556245625019073,0.7648733153939247,True
EMBARCADERO TECHNOLOGIES,3.0,0.05,0.08,transcripts_by_company/Embarcadero_Technologies_Inc_2002Q3.txt,0.24937108159065247,0.3297233581542969,0.7265232354402542,True
ORCHID CELLMARK INC,2.0,-0.03,-0.05,transcripts_by_company/Orchid_Cellmark_2007Q2.txt,0.2720206379890442,0.2178444266319275,0.7442322254180909,True
JOHNSON  JOHNSON,3.0,1.17,1.13,transcripts_by_company/EF_Johnson_Technologies_Inc_2008Q3.txt,0.4097582697868347,0.218948096036911,0.6474847823381424,True
INSPIRE PHARMACEUTICALS INC,1.0,-0.34,-0.27,transcripts_by_company/Inspire_Pharmaceuticals_Inc_2009Q1.txt,0.16423870623111725,0.15302950143814087,0.8391240552067757,True
FARO TECHNOLOGIES INC,2.0,0.36,0.37,transcripts_by_company/FARO_Technologies_Inc_2014Q2.txt,0.26503148674964905,0.2059400975704193,0.7526959300041198,True
"URBAN OUTFITTERS, INC.",1.0,0.24,0.39,transcripts_by_company/Urban_Outfitters_2009Q1.txt,0.13945332169532776,0.012693376280367374,0.8985746619291604,True
DYNAMICS RESEARCH CORP,1.0,0.15,0.17,transcripts_by_company/Dynamics_Research_Corp_2008Q1.txt,0.17576657235622406,0.1800546646118164,0.8229469999670982,True
COUNTRYWIDE FINANCIAL CORP,1.0,0.72,1.06,transcripts_by_company/Countrywide_Financial_Corp_2007Q1.txt,0.23800121247768402,0.33247917890548706,0.733655397593975,True
REGENCY CENTERS CORP,3.0,0.58,0.42,transcripts_by_company/Regency_Centers_Corporation_2004Q3.txt,0.19819515943527222,0.1622714251279831,0.8125819608569145,True
VITALWORKS INC,3.0,0.08,0.06,transcripts_by_company/VitalWorks_Inc_2002Q3.txt,0.3206545412540436,0.16493918001651764,0.7260600671172142,True
DAIMLER AG,1.0,2.12,2.0,transcripts_by_company/Daimler_AG_2018Q1.txt,0.17229114472866058,0.12283922731876373,0.8425444304943085,True
KAMAN CORP,3.0,0.57,0.88,transcripts_by_company/Kaman_Corporation_2018Q3.txt,0.2658188045024872,0.26956242322921753,0.7330581098794937,True
CONN'S INC,4.0,0.59,0.52,transcripts_by_company/Conns_Inc_2018Q4.txt,0.2804648280143738,0.36891478300094604,0.6930001854896546,True
FORMFACTOR INC,1.0,0.16,0.36,transcripts_by_company/FormFactor_Inc_2023Q1.txt,0.37082117795944214,0.4053550958633423,0.6188186466693879,True
ALLIANT ENERGY CORP,1.0,0.62,0.65,transcripts_by_company/Alliant_Energy_2008Q1.txt,0.21098461747169495,0.13536332547664642,0.8117017701268197,True
HILLMAN SOLUTIONS CORP,2.0,0.14,0.11,transcripts_by_company/The_Hillman_Group_2022Q2.txt,0.24082721769809723,0.15220676362514496,0.7857589185237884,True
CAMPBELL SOUP CO,1.0,0.65,0.73,transcripts_by_company/Campbell_Soup_Company_2009Q1.txt,0.21934567391872406,0.0,0.7806543260812759,False
LEXINGTON REALTY TRUST,1.0,-0.01,-0.01,transcripts_by_company/Lexington_Realty_Trust_2012Q1.txt,0.36281025409698486,0.09438985586166382,0.7177158653736114,True
GENERAL FINANCE CORP,3.0,-0.04,-0.06,transcripts_by_company/General_Finance_Corporation_2017Q3.txt,0.19973747432231903,0.24079856276512146,0.7879441991448403,True
AURIZON MINES LTD,2.0,0.03,0.02,transcripts_by_company/AURIZON_MINES_LTD_2010Q2.txt,0.1399451643228531,0.017902979627251625,0.8966674910858273,True
HAWAIIAN HOLDINGS INC,2.0,0.35,0.29,transcripts_by_company/Hawaiian_Holdings_Inc_2014Q2.txt,0.175984188914299,0.2201983481645584,0.8107515633106231,True
LIGHTPATH TECHNOLOGIES INC,4.0,-0.03,-0.01,transcripts_by_company/LightPath_Technologies_Inc_2022Q4.txt,0.28722307085990906,0.1378360241651535,0.7575930431485176,True
CVR ENERGY INC,1.0,0.26,-0.12,transcripts_by_company/CVR_Energy_Inc_2017Q1.txt,0.2685398757457733,0.10212808847427368,0.7813836604356765,True
OPPFI INC,2.0,0.08,0.19,transcripts_by_company/OppFi_Inc_2022Q2.txt,0.30352821946144104,0.19204168021678925,0.7299177423119545,True
ARTHUR J GALLAGHER & CO,1.0,3.03,3.02,transcripts_by_company/Arthur_J_Gallagher_and_Co_2023Q1.txt,0.12932036817073822,0.3357744812965393,0.8087433978915215,True
ENTERGY CORP,3.0,2.41,1.95,transcripts_by_company/Entergy_Corp_2013Q3.txt,0.23891828954219818,0.13875050842761993,0.7911320447921752,True
CARMAX INC,2.0,1.33,1.21,transcripts_by_company/CarMax_Inc_2018Q2.txt,0.1643531769514084,0.22947388887405396,0.816110609471798,True
MONTPELIER RE HOLDING,4.0,1.13,0.62,transcripts_by_company/Montpelier_Re_Holdings_Ltd_2009Q4.txt,0.19889529049396515,0.07349778711795807,0.838723960518837,True
FRONTIER AIRLINES HOLDINGS INC,3.0,0.45,0.16,transcripts_by_company/Frontier_Airlines_2007Q3.txt,0.3011385202407837,0.10220621526241302,0.7585411712527275,True
CERADYNE INC CAL,2.0,0.4,0.37,transcripts_by_company/Ceradyne_Inc_2004Q2.txt,0.23220795392990112,0.13543164730072021,0.7968249380588532,True
EQUIFAX INC,3.0,0.52,0.51,transcripts_by_company/Equifax_Inc_2006Q3.txt,0.2533867061138153,0.0,0.7466132938861847,False
CARDIOTECH INTERNATIONAL,3.0,-0.02,-0.03,transcripts_by_company/CardioTech_Intl_2006Q3.txt,0.2292214035987854,0.3555973172187805,0.732865822315216,True
PENN NATIONAL GAMING INC,2.0,0.49,0.53,transcripts_by_company/Penn_National_Gaming_2007Q2.txt,0.10396388918161392,0.10911248624324799,0.8944915316998958,True
SENSIENT TECHNOLOGIES CORP,2.0,0.74,0.74,transcripts_by_company/Sensient_Technologies_Corp_2013Q2.txt,0.14291828870773315,0.4508543610572815,0.7647008895874023,True
ROBINHOOD MARKETS INC,4.0,-0.49,-0.32,transcripts_by_company/Robinhood_Markets_Inc_2021Q4.txt,0.1385595053434372,0.1898667812347412,0.8460483118891716,True
ANALOG DEVICES INC,4.0,1.45,1.21,transcripts_by_company/Analog_Devices_Inc_2017Q4.txt,0.31152161955833435,0.309937059879303,0.6889537483453751,True
U.S. SHIPPING PARTNERS LP,3.0,-0.02,0.3,transcripts_by_company/US_Shipping_Partners_LP_2006Q3.txt,0.399232417345047,-0.0398133285343647,0.7324813064187765,True
OVERSTOCK.COM INC,3.0,0.07,0.15,transcripts_by_company/Overstockcom_Inc_2014Q3.txt,0.20457065105438232,0.10747216641902924,0.8245588943362236,True
TELIK INC,4.0,-0.47,-0.64,transcripts_by_company/Telik_Inc_2004Q4.txt,0.19491510093212128,0.0,0.8050848990678787,False
MEDIFAST INC,1.0,0.17,0.12,transcripts_by_company/Medifast_Inc_2009Q1.txt,0.26529866456985474,0.3691421151161194,0.7035483002662659,True
PAN AMERICAN SILVER CORP,2.0,0.2,0.37,transcripts_by_company/Pan_America_Silver_2010Q2.txt,0.34993621706962585,0.1291995793581009,0.7162847742438316,True
CAPITAL PRODUCT PARTNERS LP,2.0,0.1,0.12,transcripts_by_company/Crown_Capital_Partners_Inc_2016Q2.txt,0.2017730474472046,0.2898153066635132,0.7718142747879029,True
ALTAIR ENGINEERING INC,4.0,0.09,0.23,transcripts_by_company/Altair_Engineering_Inc_2019Q4.txt,0.2813228666782379,0.28668591380119324,0.7170682191848755,True
AMERISOURCEBERGEN CORP,3.0,1.89,1.74,transcripts_by_company/AmerisourceBergen_Corporation_2020Q3.txt,0.20235441625118256,0.31726697087287903,0.7631718173623085,True
INSULET CORP,1.0,-0.31,-0.2,transcripts_by_company/Insulet_Corporation_2012Q1.txt,0.26821309328079224,0.09760764241218567,0.7829685419797897,True
ZOOM COMMUNICATIONS INC,1.0,1.22,0.3,transcripts_by_company/Zoom_Video_Communications_Inc_2021Q1.txt,0.3004184663295746,0.18622899055480957,0.7338383764028549,True
VISHAY INTERTECHNOLOGY INC,4.0,0.69,0.63,transcripts_by_company/Vishay_Intertechnology_Inc_2022Q4.txt,0.10489484667778015,0.37044981122016907,0.8154386639595032,True
SCHNEIDER NATIONAL INC,1.0,0.21,0.34,transcripts_by_company/Schneider_National_Inc_2019Q1.txt,0.17609144747257233,0.2170330137014389,0.8116260826587677,True
WEYERHAEUSER CO,4.0,0.41,0.54,transcripts_by_company/Weyerhaeuser_Company_2002Q4.txt,0.3537331819534302,0.14073346555233002,0.7101667329668999,True
PAYCHEX INC,4.0,0.39,0.42,transcripts_by_company/Paychex_2008Q4.txt,0.2558917999267578,0.171005517244339,0.7695740848779679,True
NCI BUILDING SYSTEMS INC,1.0,-0.54,-0.44,transcripts_by_company/NCI_Building_Systems_Inc_2012Q1.txt,0.15400570631027222,0.27477046847343445,0.8097648650407792,True
HENRY SCHEIN INC,4.0,1.67,1.72,transcripts_by_company/Henry_Schein_Inc_2015Q4.txt,0.32458797097206116,0.0,0.6754120290279388,False
LECROY CORPORATION,3.0,0.1,0.02,transcripts_by_company/LeCroy_Corporation_Inc_2003Q3.txt,0.2835022807121277,0.28993427753448486,0.7145681202411651,True
EPLUS INC,1.0,0.26,0.28,transcripts_by_company/ePlus_2004Q1.txt,0.1860385239124298,0.1467776745557785,0.8257397308945655,True
ELAN PLC,4.0,-0.18,-0.1,transcripts_by_company/Elan_Corporation_PLC_2007Q4.txt,0.10494405776262283,0.13608576357364655,0.88571343049407,True
LEXINGTON REALTY TRUST,2.0,0.14,0.1,transcripts_by_company/Lexington_Realty_Trust_2015Q2.txt,0.14875350892543793,0.22868302464485168,0.8272676363587379,True
BAVARIAN NORDIC A/S,1.0,-0.2,0.8,transcripts_by_company/Bavarian_Nordic_AS_2017Q1.txt,0.1694014072418213,0.06742013245820999,0.8611929751932621,True
ARBITRON INC,2.0,0.13,0.16,transcripts_by_company/Arbitron_Inc_2007Q2.txt,0.17682905495166779,0.21179944276809692,0.8126798287034035,True
EVENTBRITE INC,4.0,-0.21,-0.13,transcripts_by_company/Eventbrite_Inc_2020Q4.txt,0.07656946033239365,0.25619155168533325,0.8695439122617244,True
DCP MIDSTREAM PARTNERS LP,1.0,0.3,0.25,transcripts_by_company/DCP_Midstream_Partners_2006Q1.txt,0.24843861162662506,0.12026671320199966,0.7900129579007625,True
CAMECO CORP,2.0,0.16,0.33,transcripts_by_company/Cameco_Corp_2012Q2.txt,0.20144785940647125,0.20553620159626007,0.7973256379365921,True
COMPASS INC,3.0,-0.08,-0.04,transcripts_by_company/Compass_Minerals_International_Inc_2023Q3.txt,0.02846243418753147,0.2195916771888733,0.914198792912066,True
QUESTCOR PHARMACEUTICALS,2.0,0.14,0.15,transcripts_by_company/Questcor_Pharmaceuticals_Inc_2010Q2.txt,0.19408147037029266,0.11477030813694,0.8297118782997132,True
CARDIAC SCIENCE CORP,4.0,0.0,0.15,transcripts_by_company/Cardiac_Science_Inc_2006Q4.txt,0.13047750294208527,0.3589065968990326,0.8009937688708305,True
STEALTHGAS INC,3.0,0.16,0.07,transcripts_by_company/StealthGas_Inc_2023Q3.txt,0.1416792869567871,0.18926739692687988,0.844044280052185,True
BARFRESH FOOD GROUP INC,3.0,0.0,0.0,transcripts_by_company/Barfresh_Food_Group_Inc_2021Q3.txt,0.3163297772407532,0.22962720692157745,0.7096809938549995,True
PAYCHEX INC,1.0,0.44,0.42,transcripts_by_company/Paychex_Incorporated_2014Q1.txt,0.15520572662353516,0.11937008798122406,0.8555449649691582,True
BEASLEY BROADCAST GROUP INC,2.0,0.15,0.11,transcripts_by_company/Beasley_Broadcast_Group_Inc_2004Q2.txt,0.16868184506893158,0.0,0.8313181549310684,False
KAPSTONE PAPER AND PACKAGING COR,2.0,0.22,0.2,transcripts_by_company/KapStone_Paper_and_Packaging_Corporation_2008Q2.txt,0.3261536657810211,0.13734574615955353,0.7304887101054192,True
RETROPHIN INC,1.0,0.02,-0.94,transcripts_by_company/Retrophin_Inc_2020Q1.txt,0.37285393476486206,0.47099757194519043,0.5977029740810395,True
HYPERCOM CORP,1.0,-0.05,0.07,transcripts_by_company/Hypercom_Corporation_2007Q1.txt,0.2015792280435562,0.09634694457054138,0.8299904569983483,True
GRACO INC,1.0,0.48,1.07,transcripts_by_company/Graco_Inc_2018Q1.txt,0.4656510651111603,0.3030453026294708,0.5831306636333466,True
VALMONT INDUSTRIES INC,4.0,0.45,0.47,transcripts_by_company/Valmont_Industries_Inc_2005Q4.txt,0.2249806523323059,0.3304784595966339,0.7433700054883957,True
SYNALLOY CORP,2.0,0.38,0.39,transcripts_by_company/Synalloy_Corporation_2015Q2.txt,0.19921138882637024,0.22787994146347046,0.7921880453824997,True
NEXSTAR BROADCASTING GROUP INC.,3.0,0.31,0.2,transcripts_by_company/Nexstar_Broadcasting_Group_Inc_2012Q3.txt,0.1987096667289734,0.13862355053424835,0.8193161681294441,True
ALADDIN KNOWLEDGE SYSTEMS LTD,3.0,0.3,0.29,transcripts_by_company/Aladdin_Knowledge_Systems_Ltd_2007Q3.txt,0.16656698286533356,0.02765488438308239,0.8751066466793418,True
TEMPUR-PEDIC INTERNATIONAL,3.0,0.34,0.25,transcripts_by_company/Tempur-Pedic_International_Inc_2009Q3.txt,0.11831308901309967,0.1314510703086853,0.8777455165982246,True
K-SWISS INC,1.0,0.51,0.74,transcripts_by_company/K-Swiss_Inc_2007Q1.txt,0.4195427894592285,0.37522488832473755,0.5937525808811188,True
DISH NETWORK CORP,2.0,0.82,0.82,transcripts_by_company/DISH_Network_Corporation_2022Q2.txt,0.18072274327278137,0.24811062216758728,0.7990608930587768,True
LIFETIME BRANDS INC,2.0,-0.1,-0.26,transcripts_by_company/Lifetime_Brands_Inc_2009Q2.txt,0.269741028547287,0.275706946849823,0.7284691959619523,True
RAYONIER ADVANCED MATERIALS INC,4.0,0.19,0.48,transcripts_by_company/Rayonier_Inc_2018Q4.txt,0.12502019107341766,0.3690657615661621,0.801766137778759,True
LA PACIFIC,3.0,0.7,0.51,transcripts_by_company/Pacific_Smiles_Group_Limited_2017Q3.txt,0.15924248099327087,0.1492956280708313,0.843741574883461,True
WEYERHAEUSER CO,3.0,0.52,0.04,transcripts_by_company/Weyerhaeuser_Company_2020Q3.txt,0.12133599817752838,0.05915113538503647,0.8973194606602192,True
TRACON PHARMACEUTICALS INC,2.0,-0.68,-0.67,transcripts_by_company/TRACON_Pharmaceuticals_Inc_2016Q2.txt,0.23431403934955597,0.0,0.765685960650444,False
LA-Z-BOY INC,3.0,0.18,0.45,transcripts_by_company/La-Z-Boy_Incorporated_2020Q3.txt,0.1421128213405609,0.34749677777290344,0.7962719917297363,True
FACTSET RESEARCH SYSTEMS INC,1.0,0.49,0.44,transcripts_by_company/FactSet_Research_Systems_2007Q1.txt,0.11135077476501465,0.25203007459640503,0.8464454352855683,True
LIMCO-PIEDMONT INC,4.0,0.01,0.15,transcripts_by_company/Limco-Piedmont_Inc_2008Q4.txt,0.13729526102542877,0.34498968720436096,0.8003964111208915,True
TENNECO AUTOMOTIVE INC,2.0,1.45,1.3,transcripts_by_company/Tenneco_Inc_2014Q2.txt,0.0832938402891159,0.19089117646217346,0.8844269588589668,True
EURAZEO SE,4.0,25.56,18.16,transcripts_by_company/Eurazeo_SE_CurrentQ4.txt,0.1348959058523178,0.13588419556617737,0.8648076072335243,True
FORESTAR GROUP INC,2.0,0.16,0.28,transcripts_by_company/Forestar_Group_Inc_2020Q2.txt,0.1883666068315506,0.19010131061077118,0.8111129820346832,True
ELANCO ANIMAL HEALTH INC,1.0,0.13,0.28,transcripts_by_company/Elanco_Animal_Health_Incorporated_2020Q1.txt,0.2257026582956314,0.20579391717910767,0.7802699640393258,True
SHAKE SHACK INC,3.0,0.12,0.03,transcripts_by_company/Shake_Shack_Inc_2015Q3.txt,0.2371317446231842,0.2606605887413025,0.7558096021413803,True
CNA SURETY CP,2.0,0.45,0.39,transcripts_by_company/CNA_Surety_2006Q2.txt,0.08912407606840134,0.14889641106128693,0.892944223433733,True
SWS GROUP INC,3.0,-0.06,0.06,transcripts_by_company/SWS_Group_Inc_2013Q3.txt,0.14673897624015808,0.23405218124389648,0.8270670622587204,True
LCI INDUSTRIES,3.0,1.02,2.73,transcripts_by_company/LCI_Industries_2023Q3.txt,0.3554118871688843,0.23536857962608337,0.680601105093956,True
OFFICE PROPERTIES INCOME TRUST,2.0,0.03,-0.26,transcripts_by_company/Office_Properties_Income_Trust_2020Q2.txt,0.10570088028907776,0.07431571930646896,0.9037146680057049,True
MERIDIAN CORP,3.0,0.52,0.43,transcripts_by_company/Meituan_Dianping_2019Q3.txt,0.1367902010679245,0.3288305699825287,0.8055976882576943,True
SYKES ENTERPRISES INC,4.0,0.07,0.09,transcripts_by_company/Sykes_Enterprises_2004Q4.txt,0.07467436790466309,0.34815531969070435,0.8432813465595246,True
MACDERMID INC,4.0,0.45,0.43,transcripts_by_company/MacDermid_Inc_2003Q4.txt,0.31870514154434204,0.22384768724441528,0.7097520947456359,True
PRINCETON REVIEW INCORPORATED,1.0,-0.57,0.13,transcripts_by_company/Princeton_Review_2010Q1.txt,0.380095511674881,0.32611533999443054,0.6360985398292542,True
OMEROS CORP,4.0,-0.32,-0.46,transcripts_by_company/Omeros_Corporation_2010Q4.txt,0.26337242126464844,0.0929335206747055,0.7877592489123344,True
CHURCH  DWIGHT CO INC,3.0,0.58,0.57,transcripts_by_company/Church_and_Dwight_Co_Inc_2018Q3.txt,0.42994424700737,0.16107234358787537,0.6507173240184784,True
INTEL CORP,1.0,0.66,0.59,transcripts_by_company/Intel_Corporation_2017Q1.txt,0.24441055953502655,0.2435944378376007,0.7558342769742012,True
ENOVIX CORP,1.0,-0.13,-0.09,transcripts_by_company/Enovix_Corporation_2022Q1.txt,0.022534379735589027,0.22363892197608948,0.9171342575922609,True
NEW YORK TIMES CO,2.0,0.17,0.14,transcripts_by_company/The_New_York_Times_Company_2018Q2.txt,0.20394819974899292,0.2897534966468811,0.7703102111816407,True
ADICET BIO INC,4.0,-0.72,-0.24,transcripts_by_company/Adicet_Bio_Inc_2022Q4.txt,0.21424666047096252,0.14298653602600098,0.8071313768625259,True
SOLARIS OILFIELD INFRASTRUCTURE,3.0,-0.09,0.08,transcripts_by_company/Solaris_Oilfield_Infrastructure_Inc_2020Q3.txt,0.134330153465271,0.18160974979400635,0.8514859676361084,True
WATFORD HOLDINGS LTD,2.0,9.51,1.0,transcripts_by_company/Watford_Holdings_Ltd_2020Q2.txt,0.14601996541023254,0.18032468855381012,0.8436886176466942,True
CORNING INC,3.0,0.42,0.39,transcripts_by_company/Owens_Corning_2016Q3.txt,0.10004895180463791,0.40735235810279846,0.8077600263059139,True
AXIS CAPITAL HOLDINGS LTD,3.0,1.66,1.22,transcripts_by_company/Axis_Capital_2007Q3.txt,0.29960083961486816,0.0,0.7003991603851318,False
VOLVO AB,3.0,7.32,4.22,transcripts_by_company/AB_Volvo_publ_2023Q3.txt,0.3009605407714844,0.1799566000699997,0.735340641438961,True
CENTERPOINT ENERGY INC,3.0,0.33,0.34,transcripts_by_company/CenterPoint_Energy_Inc_2013Q3.txt,0.24720782041549683,0.4370093047618866,0.6958517342805862,True
ORBITAL SCIENCES CORP,2.0,0.17,0.16,transcripts_by_company/Orbital_Sciences_2004Q2.txt,0.28888726234436035,0.32072654366493225,0.7015609532594681,True
OFFICE DEPOT INC,2.0,-0.07,0.07,transcripts_by_company/Office_Depot_Inc_2020Q2.txt,0.26092562079429626,0.25169166922569275,0.7418445646762848,True
STRYKER CORP,2.0,0.53,0.5,transcripts_by_company/Stryker_Corporation_2003Q2.txt,0.27067920565605164,0.2453502118587494,0.736919492483139,True
INARI MEDICAL INC,1.0,-0.06,0.09,transcripts_by_company/Inari_Medical_Inc_2022Q1.txt,0.3428713381290436,0.16737551987171173,0.709777407348156,True
DANA CORP,2.0,0.5,0.5,transcripts_by_company/Dana_Corporation_2004Q2.txt,0.1910199373960495,0.36526843905448914,0.7567055121064186,True
AGNICO EAGLE MINES LTD,3.0,0.48,0.57,transcripts_by_company/Agnico-Eagle_Mines_Limited_2010Q3.txt,0.11357063800096512,0.07320290803909302,0.8985396809875965,True
TEXTRON INC,4.0,0.33,0.27,transcripts_by_company/Textron_Inc_2010Q4.txt,0.11316376179456711,0.1735800951719284,0.8687113381922245,True
WINDSTREAM CORP,2.0,0.24,0.24,transcripts_by_company/Windstream_Communications_2007Q2.txt,0.3356962502002716,0.1863659918308258,0.7091028273105622,True
HONDA MOTOR CO LTD,1.0,3.025,2.77,transcripts_by_company/Yamaha_Motor_Co_Ltd_2023Q1.txt,0.2631067633628845,0.0,0.7368932366371155,False
ONEBEACON INSURANCE GROUP LTD,3.0,0.22,0.51,transcripts_by_company/OneBeacon_Insurance_Group_Ltd_2008Q3.txt,0.16538721323013306,0.10709788650274277,0.852099584788084,True
RUTH'S HOSPITALITY GROUP INC,1.0,0.31,0.41,transcripts_by_company/Ruths_Hospitality_Group_Inc_2022Q1.txt,0.11831790953874588,0.11964894831180573,0.8812827788293361,True
HAVERTY FURNITURE COMPANIES INC,3.0,0.28,0.35,transcripts_by_company/Haverty_Furniture_Companies_Inc_2017Q3.txt,0.21559539437294006,0.35615840554237366,0.7422357022762298,True
BE AEROSPACE INC,2.0,0.37,0.36,transcripts_by_company/BE_Aerospace_2010Q2.txt,0.2422119379043579,0.11415878683328629,0.7962040074169636,True
MRC GLOBAL INC,2.0,0.08,-0.02,transcripts_by_company/MRC_Global_Inc_2021Q2.txt,0.2470322847366333,0.17373374104499817,0.7749572783708573,True
NEW YORK TIMES CO,2.0,0.14,0.13,transcripts_by_company/The_New_York_Times_Company_2013Q2.txt,0.3338598608970642,0.1974492222070694,0.7070633307099343,True
EPLUS INC,1.0,0.75,1.35,transcripts_by_company/ePlus_Inc_2017Q1.txt,0.3372405469417572,0.14471425116062164,0.7205173417925834,True
ADVANCED MEDICAL OPTICS INC,2.0,0.37,0.43,transcripts_by_company/Advanced_Medical_Optics_2005Q2.txt,0.12983883917331696,0.019116023555397987,0.9033780055120587,True
CBOE EXCHANGE INC,1.0,33.125,39.5,transcripts_by_company/Multi_Commodity_Exchange_of_India_Limited_2020Q1.txt,0.18134194612503052,0.15576137602329254,0.8263322249054909,True
GREENLANE HOLDINGS INC,1.0,-0.36,-0.05,transcripts_by_company/Greenlane_Holdings_Inc_2021Q1.txt,0.2838168442249298,0.14167587459087372,0.7588254466652871,True
ADOBE INC,1.0,0.57,0.58,transcripts_by_company/Adobe_Systems_Incorporated_2012Q1.txt,0.20222021639347076,0.03895389288663864,0.8467596806585789,True
SOTHEBY'S,3.0,-0.26,-0.41,transcripts_by_company/Sothebys_2014Q3.txt,0.28638768196105957,0.2669506371021271,0.7194434314966203,True
GLADSTONE COMMERCIAL CORP,2.0,0.04,0.02,transcripts_by_company/Gladstone_Commercial_Corporate_2011Q2.txt,0.12628798186779022,0.06454367190599442,0.8922353111207485,True
VIASAT INC,1.0,0.36,0.32,transcripts_by_company/ViaSat_2015Q1.txt,0.2066391408443451,0.16679492592811584,0.8053141236305237,True
CARTER'S INC,3.0,0.58,1.2,transcripts_by_company/Carters_Inc_2006Q3.txt,0.20050932466983795,0.18792939186096191,0.8032646551728249,True
ARCHIPELAGO LEARNING INC,4.0,0.07,0.02,transcripts_by_company/Archipelago_Learning_Inc_2011Q4.txt,0.07567417621612549,0.03574944660067558,0.9363032426685095,True
IAMGOLD CORP,1.0,0.05,0.04,transcripts_by_company/IAMGOLD_Corporation_2022Q1.txt,0.1999402940273285,0.10116744041442871,0.8296915620565415,True
WD 40 CO,4.0,0.26,0.38,transcripts_by_company/WD-40_Company_2002Q4.txt,0.11073926836252213,0.0,0.8892607316374779,False
BOWATER INC,2.0,-0.72,-0.01,transcripts_by_company/Bowater_Incorporated_2007Q2.txt,0.3993050754070282,0.022601839154958725,0.7137058954685926,True
IRONWOOD PHARMACEUTICALS INC,1.0,-0.26,-0.1,transcripts_by_company/Ironwood_Pharmaceuticals_Inc_2019Q1.txt,0.19010527431964874,0.11009835451841354,0.8338968016207218,True
TRAVELERS COMPANIES INC,3.0,1.61,1.27,transcripts_by_company/The_Travelers_Companies_Inc_2009Q3.txt,0.20784887671470642,0.2382092922925949,0.783042998611927,True
REALPAGE INC,1.0,0.11,0.1,transcripts_by_company/RealPage_Inc_2015Q1.txt,0.2914900481700897,0.0,0.7085099518299103,False
RR MEDIA LTD,4.0,0.22,0.23,transcripts_by_company/ProSiebenSat1_Media_AG_2009Q4.txt,0.1904710978269577,0.3133428394794464,0.7726673796772957,True
HARMAN INTERNATIONAL INDUSTRIES,3.0,1.48,1.53,transcripts_by_company/Harman_International_Industries_Inc_2015Q3.txt,0.22285090386867523,0.2553997039794922,0.7673844560980797,True
BILL BARRETT CORP,4.0,0.06,0.38,transcripts_by_company/Bill_Barrett_Corp_2007Q4.txt,0.3650035262107849,0.06477665901184082,0.7250645339488984,True
TULARIK INC,1.0,-0.44,-0.43,transcripts_by_company/Tularik_Inc_2003Q1.txt,0.2272966206073761,0.1820305436849594,0.7862832024693489,True
CUMMINS ENG,3.0,1.84,1.54,transcripts_by_company/Cummins_Inc_2007Q3.txt,0.11840572208166122,0.3965775668621063,0.7981427244842052,True
BROOKS AUTOMATION INC,2.0,0.05,0.14,transcripts_by_company/Brooks_Automation_Inc_2014Q2.txt,0.29536160826683044,0.0,0.7046383917331696,False
POTASH CORPORATION OF SASKATCHEW,2.0,0.88,2.11,transcripts_by_company/Potash_Corporation_of_Saskatchewan_Inc_2007Q2.txt,0.0785689651966095,0.03506771847605705,0.9344814088195562,True
LITTELFUSE INC,3.0,2.12,1.87,transcripts_by_company/Littelfuse_Inc_2017Q3.txt,0.13816842436790466,0.26149624586105347,0.8248332291841507,True
VEON LTD,1.0,0.07,0.07,transcripts_by_company/VEON_Ltd_2021Q1.txt,0.16156992316246033,0.190964013338089,0.829611849784851,True
MGM MIRAGE,3.0,0.36,0.46,transcripts_by_company/MGM_Mirage_2003Q3.txt,0.09675323963165283,0.12353964149951935,0.8952108398079872,True
BAXTER INTERNATIONAL INC,3.0,0.42,0.47,transcripts_by_company/Baxter_International_Inc_2004Q3.txt,0.13415265083312988,0.28691884875297546,0.8200174897909165,True
ROSS STORES INC,3.0,0.54,0.42,transcripts_by_company/Ross_Stores_Inc_2008Q3.txt,0.2379794716835022,0.424280047416687,0.7061303555965424,True
"ARBOR REALTY TRUST, INC",3.0,0.21,0.13,transcripts_by_company/Arbor_Realty_Trust_Inc_2016Q3.txt,0.21460583806037903,0.2888745367527008,0.7631135523319245,True
CANADIAN IMPERIAL BANK COMM,1.0,3.01,3.04,transcripts_by_company/Canadian_Western_Bank_2019Q1.txt,0.11006240546703339,0.2833845019340515,0.8379409655928611,True
PEMBINA PIPELINE CORP,4.0,0.7,0.55,transcripts_by_company/Pembina_Pipeline_Corporation_2017Q4.txt,0.1603161096572876,0.19264261424541473,0.8299859389662743,True
SATCON TECHNOLOGY CORP,2.0,-0.09,-0.06,transcripts_by_company/SatCon_Technology_Corp_2007Q2.txt,0.10852296650409698,0.15068267285823822,0.8788291215896606,True
COLUMBIA SPORTSWEAR CO,4.0,1.2,1.01,transcripts_by_company/Columbia_Sportswear_Company_2016Q4.txt,0.2791745364665985,0.07429325580596924,0.7822898477315903,True
JOHNSON  JOHNSON,4.0,2.35,2.33,transcripts_by_company/Johnson_Matthey_Plc_2022Q4.txt,0.16681303083896637,0.13221807777881622,0.8435654550790787,True
ADDVANTAGE TECHNOLOGIES GROUP IN,4.0,0.09,0.29,transcripts_by_company/ADDvantage_Technologies_Group_Inc_2008Q4.txt,0.17445135116577148,0.3708009719848633,0.766643762588501,True
MAGIC SOFTWARE ENTERPRISES LTD,4.0,0.1,0.15,transcripts_by_company/Magic_Software_Enterprises_Limited_2016Q4.txt,0.07435628771781921,0.11139634251594543,0.914531695842743,True
WHEATON PRECIOUS METALS CORP,1.0,0.21,0.2,transcripts_by_company/Wheaton_Precious_Metals_Corp_2020Q1.txt,0.1721784621477127,0.20321382582187653,0.8185109287500382,True
SEI CORP,2.0,0.34,0.65,transcripts_by_company/SEI_Investments_2007Q2.txt,0.3478919267654419,0.14711055159568787,0.7123424857854843,True
FALCON MINERALS CORP,2.0,-0.01,0.09,transcripts_by_company/Falcon_Minerals_Corporation_2020Q2.txt,0.0594639852643013,0.1577852964401245,0.9110396213829517,True
YIRENDAI LTD,3.0,2.464,1.11,transcripts_by_company/Yirendai_Ltd_2018Q3.txt,0.12803328037261963,0.22884486615657806,0.8417232438921929,True
ART TECHNOLOGY GROUP INC,2.0,0.03,0.03,transcripts_by_company/Art_Technology_Group_2008Q2.txt,0.13548065721988678,0.09774073958396912,0.8758413180708885,True
SONIC AUTOMOTIVE INC,3.0,0.4,0.59,transcripts_by_company/Sonic_Automotive_Inc_2017Q3.txt,0.15788015723228455,0.23619332909584045,0.8186258912086487,True
MENS WEARHOUSE INC,4.0,0.57,0.4,transcripts_by_company/Mens_Wearhouse_2010Q4.txt,0.2260911762714386,0.14121070504188538,0.7993729650974274,True
METTLER-TOLEDO INTERNATIONAL INC,2.0,1.17,1.48,transcripts_by_company/Mettler-Toledo_International_2009Q2.txt,0.25448256731033325,0.2896328568458557,0.73497234582901,True
RENASANT CORP,2.0,0.23,0.26,transcripts_by_company/Renasant_Corporation_2011Q2.txt,0.17480477690696716,0.028391631320118904,0.8691191667690873,True
LEXINGTON CORPORATE PROPERTIES,3.0,0.04,0.24,transcripts_by_company/Lexington_Corporate_Properties_Trust_2005Q3.txt,0.2078355848789215,0.09860129654407501,0.8249347016215325,True
AXIS CAPITAL HOLDINGS LTD,1.0,1.07,0.97,transcripts_by_company/AXIS_Capital_Holdings_Limited_2012Q1.txt,0.2618703544139862,0.18784476816654205,0.7603373214602471,True
AVANTAIR INC,2.0,-0.1,0.12,transcripts_by_company/Avantair_Inc_2012Q2.txt,0.3985675275325775,0.14051871001720428,0.6788471177220345,True
MATTEL /CA/ PRED INC,3.0,0.55,0.65,transcripts_by_company/Mattel_2005Q3.txt,0.12463609129190445,0.21199332177639008,0.8491567395627498,True
L-3 COMMUNICATIONS HOLDINGS INC,4.0,1.04,1.05,transcripts_by_company/L-3_Communications_Holdings_2004Q4.txt,0.23297613859176636,0.04997096210718155,0.8219254143536091,True
STONEMOR PARTNERS LP,2.0,0.14,0.14,transcripts_by_company/StoneMor_Partners_LP_2009Q2.txt,0.2608807682991028,0.16036616265773773,0.7692736133933067,True
ACE AVIATION HOLDINGS INC,4.0,-0.19,1.75,transcripts_by_company/ACE_Limited_2006Q4.txt,0.09347430616617203,0.1318070888519287,0.895025859028101,True
COEUR MINING INC,3.0,-0.11,0.0,transcripts_by_company/Coeur_Mining_Inc_2018Q3.txt,0.07347164303064346,0.30716171860694885,0.8564213342964649,True
CUTERA INC,2.0,0.12,0.17,transcripts_by_company/Cutera_Inc_2018Q2.txt,0.1330621987581253,0.29048874974250793,0.8197098359465599,True
CLEAN HARBORS INC,1.0,0.27,-0.03,transcripts_by_company/Clean_Harbors_2005Q1.txt,0.1764012575149536,0.2072753757238388,0.8143365070223808,True
HAWAIIAN HOLDINGS INC,1.0,-0.02,-0.14,transcripts_by_company/Hawaiian_Holdings_Inc_2014Q1.txt,0.2169073522090912,0.24587735533714294,0.7744016468524932,True
OLO INC,3.0,0.03,0.01,transcripts_by_company/Olo_Inc_2021Q3.txt,0.19622176885604858,0.2430240660905838,0.7897375419735908,True
KILROY REALTY CORP,1.0,0.36,0.33,transcripts_by_company/Kilroy_Realty_Corporation_2018Q1.txt,0.10508682578802109,0.19182652235031128,0.8688912652432919,True
AMERCO,2.0,5.78,4.37,transcripts_by_company/Amerco_2013Q2.txt,0.23267970979213715,0.08791547268629074,0.8107495613396167,True
FTD GROUP INC,3.0,0.28,0.22,transcripts_by_company/FTD_Group_Inc_2007Q3.txt,0.16277837753295898,0.20921632647514343,0.8232902377843857,True
J M SMUCKER CO,4.0,1.22,0.93,transcripts_by_company/J_M_Smucker_Company_2009Q4.txt,0.11661270260810852,0.2228870987892151,0.8515049785375595,True
OMNOVA SOLUTIONS,1.0,0.17,0.07,transcripts_by_company/OMNOVA_Solutions_2010Q1.txt,0.3731023967266083,0.15413109958171844,0.6925889924168587,True
VANDA PHARMACEUTICALS INC,2.0,-0.05,0.03,transcripts_by_company/Vanda_Pharmaceuticals_Inc_2011Q2.txt,0.18220184743404388,0.3214726448059082,0.7760169133543968,True
PLUM CREEK TIMBER CO INC,1.0,0.47,0.06,transcripts_by_company/Plum_Creek_Timber_2010Q1.txt,0.14269962906837463,0.07385406643152237,0.877954039722681,True
TERADYNE INC,3.0,0.21,0.27,transcripts_by_company/Teradyne_Inc_2004Q3.txt,0.15901266038417816,0.24522578716278076,0.8151234015822411,True
MEMC ELECTRONIC MATERIALS INC,1.0,0.01,1.14,transcripts_by_company/MEMC_Electronic_Materials_2009Q1.txt,0.1579252928495407,0.1196296215057373,0.8535634085536004,True
SURMODICS INC,2.0,0.21,0.23,transcripts_by_company/SurModics_Inc_2013Q2.txt,0.16875822842121124,0.29436561465263367,0.793559555709362,True
TRIMAS CORP,2.0,0.1,0.2,transcripts_by_company/TriMas_Corporation_2009Q2.txt,0.19908536970615387,0.0921391174197197,0.8329985059797764,True
COPA HOLDINGS SA,4.0,1.61,1.35,transcripts_by_company/Copa_Holdings_2009Q4.txt,0.11503484845161438,0.10696297883987427,0.8873867124319077,True
SPARK THERAPEUTICS INC,1.0,-1.7,-1.11,transcripts_by_company/Spark_Therapeutics_2017Q1.txt,0.22091369330883026,0.0,0.7790863066911697,False
PROCTER  GAMBLE CO,4.0,1.13,1.12,transcripts_by_company/Procter_and_Gamble_2010Q4.txt,0.16859807074069977,0.11537736654281616,0.8473681405186653,True
DR PEPPER SNAPPLE GROUP INC,4.0,0.82,0.76,transcripts_by_company/Dr_Pepper_Snapple_Group_Inc_2011Q4.txt,0.1386374682188034,0.35187211632728577,0.7973921373486519,True
ARCH CAPITAL GROUP LTD,3.0,1.05,0.71,transcripts_by_company/Arch_Capital_Group_Ltd_2014Q3.txt,0.14174945652484894,0.20294250547885895,0.8398926287889481,True
HENRY JACK & ASSOCIATES,1.0,0.18,0.17,transcripts_by_company/Jack_Henry_and_Associates_2004Q1.txt,0.08951307833194733,0.2807931900024414,0.8531028881669045,True
CONFLUENT INC,1.0,-0.19,-0.25,transcripts_by_company/Confluent_Inc_2022Q1.txt,0.250294953584671,0.26684579253196716,0.7447397947311402,True
ADAMS RESPIRATORY THERAPEUTICS I,2.0,0.01,0.3,transcripts_by_company/Adams_Respiratory_Therapeutics_2007Q2.txt,0.14909186959266663,0.13812974095344543,0.8541967689990997,True
BOMBARDIER INC,2.0,0.1,0.11,transcripts_by_company/Bombardier_Inc_2012Q2.txt,0.20932134985923767,0.3188694417476654,0.757814222574234,True
PULTE CORPORATION,4.0,2.78,2.45,transcripts_by_company/Pulte_Homes_2002Q4.txt,0.1829296499490738,0.1521010845899582,0.8263189196586609,True
PETROLEUM DEVELOPMENT CORPORATIO,1.0,0.57,0.16,transcripts_by_company/Petroleum_Development_2010Q1.txt,0.19574955105781555,0.21470101177692413,0.7985650107264519,True
CAMECO CORP,3.0,0.71,0.5,transcripts_by_company/Cameco_2007Q3.txt,0.10307927429676056,0.1973131000995636,0.8686505779623985,True
VAXCYTE INC,2.0,-0.8,-0.65,transcripts_by_company/Vaxcyte_Inc_2022Q2.txt,0.040960222482681274,0.19147491455078125,0.9138853698968887,True
ARGON ST INC,1.0,0.25,0.23,transcripts_by_company/Argon_ST_Inc_2008Q1.txt,0.23324009776115417,0.08462503552436829,0.8113444209098816,True
PNM RESOURCES INC,1.0,0.17,0.09,transcripts_by_company/PNM_Resources_Inc_2012Q1.txt,0.22606244683265686,0.20522795617580414,0.780187900364399,True
NOVAGOLD RESOURCES INC,2.0,-0.03,-0.03,transcripts_by_company/NOVAGOLD_RESOURCES_INC_2013Q2.txt,0.2136298418045044,0.2230592519044876,0.7835413351655007,True
MATTEL /CA/ PRED INC,3.0,0.77,0.75,transcripts_by_company/Mattel_2010Q3.txt,0.2012292444705963,0.32938098907470703,0.7603252321481705,True
NAVIOS MARITIME HOLDINGS INC,3.0,0.15,0.26,transcripts_by_company/Navios_Maritime_Holdings_Inc_2011Q3.txt,0.2536240518093109,0.1170550063252449,0.7873466618359088,True
BLUEKNIGHT ENERGY PARTNERS LP,4.0,-0.18,-0.01,transcripts_by_company/Blueknight_Energy_Partners_LP_2016Q4.txt,0.2342142015695572,0.12191601097583771,0.7994752556085587,True
MERU NETWORKS INC,2.0,-0.26,-0.23,transcripts_by_company/Meru_Networks_Inc_2012Q2.txt,0.2585363984107971,0.2690749764442444,0.7383020281791688,True
KORU MEDICAL SYSTEMS INC,1.0,-0.05,-0.05,transcripts_by_company/KORU_Medical_Systems_Inc_2023Q1.txt,0.17195439338684082,0.26083800196647644,0.8013805240392685,True
ADVANCED LIFE SCIENCES HOLDS INC,4.0,-0.07,-0.11,transcripts_by_company/Advanced_Life_Sciences_Holdings_Inc_2008Q4.txt,0.26591232419013977,0.22431722283363342,0.7465662062168121,True
MCG CAPITAL CORPORATION,1.0,0.41,0.4,transcripts_by_company/MCG_Capital_Corporation_2006Q1.txt,0.19953949749469757,0.4313867390155792,0.7309063300490379,True
MOVADO GROUP INC,2.0,-0.37,0.1,transcripts_by_company/Movado_2009Q2.txt,0.27050402760505676,0.024995358660817146,0.8031485730782151,True
ANSYS INC,4.0,2.13,1.35,transcripts_by_company/ANSYS_Inc_2018Q4.txt,0.35606294870376587,0.0,0.6439370512962341,False
PRA GROUP INC,4.0,0.6,0.48,transcripts_by_company/PRA_Group_Inc_2019Q4.txt,0.12068799138069153,0.13487473130226135,0.8750559866428376,True
TELLABS INC,2.0,0.03,0.05,transcripts_by_company/Tellabs_2008Q2.txt,0.10739786922931671,-0.04957973584532738,0.9396954122930765,True
NET 1 UEPS TECHNOLOGIES INC,4.0,0.43,0.45,transcripts_by_company/Net1_UEPS_Technologies_Inc_2016Q4.txt,0.13432623445987701,0.36237475275993347,0.7972592100501061,True
KROGER CO,2.0,0.58,0.71,transcripts_by_company/The_Kroger_Company_2010Q2.txt,0.14833159744739532,0.08335885405540466,0.8711602255702019,True
ENSYNC INC,1.0,-0.05,-0.06,transcripts_by_company/EnSync_Inc_2018Q1.txt,0.303874671459198,0.23556844890117645,0.7166171953082086,True
MEDQUIST HOLDINGS INC,3.0,0.34,0.33,transcripts_by_company/Medquist_Holdings_Inc_2011Q3.txt,0.1952008306980133,0.1687754988670349,0.8127267688512803,True
AXSYS TECHNOLOGIES INC.,3.0,0.22,0.26,transcripts_by_company/Axsys_Technologies_2005Q3.txt,0.2594012916088104,0.14581023156642914,0.774676026403904,True
INVACARE CORP,4.0,-0.28,-0.13,transcripts_by_company/Invacare_Corporation_2019Q4.txt,0.3172210454940796,0.15370655059814453,0.731833302974701,True
ISTAR INC,4.0,-0.92,-0.1,transcripts_by_company/SkiStar_AB_2022Q4.txt,0.3697108328342438,0.3419880270957947,0.6386060088872909,True
STRYKER CORP,4.0,1.14,1.14,transcripts_by_company/Stryker_Corp_2012Q4.txt,0.22460490465164185,0.2298833280801773,0.7738115683197975,True
BIG 5 SPORTING GOODS CORP,4.0,0.17,0.22,transcripts_by_company/Big_5_Sporting_Goods_2008Q4.txt,0.2728060781955719,0.11326915770769119,0.7750549979507924,True
WOLVERINE WW,3.0,0.82,0.77,transcripts_by_company/Wolverine_Worldwide_Inc_2011Q3.txt,0.2375321388244629,0.31053104996681213,0.7405681878328323,True
GRAHAM CORP,3.0,0.16,0.12,transcripts_by_company/Graham_Packaging_Holdings_Inc_2010Q3.txt,0.17272785305976868,0.17406907677650452,0.8268697798252106,True
PHIBRO ANIMAL HEALTH CORP,1.0,0.29,0.32,transcripts_by_company/Phibro_Animal_Health_Corporation_2023Q1.txt,0.26510435342788696,0.15136024355888367,0.7690188795328141,True
CAPSTEAD MORTGAGE CORP,1.0,0.41,0.39,transcripts_by_company/Capstead_Mortgage_2011Q1.txt,0.15557661652565002,0.09047984331846237,0.8639524154365062,True
ARTHROCARE CORPORATION,4.0,0.2,0.18,transcripts_by_company/ArthroCare_2004Q4.txt,0.12432193756103516,0.0720619186758995,0.8913560681045055,True
JONES LANG LASALLE INC,1.0,-1.78,0.91,transcripts_by_company/Jones_Lang_LaSalle_2009Q1.txt,0.13090315461158752,0.29613131284713745,0.8195283979177475,True
CALIX INC,4.0,-0.03,0.16,transcripts_by_company/Calix_Inc_2015Q4.txt,0.28048175573349,0.3549783229827881,0.6971692740917206,True
TUPPERWARE BRANDS CORP,1.0,1.01,1.02,transcripts_by_company/Tupperware_Brands_Corporation_2017Q1.txt,0.09228316694498062,0.19167105853557587,0.8779004655778408,True
TRANSPORT CORP OF AMERICA,4.0,0.17,0.17,transcripts_by_company/Transport_Corporation_of_America_Inc_2004Q4.txt,0.279520720243454,0.3750355839729309,0.6918248206377029,True
EMCOR GROUP INC,4.0,0.17,1.8,transcripts_by_company/EMCOR_Group_Inc_2003Q4.txt,0.2885080873966217,0.13463851809501648,0.7576527833938599,True
MERITAGE CORPORATION,3.0,-4.52,0.05,transcripts_by_company/Meritage_Homes_Corporation_2007Q3.txt,0.23343302309513092,0.1161976009607315,0.8017376035451889,True
YOUNG INNOVATIONS INC,1.0,0.5,0.47,transcripts_by_company/Young_Innovations_2011Q1.txt,0.14741262793540955,0.22606509923934937,0.8289916306734085,True
HERMAN  MILLER INC,4.0,0.16,0.15,transcripts_by_company/Herman_Miller_2003Q4.txt,0.2628099322319031,0.022251129150390625,0.8093577086925506,True
AUTOMATIC DATA PROCESSING INC,4.0,0.72,0.74,transcripts_by_company/Automatic_Data_Processing_Inc_2012Q4.txt,0.1527601182460785,0.36047446727752686,0.784925577044487,True
J M SMUCKER CO,3.0,0.82,0.73,transcripts_by_company/J_M_Smucker_Company_2008Q3.txt,0.09718696773052216,0.27032971382141113,0.8508702084422112,True
INTEST CORP,2.0,0.13,0.11,transcripts_by_company/inTEST_Corp_2014Q2.txt,0.0912259966135025,0.3175155520439148,0.8408871367573738,True
VASCULAR SOLUTIONS INC,3.0,-0.19,-0.19,transcripts_by_company/Vascular_Solutions_2003Q3.txt,0.19812621176242828,0.0,0.8018737882375717,False
ORASURE TECHNOLOGIES INC,2.0,-0.01,0.01,transcripts_by_company/OraSure_Technologies_2003Q2.txt,0.163081094622612,0.09415808320045471,0.8575958088040352,True
"PROSPERITY BANCSHARES, INC.",1.0,0.46,0.47,transcripts_by_company/Prosperity_Bancshares_Inc_2006Q1.txt,0.17090541124343872,0.0,0.8290945887565613,False
KLA-TENCOR CORP,1.0,0.84,0.78,transcripts_by_company/KLA-Tencor_Corporation_2007Q1.txt,0.16170310974121094,0.1421506404876709,0.8441626310348511,True
CROWN HOLDINGS INC,2.0,0.29,0.17,transcripts_by_company/Crown_Media_Holdings_Inc_2004Q2.txt,0.3094249665737152,0.13856656849384308,0.7418325528502464,True
MENS WEARHOUSE INC,1.0,0.55,0.57,transcripts_by_company/Mens_Wearhouse_2004Q1.txt,0.15918010473251343,0.19670209288597107,0.8295632988214493,True
AUTOZONE INC,2.0,34.12,31.83,transcripts_by_company/AutoZone_Inc_2023Q2.txt,0.12552250921726227,0.33154919743537903,0.8126694843173027,True
RCI HOSPITALITY HOLDINGS INC,2.0,1.3,1.65,transcripts_by_company/RCI_Hospitality_Holdings_Inc_2023Q2.txt,0.12727276980876923,0.11483021825551987,0.8764599956572056,True
LIGHTPATH TECHNOLOGIES INC,1.0,0.04,0.04,transcripts_by_company/LightPath_Technologies_Inc_2018Q1.txt,0.29592153429985046,0.17692060768604279,0.7397787436842919,True
GENAISSANCE PHARMACEUTICALS,1.0,-0.21,-0.18,transcripts_by_company/Genaissance_2003Q1.txt,0.12629041075706482,0.1959233283996582,0.8528197139501572,True
WESTELL TECHNOLOGIES INC,3.0,0.1,0.1,transcripts_by_company/Westell_Technologies_2004Q3.txt,0.38635802268981934,0.13703390955924988,0.6884392112493516,True
IDT CORP,4.0,-0.47,-0.34,transcripts_by_company/IDT_Corporation_2008Q4.txt,0.25977644324302673,0.07001136988401413,0.797153078764677,True
HARMAN INTERNATIONAL INDUSTRIES,1.0,0.63,1.13,transcripts_by_company/Harman_International_Industries_Inc_2004Q1.txt,0.29220840334892273,0.27006399631500244,0.7144349187612533,True
KBR INC,2.0,0.3,0.31,transcripts_by_company/KBR_Inc_2007Q2.txt,0.22711536288261414,0.20788432657718658,0.7786539480090142,True
BIO-REFERENCE LABS INC.,3.0,0.27,0.27,transcripts_by_company/Bio-Reference_LaboratoriesInc_2006Q3.txt,0.3197478950023651,0.3040652275085449,0.6849569052457809,True
MAXWELL TECHNOLOGIES INC.,1.0,0.02,0.05,transcripts_by_company/Maxwell_Technologies_2012Q1.txt,0.3692792057991028,0.014406725764274597,0.7371825382113457,True
FORMFACTOR INC,4.0,-0.2,-0.02,transcripts_by_company/FormFactor_Inc_2013Q4.txt,0.34410378336906433,0.32827943563461304,0.6606435209512711,True
TRIBUTE PHARMACEUTICALS CANADA I,1.0,-0.04,0.0,transcripts_by_company/Tribute_Pharmaceuticals_Canada_Inc_2015Q1.txt,0.22556725144386292,0.058292657136917114,0.8246151268482209,True
FULL HOUSE RESORTS INC,4.0,-0.04,-0.04,transcripts_by_company/Full_House_Resorts_Inc_2018Q4.txt,0.16206181049346924,0.17101803421974182,0.835251322388649,True
AMAG PHARMACEUTICALS INC,2.0,1.12,1.44,transcripts_by_company/AMAG_Pharmaceuticals_2015Q2.txt,0.14942680299282074,0.0,0.8505731970071793,False
CBRL GROUP INC,4.0,0.59,0.7,transcripts_by_company/CBRL_Group_2007Q4.txt,0.14253979921340942,0.15028934180736542,0.8551353380084038,True
HASBRO BRADLEY I,3.0,1.31,1.3,transcripts_by_company/Hasbro_Inc_2013Q3.txt,0.3533830940723419,0.21558424830436707,0.6879565596580506,True
NATIONAL FUEL GAS CO N J,4.0,0.67,0.65,transcripts_by_company/National_Fuel_Gas_Company_2005Q4.txt,0.20489081740379333,0.27423596382141113,0.7743056386709213,True
PHOENIX NEW MEDIA LTD,1.0,0.06,0.02,transcripts_by_company/Phoenix_New_Media_Ltd_2012Q1.txt,0.08605927228927612,0.2155819833278656,0.875083914399147,True
CLEARWATER PAPER CORP,4.0,0.55,1.7,transcripts_by_company/Clearwater_Paper_Corporation_2011Q4.txt,0.31791791319847107,0.17130713164806366,0.7260653212666512,True
MCDERMOTT INTERNATIONAL INC,4.0,0.19,0.78,transcripts_by_company/McDermott_International_Inc_2008Q4.txt,0.21964970231056213,0.0,0.7803502976894379,False
EXPONENT INC,2.0,0.36,0.33,transcripts_by_company/Exponent_Inc_2008Q2.txt,0.12779982388019562,0.0950896143913269,0.882013238966465,True
TRADESTATION GROUP INC,2.0,0.14,0.2,transcripts_by_company/TradeStation_Group_Inc_2008Q2.txt,0.05608755722641945,0.21130618453025818,0.8973468545824289,True
ROOT INC,4.0,-0.72,-0.71,transcripts_by_company/Roots_Corporation_2020Q4.txt,0.27910396456718445,0.1539909541606903,0.7584299385547638,True
GENERAL FINANCE CORP,2.0,-0.12,0.11,transcripts_by_company/General_Finance_Corporation_2015Q2.txt,0.16450585424900055,0.2180348038673401,0.8194354608654977,True
LEGGETT  PLATT INC,2.0,0.34,0.24,transcripts_by_company/Leggett_and_Platt_Incorporated_2010Q2.txt,0.14429309964179993,0.18975795805454254,0.8420674428343773,True
ALLOT COMMUNICATIONS LTD,3.0,-0.01,0.04,transcripts_by_company/Allot_Communications_Ltd_2016Q3.txt,0.3541924059391022,0.23176859319210052,0.6825347378849984,True
YAHOO INC,1.0,0.18,0.12,transcripts_by_company/Yahoo_Japan_Corp_2017Q1.txt,0.22500817477703094,0.357917845249176,0.7351189240813255,True
ASSURANT INC,1.0,1.87,1.61,transcripts_by_company/Assurant_Inc_2017Q1.txt,0.10873742401599884,0.14815674722194672,0.8794367790222168,True
UNIVERSAL AMERICAN CORP,1.0,0.07,0.05,transcripts_by_company/Universal_American_Corp_2016Q1.txt,0.1381760984659195,0.12025661021471024,0.8671997480094433,True
SHOTSPOTTER INC,3.0,0.05,0.05,transcripts_by_company/ShotSpotter_Inc_2020Q3.txt,0.3522668480873108,0.2208091914653778,0.6871704488992691,True
"EAST WEST BANCORP, INC.",1.0,0.88,0.68,transcripts_by_company/East_West_Bancorp_Inc_2017Q1.txt,0.28990551829338074,0.17797455191612244,0.7436737716197968,True
INDEPENDENT BANK CORP (MASSACHUS,1.0,0.52,0.47,transcripts_by_company/Independent_Bank_Corporation_2011Q1.txt,0.10356730222702026,0.1737266480922699,0.8753848940134048,True
TERRAFORM POWER INC,4.0,0.0,0.03,transcripts_by_company/TerraForm_Power_Inc_2014Q4.txt,0.28503111004829407,0.16544313728809357,0.7508452817797662,True
INOVIO BIOMEDICAL CORP,4.0,-0.14,-0.09,transcripts_by_company/Inovio_Biomedical_Corp_2006Q4.txt,0.07039464265108109,0.0,0.9296053573489189,False
SEATTLE GENETICS INC /WA,3.0,3.5,-0.79,transcripts_by_company/Seattle_Genetics_Inc_2020Q3.txt,0.18291258811950684,0.2438894510269165,0.7987943530082703,True
HAYNES INTERNATIONAL INC,4.0,0.97,1.52,transcripts_by_company/Haynes_International_Inc_2007Q4.txt,0.2620100677013397,0.2505144774913788,0.7414386093616485,True
BRIGHTVIEW HOLDINGS INC,1.0,-0.07,0.15,transcripts_by_company/BrightView_Holdings_Inc_2023Q1.txt,0.3988170921802521,0.2741444408893585,0.638584703207016,True
INOGEN INC,4.0,0.25,0.14,transcripts_by_company/Inogen_Inc_2016Q4.txt,0.20078641176223755,0.4574068486690521,0.7222274571657181,True
DISTRIBUTED ENERGY SYSTEMS CORP,3.0,-0.16,-0.09,transcripts_by_company/Distributed_Energy_Systems_2006Q3.txt,0.3068322241306305,0.18603548407554626,0.7294067978858948,True
EINSTEIN NOAH RESTAURANT GROUP I,3.0,0.21,0.23,transcripts_by_company/Einstein_Noah_Restaurant_Group_Inc_2012Q3.txt,0.22173938155174255,0.2658481299877167,0.7650279939174652,True
BRIGHTSPHERE INVESTMENT GROUP IN,2.0,0.28,0.3,transcripts_by_company/BrightSphere_Investment_Group_Inc_2023Q2.txt,0.0770837590098381,0.28186529874801636,0.8614817790687084,True
ALBANY INTERNATIONAL CORP,2.0,0.32,0.46,transcripts_by_company/Albany_International_2011Q2.txt,0.2924960255622864,0.29167792201042175,0.707749405503273,True
VULCAN MATERIALS CO,4.0,1.07,0.97,transcripts_by_company/Vulcan_Materials_Company_2020Q4.txt,0.2179427295923233,0.12002558261156082,0.8114324145019054,True
OMNIVISION TECHNOLOGIES INC,2.0,0.66,0.36,transcripts_by_company/OmniVision_Technologies_Inc_2011Q2.txt,0.13877299427986145,0.3348664343357086,0.8023989737033844,True
VISHAY INTERTECHNOLOGY INC,1.0,0.25,0.16,transcripts_by_company/Vishay_Intertechnology_Inc_2006Q1.txt,0.25452008843421936,0.13690803945064545,0.7807635262608528,True
WISDOMTREE INC,3.0,0.07,0.03,transcripts_by_company/WisdomTree_Investments_Inc_2020Q3.txt,0.33359214663505554,0.2742744982242584,0.6842031478881836,True
QIWI PLC,1.0,17.62,14.84,transcripts_by_company/Qiwi_plc_2018Q1.txt,0.11396050453186035,0.06412295252084732,0.9009907610714436,True
NEUROGEN CORP,4.0,-0.09,-1.51,transcripts_by_company/Neurogen_Corporation_2004Q4.txt,0.20994479954242706,0.20484165847301483,0.7915861427783966,True
COMMVAULT SYSTEMS INC,3.0,0.42,0.53,transcripts_by_company/Commvault_Systems_Inc_2019Q3.txt,0.21626539528369904,0.18280577659606934,0.7937724903225899,True
SYNTA PHARMACEUTICALS CORP,2.0,-0.7,-0.06,transcripts_by_company/Synta_Pharmaceuticals_Corp_2016Q2.txt,0.19447678327560425,0.0,0.8055232167243958,False
EMERGENT BIOSOLUTIONS INC,4.0,0.76,0.27,transcripts_by_company/Emergent_BioSolutions_Inc_2010Q4.txt,0.19701236486434937,0.2837335467338562,0.7769712805747986,True
KINGSTONE COMPANIES INC,4.0,-0.36,-0.08,transcripts_by_company/Kingstone_Companies_Inc_2022Q4.txt,0.3957979381084442,0.23983332514762878,0.6509914457798004,True
DOLLAR TREE INC,1.0,1.01,1.0,transcripts_by_company/Dollar_Tree_Inc_2013Q1.txt,0.09453406929969788,0.41857847571372986,0.8082526087760926,True
CODEXIS INC,1.0,-0.13,-0.15,transcripts_by_company/Codexis_Inc_2022Q1.txt,0.09853676706552505,0.34085604548454285,0.8287674494087696,True
CDK GLOBAL INC,4.0,0.98,0.99,transcripts_by_company/CDK_Global_Inc_2018Q4.txt,0.36867010593414307,0.38472068309783936,0.6265147209167481,True
INPUT/OUTPUT INC,2.0,0.16,0.1,transcripts_by_company/InputOutput_Inc_2006Q2.txt,0.3081032335758209,0.20877407491207123,0.721695514023304,True
KOHL'S CORP,3.0,0.33,0.43,transcripts_by_company/Kohls_2003Q3.txt,0.27623042464256287,0.0,0.7237695753574371,False
"HUDSON TECHNOLOGIES, INC.",4.0,0.08,0.12,transcripts_by_company/Hudson_Technologies_Inc_CurrentQ4.txt,0.12868468463420868,0.2067112773656845,0.8479073375463486,True
TENARIS SA,3.0,0.54,0.66,transcripts_by_company/Tenaris_SA_2014Q3.txt,0.09697917103767395,0.24132758378982544,0.8597163051366806,True
EPIQ SYSTEMS INC,3.0,0.19,0.2,transcripts_by_company/EPIQ_Systems_2010Q3.txt,0.18707679212093353,0.1615956425666809,0.8205675527453422,True
MONMOUTH REAL ESTATE INVESTMENT,2.0,0.13,0.11,transcripts_by_company/Monmouth_Real_Estate_Investment_Corporation_2018Q2.txt,0.09686211496591568,0.12238799035549164,0.8954801224172115,True
BAXTER INTERNATIONAL INC,2.0,1.16,1.2,transcripts_by_company/Baxter_International_Inc_2013Q2.txt,0.22981764376163483,0.26441359519958496,0.7598035708069801,True
ALTISOURCE PORTFOLIO SOLUTIONS S,2.0,1.77,1.05,transcripts_by_company/Altisource_Portfolio_Solutions_SA_2015Q2.txt,0.3164079487323761,0.1894780695438385,0.7216710150241852,True
MOLINA HEALTHCARE INC,2.0,0.16,0.46,transcripts_by_company/Molina_Healthcare_Inc_2014Q2.txt,0.08699334412813187,0.30402129888534546,0.847898269444704,True
SEASPAN CORP,3.0,0.3,0.3,transcripts_by_company/Seaspan_Corporation_2015Q3.txt,0.3887566924095154,0.1746671497821808,0.675470170378685,True
SMURFIT-STONE CONTAINER CORP,4.0,0.08,0.21,transcripts_by_company/Smurfit-Stone_Container_Corporation_2006Q4.txt,0.17308184504508972,0.19347262382507324,0.8208009213209152,True
MANITOWOC COMPANY INC,1.0,0.03,0.17,transcripts_by_company/The_Manitowoc_Company_Inc_2022Q1.txt,0.35533249378204346,0.4219481945037842,0.6246827960014344,True
GAN LTD,2.0,-0.22,-0.13,transcripts_by_company/GAN_Limited_2023Q2.txt,0.33542871475219727,0.18765172362327576,0.7089043825864791,True
ADSTAR INC,2.0,-0.01,0.0,transcripts_by_company/Adstar_Incorporated_2008Q2.txt,0.2570478022098541,0.04462689533829689,0.8066784698516131,True
VIAVI SOLUTIONS INC,4.0,0.11,0.16,transcripts_by_company/Viavi_Solutions_Inc_CurrentQ4.txt,0.11234286427497864,0.3424413204193115,0.8186275988817215,True
AXCELLA HEALTH INC,1.0,-0.05,-0.31,transcripts_by_company/Axcella_Health_Inc_2023Q1.txt,0.4124943017959595,0.24363064765930176,0.6381647944450379,True
FAIR ISAAC & CO INC,1.0,2.14,1.85,transcripts_by_company/Fair_Isaac_Corporation_2020Q1.txt,0.09996156394481659,0.21019898355007172,0.8669672101736069,True
CATAPULT COMMUNICATIONS CORP,2.0,-0.08,-0.09,transcripts_by_company/Catapult_Communications_2008Q2.txt,0.3148037791252136,0.1143873929977417,0.7453211367130279,True
CALGON CARBON CORP,1.0,-0.08,0.03,transcripts_by_company/Calgon_Carbon_Corporation_2006Q1.txt,0.3444005250930786,0.09609930217266083,0.7300898417830467,True
ESTERLINE CORP,2.0,0.23,0.33,transcripts_by_company/Esterline_Technologies_2002Q2.txt,0.1555536985397339,0.34987154603004456,0.7861509472131729,True
LAM RESEARCH CORP,2.0,3.11,2.03,transcripts_by_company/Lam_Research_Corporation_2017Q2.txt,0.15086933970451355,0.16885225474834442,0.8437357857823372,True
TD AMERITRADE HOLDING CORP,3.0,0.21,0.23,transcripts_by_company/TD_AMERITRADE_Holding_Corporation_2006Q3.txt,0.19057464599609375,0.01585940271615982,0.8618399269878865,True
FULTON FINANCIAL CORP,2.0,0.21,0.21,transcripts_by_company/Fulton_Financial_Corporation_2014Q2.txt,0.091453418135643,0.040001317858695984,0.9239822119474411,True
FIRSTCITY FINANCIAL CORP,1.0,0.23,0.44,transcripts_by_company/FirstCity_Financial_Corporation_2010Q1.txt,0.06439404934644699,0.049224793910980225,0.9401567272841931,True
APPFOLIO INC,2.0,0.13,-0.01,transcripts_by_company/AppFolio_Inc_2017Q2.txt,0.17786835134029388,0.0,0.8221316486597061,False
WD 40 CO,2.0,0.41,0.46,transcripts_by_company/WD-40_Company_2009Q2.txt,0.192479208111763,0.0374467670917511,0.8540305241942405,True
NEW RELIC INC,4.0,0.05,-0.04,transcripts_by_company/New_Relic_Inc_2017Q4.txt,0.26034656167030334,0.2849214971065521,0.7322809576988221,True
SENOMYX INC,2.0,-0.06,-0.1,transcripts_by_company/Senomyx_Inc_2017Q2.txt,0.17520123720169067,0.07301294803619385,0.8554552495479584,True
BEBE STORES INC,2.0,0.18,0.24,transcripts_by_company/Bebe_Stores_2008Q2.txt,0.20999833941459656,0.32326754927635193,0.7560208976268769,True
VEECO INSTRUMENTS INC,4.0,0.07,0.33,transcripts_by_company/Veeco_Instruments_Inc_2007Q4.txt,0.2431258261203766,0.12392768263816833,0.7926336169242859,True
SPARTANNASH CO,2.0,0.54,0.55,transcripts_by_company/SpartanNash_Company_2021Q2.txt,0.15709906816482544,0.30515214800834656,0.7984850078821182,True
GAN LTD,3.0,-0.14,0.08,transcripts_by_company/GTN_Limited_2020Q3.txt,0.2247912436723709,0.3030460476875305,0.7517323151230813,True
SPECTRANETICS CORP,3.0,-0.05,-0.02,transcripts_by_company/The_Spectranetics_Corporation_2014Q3.txt,0.2418268471956253,0.08124826103448868,0.8063467286527157,True
SARA LEE CORPORATION,3.0,0.1,0.33,transcripts_by_company/Sara_Lee_Corporation_2008Q3.txt,0.11508648842573166,-0.02586432732641697,0.9271987562999129,True
CARRIZO OIL & GAS INC,2.0,0.24,0.46,transcripts_by_company/Carrizo_Oil_and_Gas_2011Q2.txt,0.03291911259293556,0.1666860282421112,0.9269508127123117,True
TWITTER INC,2.0,1.58,0.2,transcripts_by_company/Twitter_Inc_2019Q2.txt,0.1760113686323166,0.15842069685459137,0.829265832901001,True
FIRST HORIZON CORP,4.0,0.87,0.92,transcripts_by_company/First_Horizon_National_Corporation_2005Q4.txt,0.14001032710075378,0.16153018176555634,0.8535337164998055,True
KADANT INC,1.0,0.16,0.25,transcripts_by_company/Kadant_2005Q1.txt,0.0937500074505806,0.2880294620990753,0.847966156154871,True
HANCOCK HLDG CO,1.0,0.55,0.58,transcripts_by_company/Hancock_Holding_Company_2015Q1.txt,0.23091863095760345,0.0,0.7690813690423965,False
CRA INTERNATIONAL INC,3.0,0.72,0.83,transcripts_by_company/CRA_International_Inc_2007Q3.txt,0.2921140789985657,0.19169488549232483,0.7380116790533067,True
ON24 INC,3.0,-0.03,-0.06,transcripts_by_company/ON24_Inc_2021Q3.txt,0.12487991154193878,0.23451991379261017,0.8422280877828598,True
ALLOS THERAPEUTICS,2.0,0.02,-0.13,transcripts_by_company/Allos_Therapeutics_Inc_2011Q2.txt,0.23658941686153412,0.306832492351532,0.7423376604914665,True
RUSS BERRIE & CO INC,3.0,0.01,0.51,transcripts_by_company/Russ_Berrie_2006Q3.txt,0.23168808221817017,0.15469306707382202,0.7914104223251344,True
DREW INDUSTRIES INC,2.0,1.51,1.09,transcripts_by_company/Drew_Industries_Incorporated_2016Q2.txt,0.30161312222480774,0.2275150567293167,0.7206162974238396,True
MAGICJACK VOCALTEC LTD,1.0,0.24,0.39,transcripts_by_company/magicJack_VocalTec_Ltd_2012Q1.txt,0.2933971881866455,0.3255932927131653,0.6969439804553985,True
VULCAN MATERIALS CO,4.0,-0.32,-0.08,transcripts_by_company/Vulcan_Materials_2012Q4.txt,0.31692737340927124,0.11631608009338379,0.743256014585495,True
RIGNET INC,2.0,-0.06,-0.05,transcripts_by_company/RigNet_Inc_2018Q2.txt,0.31158939003944397,0.19514325261116028,0.7233444511890411,True
HEALTHCARE SERVICES GROUP INC,3.0,0.27,0.28,transcripts_by_company/Healthcare_Services_Group_Inc_2016Q3.txt,0.26078078150749207,0.11175613105297089,0.7839266136288643,True
WILMINGTON TRUST CORP,1.0,0.44,0.55,transcripts_by_company/Wilmington_Trust_Corporation_2003Q1.txt,0.17875295877456665,0.34252989292144775,0.772113960981369,True
AMERICAN SAFETY INSURANCE GROUP,4.0,0.52,0.44,transcripts_by_company/American_Safety_Insurance_Holdings_Ltd_2004Q4.txt,0.282602459192276,0.1796327829360962,0.7482884436845779,True
BLACKSTONE INC,2.0,1.49,1.13,transcripts_by_company/Blackstone_Mortgage_Trust_Inc_2022Q2.txt,0.12103072553873062,0.20594263076782227,0.8534957028925418,True
TTM TECHNOLOGIES INC,2.0,0.32,0.43,transcripts_by_company/TTM_Technologies_Inc_2023Q2.txt,0.17156937718391418,0.2021443396806717,0.8192581340670586,True
CVB FINANCIAL CORP,2.0,0.4,0.49,transcripts_by_company/CVB_Financial_Corp_2023Q2.txt,0.2887636423110962,0.23739513754844666,0.7266469091176987,True
NUTRACEA,4.0,-0.07,0.06,transcripts_by_company/NutraCea_2007Q4.txt,0.2377411127090454,0.17364704608917236,0.7814871072769165,True
GOODYEAR TIRE  RUBBER CO,4.0,-1.18,0.54,transcripts_by_company/Goodyear_Tire_and_Rubber_2008Q4.txt,0.33471429347991943,0.17685623466968536,0.7126431241631508,True
VALMONT INDUSTRIES INC,1.0,1.66,2.02,transcripts_by_company/Valmont_Industries_Inc_2019Q1.txt,0.11405395716428757,0.1907246708869934,0.8629448287189007,True
AMERANT BANCORP INC,3.0,0.45,0.25,transcripts_by_company/Amerant_Bancorp_Inc_2021Q3.txt,0.2330818474292755,0.19683821499347687,0.7777912423014641,True
MODINE MANUFACTURING CO,4.0,0.38,0.58,transcripts_by_company/Modine_Manufacturing_Company_2005Q4.txt,0.25158506631851196,0.02928949147462845,0.815103606134653,True
SENSIENT TECHNOLOGIES CORP,2.0,0.67,0.62,transcripts_by_company/Sensient_Technologies_Corporation_2011Q2.txt,0.11936920136213303,0.4907691478729248,0.7692108146846295,True
CURAGEN CORPORATION,3.0,-0.43,-0.4,transcripts_by_company/CuraGen_Corporation_2004Q3.txt,0.10116421431303024,0.033326905220746994,0.9191869784146547,True
CHYRONHEGO CORP,2.0,0.02,0.03,transcripts_by_company/ChyronHego_Corporation_2014Q2.txt,0.2727750837802887,0.19938752055168152,0.7492411851882934,True
DAIICHI SANKYO COMPANY LIMITED,2.0,49.15,53.8,transcripts_by_company/Daiichi_Sankyo_Company_Limited_2020Q2.txt,0.19461402297019958,0.18625377118587494,0.8078940525650978,True
DUCOMMUN INC DEL,4.0,0.53,0.41,transcripts_by_company/Ducommun_Inc_2012Q4.txt,0.2584894597530365,0.21599605679512024,0.7542585611343384,True
"BIOCRYST PHARMACEUTICALS, INC.",1.0,-0.24,-0.3,transcripts_by_company/BioCryst_Pharmaceuticals_Inc_2020Q1.txt,0.18110798299312592,0.13081921637058258,0.8339786469936371,True
GOODYEAR TIRE  RUBBER CO,2.0,-0.35,0.26,transcripts_by_company/Goodyear_Tire_and_Rubber_Co_2009Q2.txt,0.09854863584041595,0.1287621259689331,0.8923873171210289,True
CALAMOS ASSET MANAGEMENT INC,4.0,0.35,0.32,transcripts_by_company/Calamos_Asset_Management_2005Q4.txt,0.2716419994831085,0.18776851892471313,0.7535200446844101,True
COMMVAULT SYSTEMS INC,3.0,0.7,0.57,transcripts_by_company/Commvault_Systems_Inc_2023Q3.txt,0.13631203770637512,0.3116472363471985,0.8110874027013779,True
FRESH DEL MONTE PRODUCE INC,4.0,0.0,-0.03,transcripts_by_company/Fresh_Del_Monte_Produce_Inc_2012Q4.txt,0.14640161395072937,0.16301006078720093,0.8486158519983291,True
SYNAPTICS INC,4.0,0.53,0.66,transcripts_by_company/Synaptics_Incorporated_2012Q4.txt,0.12716010212898254,0.32328251004219055,0.814003175497055,True
PPL CORP,4.0,0.22,0.38,transcripts_by_company/PPL_Corporation_2021Q4.txt,0.16525179147720337,0.16276496648788452,0.8354942560195923,True
SHELL MIDSTREAM PARTNERS LP,2.0,0.32,0.45,transcripts_by_company/Shell_Midstream_Partners_LP_2020Q2.txt,0.4232425093650818,0.2586170434951782,0.6261451303958894,True
FIRST MARBLEHEAD CORP,3.0,-0.94,0.76,transcripts_by_company/First_Marblehead_Corporation_2008Q3.txt,0.3203228712081909,0.0,0.6796771287918091,False
COLFAX CORP,2.0,0.43,0.42,transcripts_by_company/Colfax_Corporation_2017Q2.txt,0.17974473536014557,0.27252206206321716,0.792422066628933,True
LEAR CORP,4.0,3.2,2.58,transcripts_by_company/Lear_Corporation_2015Q4.txt,0.22540947794914246,0.2167113870382309,0.7771999493241311,True
HACKETT GROUP INC,2.0,0.39,0.38,transcripts_by_company/The_Hackett_Group_Inc_2023Q2.txt,0.1817401498556137,0.32898926734924316,0.7740851148962975,True
ION GEOPHYSICAL CORP,3.0,-0.13,0.13,transcripts_by_company/ION_Geophysical_Corporation_2013Q3.txt,0.3682527542114258,0.17607423663139343,0.6894008010625838,True
ENCORE CAPITAL GROUP INC,2.0,0.87,1.07,transcripts_by_company/Encore_Capital_Group_Inc_2017Q2.txt,0.12590593099594116,0.20722949504852295,0.8496969997882843,True
AMERICAN VANGUARD CORP,3.0,0.03,0.35,transcripts_by_company/American_Vanguard_Corporation_2014Q3.txt,0.29003334045410156,0.24805223941802979,0.72256098985672,True
ARRIS GROUP INC,3.0,0.03,0.07,transcripts_by_company/ARRIS_Group_Inc_2004Q3.txt,0.2813180685043335,0.17518693208694458,0.7505212724208832,True
DENNY'S CORP,1.0,-0.02,-0.02,transcripts_by_company/Dennys_Corporation_2005Q1.txt,0.1801752746105194,0.3469647765159607,0.7697878748178482,True
CAPITALSOURCE INC.,1.0,0.63,0.64,transcripts_by_company/CapitalSource_2007Q1.txt,0.14595730602741241,0.15035480260849,0.8527234449982644,True
SEABRIGHT HOLDINGS INC,2.0,-0.02,0.06,transcripts_by_company/SeaBright_Holdings_Inc_2012Q2.txt,0.3037428855895996,0.1006564125418663,0.7571830563247204,True
GRAY TELEVISION INC,1.0,-0.31,0.21,transcripts_by_company/Gray_Television_Inc_2019Q1.txt,0.11314433068037033,0.08442705124616623,0.8954708531498909,True
MONY GROUP INCORPORATED,3.0,0.0,0.07,transcripts_by_company/MONY_Group_2003Q3.txt,0.1576356589794159,0.09147492796182632,0.862212560325861,True
ERESEARCHTECHNOLOGY INC.,3.0,0.11,0.08,transcripts_by_company/eResearch_Technology_2010Q3.txt,0.1424340307712555,-0.030102914199233055,0.9093270527198911,True
PFIZER INC,3.0,0.6,0.53,transcripts_by_company/Pfizer_Inc_2015Q3.txt,0.14359121024608612,0.1995929777622223,0.839608259499073,True
DORIAN LPG LTD,2.0,0.25,0.51,transcripts_by_company/Dorian_LPG_Ltd_2020Q2.txt,0.17590849101543427,0.17506326735019684,0.824345076084137,True
TREX COMPANY INC,2.0,0.97,0.91,transcripts_by_company/Trex_Company_Inc_2017Q2.txt,0.11107444018125534,0.20950905978679657,0.8593951739370823,True
VISX INCORPORATED,4.0,0.07,0.14,transcripts_by_company/VISX_2002Q4.txt,0.18519486486911774,0.0,0.8148051351308823,False
UNITED FIRE GROUP INC,4.0,1.69,0.57,transcripts_by_company/United_Fire_Group_Inc_2021Q4.txt,0.1753987818956375,0.21632102131843567,0.812324546277523,True
OCEANEERING INTERNATIONAL INC,4.0,0.25,0.45,transcripts_by_company/Oceaneering_International_2003Q4.txt,0.20640118420124054,0.04543793573975563,0.841887790337205,True
TRACTOR SUPPLY CO,3.0,0.6,0.47,transcripts_by_company/Tractor_Supply_Company_2009Q3.txt,0.2267015278339386,0.18237678706645966,0.7865958943963052,True
XENOPORT INC,4.0,-0.74,-0.68,transcripts_by_company/XenoPort_Inc_2008Q4.txt,0.1599130481481552,0.3029387891292572,0.7971792295575142,True
CALAMOS ASSET MANAGEMENT INC,4.0,0.54,0.13,transcripts_by_company/Calamos_Asset_Management_Inc_2013Q4.txt,0.17701081931591034,0.2539951205253601,0.7998938903212547,True
COHEN & STEERS INC,2.0,0.36,0.33,transcripts_by_company/Cohen_and_Steers_Inc_2011Q2.txt,0.2228584885597229,0.08599576354026794,0.8182003289461136,True
TIDEWATER INC,2.0,0.68,1.02,transcripts_by_company/Tidewater_Inc_2013Q2.txt,0.3137300908565521,0.3254474699497223,0.6827546954154968,True
CARPENTER TECHNOLOGY CORP,2.0,-0.31,1.11,transcripts_by_company/Carpenter_Technology_Corporation_2020Q2.txt,0.43345391750335693,0.3195855915546417,0.6007065802812577,True
FBR AND CO,2.0,-0.39,0.19,transcripts_by_company/Bradford_and_Bingley_Plc_2008Q2.txt,0.06621277332305908,0.11575914919376373,0.9189233139157296,True
LUMBER LIQUIDATORS HOLDINGS INC,2.0,0.1,0.09,transcripts_by_company/Lumber_Liquidators_Holdings_Inc_2020Q2.txt,0.22331012785434723,0.25623777508735657,0.7668115779757501,True
KOHL'S CORP,1.0,1.56,1.75,transcripts_by_company/Kohls_Corporation_2014Q1.txt,0.22768749296665192,0.1762891411781311,0.7877320125699043,True
CIRRUS LOGIC INC,3.0,1.99,1.73,transcripts_by_company/Cirrus_Logic_Inc_2022Q3.txt,0.1082255020737648,0.3011353313922882,0.8339015491306782,True
UNITED FIRE GROUP INC,4.0,-1.3,0.35,transcripts_by_company/United_Fire_Group_Inc_2020Q4.txt,0.14534352719783783,0.24521441757678986,0.8246952056884765,True
XYLEM INC,4.0,0.63,0.85,transcripts_by_company/Xylem_Inc_2021Q4.txt,0.14483642578125,0.09874670207500458,0.8689904913306237,True
DREW INDUSTRIES INC,1.0,0.33,0.13,transcripts_by_company/Drew_Industries_Incorporated_2010Q1.txt,0.30333220958709717,0.3821307420730591,0.6730282306671143,True
DBV TECHNOLOGIES SA,2.0,-0.28,-0.48,transcripts_by_company/DBV_Technologies_SA_2021Q2.txt,0.15971916913986206,0.1521112322807312,0.8425632119178772,True
NETSUITE INC,4.0,0.1,0.1,transcripts_by_company/NetSuite_Inc_2014Q4.txt,0.11200161278247833,0.3406723737716675,0.8193971589207649,True
JONES LANG LASALLE INC,1.0,0.01,-0.28,transcripts_by_company/Jones_Lang_LaSalle_2010Q1.txt,0.14627116918563843,0.2761877179145813,0.8147538661956787,True
MOOG INC,3.0,0.35,0.51,transcripts_by_company/Moog_Inc_2009Q3.txt,0.31018534302711487,0.14829500019550323,0.7383817598223686,True
ULTA SALON COSMETICS & FRAGRANCE,4.0,0.42,0.33,transcripts_by_company/ULTA_Salon_Cosmetics_and_Fragrance_Inc_2011Q4.txt,0.17572277784347534,0.15815222263336182,0.8295483887195587,True
O-I GLASS INC,3.0,0.58,0.48,transcripts_by_company/O-I_Glass_Inc_2021Q3.txt,0.33202117681503296,0.30921366810798645,0.674821075797081,True
CABLE ONE INC,2.0,10.63,9.92,transcripts_by_company/Cable_One_Inc_2020Q2.txt,0.11683245748281479,0.15904001891613007,0.8705052740871906,True
ABBOTT LABORATORIES,4.0,1.45,0.99,transcripts_by_company/Abbott_Laboratories_2020Q4.txt,0.1992393583059311,0.3853766620159149,0.7449194505810738,True
BRADY CORP,1.0,0.48,0.45,transcripts_by_company/Brady_Corporation_2018Q1.txt,0.12166998535394669,0.2144748568534851,0.8504885531961918,True
CARA THERAPEUTICS INC,1.0,-0.39,-0.3,transcripts_by_company/Cara_Therapeutics_Inc_2016Q1.txt,0.2237296998500824,0.0992148369550705,0.8136247590184211,True
MGM RESORTS INTERNATIONAL,2.0,-0.13,-0.51,transcripts_by_company/MGM_Resorts_International_2021Q2.txt,0.22036251425743103,0.32353073358535767,0.748687019944191,True
AFLAC INC,1.0,0.66,0.61,transcripts_by_company/AFLAC_2005Q1.txt,0.24049220979213715,0.20533287525177002,0.7700555905699731,True
AMERISAFE INC,3.0,0.87,0.9,transcripts_by_company/Amerisafe_Inc_2017Q3.txt,0.14509983360767365,0.0,0.8549001663923264,False
MCCORMICK  COMPANY INC,3.0,1.53,1.4,transcripts_by_company/McCormick_and_Company_Incorporated_2020Q3.txt,0.21591325104236603,0.2457229346036911,0.7751438438892364,True
LYDALL INC,2.0,0.41,0.72,transcripts_by_company/Lydall_Inc_2019Q2.txt,0.14620615541934967,0.42730674147605896,0.7694636687636376,True
SANMINA CORP,4.0,0.79,0.83,transcripts_by_company/Sanmina_Corporation_2019Q4.txt,0.19252072274684906,0.22986848652362823,0.7962749481201172,True
CUBIST PHARMACEUTICALS INC,4.0,0.93,0.4,transcripts_by_company/Cubist_Pharmaceuticals_Inc_2012Q4.txt,0.2302273064851761,0.18009240925312042,0.7848131626844406,True
THERATECHNOLOGIES INC,3.0,-0.09,0.01,transcripts_by_company/Theratechnologies_Inc_2020Q3.txt,0.17243780195713043,0.11774224787950516,0.8439708642661572,True
UQM TECHNOLOGIES INC,1.0,-0.03,-0.01,transcripts_by_company/UQM_Technologies_Inc_2015Q1.txt,0.18237264454364777,0.18577753007411957,0.8166058897972107,True
HOSPITALITY PROPERTIES TRUST,2.0,0.59,0.43,transcripts_by_company/Hospitality_Properties_Trust_2018Q2.txt,0.12248103320598602,0.26582083106040955,0.834517027437687,True
GOOGLE INC,1.0,2.29,1.7,transcripts_by_company/Google_2006Q1.txt,0.21934838593006134,0.247895747423172,0.7720874056220055,True
CHEVRON CORP,1.0,0.72,2.7,transcripts_by_company/Chevron_Corporation_2009Q1.txt,0.2142793834209442,0.2662438750267029,0.7701312690973282,True
NETFLIX INC,3.0,0.12,0.08,transcripts_by_company/Netflix_Inc_2016Q3.txt,0.1690438985824585,0.0,0.8309561014175415,False
ATLANTIC UNION BANKSHARES CORP,1.0,0.54,0.68,transcripts_by_company/Atlantic_Union_Bankshares_Corporation_2022Q1.txt,0.10096843540668488,0.11869555711746216,0.8937134280800819,True
CONAGRA BRANDS INC,4.0,0.55,0.54,transcripts_by_company/Conagra_Brands_Inc_2017Q4.txt,0.4038057327270508,0.28997501730918884,0.6303434818983078,True
OPLINK COMMUNICATIONS INC,2.0,0.0,0.0,transcripts_by_company/Oplink_Communications_2004Q2.txt,0.26062893867492676,0.08215870708227158,0.7929121308028698,True
ALLIANCE RESOURCE PARTNERS LP,4.0,0.27,0.09,transcripts_by_company/Alliance_Resource_Partners_LP_2020Q4.txt,0.296716570854187,0.3643839955329895,0.6829832017421722,True
OBAGI MEDICAL PRODUCTS INC,4.0,0.14,0.25,transcripts_by_company/OBAGI_MEDICAL_PRODUCTS_INC_2010Q4.txt,0.3247738480567932,0.15080930292606354,0.7274155154824258,True
"ARBOR REALTY TRUST, INC",4.0,0.45,0.41,transcripts_by_company/Arbor_Realty_Trust_Inc_2022Q4.txt,0.16997836530208588,0.29319533705711365,0.7930565431714058,True
HEALTHCARE REALTY TRUST INC,2.0,0.04,0.06,transcripts_by_company/Healthcare_Realty_Trust_2012Q2.txt,0.24759115278720856,-0.032307956367731094,0.8363785799592733,True
MICRON TECHNOLOGY INC,3.0,-1.07,-0.68,transcripts_by_company/Micron_Technology_Inc_2023Q3.txt,0.18837246298789978,0.17720229923725128,0.8149785861372948,True
DEL TACO RESTAURANTS INC,4.0,0.18,0.19,transcripts_by_company/Del_Taco_Restaurants_Inc_2019Q4.txt,0.3435956835746765,0.3632826805114746,0.6504982173442841,True
YELLOW CORP,2.0,-0.28,0.38,transcripts_by_company/Yellow_Pages_Limited_2023Q2.txt,0.3980221152305603,0.0,0.6019778847694397,False
AUDIOCODES LTD,4.0,0.03,0.05,transcripts_by_company/AudioCodes_Ltd_2012Q4.txt,0.2205687165260315,0.24671480059623718,0.7715874582529068,True
CHINDEX INTERNATIONAL INC.,2.0,0.05,0.17,transcripts_by_company/Chindex_International_Inc_2008Q2.txt,0.28744247555732727,0.28351932764053345,0.7137344688177109,True
CHARLES RIVER LABORATORIES,1.0,0.82,0.75,transcripts_by_company/Charles_River_Laboratories_International_Inc_2014Q1.txt,0.26131290197372437,0.22815074026584625,0.7486357465386391,True
PFIZER INC,2.0,0.64,0.61,transcripts_by_company/Pfizer_Inc_2016Q2.txt,0.16593116521835327,0.15458151698112488,0.8374737292528153,True
NEW YORK MORTGAGE TRUST INC,3.0,-0.65,0.03,transcripts_by_company/New_York_Mortgage_Trust_Inc_2007Q3.txt,0.294651061296463,0.09260769188404083,0.7659619495272636,True
ARBITRON INC,1.0,0.64,0.59,transcripts_by_company/Arbitron_Inc_2012Q1.txt,0.25629958510398865,0.15852585434913635,0.7730325341224671,True
TRELLEBORG AB,4.0,2.55,2.81,transcripts_by_company/Trelleborg_AB_2018Q4.txt,0.2305973470211029,0.4352099299430847,0.7080188781023026,True
ROWAN COMPANIES PLC,2.0,-0.6,-0.54,transcripts_by_company/Rowan_Companies_plc_2018Q2.txt,0.20703774690628052,0.17015403509140015,0.8040273666381836,True
PROCTER  GAMBLE CO,1.0,0.84,0.9,transcripts_by_company/Procter_and_Gamble_2009Q1.txt,0.2899138033390045,0.15887093544006348,0.7493990570306779,True
MARSH  MCLENNAN COMPANIES INC,2.0,0.8,0.86,transcripts_by_company/Marsh_and_McLennan_Companies_Inc_2015Q2.txt,0.28326353430747986,0.4094792604446411,0.6788717478513717,True
EQUITY LIFESTYLE PROPERTIES INC,3.0,0.37,-0.02,transcripts_by_company/Equity_LifeStyle_Properties_Inc_2009Q3.txt,0.19308127462863922,0.1803107112646103,0.8107498943805694,True
MATTEL /CA/ PRED INC,1.0,-0.13,0.04,transcripts_by_company/Mattel_2008Q1.txt,0.35635507106781006,0.3760959506034851,0.6377226650714874,True
CB RICHARD ELLIS GROUP INC,3.0,0.75,0.5,transcripts_by_company/CB_Richard_Ellis_Group_Inc_2005Q3.txt,0.14598114788532257,0.2512785494327545,0.8224296316504478,True
SYKES ENTERPRISES INC,1.0,0.0,0.07,transcripts_by_company/Sykes_Enterprises_2003Q1.txt,0.2610832750797272,0.20172743499279022,0.756723476946354,True
BUILDERS FIRSTSOURCE INC,2.0,6.26,1.86,transcripts_by_company/Builders_FirstSource_Inc_2022Q2.txt,0.20093104243278503,0.3269748091697693,0.7612558275461196,True
GLOBAL MEDICAL REIT INC,1.0,0.03,0.05,transcripts_by_company/Global_Medical_REIT_Inc_2020Q1.txt,0.27927452325820923,0.2471250295639038,0.7303703248500824,True
PRIMO WATER CORP (MISSISSAUGA),1.0,0.09,0.09,transcripts_by_company/Primo_Water_Corporation_2023Q1.txt,0.20182955265045166,0.3468703031539917,0.7546582221984863,True
SUTHERLAND ASSET MANAGEMENT CORP,3.0,0.4,0.37,transcripts_by_company/Sutherland_Asset_Management_Corporation_2017Q3.txt,0.058568574488162994,0.13164156675338745,0.9195095278322697,True
KIMBALL INTERNATIONAL INC,4.0,-0.16,0.18,transcripts_by_company/Kimball_International_Inc_2021Q4.txt,0.2000994235277176,0.3441161513328552,0.7566955581307411,True
WAYFAIR INC,4.0,-0.07,-0.2,transcripts_by_company/Wayfair_Inc_2015Q4.txt,0.24880221486091614,0.2124372124671936,0.7621072858572007,True
INTEST CORP,1.0,0.24,0.02,transcripts_by_company/inTEST_Corporation_2021Q1.txt,0.2933722734451294,0.2938918471336365,0.7064718544483185,True
INTREPID POTASH INC,4.0,0.08,0.05,transcripts_by_company/Intrepid_Potash_Inc_2014Q4.txt,0.17733587324619293,0.13543032109737396,0.8352357923984528,True
MOVADO GROUP INC,2.0,0.28,0.28,transcripts_by_company/Movado_2013Q2.txt,0.36415350437164307,0.1621265709400177,0.6964545756578446,True
ANWORTH MORTGAGE ASSET CORP,3.0,0.27,0.29,transcripts_by_company/Anworth_Mortgage_Asset_2009Q3.txt,0.1540803760290146,0.36829474568367004,0.7816553130745888,True
HANCOCK HLDG CO,2.0,0.59,0.58,transcripts_by_company/Hancock_Holding_Company_2014Q2.txt,0.42503058910369873,0.3355146050453186,0.6018242061138153,True
NATIONAL INTERSTATE CORP,3.0,0.31,0.45,transcripts_by_company/National_Interstate_Corporation_2011Q3.txt,0.34625670313835144,0.14702193439006805,0.7135137274861336,True
WESTLAKE CHEMICAL CORP,3.0,1.48,1.27,transcripts_by_company/Westlake_Chemical_Corp_2012Q3.txt,0.10456551611423492,0.13109204173088074,0.8874765262007713,True
PHREESIA INC,4.0,-0.09,-0.08,transcripts_by_company/Phreesia_Inc_2020Q4.txt,0.23256045579910278,0.22058160603046417,0.7710331991314888,True
PUMATECH INC,4.0,-0.03,-0.04,transcripts_by_company/Pumatech_2002Q4.txt,0.10216081887483597,0.09759063273668289,0.89921023696661,True
INTERNATIONAL BUSINESS MACHINE,4.0,6.13,5.99,transcripts_by_company/UBM_Plc_2013Q4.txt,0.13681741058826447,0.08881013095378876,0.8775847733020783,True
MCGRAW-HILL,4.0,0.95,0.97,transcripts_by_company/McGraw-Hill_Financial_2014Q4.txt,0.18751998245716095,0.3318234086036682,0.7691889896988868,True
EMMIS COMMUNICATIONS CORP,1.0,-0.23,-0.14,transcripts_by_company/Emmis_Communications_2007Q1.txt,0.12557755410671234,0.1781442016363144,0.8586524516344071,True
CHINA SUNERGY CO LTD,4.0,-2.6,0.14,transcripts_by_company/China_Sunergy_Co_Ltd_2011Q4.txt,0.26799967885017395,0.2761754095554352,0.7295476019382476,True
OMNOVA SOLUTIONS,1.0,0.0,-0.03,transcripts_by_company/OMNOVA_Solutions_2009Q1.txt,0.14979144930839539,0.3157954514026642,0.800407350063324,True
ARTIO GLOBAL INVESTORS INC,4.0,0.02,0.0,transcripts_by_company/Artio_Global_Investors_Inc_2012Q4.txt,0.13627327978610992,0.15064820647239685,0.859414242208004,True
LUCID GROUP INC,4.0,-0.3,-0.29,transcripts_by_company/Lucid_Group_Inc_CurrentQ4.txt,0.12453742325305939,0.20842717587947845,0.8502956509590149,True
CRA INTERNATIONAL INC,2.0,0.2,0.48,transcripts_by_company/CRA_International_Inc_2012Q2.txt,0.3603340685367584,0.03154448792338371,0.738302805647254,True
FISERV INC,2.0,0.68,0.7,transcripts_by_company/Fiserv_2007Q2.txt,0.2439519762992859,0.3829275965690613,0.7143553376197815,True
REINSURANCE GROUP OF AMERICA INC,1.0,-1.24,2.26,transcripts_by_company/Reinsurance_Group_of_America_Incorporated_2021Q1.txt,0.19181132316589355,0.23201648890972137,0.7961271271109581,True
BIOGEN IDEC INC,2.0,1.31,1.09,transcripts_by_company/Biogen_Idec_Inc_2010Q2.txt,0.09095598757266998,0.2290228009223938,0.8676239684224129,True
CALIFORNIA AMPLIFIER INC,1.0,0.18,0.01,transcripts_by_company/California_Amplifier_2004Q1.txt,0.2434706836938858,0.15082332491874695,0.7843235239386559,True
GENTEX CORP,4.0,0.58,0.39,transcripts_by_company/Gentex_Corporation_2020Q4.txt,0.26002734899520874,0.18060067296028137,0.7638006538152695,True
OPTIMER PHARMACEUTICALS INC,1.0,1.04,-0.44,transcripts_by_company/Optimer_Pharmaceuticals_Inc_2011Q1.txt,0.1615743637084961,0.23953352868556976,0.8150378867983818,True
OCCIDENTAL PETROLEUM CORP,1.0,0.16,0.24,transcripts_by_company/Occidental_Petroleum_Corporation_2017Q1.txt,0.2537277042865753,0.04558398947119713,0.8087154101580382,True
JOHN WILEY & SONS INC,1.0,0.74,0.82,transcripts_by_company/John_Wiley_and_Sons_2010Q1.txt,0.26508772373199463,0.08692852407693863,0.7883600361645222,True
AMERISOURCEBERGEN CORP,3.0,1.1,0.97,transcripts_by_company/AmerisourceBergen_Corporation_2014Q3.txt,0.11191321909427643,0.3962065875530243,0.8027987703680992,True
DONEGAL GROUP INC,1.0,0.35,0.49,transcripts_by_company/Donegal_Group_2006Q1.txt,0.1186806783080101,0.17650476098060608,0.8639720968902111,True
NEVRO CORP,2.0,-0.71,-0.72,transcripts_by_company/Nevro_Corp_2022Q2.txt,0.15153256058692932,0.21094533801078796,0.830643606185913,True
LYRA THERAPEUTICS INC,4.0,-0.22,-0.33,transcripts_by_company/Lyra_Therapeutics_Inc_2023Q4.txt,0.2949812114238739,0.30273744463920593,0.7026919186115266,True
MAXLINEAR INC,2.0,0.5,0.37,transcripts_by_company/MaxLinear_Inc_2016Q2.txt,0.3192897140979767,0.0,0.6807102859020233,False
ASYST TECHNOLOGIES INC,1.0,0.1,0.05,transcripts_by_company/Asyst_Technologies_2006Q1.txt,0.3620539605617523,0.19224780797958374,0.6888878852128982,True
STANTEC INC,3.0,0.98,0.81,transcripts_by_company/Stantec_Inc_2013Q3.txt,0.1705038845539093,0.2272910326719284,0.812459971010685,True
TUESDAY MORNING CORP,1.0,-0.16,-0.14,transcripts_by_company/Tuesday_Morning_Corporation_2009Q1.txt,0.23515653610229492,0.16369959712028503,0.7862805455923081,True
ALMOST FAMILY INC,3.0,0.73,0.65,transcripts_by_company/Almost_Family_Incorporated_2009Q3.txt,0.13472506403923035,0.10386497527360916,0.874532962590456,True
AIR PRODUCTS AND CHEMICALS INC,3.0,3.15,3.18,transcripts_by_company/Air_Products_and_Chemicals_Inc_2023Q3.txt,0.16064946353435516,0.1972881257534027,0.8283589377999305,True
UNITED AUTO GROUP,2.0,0.42,0.44,transcripts_by_company/United_Auto_Group_Inc_2007Q2.txt,0.2955871522426605,0.1991623342037201,0.7333402931690216,True
CORINTHIAN COLLEGES INC,2.0,0.39,0.34,transcripts_by_company/Corinthian_Colleges_Inc_2003Q2.txt,0.1600024402141571,0.10520767420530319,0.8564359895884991,True
HERCULES CAPITAL INC,3.0,0.39,0.34,transcripts_by_company/Hercules_Capital_Inc_2022Q3.txt,0.263942152261734,0.09902448952198029,0.7855331465601921,True
NOVAMED EYECARE INC.,3.0,0.08,0.08,transcripts_by_company/Novamed_Inc_2007Q3.txt,0.11085554957389832,0.33825626969337463,0.8209242343902587,True
HUBBELL INC,1.0,0.6,0.54,transcripts_by_company/Hubbell_Incorporated_2009Q1.txt,0.2554370164871216,0.09838472306728363,0.7916786715388298,True
WESTERN ALLIANCE BANCORPORATION,1.0,0.6,0.52,transcripts_by_company/Western_Alliance_Bancorporation_2016Q1.txt,0.16268230974674225,0.21667595207691193,0.8211195975542069,True
DIGI INTERNATIONAL INC,3.0,0.11,0.14,transcripts_by_company/Digi_International_Inc_2011Q3.txt,0.17229577898979187,0.33142879605293274,0.7799643158912659,True
BEBE STORES INC,3.0,0.22,0.17,transcripts_by_company/bebe_Stores_2006Q3.txt,0.25725027918815613,0.19315515458583832,0.7619782581925392,True
ENTEGRIS INC,3.0,0.68,0.68,transcripts_by_company/Entegris_Inc_2023Q3.txt,0.35702043771743774,0.2061353623867035,0.6882450848817825,True
PARAGON 28 INC,3.0,-0.13,-0.05,transcripts_by_company/Paragon_28_Inc_2022Q3.txt,0.12182208895683289,0.27185478806495667,0.8331681013107299,True
APPLIED SIGNAL TECHNOLOGY,4.0,0.27,0.23,transcripts_by_company/Applied_Signal_Technology_2009Q4.txt,0.3315448462963104,0.22678904235363007,0.6998818948864937,True
CONTRAFECT CORP,4.0,-1.11,-0.07,transcripts_by_company/ContraFect_Corporation_2019Q4.txt,0.33317381143569946,0.0384342260658741,0.7552480641752481,True
SPRAGUE RESOURCES LP,1.0,3.21,1.95,transcripts_by_company/Sprague_Resources_LP_2018Q1.txt,0.29078176617622375,0.1615668684244156,0.7479827031493187,True
ARENA PHARMACEUTICALS INC,2.0,-0.67,-0.55,transcripts_by_company/Arena_Pharmaceuticals_Inc_2004Q2.txt,0.21722859144210815,0.11383366584777832,0.8137898862361908,True
EMERGENT BIOSOLUTIONS INC,3.0,0.41,0.19,transcripts_by_company/Emergent_BioSolutions_Inc_2010Q3.txt,0.28471627831459045,0.28821587562561035,0.7142338424921035,True
OIL STATES INTERNATIONAL INC,4.0,1.47,1.82,transcripts_by_company/Oil_States_International_2013Q4.txt,0.1740911304950714,0.25635653734207153,0.8012292474508286,True
NETLIST INC,1.0,-0.02,-0.01,transcripts_by_company/Netlist_Inc_2021Q1.txt,0.24654582142829895,0.31271013617515564,0.733604884147644,True
PHOTRONICS INC,2.0,0.03,0.13,transcripts_by_company/Photronics_Inc_2017Q2.txt,0.08411269634962082,0.1098402589559555,0.9081690348684788,True
MOVADO GROUP INC,2.0,0.05,0.14,transcripts_by_company/Movado_Group_Inc_2008Q2.txt,0.14435216784477234,0.315521776676178,0.804296949505806,True
SUPER MICRO COMPUTER INC,1.0,1.55,0.76,transcripts_by_company/Super_Micro_Computer_Inc_2022Q1.txt,0.32040584087371826,0.16120214760303497,0.7273552671074868,True
POWER INTEGRATIONS INC,1.0,0.36,0.45,transcripts_by_company/Power_Integrations_Inc_2012Q1.txt,0.07912600040435791,0.16080358624458313,0.8963707238435745,True
STATE AUTO FINANCIAL CORP,4.0,0.4,0.29,transcripts_by_company/State_Auto_Financial_2002Q4.txt,0.21910883486270905,0.20014376938343048,0.7865806847810746,True
MARATHON OIL CORP,1.0,0.67,0.83,transcripts_by_company/Marathon_Oil_Corp_2012Q1.txt,0.191104918718338,0.14932870864868164,0.8214279443025589,True
US AUTO PARTS NETWORK INC,3.0,-0.17,0.05,transcripts_by_company/US_Auto_Parts_Network_Inc_2011Q3.txt,0.3167372941970825,0.3175398111343384,0.6830219507217408,True
AMGEN INC,3.0,0.53,0.46,transcripts_by_company/Amgen_Inc_2003Q3.txt,0.21913613379001617,0.21825404465198517,0.7811284929513931,True
PINNACLE FOODS INC,2.0,0.33,0.33,transcripts_by_company/Pinnacle_Foods_Inc_2014Q2.txt,0.28925812244415283,0.18706147372722626,0.7414008721709251,True
ROCKWELL AUTOMATION INC,1.0,1.35,1.46,transcripts_by_company/Rockwell_Automation_Inc_2014Q1.txt,0.21983344852924347,0.39672741293907166,0.7270983621478081,True
SLM CORP,2.0,0.62,0.63,transcripts_by_company/SLM_Corporation_Sallie_Mae_2005Q2.txt,0.13292968273162842,0.1283491551876068,0.8684444755315781,True
IRONWOOD PHARMACEUTICALS INC,4.0,-0.43,-0.59,transcripts_by_company/Ironwood_Pharmaceuticals_Inc_2013Q4.txt,0.1504012793302536,0.23102620244026184,0.8254112437367439,True
POLYCOM INC,3.0,0.31,0.32,transcripts_by_company/Polycom_Incorporated_2009Q3.txt,0.1298232078552246,0.24404621124267578,0.8359098911285401,True
IMRIS INC,1.0,-0.18,-0.18,transcripts_by_company/Imerys_SA_2012Q1.txt,0.25444307923316956,0.29852917790412903,0.7323310911655426,True
GAIAM INC,4.0,0.07,0.17,transcripts_by_company/Gaiam_2005Q4.txt,0.2564169466495514,0.10686492919921875,0.7884486585855484,True
GRIFOLS SA,4.0,1.75,1.43,transcripts_by_company/SLC_Agricola_SA_2013Q4.txt,0.2663940191268921,0.30682939291000366,0.7214753687381744,True
ENPRO INC,2.0,0.92,0.76,transcripts_by_company/EnPro_Industries_Inc_2017Q2.txt,0.2751672863960266,0.18093502521514893,0.7531023919582367,True
CAESARSTONE LTD,4.0,0.01,0.15,transcripts_by_company/Caesarstone_Ltd_2021Q4.txt,0.3568057417869568,0.260853111743927,0.6719800472259522,True
LIVEONE INC,4.0,-0.02,0.0,transcripts_by_company/LiveOne_Inc_CurrentQ4.txt,0.27516645193099976,0.04368529096245766,0.7942778963595629,True
GENERAL MILLS INC,2.0,0.86,0.79,transcripts_by_company/General_Mills_2009Q2.txt,0.2936904728412628,0.11682286858558655,0.7593698084354401,True
ORMAT TECHNOLOGIES INC,1.0,0.35,0.55,transcripts_by_company/Ormat_Technologies_Inc_2022Q1.txt,0.22613300383090973,0.14250227808952332,0.7989562138915063,True
BRIGHTCOVE INC,1.0,-0.02,-0.01,transcripts_by_company/Brightcove_Inc_2014Q1.txt,0.11330071836709976,0.11997713148593903,0.8846963576972484,True
GUIDEWIRE SOFTWARE INC,3.0,0.81,0.59,transcripts_by_company/Guidewire_Software_Inc_2018Q3.txt,0.21527566015720367,0.37069687247276306,0.7380979761481286,True
DENDREON CORP,2.0,-0.27,-0.32,transcripts_by_company/Dendreon_Corporation_2007Q2.txt,0.21327488124370575,0.19694343209266663,0.791624553501606,True
WESTERN REFINING INC,3.0,0.13,0.05,transcripts_by_company/Western_Refining_Inc_2010Q3.txt,0.23382878303527832,0.18147918581962585,0.7818760961294174,True
EXACT SCIENCES CORP,4.0,-0.08,-0.07,transcripts_by_company/EXACT_Sciences_Corporation_2010Q4.txt,0.24644142389297485,0.12510371208190918,0.7899598896503448,True
OCCIDENTAL PETROLEUM CORP,3.0,1.58,1.78,transcripts_by_company/Occidental_Petroleum_Corp_2014Q3.txt,0.19245201349258423,0.26260870695114136,0.7865009784698487,True
COMPUWARE CORP,2.0,0.01,0.07,transcripts_by_company/Compuware_Corporation_2003Q2.txt,0.15605980157852173,0.2811506390571594,0.8064129471778869,True
NORTHERN TR CORP,3.0,0.74,0.73,transcripts_by_company/Northern_Rock_Plc_2006Q3.txt,0.3166556656360626,0.2661789059638977,0.6984873622655869,True
ROSS STORES INC,3.0,0.29,0.34,transcripts_by_company/Ross_Stores_Inc_2005Q3.txt,0.20862405002117157,0.050684962421655655,0.8387576762586832,True
FLOWERS FOODS INC,1.0,0.46,0.4,transcripts_by_company/Flowers_Foods_2007Q1.txt,0.27353379130363464,0.25201305747032166,0.7329224288463593,True
HYSTER-YALE INC,1.0,0.85,1.71,transcripts_by_company/Hyster-Yale_Materials_Handling_Inc_2015Q1.txt,0.3417429029941559,0.1733812838792801,0.7087655827403069,True
TORCHMARK CORP,4.0,1.15,1.14,transcripts_by_company/Torchmark_Corporation_2016Q4.txt,0.13231176137924194,0.1657024323940277,0.8576710373163223,True
HOEGH LNG PARTNERS LP,1.0,0.59,0.37,transcripts_by_company/Höegh_LNG_Partners_LP_2018Q1.txt,0.26184841990470886,0.1785094290971756,0.7631532773375511,True
BORR DRILLING LTD,4.0,-0.34,-0.19,transcripts_by_company/Borr_Drilling_Limited_2021Q4.txt,0.36151641607284546,0.26409658789634705,0.6677095323801041,True
REINSURANCE GROUP OF AMERICA INC,4.0,-0.56,3.51,transcripts_by_company/Reinsurance_Group_of_America_Incorporated_2021Q4.txt,0.17609712481498718,0.15690645575523376,0.8296600759029389,True
COMVERGE INC,3.0,-0.06,0.1,transcripts_by_company/Comverge_Inc_2010Q3.txt,0.284417986869812,0.16783274710178375,0.7505575850605964,True
MEDCATH CORPORATION,2.0,0.27,0.18,transcripts_by_company/Medcath_Corp_2006Q2.txt,0.31749486923217773,0.09376655519008636,0.7496236249804498,True
AK STEEL HOLDING CORP,4.0,0.68,0.19,transcripts_by_company/AK_Steel_Holding_Corp_2004Q4.txt,0.21686968207359314,0.047222673892974854,0.8340244203805923,True
FAIRCHILD SEMICONDUCTOR INTERNAT,2.0,0.01,0.17,transcripts_by_company/Fairchild_Semiconductor_International_Inc_2013Q2.txt,0.13948117196559906,0.2776387929916382,0.8190715417265892,True
PENNANTPARK INVESTMENT CORP,1.0,0.15,0.18,transcripts_by_company/PennantPark_Investment_Corporation_2020Q1.txt,0.20999814569950104,0.19212639331817627,0.7953633800148965,True
OVERSTOCK.COM INC,3.0,0.03,-0.04,transcripts_by_company/Overstockcom_Inc_2016Q3.txt,0.1292632818222046,0.2006930261850357,0.849307794868946,True
EASTMAN KODAK CO,1.0,0.82,-0.42,transcripts_by_company/Eastman_Kodak_Company_2010Q1.txt,0.14996512234210968,0.21914982795715332,0.8292794659733772,True
UNIT CORPORATION,4.0,0.6,0.46,transcripts_by_company/Unit_Corporation_2009Q4.txt,0.21613800525665283,-0.008989528752863407,0.8514002549462021,True
THL CREDIT INC,1.0,0.21,0.29,transcripts_by_company/THL_Credit_Inc_2019Q1.txt,0.32746586203575134,0.40124648809432983,0.6503999501466751,True
A10 NETWORKS INC,3.0,0.03,0.04,transcripts_by_company/A10_Networks_Inc_2017Q3.txt,0.14840154349803925,0.21333813667297363,0.8321174785494805,True
WHIRLPOOL CORP,2.0,4.21,4.14,transcripts_by_company/Whirlpool_Corporation_2023Q2.txt,0.41228511929512024,0.4434814453125,0.5783559828996658,True
HERITAGE FINANCIAL CORP,4.0,0.24,0.27,transcripts_by_company/Heritage_Financial_Corporation_2014Q4.txt,0.10023800283670425,0.22821027040481567,0.8613703168928624,True
SYMANTEC CORP,2.0,0.29,0.27,transcripts_by_company/Symantec_Corporation_2016Q2.txt,0.09811532497406006,0.29595062136650085,0.8425340861082077,True
STATE AUTO FINANCIAL CORP,3.0,-0.04,0.28,transcripts_by_company/State_Auto_Financial_Corporation_2010Q3.txt,0.15948419272899628,0.20726875960826874,0.826180437207222,True
EVEREST GROUP LTD,2.0,5.41,4.7,transcripts_by_company/Everest_Re_Group_Ltd_2014Q2.txt,0.03783071041107178,0.09450686722993851,0.9451664425432682,True
EXPONENT INC,4.0,0.33,0.19,transcripts_by_company/Exponent_Inc_2007Q4.txt,0.18508943915367126,0.24753211438655853,0.7961777582764625,True
ALTERA CORP,2.0,0.2,0.13,transcripts_by_company/Altera_Corp_2004Q2.txt,0.1761375218629837,0.23191875219345093,0.8071281090378761,True
ETSY INC,4.0,1.11,0.89,transcripts_by_company/Etsy_Inc_2021Q4.txt,0.1834011673927307,0.2666446268558502,0.7916257947683334,True
KOPIN CORP,3.0,-0.01,-0.04,transcripts_by_company/Kopin_Corporation_2020Q3.txt,0.3434228301048279,0.15317310392856598,0.7136520877480508,True
STIFEL FINANCIAL CORP,2.0,0.68,0.7,transcripts_by_company/Stifel_Financial_Corporation_2014Q2.txt,0.2202754020690918,0.18509888648986816,0.7902775526046752,True
COMMVAULT SYSTEMS INC,2.0,0.62,0.44,transcripts_by_company/Commvault_Systems_Inc_2021Q2.txt,0.2342785894870758,0.2021954357624054,0.7753463566303254,True
AMERIGROUP CORP,1.0,0.65,0.52,transcripts_by_company/AMERIGROUP_Corporation_2008Q1.txt,0.12972022593021393,0.0,0.8702797740697861,False
ROWAN COMPANIES PLC,4.0,0.08,0.19,transcripts_by_company/Rowan_Companies_PLC_2016Q4.txt,0.30195653438568115,0.026633862406015396,0.7806402672082186,True
HMS HOLDINGS CORP,3.0,0.3,0.3,transcripts_by_company/HMS_Holdings_Corp_2020Q3.txt,0.3967452645301819,0.3861558437347412,0.6064315617084504,True
MFA FINANCIAL INC,1.0,0.18,0.2,transcripts_by_company/MFA_Financial_Inc_2014Q1.txt,0.31165921688079834,0.29454609751701355,0.6934747189283371,True
INVERNESS MEDICAL INNOVATION INC,1.0,0.31,0.17,transcripts_by_company/Inverness_Medical_Innovations_2007Q1.txt,0.2560417056083679,0.1657266914844513,0.771052798628807,True
HUTCHINSON TECHNOLOGY INC,2.0,-0.31,-0.4,transcripts_by_company/Hutchinson_Technology_Inc_2011Q2.txt,0.25286296010017395,0.23498070240020752,0.7525017172098161,True
NATIONAL BANK HOLDINGS CORP,4.0,0.91,0.76,transcripts_by_company/National_Bank_Holdings_Corporation_2022Q4.txt,0.21975840628147125,0.17833487689495087,0.7926686525344848,True
THREDUP INC,1.0,-0.21,-0.1,transcripts_by_company/ThredUp_Inc_2022Q1.txt,0.08461091667413712,0.1987549215555191,0.8811458818614483,True
ALCATEL-LUCENT,2.0,0.03,-0.04,transcripts_by_company/Alcatel-Lucent_2009Q2.txt,0.34896576404571533,0.254767507314682,0.6792937129735948,True
PROTO LABS INC,1.0,0.35,0.28,transcripts_by_company/Proto_Labs_Inc_2013Q1.txt,0.30843526124954224,0.3403647541999817,0.6819858908653259,True
PACKAGING CORP OF AMERICA,4.0,1.23,1.07,transcripts_by_company/Packaging_Corporation_of_America_2016Q4.txt,0.1277121603488922,0.02635619230568409,0.9026946300640702,True
TOP TANKERS INC,3.0,-0.5,-0.19,transcripts_by_company/TOP_Tankers_2007Q3.txt,0.10565636307001114,0.11223926395177841,0.8923687666654587,True
VALASSIS COMMUNICATIONS INC,4.0,0.43,0.47,transcripts_by_company/Valassis_Communications_Inc_2006Q4.txt,0.1982470005750656,0.3514191508293152,0.7558013543486595,True
CLEMENTIA PHARMACEUTICALS INC,2.0,-0.34,-0.35,transcripts_by_company/Clementia_Pharmaceuticals_Inc_2018Q2.txt,0.2639366388320923,0.17424733936786652,0.7629701510071755,True
MEMORY PHARMACEUTICALS CORP,2.0,0.04,-0.26,transcripts_by_company/Memory_Pharmaceuticals_Corporation_2006Q2.txt,0.20813311636447906,0.15044409036636353,0.8091735914349556,True
EVOLENT HEALTH INC,2.0,-0.03,-0.02,transcripts_by_company/Evolent_Health_Inc_2018Q2.txt,0.015591572038829327,0.024638516828417778,0.9816943445242942,True
LANCASTER COLONY CORP,3.0,0.81,1.06,transcripts_by_company/Lancaster_Colony_Corporation_2010Q3.txt,0.1744905561208725,0.09527596086263657,0.8492738224565983,True
TALBOTS INC.,2.0,0.51,0.62,transcripts_by_company/Talbots_2003Q2.txt,0.15540766716003418,0.23486113548278809,0.8207562923431396,True
BROOKE CORP,4.0,-0.56,0.3,transcripts_by_company/Brooke_Corporation_2007Q4.txt,0.3827584385871887,-0.0446491502225399,0.7454638380557299,True
HARBOR CUSTOM DEVELOPMENT INC,2.0,-0.46,-0.01,transcripts_by_company/Harbor_Custom_Development_Inc_2022Q2.txt,0.1548086702823639,0.2467929571866989,0.8175960436463356,True
AMERICA'S CAR-MART INC,1.0,0.0,0.4,transcripts_by_company/Americas_Car-Mart_Inc_2007Q1.txt,0.2544456422328949,0.24502822756767273,0.7483795821666718,True
JOHNSON  JOHNSON,3.0,0.98,0.93,transcripts_by_company/Johnson_Controls_2006Q3.txt,0.14732912182807922,-0.020471816882491112,0.9030111597850918,True
JOINT CORP,3.0,0.03,0.1,transcripts_by_company/The_Joint_Corp_2022Q3.txt,0.16665427386760712,0.25676804780960083,0.8063115939497948,True
INTERNAP CORP,4.0,-0.1,-0.1,transcripts_by_company/Internap_Network_Services_Corp_2014Q4.txt,0.36803293228149414,0.17183102667331696,0.690827639400959,True
LYONDELLBASELL INDUSTRIES NV,3.0,1.53,0.9,transcripts_by_company/LyondellBasell_2011Q3.txt,0.3028492331504822,0.14702247083187103,0.7438987955451012,True
GERBER SCIENTIFIC INC,2.0,0.24,0.23,transcripts_by_company/Gerber_Scientific_Inc_2007Q2.txt,0.2543148398399353,0.42422616481781006,0.6947117626667023,True
MAXLINEAR INC,2.0,0.05,-0.02,transcripts_by_company/MaxLinear_Inc_2012Q2.txt,0.23162144422531128,0.32311782240867615,0.7409296423196793,True
CARDIODYNAMICS INTERNATIONAL CP,4.0,-0.01,0.02,transcripts_by_company/Cardiodynamics_2005Q4.txt,0.12473732978105545,0.0,0.8752626702189445,False
TARGETED GENETICS CORP,4.0,-0.03,-0.05,transcripts_by_company/Targeted_Genetics_2004Q4.txt,0.12176552414894104,0.026777684688568115,0.9067308276891708,True
KIMBERLY-CLARK CORP,2.0,1.41,1.42,transcripts_by_company/Kimberly-Clark_Corp_2015Q2.txt,0.15102779865264893,0.0,0.8489722013473511,False
GENESEE & WYOMING INC-CL A,2.0,0.8,0.91,transcripts_by_company/Genesee_and_Wyoming_Inc_2017Q2.txt,0.14913517236709595,0.20940883457660675,0.8327827289700508,True
NEENAH INC,1.0,1.04,1.24,transcripts_by_company/Neenah_Inc_2018Q1.txt,0.1861649453639984,0.319998562335968,0.7736849695444107,True
CALLAWAY GOLF CO,3.0,-0.16,0.11,transcripts_by_company/Callaway_Golf_Company_2006Q3.txt,0.1659947782754898,0.35842132568359375,0.7762772575020791,True
DUCOMMUN INC,2.0,0.51,0.42,transcripts_by_company/Ducommun_Incorporated_2013Q2.txt,0.328185111284256,0.19602186977863312,0.7114638611674309,True
VERITEX HOLDINGS INC,2.0,0.43,0.44,transcripts_by_company/Veritex_Holdings_Inc_2018Q2.txt,0.3204892575740814,0.3774811029434204,0.6624131888151169,True
INTERNATIONAL COAL GROUP INC,3.0,0.12,0.04,transcripts_by_company/International_Coal_Group_Inc_2009Q3.txt,0.21760495007038116,0.16104811429977417,0.7993621006608009,True
BIG 5 SPORTING GOODS CORP,4.0,0.89,0.48,transcripts_by_company/Big_5_Sporting_Goods_Corporation_2021Q4.txt,0.2871556282043457,0.2537580132484436,0.7228636562824249,True
US CONCRETE INC,1.0,-0.13,-0.15,transcripts_by_company/US_Concrete_Inc_2008Q1.txt,0.0988028421998024,0.3237200677394867,0.8337219901382923,True
RESMED INC,1.0,0.68,0.67,transcripts_by_company/ResMed_Inc_2016Q1.txt,0.2852655053138733,0.31676432490348816,0.7052848488092422,True
ACCENTURE LTD,1.0,0.47,0.41,transcripts_by_company/Accenture_2007Q1.txt,0.06067746877670288,0.08578387647867203,0.9317906089127064,True
SCOTTS CO,4.0,-1.34,-1.35,transcripts_by_company/The_Scotts_Company_2003Q4.txt,0.2811892330646515,0.1583460420370102,0.7556637242436409,True
CANTEL MEDICAL CORP,3.0,0.62,0.62,transcripts_by_company/Cantel_Medical_Corp_2018Q3.txt,0.1908418834209442,0.26713308691978455,0.7862707555294037,True
SITE CENTERS CORP,4.0,0.05,0.02,transcripts_by_company/SITE_Centers_Corp_2019Q4.txt,0.3087400794029236,0.1829373687505722,0.7290007337927819,True
MACERICH CO,2.0,0.12,0.09,transcripts_by_company/The_Macerich_Company_2011Q2.txt,0.13137848675251007,0.1619471311569214,0.8594509199261665,True
LATHAM GROUP INC,2.0,0.21,0.24,transcripts_by_company/Latham_Group_Inc_2022Q2.txt,0.19067347049713135,0.3717053532600403,0.7550169646739959,True
"CHICO'S FAS, INC.",3.0,0.28,0.39,transcripts_by_company/Chicos_FAS_Inc_2023Q3.txt,0.40904897451400757,0.1440209150314331,0.6704594433307648,True
TAUBMAN CENTERS INCORPORATED,2.0,0.37,0.34,transcripts_by_company/Taubman_Centers_Inc_2015Q2.txt,0.29539889097213745,0.2194138616323471,0.7273966178297997,True
MONRO INC,3.0,0.54,0.59,transcripts_by_company/Monro_Muffler_Brake_Inc_2017Q3.txt,0.19481806457042694,0.11819840967655182,0.8281678318977357,True
REV GROUP INC,3.0,0.1,0.25,transcripts_by_company/EVC_Group_Inc_2020Q3.txt,0.15667840838432312,0.19428440928459167,0.8320397913455964,True
ESCO TECHNOLOGIES INC,1.0,0.4,0.46,transcripts_by_company/ESCO_Technologies_Inc_2016Q1.txt,0.3523930311203003,0.35005441308021545,0.6483085542917252,True
INSPERITY INC,3.0,1.14,0.99,transcripts_by_company/Insperity_Inc_2017Q3.txt,0.08380159735679626,0.19679376482963562,0.882300752401352,True
MAGELLAN MIDSTREAM PARTNERS LP,3.0,1.1,0.74,transcripts_by_company/Magellan_Midstream_Partners_LP_2015Q3.txt,0.15796124935150146,0.16347144544124603,0.8403856918215752,True
NEW GOLD INC,3.0,0.03,0.02,transcripts_by_company/New_Placer_Dome_Gold_Corp_2023Q3.txt,0.2587668001651764,0.2510092854499817,0.7435604542493821,True
HUNTINGTON BANCSHARES INC,4.0,0.26,0.35,transcripts_by_company/Huntington_Bancshares_Incorporated_2021Q4.txt,0.09874134510755539,0.1502029150724411,0.8858201839029789,True
COGNEX CORP,2.0,0.41,0.44,transcripts_by_company/Cognex_Corporation_2022Q2.txt,0.11131942272186279,0.3257598876953125,0.8243484377861023,True
HARMONIC INC,1.0,-0.1,0.02,transcripts_by_company/Harmonic_Inc_2020Q1.txt,0.217193603515625,0.27857744693756104,0.7643912434577942,True
NEWCASTLE INVESTMENT CORP,1.0,0.1,0.12,transcripts_by_company/Newcastle_Investment_Corporation_2014Q1.txt,0.1677420288324356,0.014618447981774807,0.8781950454227626,True
CHESAPEAKE CORP,3.0,0.14,0.29,transcripts_by_company/Chesapeake_Energy_Corporation_2005Q3.txt,0.15049007534980774,0.1573030799627304,0.8474660232663155,True
SPECIALTY UNDERWRITERS' ALLIANCE,1.0,-0.01,0.01,transcripts_by_company/Specialty_Underwriters_Alliance_Inc_2006Q1.txt,0.28248193860054016,0.25459054112434387,0.7258854806423187,True
FORWARD AIR CORP,3.0,0.54,0.58,transcripts_by_company/Forward_Air_Corporation_2014Q3.txt,0.2451559156179428,0.03809612616896629,0.8169620212167501,True
POOL CORP,1.0,0.08,0.01,transcripts_by_company/Pool_Corp_2012Q1.txt,0.15982307493686676,0.14173243939876556,0.8456041157245636,True
MOLSON COORS BREWING CO,1.0,0.43,0.48,transcripts_by_company/Molson_Coors_Brewing_Company_2011Q1.txt,0.258736252784729,0.15764755010604858,0.7715903580188751,True
"WESBANCO, INC.",4.0,0.55,0.64,transcripts_by_company/WesBanco_Inc_2023Q4.txt,0.18680517375469208,0.17875777184963226,0.8156090468168259,True
THE VALSPAR CORP,1.0,0.3,0.3,transcripts_by_company/Valspar_2003Q1.txt,0.10925275087356567,0.24965104460716248,0.8486277610063553,True
EQUIFAX INC,1.0,0.7,0.63,transcripts_by_company/Equifax_Inc_2012Q1.txt,0.26977771520614624,0.30558598041534424,0.7194798052310944,True
POOL CORP,3.0,1.95,1.82,transcripts_by_company/Pool_Corporation_2019Q3.txt,0.12436103075742722,0.1645904779434204,0.8635701350867748,True
DICERNA PHARMACEUTICALS INC,1.0,-0.79,-0.47,transcripts_by_company/Dicerna_Pharmaceuticals_Inc_2015Q1.txt,0.24151386320590973,0.16681711375713348,0.7808951616287232,True
BELLICUM PHARMACEUTICALS INC,1.0,-0.55,-0.55,transcripts_by_company/Bellicum_Pharmaceuticals_Inc_2019Q1.txt,0.2836776077747345,0.22332458198070526,0.7344282999634744,True
VERISK ANALYTICS INC,4.0,0.8,0.79,transcripts_by_company/Verisk_Analytics_Inc_2015Q4.txt,0.11224031448364258,0.18223820626735687,0.8667603179812431,True
FORRESTER RESEARCH INC,4.0,0.52,0.56,transcripts_by_company/Forrester_Research_Inc_2018Q4.txt,0.3638100028038025,0.29753023386001587,0.6560739278793335,True
ARENA PHARMACEUTICALS INC,3.0,-0.38,-0.43,transcripts_by_company/Arena_Pharmaceuticals_Inc_2009Q3.txt,0.1985096037387848,0.0,0.8014903962612152,False
PERKINELMER INC,3.0,0.28,0.31,transcripts_by_company/PerkinElmer_Inc_2006Q3.txt,0.13613076508045197,0.0659126490354538,0.8849346697330475,True
MT BANK CORP,1.0,1.5,1.65,transcripts_by_company/TD_Bank_Group_2012Q1.txt,0.10891269147396088,0.20679762959480286,0.8617218270897865,True
MEASUREMENT SPECIALTIES INC,3.0,0.3,0.31,transcripts_by_company/Measurement_Specialties_Inc_2007Q3.txt,0.29939737915992737,0.1870349943637848,0.7343113362789154,True
EDIETS.COM INC,1.0,-0.2,-0.03,transcripts_by_company/eDietscom_2008Q1.txt,0.4284113347530365,-0.03832874074578285,0.7116106878966093,True
QUINSTREET INC,3.0,0.05,0.18,transcripts_by_company/QuinStreet_Inc_2022Q3.txt,0.3614799678325653,0.3234975337982178,0.6499147623777389,True
HMS HOLDINGS CORP,1.0,0.21,0.19,transcripts_by_company/HMS_Holdings_Corp_2009Q1.txt,0.10704492032527924,-0.05868424102663994,0.9426738280802965,True
GSI LUMONICS INC,2.0,0.28,0.08,transcripts_by_company/GSI_Lumonics_2004Q2.txt,0.1898649036884308,0.22927436232566833,0.7983122587203979,True
ARDMORE SHIPPING CORP,1.0,0.26,0.47,transcripts_by_company/Ardmore_Shipping_Corporation_2016Q1.txt,0.035258155316114426,0.14279958605766296,0.932479415461421,True
AMERICAN ELECTRIC POWER COMPANY,2.0,0.73,0.79,transcripts_by_company/American_Electric_Power_Company_Inc_2011Q2.txt,0.19023776054382324,0.0,0.8097622394561768,False
EASTERLY GOVERNMENT PROPERTIES I,2.0,0.05,0.04,transcripts_by_company/Easterly_Government_Properties_Inc_2023Q2.txt,0.15499503910541534,0.2749830484390259,0.8090085580945015,True
TRADE DESK INC,1.0,1.41,0.54,transcripts_by_company/The_Trade_Desk_Inc_2021Q1.txt,0.3058081269264221,0.27992725372314453,0.7019561350345611,True
AVANIR PHARMACEUTICALS INC,4.0,-0.12,-0.12,transcripts_by_company/Avanir_Pharmaceuticals_Inc_2011Q4.txt,0.1418236643075943,0.10623087733983994,0.868854171782732,True
OBAGI MEDICAL PRODUCTS INC,2.0,0.18,0.21,transcripts_by_company/Obagi_Medical_Products_Inc_2011Q2.txt,0.17556264996528625,0.0958569273352623,0.8483490668237209,True
GERON CORP,2.0,-0.08,-0.08,transcripts_by_company/Geron_Corporation_2019Q2.txt,0.3182329535484314,0.19367285072803497,0.7191350772976876,True
CALLIDUS SOFTWARE INC,3.0,0.07,0.03,transcripts_by_company/Callidus_Software_Inc_2013Q3.txt,0.39161446690559387,0.13278578221797943,0.6860341385006905,True
APTOSE BIOSCIENCES INC,2.0,-0.11,-0.19,transcripts_by_company/Aptose_Biosciences_Inc_2022Q2.txt,0.24384832382202148,0.055361609905958176,0.8126976903527975,True
HYDRIL COMPANY,4.0,0.64,0.31,transcripts_by_company/Hydril_Company_2004Q4.txt,0.26461806893348694,0.1317056119441986,0.7752556681632996,True
AEROPOSTALE INC,4.0,0.61,0.61,transcripts_by_company/Aeropostale_Inc_2006Q4.txt,0.1825273633003235,0.28126415610313416,0.7878515988588333,True
BANCOLOMBIA S.A.,4.0,1.14,0.88,transcripts_by_company/Bancolombia_2010Q4.txt,0.23492255806922913,0.19746680557727814,0.7763141676783561,True
ADOBE INC,1.0,0.45,0.53,transcripts_by_company/Adobe_Systems_2009Q1.txt,0.2326820194721222,0.36203017830848694,0.7285135328769684,True
MISTRAS GROUP INC,3.0,0.15,0.17,transcripts_by_company/Mistras_Group_Inc_2013Q3.txt,0.18097782135009766,0.20558075606822968,0.8116412982344627,True
CUBESMART,4.0,0.2168,0.2,transcripts_by_company/CubeSmart_2019Q4.txt,0.10209055989980698,0.4384423792362213,0.7970038942992688,True
CHINA RAPID FINANCE LTD,3.0,-0.16,-0.02,transcripts_by_company/China_Rapid_Finance_Limited_2018Q3.txt,0.04642423987388611,0.177980437874794,0.9141089007258415,True
PARNELL PHARMACEUTICALS HOLDINGS,4.0,-0.62,-0.26,transcripts_by_company/Parnell_Pharmaceuticals_Holdings_Ltd_2015Q4.txt,0.1198805421590805,0.2369585931301117,0.8449960425496101,True
MERCER INTERNATIONAL INC,4.0,-0.03,0.44,transcripts_by_company/Mercer_International_Inc_2011Q4.txt,0.25746768712997437,0.2783810794353485,0.7362582951784133,True
CLEARWATER PAPER CORP,4.0,-0.3,0.36,transcripts_by_company/Clearwater_Paper_Corporation_2022Q4.txt,0.26208725571632385,0.29268649220466614,0.7287329733371735,True
PALL CORP,4.0,0.2,0.24,transcripts_by_company/Pall_Corporation_2005Q4.txt,0.22699257731437683,0.187261164188385,0.7849268466234207,True
"DISNEY, WALT",3.0,1.1,1.24,transcripts_by_company/The_Walt_Disney_Company_2016Q3.txt,0.16781233251094818,0.18176710605621338,0.8280012354254722,True
ORBCOMM INC,2.0,0.01,-0.01,transcripts_by_company/ORBCOMM_Inc_2011Q2.txt,0.27198418974876404,0.17778342962265015,0.7562760382890701,True
MARKETWATCH.COM INC,2.0,0.05,0.03,transcripts_by_company/MarketWatchcom_2004Q2.txt,0.35876697301864624,0.16484621167182922,0.6994092553853988,True
BRADY CORP,3.0,0.7,0.66,transcripts_by_company/Brady_Corporation_2021Q3.txt,0.11746832728385925,0.2646530866622925,0.8383762449026109,True
CROSSAMERICA PARTNERS LP,1.0,-0.1,0.13,transcripts_by_company/CrossAmerica_Partners_LP_2021Q1.txt,0.18862026929855347,0.14963608980178833,0.8230749845504761,True
ZYGO CORP,4.0,0.05,0.05,transcripts_by_company/Zygo_Corporation_2003Q4.txt,0.39133337140083313,0.34552687406539917,0.6224085777997971,True
UNITED ONLINE INC,2.0,0.25,0.2,transcripts_by_company/United_Online_2004Q2.txt,0.3174201548099518,0.28255540132522583,0.693039271235466,True
NOVARTIS AG,2.0,1.29,1.3,transcripts_by_company/Novartis_AG_2018Q2.txt,0.12466106563806534,0.18669362366199493,0.8567291669547558,True
ZYNEX INC,3.0,0.06,0.08,transcripts_by_company/Zynex_Inc_2019Q3.txt,0.3648889660835266,0.1685480773448944,0.6940133005380631,True
CALIX INC,2.0,0.04,0.11,transcripts_by_company/Calix_Inc_2012Q2.txt,0.2734156847000122,0.381401926279068,0.694188442826271,True
TELENOR ASA,4.0,5.22,4.39,transcripts_by_company/Telenor_ASA_2013Q4.txt,0.2775757610797882,0.3249143362045288,0.7082226663827896,True
"NEIGHBORCARE, INC.",1.0,0.23,0.24,transcripts_by_company/NeighborCare_Inc_2004Q1.txt,0.08361071348190308,0.43901684880256653,0.8097674459218979,True
"INSIGHT ENTERPRISES, INC.",2.0,0.54,0.43,transcripts_by_company/Insight_Enterprises_Inc_2007Q2.txt,0.14002732932567596,0.2909866273403168,0.8146848812699318,True
PERFICIENT INC,1.0,0.1,0.1,transcripts_by_company/Perficient_Inc_2006Q1.txt,0.3737996518611908,0.2991475462913513,0.648595979809761,True
ACADIA REALTY TRUST,3.0,0.11,0.14,transcripts_by_company/Acadia_Realty_Trust_2018Q3.txt,0.11857843399047852,0.10200627893209457,0.8863932125270366,True
51JOB INC,2.0,5.9,5.08,transcripts_by_company/51job_Inc_2019Q2.txt,0.2739798128604889,0.1681157946586609,0.7577793926000596,True
PLIANT THERAPEUTICS INC,2.0,-0.7,-0.72,transcripts_by_company/Pliant_Therapeutics_Inc_2023Q2.txt,0.2273407280445099,0.4171980023384094,0.7157020896673203,True
AVANTAIR INC,3.0,-0.1,0.05,transcripts_by_company/Avantair_Inc_2011Q3.txt,0.3988696336746216,0.2686759829521179,0.6401884615421296,True
PARK ELECTROCHEMICAL CORP,4.0,0.26,0.46,transcripts_by_company/Park_Electrochemical_Corporation_2011Q4.txt,0.14172101020812988,0.09775399416685104,0.8714690946042538,True
LANNETT COMPANY INC,2.0,0.11,0.09,transcripts_by_company/Lannett_Company_Inc_2010Q2.txt,0.34566789865493774,0.12822149693965912,0.7195660218596458,True
VIASAT INC,4.0,0.49,0.33,transcripts_by_company/ViaSat_Inc_2014Q4.txt,0.2360033541917801,0.20457257330417633,0.7734258800745011,True
MOBIUS MANAGEMENT SYSTEMS,1.0,-0.06,0.13,transcripts_by_company/Mobius_Management_Systems_2004Q1.txt,0.19341574609279633,0.4396683871746063,0.7327084615826607,True
WORTHINGTON INDUSTRIES INC,4.0,0.31,0.38,transcripts_by_company/Worthington_Industries_2006Q4.txt,0.15626214444637299,0.4102163314819336,0.7675515994429589,True
MEREDITH CORP,3.0,0.55,0.63,transcripts_by_company/Meredith_Corp_2012Q3.txt,0.17468541860580444,0.32941746711730957,0.7788949668407441,True
FLY LEASING LTD,4.0,0.68,0.49,transcripts_by_company/FLY_Leasing_Ltd_2015Q4.txt,0.14926362037658691,0.04234032705426216,0.8828133676201105,True
HYSTER-YALE INC,3.0,1.28,1.43,transcripts_by_company/Hyster-Yale_Materials_Handling_Inc_2015Q3.txt,0.24489524960517883,0.060580622404813766,0.8103991385549307,True
THOR INDS INC,1.0,4.79,2.5,transcripts_by_company/Indus_Towers_Limited_2022Q1.txt,0.25939035415649414,0.18362471461296082,0.7633393377065658,True
CAPITAL SENIOR LIVING CORP,1.0,-0.15,-0.35,transcripts_by_company/Capital_Senior_Living_Corporation_2020Q1.txt,0.33568811416625977,0.2103777527809143,0.7019049942493438,True
KORN/FERRY INTERNATIONAL,4.0,0.85,0.8,transcripts_by_company/KornFerry_International_2018Q4.txt,0.17514970898628235,0.1313164383172989,0.8380002722144126,True
MCCORMICK  COMPANY INC,2.0,0.75,0.74,transcripts_by_company/McCormick_and_Company_Inc_2016Q2.txt,0.22953687608242035,0.3151400089263916,0.7447821840643882,True
ALBEMARLE CORP,1.0,1.2,1.24,transcripts_by_company/Albemarle_Corp_2012Q1.txt,0.14783668518066406,0.1357014775276184,0.8558038771152496,True
RANDGOLD RESOURCES LTD,2.0,-0.05,0.47,transcripts_by_company/Randgold_Resources_2004Q2.txt,0.2652120590209961,0.02210390940308571,0.807720385864377,True
CITI TRENDS INC,4.0,-0.25,-0.31,transcripts_by_company/Citi_Trends_Inc_2012Q4.txt,0.26515746116638184,0.38608554005622864,0.6985641151666642,True
SERVICE PROPERTIES TRUST,4.0,-1.21,-0.46,transcripts_by_company/Service_Properties_Trust_2021Q4.txt,0.27140936255455017,0.20322149991989136,0.7490469962358475,True
CABLEVISION SYSTEMS CORP,3.0,0.26,0.15,transcripts_by_company/Cablevision_Systems_Corporation_2014Q3.txt,0.14973942935466766,0.2145305573940277,0.8308232322335243,True
SCIENTIFIC GAMES CORP,3.0,1.89,0.07,transcripts_by_company/Scientific_Games_Corporation_2021Q3.txt,0.30778780579566956,0.11680280417203903,0.7495076946914196,True
MICROSOFT CORP,2.0,0.98,0.71,transcripts_by_company/Microsoft_Corporation_2017Q2.txt,0.2617906630039215,0.29810264706611633,0.7273157417774201,True
CGG SA,1.0,-0.229,-0.22,transcripts_by_company/CGG_SA_2016Q1.txt,0.26352545619010925,0.18527904152870178,0.7599484682083131,True
LRAD CORP,4.0,0.0,0.0,transcripts_by_company/LRAD_Corporation_2013Q4.txt,0.17013905942440033,0.2492283135652542,0.8061341643333435,True
IDEXX LABORATORIES INC,2.0,0.74,0.62,transcripts_by_company/IDEXX_Laboratories_Inc_2016Q2.txt,0.3604499101638794,0.0,0.6395500898361206,False
EXELIXIS INC,2.0,-0.16,-0.21,transcripts_by_company/Exelixis_Inc_2011Q2.txt,0.19788555800914764,0.3159887492656708,0.7666834846138955,True
KELLOGG CO,3.0,0.96,0.92,transcripts_by_company/Kellogg_Company_2016Q3.txt,0.2907067835330963,0.19609414041042328,0.7376770094037056,True
FIFTH & PACIFIC COMPANIES INC,3.0,-0.03,0.01,transcripts_by_company/Fifth_and_Pacific_Companies_Inc_2013Q3.txt,0.21491838991641998,0.02230994962155819,0.8428641421720385,True
IXIA INC,2.0,0.08,0.09,transcripts_by_company/Ixia_2007Q2.txt,0.2344449758529663,0.1925801932811737,0.7781144589185714,True
ASENSUS SURGICAL INC,1.0,-0.08,-0.06,transcripts_by_company/Asensus_Surgical_Inc_2022Q1.txt,0.3073705732822418,0.14690211415290833,0.7407699644565582,True
GEA GROUP AG,4.0,0.72,0.72,transcripts_by_company/GEA_Group_AG_2013Q4.txt,0.16789159178733826,0.32186517119407654,0.7859163343906402,True
CARLISLE COMPANIES INC,2.0,6.15,3.63,transcripts_by_company/Carlisle_Companies_Incorporated_2022Q2.txt,0.19468924403190613,0.20874983072280884,0.8010925799608231,True
BANK OF HAWAII CORP,3.0,0.91,1.2,transcripts_by_company/Bank_of_Hawaii_Corporation_2023Q3.txt,0.18311017751693726,0.13597428798675537,0.8310305893421173,True
AETRIUM INCORPORATED,3.0,0.02,0.14,transcripts_by_company/Aetrium_2008Q3.txt,0.08763047307729721,0.2237120121717453,0.8715450651943684,True
GENERAL FINANCE CORP,3.0,0.02,0.07,transcripts_by_company/General_Finance_Corporation_2013Q3.txt,0.15956200659275055,0.2943781316280365,0.7999931558966638,True
ALLSTATE CORP,3.0,-1.56,2.17,transcripts_by_company/The_Allstate_Corporation_2022Q3.txt,0.1068156361579895,-0.07563294470310211,0.947918938100338,True
UNITED STATES CELLULAR CORP,4.0,-0.33,0.08,transcripts_by_company/United_States_Cellular_Corporation_2022Q4.txt,0.30425330996513367,0.1547440141439438,0.7405994787812233,True
SYMANTEC CORP,4.0,0.42,0.42,transcripts_by_company/Symantec_Corp_2011Q4.txt,0.18531620502471924,0.2137504667043686,0.806153516471386,True
KROGER CO,4.0,0.46,0.42,transcripts_by_company/The_Kroger_Co_2012Q4.txt,0.2591716945171356,0.12822888791561127,0.7801111474633217,True
KALOBIOS PHARMACEUTICALS INC,3.0,-0.24,-0.45,transcripts_by_company/KaloBios_Pharmaceuticals_Inc_2014Q3.txt,0.1522468626499176,0.09786928445100784,0.8640664108097553,True
AZTAR CORP,4.0,0.29,0.25,transcripts_by_company/Aztar_2005Q4.txt,0.21041570603847504,0.31986865401268005,0.7567484095692635,True
WESTERN DIGITAL CORP,1.0,1.23,0.47,transcripts_by_company/Western_Digital_Corporation_2008Q1.txt,0.1782604455947876,0.4216613173484802,0.7487192928791047,True
COMPANHIA BRASILEIRA DE DISTRIBC,4.0,0.223,0.5,transcripts_by_company/Companhia_Brasileira_Distribuicao_2015Q4.txt,0.3471356928348541,0.26123926043510437,0.6786332368850708,True
COREL CORP,1.0,0.11,0.39,transcripts_by_company/Corel_Corporation_2007Q1.txt,0.17759229242801666,0.08561263978481293,0.8500016033649445,True
ADECCO GROUP AG,3.0,1.2,1.39,transcripts_by_company/Aecon_Group_Inc_2019Q3.txt,0.10784869641065598,0.31513452529907227,0.8299655549228191,True
I-FLOW CORP,3.0,-0.08,-0.03,transcripts_by_company/I-Flow_Corporation_2004Q3.txt,0.2344587743282318,0.32190313935279846,0.7393079161643983,True
RENAISSANCERE HOLDINGS LTD,1.0,3.1,2.32,transcripts_by_company/RenaissanceRe_Holdings_Ltd_2015Q1.txt,0.09534824639558792,0.09677361696958542,0.9042241424322128,True
EXAR CORP,2.0,0.02,0.07,transcripts_by_company/Exar_2008Q2.txt,0.3170013725757599,0.13789530098438263,0.7367304489016533,True
HEWLETT PACKARD CO,1.0,1.1,0.99,transcripts_by_company/Hewlett-Packard_Company_2010Q1.txt,0.09432382881641388,0.0,0.9056761711835861,False
CEVA INC,4.0,0.11,0.11,transcripts_by_company/CEVA_Inc_2009Q4.txt,0.18966348469257355,0.2581251263618469,0.7897980228066445,True
HUGHES COMMUNICATIONS INC,3.0,0.57,0.47,transcripts_by_company/Hughes_Communications_Inc_2007Q3.txt,0.25458401441574097,0.09255906939506531,0.7940234690904617,True
TENET HEALTHCARE CORP,1.0,0.33,0.6,transcripts_by_company/Tenet_Healthcare_2013Q1.txt,0.22851499915122986,0.11453703790903091,0.8056783892214299,True
WADDELL & REED FINANCIAL INC,2.0,0.47,0.45,transcripts_by_company/Waddell_and_Reed_Financial_Inc_2018Q2.txt,0.290316104888916,0.26143598556518555,0.7183479309082031,True
ODYSSEY HEALTHCARE INC,4.0,0.17,0.21,transcripts_by_company/Odyssey_HealthCare_Inc_2006Q4.txt,0.18786975741386414,0.17561471462249756,0.8158067554235459,True
CORE-MARK HOLDING COMPANY INC,3.0,1.02,0.73,transcripts_by_company/Core-Mark_Holding_Company_Inc_2009Q3.txt,0.113528773188591,0.23606953024864197,0.8497089996933938,True
WATERDROP INC,3.0,0.014,0.03,transcripts_by_company/Waterdrop_Inc_2023Q3.txt,0.1354701817035675,0.12662668526172638,0.8671828672289849,True
CARMAX INC,2.0,-0.15,1.68,transcripts_by_company/CarMax_Inc_2020Q2.txt,0.22670647501945496,0.4172888994216919,0.716118797659874,True
CITI TRENDS INC,4.0,-0.05,0.04,transcripts_by_company/Citi_Trends_Inc_2008Q4.txt,0.16741061210632324,0.2935170531272888,0.7947574555873871,True
II-VI INC,1.0,0.35,0.24,transcripts_by_company/II-VI_Incorporated_2017Q1.txt,0.1478615701198578,0.19813469052314758,0.8370564937591553,True
WATERS CORP,3.0,0.29,0.32,transcripts_by_company/Waters_Corporation_2002Q3.txt,0.2126450389623642,0.239247128367424,0.7793743342161179,True
LUMIRADX LTD,1.0,-0.14,-0.18,transcripts_by_company/LumiraDx_Limited_2023Q1.txt,0.24916952848434448,0.34332767128944397,0.7225830286741257,True
LANDAMERICA FINANCIAL GROUP,2.0,-3.29,-0.42,transcripts_by_company/LandAmerica_Financial_Group_Inc_2008Q2.txt,0.13196291029453278,0.16029655933380127,0.8595369949936866,True
QUICKLOGIC CORP,2.0,-0.02,-0.04,transcripts_by_company/QuickLogic_Corporation_2004Q2.txt,0.14044231176376343,0.1918448805809021,0.844136917591095,True
APOLLO GROUP,3.0,1.31,1.21,transcripts_by_company/Apollo_Investment_Corporation_2010Q3.txt,0.18913999199867249,0.35734760761260986,0.7603977233171463,True
YANDEX NV,3.0,8.69,8.7,transcripts_by_company/Yandex_AB_2013Q3.txt,0.1499091386795044,0.3197174370288849,0.7991483718156814,True
PHOTRONICS INC,4.0,0.25,0.14,transcripts_by_company/Photronics_Inc_2015Q4.txt,0.07827123254537582,0.2575453221797943,0.8679465405642987,True
"KRAFT FOODS, INC.",3.0,0.37,0.63,transcripts_by_company/Kraft_Foods_Inc_2012Q3.txt,0.14483609795570374,0.2366376668214798,0.8276234313845634,True
DAISYTEK INTERNATIONAL CORP.,4.0,0.14,0.32,transcripts_by_company/Daisytek_2002Q4.txt,0.3719784915447235,0.1988583505153656,0.6799575507640838,True
AMPLIFY ENERGY CORP,3.0,-0.35,0.21,transcripts_by_company/Amplify_Energy_Corp_2021Q3.txt,0.33231115341186523,0.1123790293931961,0.7336684837937355,True
PRINCIPAL FINANCIAL GROUP INC,1.0,0.85,0.75,transcripts_by_company/Principal_Financial_Group_Inc_2006Q1.txt,0.06217611953616142,0.13071651756763458,0.9172617610543966,True
ANGIODYNAMICS INC,1.0,0.12,0.15,transcripts_by_company/AngioDynamics_2008Q1.txt,0.1652267426252365,-0.006069656927138567,0.886162177240476,True
X-RITE INC,2.0,0.16,0.07,transcripts_by_company/X-Rite_Inc_2007Q2.txt,0.2830815613269806,0.12809427082538605,0.7634146258234977,True
STANDEX INTERNATIONAL CORP,2.0,1.4,1.37,transcripts_by_company/Standex_International_Corporation_2017Q2.txt,0.18560005724430084,0.32121461629867554,0.7737155750393867,True
GENVEC INC.,4.0,-0.07,-0.06,transcripts_by_company/GenVec_Inc_2008Q4.txt,0.08299361169338226,0.31925687193870544,0.8461274102330207,True
OMEROS CORP,4.0,-0.34,-0.29,transcripts_by_company/Omeros_Corporation_2017Q4.txt,0.2673082649707794,0.24093131721019745,0.7406048193573952,True
STEREOTAXIS INC,2.0,-0.91,-0.16,transcripts_by_company/Stereotaxis_Inc_2012Q2.txt,0.17004477977752686,0.2318529188632965,0.8114127784967422,True
HERITAGE FINANCIAL CORP,2.0,0.31,0.24,transcripts_by_company/Heritage_Financial_Corporation_2014Q2.txt,0.09481830894947052,0.33746132254600525,0.832388786971569,True
HILLTOP HOLDINGS INC,2.0,0.34,0.41,transcripts_by_company/Hilltop_Holdings_Inc_2016Q2.txt,0.31445425748825073,0.16226030886173248,0.7312039270997047,True
COLGATE-PALMOLIVE CO,3.0,0.73,0.72,transcripts_by_company/Colgate-Palmolive_Co_2006Q3.txt,0.11256320029497147,0.34678393602371216,0.8171705789864063,True
CENTILLIUM COMMUNICATIONS,2.0,-0.29,-0.03,transcripts_by_company/Centillium_Communication_2004Q2.txt,0.3544737994670868,0.07690935581922531,0.7287955336272717,True
MIX TELEMATICS LTD,4.0,0.03,1.31,transcripts_by_company/MiX_Telematics_Limited_2021Q4.txt,0.37233370542526245,0.2886699438095093,0.6527654230594635,True
AETNA INC,1.0,1.34,0.7,transcripts_by_company/Aetna_Incorporated_2003Q1.txt,0.4272734820842743,0.18882529437541962,0.6442609742283821,True
BOSTON BEER COMPANY INC,4.0,1.86,1.15,transcripts_by_company/The_Boston_Beer_Company_Inc_2018Q4.txt,0.3312890827655792,0.18926414847373962,0.7113183975219727,True
I-MANY INC,3.0,-0.05,0.01,transcripts_by_company/I-many_Inc_2008Q3.txt,0.3125806748867035,0.29814109206199646,0.6917511999607087,True
U.S. PHYSICAL THERAPY INC,3.0,0.2,0.17,transcripts_by_company/US_Physical_Therapy_2005Q3.txt,0.08872221410274506,0.16204869747161865,0.8892798408865928,True
MGIC INVESTMENT CORP,3.0,0.32,0.25,transcripts_by_company/MGIC_Investment_Corporation_2017Q3.txt,0.1886606067419052,0.17258889973163605,0.8161609053611756,True
WISDOMTREE INC,4.0,0.04,0.07,transcripts_by_company/WisdomTree_Investments_Inc_2022Q4.txt,0.3255684971809387,0.1183633878827095,0.7365930356085301,True
ASPEN INSURANCE HOLDINGS LTD,4.0,1.22,0.93,transcripts_by_company/Aspen_Insurance_Holdings_Ltd_2006Q4.txt,0.18214574456214905,0.3394733965396881,0.7706559598445892,True
XWELL INC,2.0,-0.07,-0.05,transcripts_by_company/XWELL_Inc_2023Q2.txt,0.12830369174480438,0.0,0.8716963082551956,False
SHANDA GAMES LTD,3.0,0.23,0.16,transcripts_by_company/Shanda_Games_Ltd_2013Q3.txt,0.19157887995243073,0.09447821974754333,0.8375513181090355,True
TRISTATE CAPITAL HOLDINGS INC,1.0,0.26,0.25,transcripts_by_company/TriState_Capital_Holdings_Inc_2017Q1.txt,0.2542329430580139,0.32936057448387146,0.7232287675142288,True
FAMOUS DAVE'S OF AMERICA,2.0,0.08,0.09,transcripts_by_company/Famous_Daves_2004Q2.txt,0.44996240735054016,0.16016460955142975,0.6369769319891929,True
XERIUM TECHNOLOGIES INC,1.0,-0.19,0.05,transcripts_by_company/Xerium_Technologies_Inc_2009Q1.txt,0.16345906257629395,0.2939795255661011,0.7973847985267639,True
PLATINUM UNDERWRITER HOLDNGS LTD,1.0,1.28,1.31,transcripts_by_company/Platinum_Underwriters_Holdings_Ltd_2009Q1.txt,0.21472761034965515,0.3850741684436798,0.7341684222221374,True
VIKING THERAPEUTICS INC,2.0,-0.11,-0.12,transcripts_by_company/Viking_Therapeutics_Inc_2019Q2.txt,0.21575616300106049,0.1000741571187973,0.8189484387636184,True
ATHENAHEALTH INC,1.0,0.38,0.26,transcripts_by_company/athenahealth_Inc_2013Q1.txt,0.1590513288974762,0.1849355697631836,0.8331833988428116,True
ASSOCIATED BANC-CORP,2.0,0.52,0.51,transcripts_by_company/Associated_Banc-Corp_2019Q2.txt,0.3393476605415344,0.3145312964916229,0.6680972486734391,True
CONCEPTUS INC,4.0,0.14,0.21,transcripts_by_company/Conceptus_Inc_2010Q4.txt,0.25800925493240356,0.3248754143714905,0.7219308972358703,True
CAMPBELL SOUP CO,1.0,0.69,0.73,transcripts_by_company/Campbell_Soup_Company_2008Q1.txt,0.1760602444410324,0.2173932045698166,0.8115398675203324,True
MAGELLAN HEALTH INC,1.0,0.43,0.49,transcripts_by_company/Magellan_Health_Services_2008Q1.txt,0.34394121170043945,0.2072863131761551,0.6970552578568459,True
TRIDENT MICROSYSTEMS INC,1.0,0.18,0.22,transcripts_by_company/Trident_Microsystems_2006Q1.txt,0.18265296518802643,0.337289959192276,0.7709559366106987,True
ELEVATE CREDIT INC,2.0,-0.21,-0.03,transcripts_by_company/Elevate_Credit_Inc_2022Q2.txt,0.16500936448574066,0.28762882947921753,0.7982047960162163,True
TETRA TECHNOLOGIES INC DEL,2.0,0.39,0.6,transcripts_by_company/Tetra_Technologies_2006Q2.txt,0.1269271969795227,0.33448198437690735,0.810806366801262,True
WEYCO GROUP INCORPORATED,1.0,0.25,0.28,transcripts_by_company/Weyco_Group_Inc_2016Q1.txt,0.1864354908466339,0.1409197300672531,0.8272192373871803,True
THERAPEUTICSMD INC,3.0,-0.07,-0.11,transcripts_by_company/TherapeuticsMD_Inc_2017Q3.txt,0.18761031329631805,0.1474108099937439,0.8244495376944542,True
ALTRA HOLDINGS INC,2.0,0.01,0.23,transcripts_by_company/Altra_Holdings_Inc_2009Q2.txt,0.26624125242233276,0.46284550428390503,0.6747774720191956,True
TRINET GROUP INC,1.0,0.35,0.33,transcripts_by_company/TriNet_Group_Inc_2015Q1.txt,0.14231036603450775,0.0,0.8576896339654922,False
PHATHOM PHARMACEUTICALS INC,3.0,-0.98,-1.06,transcripts_by_company/Phathom_Pharmaceuticals_Inc_2021Q3.txt,0.16832172870635986,0.2014654576778412,0.8217351526021958,True
BOOT BARN HOLDINGS INC,4.0,1.0,0.73,transcripts_by_company/Boot_Barn_Holdings_Inc_2020Q4.txt,0.31048524379730225,0.34305834770202637,0.6797428250312805,True
HANSEN MEDICAL INC,1.0,-0.14,-0.11,transcripts_by_company/Hansen_Medical_Inc_2014Q1.txt,0.07655878365039825,0.2801642119884491,0.8623595878481864,True
MERCANTILE BANK CORP,4.0,1.37,0.94,transcripts_by_company/Mercantile_Bank_Corporation_2022Q4.txt,0.22509416937828064,0.2105354219675064,0.7792734548449516,True
GRIFFON CORP,2.0,0.17,0.28,transcripts_by_company/Griffon_Corporation_2017Q2.txt,0.14067162573337555,0.411405086517334,0.7781083360314369,True
FAIR ISAAC & CO INC,3.0,0.86,1.11,transcripts_by_company/Fair_Isaac_Corporation_2015Q3.txt,0.14968784153461456,0.06425496190786362,0.8759420223534107,True
THIRD POINT REINSURANCE LTD,1.0,-0.26,0.51,transcripts_by_company/Third_Point_Reinsurance_Ltd_2018Q1.txt,0.0720081776380539,0.23779135942459106,0.878256867825985,True
MGM GROWTH PROPERTIES LLC,2.0,0.24,0.26,transcripts_by_company/MGM_Growth_Properties_LLC_2019Q2.txt,0.17634539306163788,0.24309200048446655,0.8036306247115135,True
UICI,2.0,0.76,0.56,transcripts_by_company/UICI_2004Q2.txt,0.1569666713476181,0.010931877419352531,0.8868437668308615,True
HOVNANIAN ENTERPRISES INC,4.0,-7.42,0.25,transcripts_by_company/Hovnanian_Enterprises_2007Q4.txt,0.22541874647140503,0.20303595066070557,0.7812960922718049,True
TRANSWITCH CORPORATION,3.0,-0.03,0.0,transcripts_by_company/TranSwitch_2007Q3.txt,0.3230668008327484,-0.006844974588602781,0.775906731793657,True
ELAN PLC,1.0,-0.22,-0.13,transcripts_by_company/Elan_Corporation_plc_2009Q1.txt,0.19181174039840698,0.17867164313793182,0.8121302887797356,True
UNIVERSAL AMERICAN CORP,2.0,0.06,0.06,transcripts_by_company/Universal_American_Corp_2016Q2.txt,0.3462773561477661,0.17503681778907776,0.7050948053598405,True
ARC LOGISTICS PARTNERS LP,3.0,0.0,0.2,transcripts_by_company/Arc_Logistics_Partners_LP_2017Q3.txt,0.3558993935585022,0.08578047901391983,0.7251362808048725,True
FUEL TECH INC,4.0,-0.02,0.11,transcripts_by_company/Fuel_Tech_Inc_2008Q4.txt,0.255330353975296,-0.014728330075740814,0.8256872512400151,True
VISHAY INTERTECHNOLOGY INC,4.0,0.58,0.46,transcripts_by_company/Vishay_Intertechnology_Inc_2018Q4.txt,0.3089841306209564,0.2995796501636505,0.6938372135162354,True
CNA FINANCIAL CORP,2.0,0.99,0.7,transcripts_by_company/CNA_Financial_2005Q2.txt,0.16532959043979645,0.2390190064907074,0.8125635847449303,True
FAIRPOINT COMMUNICATIONS INC,3.0,1.96,-1.07,transcripts_by_company/FairPoint_Communications_Inc_2015Q3.txt,0.2570943236351013,0.31126531958580017,0.726654377579689,True
ITT CORP,3.0,0.66,0.61,transcripts_by_company/ITT_Inc_2017Q3.txt,0.1176743358373642,0.2755623161792755,0.8349592700600624,True
ADAMAS PHARMACEUTICALS INC,1.0,-1.08,-1.21,transcripts_by_company/Adamas_Pharmaceuticals_Inc_2019Q1.txt,0.08326658606529236,0.21155309677124023,0.8782474607229233,True
MATADOR RESOURCES CO,4.0,0.22,0.34,transcripts_by_company/Matador_Resources_Company_2014Q4.txt,0.2926374673843384,0.328564316034317,0.696584478020668,True
ENDO PHARMACEUTICALS,1.0,0.33,0.2,transcripts_by_company/Endo_Pharmaceuticals_2004Q1.txt,0.30885177850723267,0.0,0.6911482214927673,False
ADVA AG OPTICAL NETWORKING,2.0,0.2,0.14,transcripts_by_company/ADVA_Optical_Networking_2016Q2.txt,0.2415405958890915,0.24627166986465454,0.7570400819182396,True
SCHRODINGER INC,1.0,0.0,-0.06,transcripts_by_company/Schrödinger_Inc_2021Q1.txt,0.32172492146492004,0.21683207154273987,0.709742933511734,True
CORELOGIC INC,4.0,0.55,0.53,transcripts_by_company/CoreLogic_Inc_2017Q4.txt,0.271261990070343,0.3956897258758545,0.6914096891880035,True
ALNYLAM PHARMACEUTICALS INC,3.0,-0.22,-0.25,transcripts_by_company/Alnylam_2009Q3.txt,0.10309670120477676,0.20135816931724548,0.8674248583614826,True
BRIGHTSPHERE INVESTMENT GROUP IN,4.0,0.77,0.7,transcripts_by_company/BrightSphere_Investment_Group_Inc_CurrentQ4.txt,0.07545731216669083,0.1045912429690361,0.9158025085926056,True
MAZDA MOTOR CORP,1.0,43.13,52.7,transcripts_by_company/Mazda_Motor_Corporation_2018Q1.txt,0.04736825078725815,0.0,0.9526317492127419,False
HOULIHAN LOKEY INC,4.0,0.88,0.86,transcripts_by_company/Houlihan_Lokey_Inc_2019Q4.txt,0.2731640040874481,0.35329505801200867,0.7027966797351837,True
DUKE REALTY CORP,1.0,0.2,0.07,transcripts_by_company/Duke_Realty_Corporation_2018Q1.txt,0.27687782049179077,0.2079184353351593,0.7438099950551986,True
NABI BIOPHARMACEUTICALS,4.0,-0.18,0.19,transcripts_by_company/Nabi_Biopharmaceuticals_2011Q4.txt,0.25133538246154785,0.049613628536462784,0.8091811437159777,True
ENTRUST INC,2.0,0.02,0.01,transcripts_by_company/NTRS_2005Q2.txt,0.33157074451446533,0.0,0.6684292554855347,False
METHODE ELECTRONICS INC,4.0,0.54,0.71,transcripts_by_company/Methode_Electronics_Inc_2015Q4.txt,0.12504053115844727,0.0,0.8749594688415527,False
AVON PRODUCTS INC,2.0,0.69,0.51,transcripts_by_company/Avon_Products_Inc_2005Q2.txt,0.21241486072540283,0.0,0.7875851392745972,False
I-FLOW CORP,2.0,0.04,0.06,transcripts_by_company/I-Flow_2009Q2.txt,0.09689325094223022,0.1263611614704132,0.8942663758993149,True
DARLING INTERNATIONAL INC.,4.0,0.03,0.32,transcripts_by_company/Darling_International_Inc_2013Q4.txt,0.1597105860710144,0.13109570741653442,0.8488738775253296,True
ENBRIDGE ENERGY MGMT,1.0,0.28,0.38,transcripts_by_company/Enbridge_Inc_2012Q1.txt,0.1453542709350586,0.12515169382095337,0.860706502199173,True
WSFS FINANCIAL CORP,1.0,0.91,0.61,transcripts_by_company/WSFS_Financial_Corporation_2019Q1.txt,0.2940785884857178,0.19738221168518066,0.7349303245544434,True
SANMINA CORP,4.0,1.3,1.45,transcripts_by_company/Sanmina_Corporation_CurrentQ4.txt,0.13864082098007202,-0.04353778436779976,0.9160127606242895,True
CH ENERGY GROUP INC,2.0,0.1,0.5,transcripts_by_company/CH_Energy_Group_2012Q2.txt,0.08771424740552902,0.17736683785915375,0.8853899754583836,True
CENTURYTEL INC,3.0,0.6,0.55,transcripts_by_company/CenturyTel_Inc_2004Q3.txt,0.13294187188148499,0.32729241251945496,0.808752965927124,True
ZUMIEZ INC,2.0,0.06,-0.01,transcripts_by_company/Zumiez_Inc_2011Q2.txt,0.25603243708610535,0.16994714736938477,0.7697931498289108,True
BANCO CHILE,2.0,0.88,1.25,transcripts_by_company/Banco_de_Sabadell_SA_2008Q2.txt,0.2068619728088379,0.17803695797920227,0.8017855316400528,True
COMERICA INC,2.0,0.76,0.65,transcripts_by_company/Copeinca_ASA_2013Q2.txt,0.3391439616680145,0.2260165512561798,0.6947942614555359,True
CHARLES SCHWAB CORP,1.0,0.77,0.82,transcripts_by_company/Charles_Schwab_and_Co_Inc_2022Q1.txt,0.14110136032104492,0.3442271947860718,0.797960889339447,True
CIVISTA BANCSHARES INC,4.0,0.62,0.73,transcripts_by_company/Civista_Bancshares_Inc_2023Q4.txt,0.1584467589855194,0.16903679072856903,0.8383762314915657,True
JAMES HARDIE INDUSTRIES LTD,1.0,1.605,1.63,transcripts_by_company/James_Hardie_Industries_SE_2012Q1.txt,0.3858427107334137,0.28718259930610657,0.6437553226947785,True
CARMAX INC,2.0,0.44,0.26,transcripts_by_company/CarMax_Inc_2010Q2.txt,0.20878590643405914,0.14579220116138458,0.8101122051477432,True
MID-AMERICA APARTMENT COMMUNITIE,4.0,1.6,0.68,transcripts_by_company/Mid-America_Apartment_Communities_Inc_2021Q4.txt,0.3187093436717987,0.16287444531917572,0.7280411258339883,True
PSIVIDA CORP,1.0,-0.13,0.4,transcripts_by_company/pSivida_Corp_2011Q1.txt,0.1990739405155182,0.16681717336177826,0.8106030896306038,True
SJW CORP,3.0,0.64,0.97,transcripts_by_company/SJW_Group_2021Q3.txt,0.05836205556988716,0.1340324431657791,0.9189368281513453,True
TRAVELERS COMPANIES INC,2.0,1.39,1.41,transcripts_by_company/The_Travelers_Companies_Inc_2010Q2.txt,0.4244083762168884,0.18484023213386536,0.6474620670080186,True
SUBURBAN PROPANE PARTNERS LP,3.0,-1.26,-0.75,transcripts_by_company/Suburban_Propane_2004Q3.txt,0.27108290791511536,0.2508954107761383,0.7349733412265778,True
TTEC HOLDINGS INC,1.0,1.08,1.15,transcripts_by_company/TTEC_Holdings_Inc_2022Q1.txt,0.17962659895420074,0.22987785935401917,0.8052980229258537,True
TARGACEPT INC,1.0,0.41,-0.07,transcripts_by_company/Targacept_Inc_2011Q1.txt,0.2596341371536255,0.2597779929637909,0.7403227061033248,True
GRUBHUB INC,3.0,0.27,0.38,transcripts_by_company/Grubhub_Inc_2019Q3.txt,0.20084984600543976,0.23613499104976654,0.7885646104812623,True
COMPTON PETROLEUM CORP,2.0,-0.07,0.11,transcripts_by_company/Compton_Petroleum_Corporation_2008Q2.txt,0.0864354819059372,0.06253956258296967,0.920733293890953,True
FINANCIAL ENGINES INC,1.0,0.1,0.1,transcripts_by_company/Financial_Engines_Inc_2012Q1.txt,0.3628464341163635,0.15302346646785736,0.7001004561781883,True
HARTE-HANKS COMMUNICATIONS,3.0,0.1,0.13,transcripts_by_company/Harte-Hanks_Inc_2014Q3.txt,0.35528719425201416,0.13387803733348846,0.7111355528235436,True
SCIENCE APPLICATIONS INTERNATION,3.0,0.7,0.69,transcripts_by_company/Science_Applications_International_Corporation_2014Q3.txt,0.16659870743751526,0.1583465039730072,0.8358769536018371,True
DONNELLEY FINANCIAL SOLUTIONS IN,2.0,1.54,1.14,transcripts_by_company/Donnelley_Financial_Solutions_Inc_2022Q2.txt,0.23739171028137207,0.14906185865402222,0.7891072452068328,True
PEPSICO INC,2.0,1.32,1.39,transcripts_by_company/PepsiCo_Inc_2015Q2.txt,0.36511608958244324,0.06419851630926132,0.7251591823995114,True
CROSSTEX ENERGY INC,1.0,0.06,0.33,transcripts_by_company/Crosstex_Energy_LP_2006Q1.txt,0.14900390803813934,0.061454884707927704,0.8772607989609241,True
DANAHER CORP,1.0,0.66,0.66,transcripts_by_company/Danaher_2006Q1.txt,0.3180527985095978,0.18254400789737701,0.7225998386740684,True
MODINE MANUFACTURING CO,4.0,0.42,0.41,transcripts_by_company/Modine_Manufacturing_Company_2018Q4.txt,0.19095227122306824,0.1760360449552536,0.8135225966572761,True
MONRO INC,1.0,0.25,0.37,transcripts_by_company/Monro_Muffler_Brake_Inc_2013Q1.txt,0.22194281220436096,0.1181793212890625,0.8091862350702286,True
TEEKAY CORP,2.0,0.01,0.08,transcripts_by_company/Teekay_Tankers_Ltd_2016Q2.txt,0.21930810809135437,0.13519710302352905,0.8059251934289933,True
SYSTEMAX INC,3.0,-0.12,0.3,transcripts_by_company/Systemax_Inc_2015Q3.txt,0.13683688640594482,0.0,0.8631631135940552,False
J & J SNACK FOODS CORP,1.0,0.43,0.73,transcripts_by_company/JandJ_Snack_Foods_Corp_2023Q1.txt,0.24097295105457306,0.2634272277355194,0.7522907659411431,True
DATASCOPE CORP,2.0,0.46,0.48,transcripts_by_company/Datascope_Corp_2004Q2.txt,0.17911380529403687,0.21586944162845612,0.8098595038056373,True
COGNEX CORP,3.0,0.41,0.46,transcripts_by_company/Cognex_2012Q3.txt,0.2320154309272766,0.22431974112987518,0.7702932760119439,True
AVID TECHNOLOGY INC,3.0,0.14,0.06,transcripts_by_company/Avid_Technology_Inc_2018Q3.txt,0.15968142449855804,0.19206605851650238,0.8306031852960587,True
ASCENA RETAIL GROUP INC,2.0,0.34,0.77,transcripts_by_company/X5_Retail_Group_NV_2012Q2.txt,0.18412767350673676,-0.02005019225180149,0.8771256862208248,True
REACHLOCAL INC,2.0,-0.14,-0.26,transcripts_by_company/ReachLocal_Inc_2016Q2.txt,0.11589370667934418,0.3275867998600006,0.8205983653664589,True
89BIO INC,3.0,-0.45,-0.54,transcripts_by_company/89bio_Inc_2023Q3.txt,0.18535871803760529,0.39868786931037903,0.7506425365805626,True
ORCHID CELLMARK INC,3.0,-0.05,0.04,transcripts_by_company/Orchid_Cellmark_Inc_2008Q3.txt,0.13585036993026733,0.159710094332695,0.8569917127490043,True
NABI BIOPHARMACEUTICALS,2.0,-0.3,-0.02,transcripts_by_company/NABI_Biopharmaceuticals_2004Q2.txt,0.16681674122810364,0.258330374956131,0.8057291686534882,True
JAKKS PACIFIC INC,1.0,-0.39,-0.27,transcripts_by_company/JAKKS_Pacific_Inc_2011Q1.txt,0.14388521015644073,0.14665378630161285,0.8552842170000077,True
CABELAS INC,3.0,0.53,0.83,transcripts_by_company/Cabelas_Incorporated_2016Q3.txt,0.2651650905609131,0.27009129524230957,0.733357048034668,True
WEST BANCORPORATION INC,2.0,0.75,0.7,transcripts_by_company/West_Bancorporation_Inc_2022Q2.txt,0.25397008657455444,0.30341836810112,0.7311954289674759,True
HERITAGE FINANCIAL CORP,1.0,0.03,0.04,transcripts_by_company/Heritage_Financial_2010Q1.txt,0.2585657835006714,0.21538496017456055,0.7543884634971618,True
BARNES GROUP INC,4.0,0.36,0.41,transcripts_by_company/Barnes_Group_Inc_2020Q4.txt,0.21268945932388306,0.29885661602020264,0.7614603936672211,True
FRED'S INC,2.0,0.31,0.33,transcripts_by_company/Freds_Inc_2013Q2.txt,0.2842748761177063,0.25549080967903137,0.7243603438138961,True
JONES LANG LASALLE INC,4.0,5.29,4.23,transcripts_by_company/Jones_Lang_LaSalle_Incorporated_2020Q4.txt,0.14253000915050507,0.18349415063858032,0.8451807484030723,True
1-800-FLOWERS.COM INC,4.0,1.72,1.21,transcripts_by_company/1-800-FLOWERSCOM_Inc_2020Q4.txt,0.3286478817462921,0.18753577768802643,0.7136857494711877,True
GP STRATEGIES CORP,4.0,0.32,0.29,transcripts_by_company/GP_Strategies_Corporation_2012Q4.txt,0.20070716738700867,0.33815789222717285,0.758057615160942,True
CORPORATE OFFICE PROPERTIES,2.0,0.22,0.15,transcripts_by_company/Corporate_Office_Properties_Trust_2009Q2.txt,0.1709093451499939,0.08946540206670761,0.853523837774992,True
TRANSCANADA CORP,4.0,0.54,0.59,transcripts_by_company/TransCanada_Corporation_2010Q4.txt,0.16589972376823425,0.300304114818573,0.7937789589166642,True
PCTEL INC,3.0,0.12,0.09,transcripts_by_company/PCTEL_Inc_2006Q3.txt,0.1115669384598732,0.1885083168745041,0.8653506480157376,True
GARMIN LTD,3.0,1.58,1.09,transcripts_by_company/Garmin_Ltd_2020Q3.txt,0.11842736601829529,0.31259414553642273,0.8233226001262666,True
XILINX INC,1.0,0.14,0.14,transcripts_by_company/Xilinx_2003Q1.txt,0.3205360770225525,0.1618814468383789,0.7270603120326996,True
AG MORTGAGE INVESTMENT TRUST INC,3.0,0.5,0.5,transcripts_by_company/AG_Mortgage_Investment_Trust_Inc_2016Q3.txt,0.3085213899612427,0.3766910433769226,0.6710277140140534,True
QUALITY SYS INC,2.0,0.15,0.17,transcripts_by_company/Quality_Systems_Inc_2016Q2.txt,0.2562151253223419,-0.07676912099123001,0.8436801485717297,True
CLARCOR INC,1.0,0.44,0.54,transcripts_by_company/CLARCOR_Inc_2016Q1.txt,0.26923656463623047,0.21649311482906342,0.7465864703059196,True
RAMBUS INC,1.0,0.32,0.22,transcripts_by_company/Rambus_Inc_2020Q1.txt,0.2987416982650757,0.3389851450920105,0.689185267686844,True
BROOKFIELD BUSINESS PARTNERS LP,1.0,-0.84,1.0,transcripts_by_company/Brookfield_Business_Partners_LP_2020Q1.txt,0.2384694218635559,0.1761464923620224,0.7802274569869041,True
WESTERN GAS EQUITY PARTNERS LP,3.0,0.49,0.49,transcripts_by_company/Western_Gas_Partners_LP_2018Q3.txt,0.4397483170032501,0.2987523674964905,0.6025504678487777,True
"TC PIPELINES, LP",4.0,0.56,0.69,transcripts_by_company/TC_PipeLines_LP_2009Q4.txt,0.15964387357234955,0.1729351282119751,0.8363687500357628,True
NUCOR CORP,3.0,6.5,4.42,transcripts_by_company/Nucor_Corporation_2022Q3.txt,0.2632003128528595,0.4010608196258545,0.6954415351152421,True
THERAPEUTICSMD INC,3.0,-0.16,-0.13,transcripts_by_company/TherapeuticsMD_Inc_2018Q3.txt,0.4035864770412445,0.10662221163511276,0.685502802580595,True
INOGEN INC,3.0,-0.55,-0.41,transcripts_by_company/Inogen_Inc_2023Q3.txt,0.2872258424758911,0.2547859251499176,0.7225061327219009,True
AMIS HOLDINGS INC,1.0,0.15,0.17,transcripts_by_company/AMIS_Holdings_2007Q1.txt,0.11531376838684082,0.13779573142528534,0.8779416427016258,True
PROS HOLDINGS INC,1.0,-0.23,-0.07,transcripts_by_company/PROS_Holdings_Inc_2020Q1.txt,0.16209357976913452,0.30571448802948,0.7948201477527619,True
COGNEX CORP,1.0,0.21,0.2,transcripts_by_company/Cognex_Corp_2014Q1.txt,0.2846193015575409,0.05290408432483673,0.7848952636122704,True
ASBURY AUTOMOTIVE GROUP INC,4.0,1.31,1.37,transcripts_by_company/Asbury_Automotive_Group_Inc_2015Q4.txt,0.20463615655899048,0.3059365153312683,0.7649737358093261,True
GDS HOLDINGS LTD,3.0,-0.96,-0.64,transcripts_by_company/GDS_Holdings_Limited_2017Q3.txt,0.05806964263319969,0.17965099215507507,0.9054559525102377,True
BOWLERO CORP,4.0,-0.44,0.15,transcripts_by_company/Bowlero_Corp_2023Q4.txt,0.15962514281272888,0.0,0.8403748571872711,False
REALNETWORKS INC,1.0,-0.06,0.0,transcripts_by_company/RealNetworks_Inc_2004Q1.txt,0.2972612679004669,0.3354314863681793,0.6912876665592194,True
STURM RUGER & COMPANY INC,4.0,1.78,0.93,transcripts_by_company/Sturm_Ruger_and_Company_Inc_2020Q4.txt,0.33445674180984497,0.23488199710845947,0.6954156816005708,True
MAGNACHIP SEMICONDUCTOR CORP,2.0,-0.06,0.0,transcripts_by_company/Magnachip_Semiconductor_Corporation_2023Q2.txt,0.09460872411727905,0.22093349695205688,0.8674938440322876,True
EZCORP INC,4.0,0.52,0.46,transcripts_by_company/EZCORP_Inc_2009Q4.txt,0.10911896824836731,0.1169176995754242,0.8885414123535156,True
SHUFFLE MASTER INC,1.0,0.09,0.09,transcripts_by_company/Shuffle_Master_Inc_2011Q1.txt,0.20323395729064941,0.3333718180656433,0.7577246844768524,True
BB SEGURIDADE PARTICIPACOES SA,1.0,0.177,0.13,transcripts_by_company/BB_Seguridade_Participações_SA_2023Q1.txt,0.17094998061656952,0.12365371733903885,0.8432388983666896,True
OMNICOM GROUP INC,3.0,0.72,0.68,transcripts_by_company/Omnicom_Group_Inc_2011Q3.txt,0.1469465047121048,0.25681960582733154,0.8200915649533271,True
MELLANOX TECHNOLOGIES LTD,1.0,0.1,0.42,transcripts_by_company/Mellanox_Technologies_2014Q1.txt,0.30292946100234985,0.11009391397237778,0.7549212031066418,True
POOL CORP,4.0,-0.27,-0.26,transcripts_by_company/Pool_Corporation_2009Q4.txt,0.21465377509593964,0.4918932318687439,0.7021743878722191,True
SCHWEITZER-MAUDUIT INTERNATIONAL,1.0,0.74,0.9,transcripts_by_company/Schweitzer-Mauduit_International_2015Q1.txt,0.22848443686962128,-0.019261855632066727,0.8458394508808851,True
STRYKER CORP,2.0,0.73,0.79,transcripts_by_company/Stryker_2009Q2.txt,0.15675674378871918,0.030072180554270744,0.8812486251816154,True
SMITH & WOLLENSKY RESTAURANT,4.0,-0.04,-0.02,transcripts_by_company/Smith_and_Wollensky_2005Q4.txt,0.2962626814842224,0.08657929301261902,0.7666423350572587,True
CALLWAVE INC,4.0,-0.07,0.1,transcripts_by_company/CallWave_Inc_2005Q4.txt,0.19831763207912445,0.12246594578027725,0.8244378738105297,True
MGM MIRAGE,1.0,0.56,0.59,transcripts_by_company/MGM_MIRAGE_2006Q1.txt,0.3414461314678192,0.19090983271598816,0.7037147581577301,True
BOLIDEN AB,3.0,1.7,0.26,transcripts_by_company/Boliden_AB_2014Q3.txt,0.18205609917640686,0.06455962359905243,0.8531928434967995,True
APPLIED INNOVATION INC,2.0,0.07,0.04,transcripts_by_company/Applied_Innovation_Inc_2002Q2.txt,0.36285972595214844,0.10910861194133759,0.7132656082510949,True
SNC-LAVALIN GROUP 'A',3.0,0.94,0.61,transcripts_by_company/SNC-Lavalin_Group_Inc_2019Q3.txt,0.15571685135364532,0.06116361916065216,0.8726491183042526,True
YM BIOSCIENCES INC,3.0,-0.13,-0.14,transcripts_by_company/TM_Bioscience_2006Q3.txt,0.38160425424575806,0.24145159125328064,0.6604415446519852,True
CEDAR FAIR L P,2.0,0.2,0.28,transcripts_by_company/Cedar_Fair_2006Q2.txt,0.40776950120925903,0.11234034597873688,0.6808592453598976,True
LANCASTER COLONY CORP,4.0,1.4,0.84,transcripts_by_company/Lancaster_Colony_Corporation_2009Q4.txt,0.33100903034210205,0.21379899978637695,0.7041539788246155,True
OCUGEN INC,4.0,-0.1,-0.08,transcripts_by_company/Ocugen_Inc_2022Q4.txt,0.15995372831821442,0.2074703723192215,0.8257912784814835,True
A SCHULMAN INC,3.0,0.21,0.28,transcripts_by_company/A_Schulman_Inc_2005Q3.txt,0.4335709810256958,0.04430197551846504,0.6832097206264734,True
PERRIGO CO,3.0,0.41,0.5,transcripts_by_company/Perrigo_2008Q3.txt,0.10265401005744934,0.04517996683716774,0.9145882029086352,True
ICOS CORP,1.0,-0.73,-0.37,transcripts_by_company/ICOS_Corporation_2005Q1.txt,0.3092443346977234,0.04154839366674423,0.7710644476115703,True
CASEYS GENERAL STORES INC,2.0,0.76,1.24,transcripts_by_company/Caseys_General_Stores_Inc_2017Q2.txt,0.22729633748531342,0.3192981481552124,0.745103119313717,True
LGI HOMES INC,4.0,1.43,1.23,transcripts_by_company/LGI_Homes_Inc_2017Q4.txt,0.16336508095264435,0.2947966158390045,0.7972054585814476,True
JONES SODA CO,2.0,0.03,0.03,transcripts_by_company/Jones_Soda_Company_2004Q2.txt,0.23690275847911835,0.03850330039858818,0.8226170789450407,True
HOME DEPOT INC,1.0,3.3,3.37,transcripts_by_company/The_Home_Depot_Inc_2023Q1.txt,0.19698157906532288,0.2768247425556183,0.7790654718875885,True
CARMAX INC,1.0,0.74,0.74,transcripts_by_company/Chairman_2016Q1.txt,0.3532368838787079,0.1961677074432373,0.6938838690519333,True
BECKMAN COULTER INC,4.0,0.73,1.14,transcripts_by_company/Beckman_Coulter_2005Q4.txt,0.08882090449333191,0.0,0.9111790955066681,False
APPLOVIN CORP,3.0,0.06,0.16,transcripts_by_company/AppLovin_Corporation_2022Q3.txt,0.10084258764982224,0.15859293937683105,0.8818323068320751,True
BROWN-FORMAN CORP,3.0,0.75,0.78,transcripts_by_company/Brown-Foreman_Corporation_2015Q3.txt,0.2634834945201874,0.3958742320537567,0.6967992842197418,True
LOUISIANA-PACIFIC CORP,4.0,-0.23,0.15,transcripts_by_company/Louisiana-Pacific_Corporation_2014Q4.txt,0.3200165033340454,0.1614723801612854,0.7275467336177825,True
PHIBRO ANIMAL HEALTH CORP,3.0,0.14,0.27,transcripts_by_company/Phibro_Animal_Health_Corporation_2023Q3.txt,0.2639409005641937,0.1356317102909088,0.7745518565177918,True
COMPASS MINERALS INTERNATIONAL I,1.0,0.96,0.7,transcripts_by_company/OZ_Minerals_Limited_2021Q1.txt,0.20142769813537598,0.20132681727409363,0.7986025661230087,True
AUTHENTEC INC,4.0,-0.02,0.09,transcripts_by_company/AuthenTec_Inc_2008Q4.txt,0.16848713159561157,0.3993627727031708,0.7622501760721208,True
CHILDREN'S PLACE INC,2.0,0.42,0.41,transcripts_by_company/The_Childrens_Place_Retail_Stores_Inc_2004Q2.txt,0.3512701094150543,0.15563303232192993,0.707421013712883,True
SNAP INC,1.0,-0.1,-0.14,transcripts_by_company/Snap_Inc_2019Q1.txt,0.18490496277809143,0.2023419886827469,0.8098639294505119,True
OTONOMY INC,2.0,-0.38,-0.52,transcripts_by_company/Otonomy_Inc_2019Q2.txt,0.25269556045532227,0.1472778022289276,0.7789297670125961,True
METTLER-TOLEDO INTERNATIONAL INC,3.0,1.15,1.06,transcripts_by_company/Mettler-Toledo_International_2007Q3.txt,0.07846938073635101,0.19471146166324615,0.8866579949855804,True
HI-TECH PHARMACAL,2.0,0.45,0.17,transcripts_by_company/Hi-Tech_Pharmacal_Co_Inc_2009Q2.txt,0.22405967116355896,0.06040608137845993,0.8250364057719708,True
DICERNA PHARMACEUTICALS INC,2.0,-0.35,-0.2,transcripts_by_company/Dicerna_Pharmaceuticals_Inc_2019Q2.txt,0.28567832708358765,0.10679004341363907,0.767988158017397,True
SINA CORP,1.0,0.04,0.08,transcripts_by_company/Sina_Corporation_2015Q1.txt,0.060804106295108795,0.14279207587242126,0.9145995028316974,True
JUNO THERAPEUTICS INC,1.0,-0.71,-0.85,transcripts_by_company/Juno_Therapeutics_Inc_2017Q1.txt,0.250209778547287,0.12894631922245026,0.7861692592501641,True
FULGENT GENETICS INC,4.0,3.34,1.5,transcripts_by_company/Fulgent_Genetics_Inc_2021Q4.txt,0.1421498954296112,0.10083501785993576,0.8702445678412914,True
CHEMOURS CO,3.0,0.63,1.38,transcripts_by_company/The_Chemours_Company_2023Q3.txt,0.26955658197402954,0.25408580899238586,0.7350846499204635,True
SAINT-GOBAIN,4.0,5.35,3.44,transcripts_by_company/Compagnie_de_Saint-Gobain_SA_2021Q4.txt,0.306804895401001,0.3017515242099762,0.6947111159563064,True
GLAXOSMITHKLINE PLC,3.0,0.79,0.75,transcripts_by_company/GlaxoSmithKline_PLC_2004Q3.txt,0.218095600605011,0.09508340060710907,0.8188080593943596,True
EMCOR GROUP INC,4.0,0.57,0.55,transcripts_by_company/Emcor_Group_Inc_2011Q4.txt,0.12632890045642853,0.40498074889183044,0.7900755450129509,True
FIRST FINANCIAL CORP,3.0,0.48,0.52,transcripts_by_company/First_Mercury_Financial_Corporation_2010Q3.txt,0.11310916393995285,0.09133841097354889,0.8934220619499683,True
AMERICAN PUBLIC EDUCATION INC,4.0,0.44,0.38,transcripts_by_company/American_Public_Education_Inc_2009Q4.txt,0.18024812638759613,0.031070195138454437,0.8645052529871464,True
NASH FINCH CO,2.0,0.66,0.53,transcripts_by_company/Nash_Finch_Company_2007Q2.txt,0.21508799493312836,0.3870581388473511,0.7333209618926049,True
VARIAN MEDICAL SYSTEMS INC,4.0,0.41,0.35,transcripts_by_company/American_Medical_Systems_2003Q4.txt,0.189348042011261,-0.0367131233215332,0.8784703075885772,True
VIPSHOP HOLDINGS LTD,4.0,0.12,0.95,transcripts_by_company/Vipshop_Holdings_Ltd_2014Q4.txt,0.2054097205400467,0.14769509434700012,0.8119046673178673,True
PHARMERICA CORP,4.0,0.39,0.36,transcripts_by_company/PharMerica_Corporation_2013Q4.txt,0.3434687554836273,0.13618044555187225,0.7187177374958992,True
HARSCO CORP,2.0,0.01,0.02,transcripts_by_company/Harsco_Corporation_2023Q2.txt,0.22506210207939148,0.2158612608909607,0.7776981502771378,True
COMPUTER PROGRAMS AND SYSTEMS IN,2.0,0.72,0.49,transcripts_by_company/Computer_Programs_and_Systems_Inc_2011Q2.txt,0.2168201059103012,0.1164563000202179,0.8132890358567237,True
STRAYER EDUCATION,4.0,1.21,1.0,transcripts_by_company/Strayer_Education_Inc_2014Q4.txt,0.3275238275527954,0.08856463432312012,0.7441639304161072,True
HYPERCOM CORP,2.0,0.06,0.03,transcripts_by_company/Hypercom_Corporation_2003Q2.txt,0.11937001347541809,-0.0057223704643547535,0.9181577017065138,True
FRANKLIN RESOURCES INC,1.0,0.79,0.71,transcripts_by_company/Franklin_Resources_Inc_2021Q1.txt,0.26514944434165955,0.14016371965408325,0.7723462730646133,True
GLU MOBILE INC,4.0,-0.03,0.01,transcripts_by_company/Glu_Mobile_Inc_2007Q4.txt,0.1048530712723732,0.2595115602016449,0.8487493820488453,True
STERICYCLE INC,1.0,0.52,0.64,transcripts_by_company/Stericycle_Inc_2020Q1.txt,0.22107066214084625,0.22928427159786224,0.776465255022049,True
CHATHAM LODGING TRUST,4.0,0.07,0.1,transcripts_by_company/Chatham_Lodging_Trust_2016Q4.txt,0.25863027572631836,0.017798222601413727,0.813619340211153,True
MANITOWOC INC,3.0,0.17,0.27,transcripts_by_company/Manitowoc_Co_Inc_2012Q3.txt,0.14941073954105377,-0.04409656673669815,0.9086414523422718,True
INFORTE CORPORATION,3.0,0.04,0.01,transcripts_by_company/Inforte_Corporation_2003Q3.txt,0.15859636664390564,0.22016634047031403,0.8229326412081719,True
TTM TECHNOLOGIES INC,3.0,0.13,0.21,transcripts_by_company/TTM_Technologies_2014Q3.txt,0.12293394654989243,0.3301064372062683,0.8149143062531948,True
CHINAEDU CORP,1.0,0.03,0.06,transcripts_by_company/ChinaEdu_Corp_2011Q1.txt,0.08835187554359436,0.11134973913431168,0.9047487653791905,True
ALLISON TRANSMISSION HOLDINGS IN,4.0,0.34,0.28,transcripts_by_company/Allison_Transmission_Holdings_Inc_2014Q4.txt,0.14881137013435364,0.19861775636672974,0.8362467139959335,True
LIFE TIME FITNESS INC,3.0,0.66,0.65,transcripts_by_company/Life_Time_Fitness_Inc_2011Q3.txt,0.1746578812599182,0.3154295086860657,0.7831106305122375,True
DELEK LOGISTICS PARTNERS LP,2.0,1.0,1.24,transcripts_by_company/Delek_Logistics_Partners_LP_2021Q2.txt,0.19336329400539398,0.30503448843955994,0.7731353476643563,True
LKQ CORP,3.0,0.86,1.05,transcripts_by_company/LKQ_Corporation_2023Q3.txt,0.11476901173591614,0.23901596665382385,0.8479569017887115,True
CONN'S INC,4.0,0.17,0.37,transcripts_by_company/Conns_Inc_2007Q4.txt,0.26964032649993896,0.3476598262786865,0.7069538235664368,True
DENTSPLY INTERNATIONAL INC,3.0,0.45,0.47,transcripts_by_company/DENTSPLY_International_Inc_2010Q3.txt,0.24906131625175476,0.204111248254776,0.764423704147339,True
GENERAL FINANCE CORP,1.0,-0.32,0.14,transcripts_by_company/General_Finance_Corporation_2020Q1.txt,0.30852141976356506,0.2014094591140747,0.7236121684312821,True
PARTNERRE LTD,1.0,2.72,2.37,transcripts_by_company/PartnerRe_Ltd_2009Q1.txt,0.0831238180398941,0.13013164699077606,0.9027738332748413,True
BANCORP INC,2.0,0.35,0.24,transcripts_by_company/Fifth_Third_Bancorp_2020Q2.txt,0.1970256119966507,0.1359933614730835,0.8212840631604195,True
NEWMARKET CORP,1.0,5.42,4.7,transcripts_by_company/NewMarket_Corporation_2016Q1.txt,0.09410863369703293,0.14716045558452606,0.8899758197367191,True
METRO AG,1.0,-0.04,-0.07,transcripts_by_company/METRO_INC_2017Q1.txt,0.3112439811229706,0.37853482365608215,0.6685687661170959,True
COMMERCIAL VEHICLE GROUP INC,1.0,0.2,0.38,transcripts_by_company/Commercial_Vehicle_Group_2007Q1.txt,0.01587066426873207,0.32011449337005615,0.8928561870008707,True
COMPOSECURE INC,2.0,0.25,0.28,transcripts_by_company/CompoSecure_Inc_2023Q2.txt,0.11240707337856293,0.13674266636371613,0.8802922487258911,True
ORBOTECH LTD,1.0,0.46,0.6,transcripts_by_company/Orbotech_Ltd_2017Q1.txt,0.28705838322639465,0.18660970032215118,0.7430762216448784,True
AVIAT NETWORKS INC,4.0,0.0,0.02,transcripts_by_company/Aviat_Networks_2010Q4.txt,0.11524742096662521,0.3114657402038574,0.8258870832622052,True
ESSENT GROUP LTD,4.0,1.64,1.39,transcripts_by_company/Essent_Group_Ltd_2021Q4.txt,0.08606185764074326,0.07515149563550949,0.9172112509608269,True
AEHR TEST SYSTEMS,1.0,0.14,0.03,transcripts_by_company/Aehr_Test_Systems_2022Q1.txt,0.12036561220884323,0.24876715242862701,0.8411139257252216,True
QAD INC,3.0,0.12,0.13,transcripts_by_company/QAD_2005Q3.txt,0.0793880894780159,0.0,0.9206119105219841,False
RINGCENTRAL INC,4.0,0.07,0.06,transcripts_by_company/RingCentral_Inc_2017Q4.txt,0.21241044998168945,0.1092698872089386,0.8185317188501358,True
BRIXMOR PROPERTY GROUP INC,4.0,0.21,0.19,transcripts_by_company/Brixmor_Property_Group_Inc_2019Q4.txt,0.10919010639190674,0.10944636166095734,0.8907330170273781,True
AEROHIVE NETWORKS INC,2.0,0.01,-0.02,transcripts_by_company/Aerohive_Networks_Inc_2017Q2.txt,0.31669923663139343,0.38815587759017944,0.6618637710809707,True
AB SKF,2.0,0.509,0.26,transcripts_by_company/AB_SKF_publ_2023Q2.txt,0.10677718371152878,0.18535634875297546,0.8696490667760373,True
NITROMED INC,3.0,-0.45,-0.4,transcripts_by_company/NitroMed_Inc_2006Q3.txt,0.21962125599384308,0.18525971472263336,0.7906872063875199,True
AMERICAN RAILCAR INDUSTRIES INC,4.0,0.24,0.11,transcripts_by_company/American_Railcar_Industries_Inc_2011Q4.txt,0.26912811398506165,0.2163800150156021,0.7466963157057762,True
IDEXX LABORATORIES INC,2.0,2.34,1.83,transcripts_by_company/IDEXX_Laboratories_Inc_2021Q2.txt,0.22656910121440887,0.13451577723026276,0.801046895980835,True
COGENT COMMUNICATIONS GROUP INC,2.0,0.0,0.04,transcripts_by_company/Cogent_Communications_Group_Inc_2011Q2.txt,0.1195579245686531,0.0,0.8804420754313469,False
CHARGEPOINT HOLDINGS INC,1.0,-0.13,-0.19,transcripts_by_company/ChargePoint_Holdings_Inc_2023Q1.txt,0.19427691400051117,0.31422513723373413,0.7697386190295219,True
AMERICAN PUBLIC EDUCATION INC,2.0,0.37,0.4,transcripts_by_company/AMERICAN_PUBLIC_EDUCATION_INC_2010Q2.txt,0.20525988936424255,0.09602266550064087,0.8275112777948379,True
PACKAGING CORP OF AMERICA,1.0,1.08,0.83,transcripts_by_company/Packaging_Corp_of_America_2014Q1.txt,0.19679082930088043,0.20275740325450897,0.801419198513031,True
PROASSURANCE CORP,2.0,0.4,0.57,transcripts_by_company/ProAssurance_Corporation_2017Q2.txt,0.24473965167999268,0.1415289044380188,0.7862235724925994,True
NOKIA CORP,1.0,-0.02,0.05,transcripts_by_company/Kemira_Oyj_2019Q1.txt,0.31329551339149475,0.19903574883937836,0.7209824159741403,True
SANARA MEDTECH INC,3.0,-0.18,-0.23,transcripts_by_company/Sanara_MedTech_Inc_2022Q3.txt,0.12077458947896957,0.21627987921237946,0.8505738236010074,True
ACCO BRANDS CORP,1.0,0.08,0.1,transcripts_by_company/ACCO_Brands_Corporation_2019Q1.txt,0.3400294780731201,0.259060263633728,0.6842612862586975,True
INGREDION INC,2.0,1.2,1.45,transcripts_by_company/Ingredion_Incorporated_2013Q2.txt,0.09580594301223755,0.1912427693605423,0.875563009083271,True
DOT HILL SYSTEMS CORP,2.0,0.15,0.16,transcripts_by_company/Dot_Hill_Systems_Corp_2004Q2.txt,0.11588162183761597,0.4092988073825836,0.7960932224988937,True
SPX CORP,3.0,1.21,1.42,transcripts_by_company/SPX_Corp_2011Q3.txt,0.2559717893600464,0.28141412138938904,0.7363955110311509,True
LDK SOLAR CO LTD,3.0,0.37,0.3,transcripts_by_company/LDK_Solar_Co_Ltd_2007Q3.txt,0.1198473647236824,0.1540631651878357,0.8698878951370717,True
CINER RESOURCES LP,2.0,0.83,0.46,transcripts_by_company/Ciner_Resources_LP_2018Q2.txt,0.21286723017692566,0.3207245469093323,0.7547755748033523,True
RECRO PHARMA INC,1.0,-0.23,-0.2,transcripts_by_company/Recro_Pharma_Inc_2021Q1.txt,0.1986609697341919,0.3557369112968445,0.7542162477970124,True
K-SEA TRANSPORTATION PARTNERS LP,1.0,0.24,0.54,transcripts_by_company/K-Sea_Transportation_Partners_LP_2009Q1.txt,0.3211599290370941,0.12282070517539978,0.7383418381214142,True
TRANSACTION SYSTEMS ARCHITECTS,2.0,0.26,0.25,transcripts_by_company/Transaction_Systems_Architect_2005Q2.txt,0.12282036244869232,0.33619484305381775,0.81316729336977,True
ON SEMICONDUCTOR CORP,1.0,0.43,0.43,transcripts_by_company/ON_Semiconductor_Corporation_2019Q1.txt,0.3585231900215149,0.18986760079860687,0.6920734867453575,True
PANTRY INC.,3.0,0.5,0.84,transcripts_by_company/The_Pantry_Inc_2010Q3.txt,0.14525829255580902,0.2912367582321167,0.8109481677412986,True
CONSOLIDATED GRAPHICS INC,3.0,0.66,0.64,transcripts_by_company/Consolidated_Graphics_2005Q3.txt,0.1278802901506424,0.0981874018907547,0.8810275763273239,True
SHELL MIDSTREAM PARTNERS LP,3.0,0.28,0.42,transcripts_by_company/Shell_Midstream_Partners_LP_2016Q3.txt,0.08383448421955109,0.3433689773082733,0.8383051678538322,True
NEXTIER OILFIELD SOLUTIONS INC,3.0,-0.11,-0.17,transcripts_by_company/NexTier_Oilfield_Solutions_Inc_2021Q3.txt,0.22512978315353394,0.21001702547073364,0.7794040441513062,True
LEXAR MEDIA,4.0,0.21,0.1,transcripts_by_company/Lexar_Media_Inc_2003Q4.txt,0.14894527196884155,0.12806744873523712,0.8573180750012398,True
BIOMED REALTY TRUST INC,2.0,0.2,0.07,transcripts_by_company/BioMed_Realty_Trust_Inc_2009Q2.txt,0.19495677947998047,0.2327480912208557,0.7937058269977569,True
KE HOLDINGS INC,4.0,0.04,1.83,transcripts_by_company/KE_Holdings_Inc_2021Q4.txt,0.14789754152297974,0.22905611991882324,0.8277548849582672,True
VENATOR MATERIALS PLC,1.0,0.11,0.17,transcripts_by_company/Venator_Materials_PLC_2020Q1.txt,0.17488060891628265,0.08226471394300461,0.8529041595757008,True
COBRA ELECTRONICS,4.0,0.47,0.3,transcripts_by_company/Cobra_Electronics_Corporation_2011Q4.txt,0.2908886671066284,0.44538551568984985,0.6627622783184052,True
CREE INC,4.0,0.32,0.33,transcripts_by_company/Cree_Inc_2012Q4.txt,0.22235122323036194,0.24318212270736694,0.7713995069265366,True
HYTHIAM INC,3.0,-0.13,-0.12,transcripts_by_company/Hythiam_Inc_2008Q3.txt,0.28763920068740845,0.24424274265766144,0.7253797367215157,True
MURPHY USA INC,3.0,1.9,1.54,transcripts_by_company/Murphy_USA_Inc_2017Q3.txt,0.15290558338165283,0.47528529167175293,0.7503805041313172,True
TYME TECHNOLOGIES INC,4.0,-0.06,-0.09,transcripts_by_company/Tyme_Technologies_Inc_2017Q4.txt,0.276447057723999,0.0,0.723552942276001,False
KFORCE INC,3.0,0.3,0.35,transcripts_by_company/Kforce_Inc_2014Q3.txt,0.12853188812732697,0.2883389890193939,0.823525981605053,True
COVANCE INC,2.0,0.66,0.67,transcripts_by_company/Covance_Inc_2011Q2.txt,0.21586169302463531,0.34028246998786926,0.7468120738863945,True
MERIDIANLINK INC,2.0,0.03,0.09,transcripts_by_company/MeridianLink_Inc_2023Q2.txt,0.1001487597823143,0.3012283146381378,0.8395273737609387,True
CONEXANT SYSTEMS INC-W/I,3.0,0.03,-0.06,transcripts_by_company/Conexant_Systems_2003Q3.txt,0.23194368183612823,0.1473177820444107,0.7934440881013871,True
WHEELS UP EXPERIENCE INC,2.0,-0.25,-0.31,transcripts_by_company/Wheels_Up_Experience_Inc_2022Q2.txt,0.13152587413787842,0.1635633111000061,0.8588628947734833,True
RESPONSE GENETICS INC,1.0,-0.03,-0.04,transcripts_by_company/Response_Genetics_Inc_2013Q1.txt,0.2337164729833603,0.4546889066696167,0.6999917969107629,True
LOVESAC CO,3.0,0.45,0.27,transcripts_by_company/The_Lovesac_Company_2022Q3.txt,0.16113069653511047,0.31586289405822754,0.7924496442079544,True
INTEL CORP,3.0,0.64,0.6,transcripts_by_company/Intel_Corporation_2015Q3.txt,0.04208880662918091,0.1613950878381729,0.9221193090081214,True
LEMAITRE VASCULAR INC,4.0,0.11,0.07,transcripts_by_company/LeMaitre_Vascular_2010Q4.txt,0.2736125886440277,0.13821642100811005,0.7670062616467476,True
REPLIGEN CORP,1.0,-0.06,-0.04,transcripts_by_company/Repligen_Corporation_2011Q1.txt,0.1390025019645691,0.3094731867313385,0.8098562926054,True
AMBRX BIOPHARMA INC,3.0,-0.37,-0.11,transcripts_by_company/Ambrx_Biopharma_Inc_2023Q3.txt,0.18190792202949524,0.24837368726730347,0.7981523483991624,True
MWI VETERINARY SUPPLY INC,2.0,0.44,0.43,transcripts_by_company/MWI_Veterinary_Supply_2008Q2.txt,0.1985386312007904,0.23554404079914093,0.7903597459197045,True
SONIC AUTOMOTIVE INC,1.0,0.53,0.42,transcripts_by_company/Sonic_Corporation_2002Q1.txt,0.2487240880727768,0.2801614999771118,0.7418446883559227,True
CLEAN ENERGY FUELS CORP,4.0,-0.21,-0.03,transcripts_by_company/Clean_Energy_Fuels_Corp_2011Q4.txt,0.35318654775619507,0.10825366526842117,0.7202933169901371,True
GATX CORP,3.0,1.12,1.43,transcripts_by_company/GATX_Corporation_2022Q3.txt,0.1472117304801941,0.13166773319244385,0.857451468706131,True
PRECISION BIOSCIENCES INC,2.0,-0.46,-0.56,transcripts_by_company/Precision_BioSciences_Inc_2022Q2.txt,0.09793826937675476,0.0,0.9020617306232452,False
GLOBAL BRASS AND COPPER HOLDINGS,4.0,0.28,0.28,transcripts_by_company/Global_Brass_and_Copper_Holdings_Inc_2015Q4.txt,0.15305177867412567,0.14503221213817596,0.8493540912866593,True
PAYCOR HCM INC,3.0,0.07,0.06,transcripts_by_company/Paycor_HCM_Inc_2023Q3.txt,0.13619613647460938,0.29634836316108704,0.8157581955194473,True
HD SUPPLY HOLDINGS INC,2.0,0.33,0.35,transcripts_by_company/HD_Supply_Holdings_Inc_2015Q2.txt,0.14146141707897186,0.31425508856773376,0.8067004814743995,True
MSA SAFETY INC,1.0,1.36,1.22,transcripts_by_company/MSA_Safety_Incorporated_2023Q1.txt,0.09264220297336578,0.1465834230184555,0.8911754310131073,True
GLG PARTNERS INC,1.0,0.1,0.08,transcripts_by_company/GLG_Partners_Inc_2008Q1.txt,0.25377991795539856,0.37918519973754883,0.7085984975099564,True
NOVO NORDISK A/S,1.0,0.58,0.53,transcripts_by_company/Novo_Nordisk_AS_2017Q1.txt,0.3188970685005188,0.24717293679714203,0.7026201710104942,True
DICE HOLDINGS INC,2.0,0.05,0.04,transcripts_by_company/Dice_Holdings_Inc_2010Q2.txt,0.2755172848701477,0.01325182057917118,0.8031623544171453,True
AAR CORP,1.0,0.79,0.71,transcripts_by_company/AAR_Corp_2019Q1.txt,0.24889706075191498,0.2976798415184021,0.736468105018139,True
GENWORTH FINANCIAL INC,4.0,0.38,0.3,transcripts_by_company/Genworth_Financial_Inc_2013Q4.txt,0.15798956155776978,0.22156447172164917,0.8229379653930664,True
APELLIS PHARMACEUTICALS INC,4.0,-1.5,-1.41,transcripts_by_company/Apellis_Pharmaceuticals_Inc_2022Q4.txt,0.1041809692978859,0.19506379961967468,0.8685541816055775,True
ASTRONICS CORP,1.0,0.31,0.19,transcripts_by_company/Astronics_Corporation_2010Q1.txt,0.1478428691625595,0.0,0.8521571308374405,False
COST PLUS,3.0,-0.35,-0.22,transcripts_by_company/Cost_Plus_Inc_2011Q3.txt,0.35008761286735535,0.41451340913772583,0.6305846482515336,True
NANOSPHERE INC,3.0,-0.39,-0.32,transcripts_by_company/Nanosphere_Inc_2010Q3.txt,0.20245866477489471,0.09032811969518661,0.8311804987490177,True
UNITIL CORP,2.0,0.3,0.19,transcripts_by_company/Unitil_Corporation_2022Q2.txt,0.18748025596141815,0.004396023228764534,0.8674450138583779,True
MEDNAX INC,1.0,0.89,0.8,transcripts_by_company/MEDNAX_Inc_2018Q1.txt,0.2128889560699463,0.21085932850837708,0.7877199321985244,True
BANK OF HAWAII CORP,4.0,1.3,1.37,transcripts_by_company/Bank_of_Hawaii_Corporation_2018Q4.txt,0.14791111648082733,0.13830335438251495,0.8549712121486663,True
MCGRATH RENTCORP,1.0,0.81,0.77,transcripts_by_company/McGrath_RentCorp_2020Q1.txt,0.1898103952407837,0.14299045503139496,0.8242355868220329,True
SANOFI SA,1.0,0.737,0.78,transcripts_by_company/Sanofi_SA_2016Q1.txt,0.11254121363162994,0.3002016544342041,0.8311606541275978,True
PARK-OHIO HOLDINGS CORP,4.0,0.33,0.38,transcripts_by_company/Park-Ohio_2004Q4.txt,0.17182475328445435,-0.02199322171509266,0.8863206392154097,True
CASCADE CORP,3.0,0.47,0.4,transcripts_by_company/Cascades_2003Q3.txt,0.17082206904888153,0.17988286912441254,0.8264596909284592,True
TEXAS INSTRUMENTS INC,4.0,0.69,0.61,transcripts_by_company/Texas_Instruments_Incorporated_2014Q4.txt,0.2754772901535034,0.0,0.7245227098464966,False
MSCI INC,4.0,0.49,0.55,transcripts_by_company/MSCI_Incorporated_2014Q4.txt,0.11760026961565018,0.38349756598472595,0.8026305414736271,True
HANGER INC,4.0,0.54,0.58,transcripts_by_company/Hanger_Orthopedic_Group_2011Q4.txt,0.1524280607700348,0.3781719505786896,0.7798487722873688,True
TRACON PHARMACEUTICALS INC,3.0,-0.53,-0.19,transcripts_by_company/TRACON_Pharmaceuticals_2015Q3.txt,0.08488170057535172,0.0,0.9151182994246483,False
APOGEE ENTERPRISES INC,3.0,0.6,0.91,transcripts_by_company/Apogee_Enterprises_Inc_2017Q3.txt,0.13953213393688202,0.2888762950897217,0.8156646177172661,True
M/I HOMES INC,4.0,0.9,1.01,transcripts_by_company/MI_Homes_Inc_2017Q4.txt,0.2985343039035797,0.24044650793075562,0.7188920348882675,True
ABBOTT LABORATORIES,1.0,1.73,1.05,transcripts_by_company/Abbott_Laboratories_2022Q1.txt,0.25376617908477783,0.1902792900800705,0.7652798876166343,True
DUCOMMUN INC DEL,4.0,0.51,0.38,transcripts_by_company/Ducommun_Inc_2007Q4.txt,0.1424633264541626,0.3297640383243561,0.8013464599847794,True
NEWELL BRANDS INC,2.0,0.87,0.85,transcripts_by_company/Newell_Brands_Inc_2017Q2.txt,0.2196221500635147,0.39326247572898865,0.7282857522368431,True
REGENCY CENTERS CORP,1.0,0.14,0.12,transcripts_by_company/Regency_Centers_Corporation_2012Q1.txt,0.13338223099708557,0.20525223016738892,0.8450567692518234,True
ERESEARCHTECHNOLOGY INC.,3.0,0.13,0.11,transcripts_by_company/eResearch_Technology_2008Q3.txt,0.10506142675876617,0.12006866931915283,0.8904364004731178,True
EAGLE MATERIALS INC,1.0,0.82,1.13,transcripts_by_company/Eagle_Materials_Inc_2018Q1.txt,0.3397270739078522,0.20232027769088745,0.7014949649572373,True
REC SILICON ASA,2.0,-0.03,-0.01,transcripts_by_company/REC_Silicon_ASA_2017Q2.txt,0.20307691395282745,0.23120339214801788,0.7884851425886155,True
HOST HOTELS  RESORTS INC,3.0,-0.44,-0.02,transcripts_by_company/Host_Hotels_and_Resorts_Inc_2020Q3.txt,0.260975182056427,0.13337886333465576,0.7773037135601044,True
CHIQUITA BRANDS INTERNATIONAL IN,2.0,0.69,1.6,transcripts_by_company/Chiquita_Brands_International_Inc_2011Q2.txt,0.07740797847509384,0.3150164484977722,0.8513094805181026,True
AIRCASTLE LTD,2.0,0.67,0.38,transcripts_by_company/Aircastle_Limited_2013Q2.txt,0.21976378560066223,0.17133371531963348,0.7947652354836464,True
UNITED COMMUNITY BANKS INC,1.0,0.3,0.45,transcripts_by_company/United_Community_Banks_2004Q1.txt,0.19815796613693237,0.18008212745189667,0.8072647854685784,True
L BRANDS INC,2.0,1.25,-0.2,transcripts_by_company/Premium_Brands_Holdings_Corporation_2021Q2.txt,0.20624715089797974,0.08950133621692657,0.8287765935063363,True
CYMABAY THERAPEUTICS INC,3.0,-0.28,-0.33,transcripts_by_company/CymaBay_Therapeutics_Inc_2022Q3.txt,0.12539967894554138,0.19442030787467957,0.8538941323757172,True
HEALTH NET INC,4.0,0.65,0.65,transcripts_by_company/Health_Net_Inc_2005Q4.txt,0.3411101698875427,0.21892136335372925,0.6955464720726013,True
SOFTBANK CORP,4.0,89.62,116.6,transcripts_by_company/SoftBank_Group_Corp_2016Q4.txt,0.1851501762866974,0.0,0.8148498237133026,False
QWEST COMMUNICATIONS INTL,3.0,-0.13,-0.08,transcripts_by_company/Qwest_Communications_2003Q3.txt,0.40140366554260254,0.32220494747161865,0.6223559498786927,True
GW PHARMACEUTICALS PLC,3.0,-0.89,-1.76,transcripts_by_company/GW_Pharmaceuticals_plc_2016Q3.txt,0.26929906010627747,0.28568193316459656,0.7257860779762269,True
REGENERON PHARMACEUTICALS INC,2.0,-0.41,-0.21,transcripts_by_company/Regeneron_Pharmaceuticals_Inc_2007Q2.txt,0.20554368197917938,0.0,0.7944563180208206,False
PAPA MURPHYS HOLDINGS INC,2.0,0.07,0.07,transcripts_by_company/Papa_Murphys_Holdings_Inc_2017Q2.txt,0.12323383241891861,0.41794803738594055,0.7883519060909748,True
NPS PHARMACEUTICALS INCORPORATED,4.0,0.07,0.01,transcripts_by_company/NPS_Pharmaceuticals_2013Q4.txt,0.26140204071998596,0.04216055944561958,0.8043704036623239,True
COLDWATER CREEK INC,3.0,-0.06,0.0,transcripts_by_company/Coldwater_Creek_2003Q3.txt,0.3365216851234436,0.19193269312381744,0.7068550124764442,True
MUELLER WATER PRODUCTS INC,3.0,0.14,0.17,transcripts_by_company/Mueller_Water_Products_Inc_2015Q3.txt,0.1376013159751892,0.14909718930721283,0.8589499220252037,True
ENACT HOLDINGS INC,4.0,0.98,0.8,transcripts_by_company/Enact_Holdings_Inc_CurrentQ4.txt,0.11086885631084442,0.21361295878887177,0.8583079129457474,True
BOINGO WIRELESS INC,3.0,-0.11,-0.06,transcripts_by_company/Boingo_Wireless_Inc_2014Q3.txt,0.11081849038600922,0.4163571894168854,0.7975198999047279,True
SSR MINING INC,4.0,0.12,0.45,transcripts_by_company/SSR_Mining_Inc_2022Q4.txt,0.10567931830883026,0.22850432991981506,0.8574731782078743,True
VASCULAR SOLUTIONS INC,1.0,-0.06,0.08,transcripts_by_company/Vascular_Solutions_2006Q1.txt,0.09230410307645798,0.0728682354092598,0.9135266572237015,True
CINEMARK HOLDINGS INC,1.0,0.37,0.26,transcripts_by_company/Cinemark_USA_Inc_2012Q1.txt,0.1778586059808731,0.2659747004508972,0.7957065656781197,True
BOWNE & CO,4.0,0.08,0.1,transcripts_by_company/Bowne_and_Company_2007Q4.txt,0.22391824424266815,0.255837082862854,0.7665061041712762,True
THERMO ELECTRON CORP,4.0,0.57,0.51,transcripts_by_company/Thermo_Electron_Corporation_2006Q4.txt,0.2146267592906952,0.31247854232788086,0.7560177057981491,True
AMERICAN CAPITAL AGENCY CORP,1.0,2.13,1.31,transcripts_by_company/American_Capital_Ltd_2010Q1.txt,0.14629878103733063,0.18087062239646912,0.8433296665549278,True
TYME TECHNOLOGIES INC,4.0,-0.08,-0.08,transcripts_by_company/Tyme_Technologies_Inc_2018Q4.txt,0.3365856409072876,0.06297776848077774,0.7454967208206653,True
"GARTNER, INC.",2.0,0.49,0.52,transcripts_by_company/Gartner_Inc_2013Q2.txt,0.16700462996959686,0.13984844088554382,0.841142226755619,True
ASPEN TECHNOLOGY INC,4.0,-0.09,-0.19,transcripts_by_company/Aspen_Technology_2010Q4.txt,0.14453287422657013,0.30705416202545166,0.8067107394337654,True
CENTERPOINT PROPERTIES CORP.,3.0,0.76,0.08,transcripts_by_company/CenterPoint_Properties_Trust_2005Q3.txt,0.18351328372955322,0.131205752491951,0.8321789756417275,True
BRIDGEPOINT EDUCATION INC,1.0,0.49,0.28,transcripts_by_company/Bridgepoint_Education_Inc_2010Q1.txt,0.2041533887386322,0.16716976463794708,0.8069416984915734,True
HASBRO BRADLEY I,3.0,1.09,1.03,transcripts_by_company/Hasbro_Inc_2010Q3.txt,0.21415315568447113,0.2748265564441681,0.7676448240876198,True
SHENANDOAH TELECOMMUNICATIONS CO,3.0,-0.16,0.25,transcripts_by_company/Shenandoah_Telecommunications_Company_2016Q3.txt,0.2801653742790222,0.184690922498703,0.7484769612550736,True
ROBERT HALF INC,1.0,0.8,0.66,transcripts_by_company/Robert_Half_International_Inc_2018Q1.txt,0.2786409258842468,0.19247333705425262,0.7472093507647515,True
RENAISSANCERE HOLDINGS LTD,2.0,4.06,4.27,transcripts_by_company/RenaissanceRe_Holdings_Ltd_2020Q2.txt,0.19277402758598328,0.2757866084575653,0.7823221981525421,True
UNOVA INCORPORATED,4.0,0.06,0.0,transcripts_by_company/UNOVA_Inc_2003Q4.txt,0.20663121342658997,0.29469385743141174,0.7669499933719635,True
LEGGETT  PLATT INC,2.0,0.39,0.3,transcripts_by_company/Leggett_and_Platt_2004Q2.txt,0.31815725564956665,0.278481662273407,0.6937454223632813,True
WESTLAKE CHEMICAL CORP,3.0,2.2,2.72,transcripts_by_company/Westlake_Chemical_Partners_LP_2023Q3.txt,0.16092807054519653,0.1870073676109314,0.831248140335083,True
POTBELLY CORP,2.0,-0.63,0.02,transcripts_by_company/Potbelly_Corporation_2020Q2.txt,0.17596358060836792,0.0,0.8240364193916321,False
BOARDWALK PIPELINE PARTNERS LP,1.0,0.45,0.46,transcripts_by_company/Boardwalk_Pipeline_Partners_LP_2012Q1.txt,0.1863812506198883,0.26490047574043274,0.7900629818439484,True
GLADSTONE COMMERCIAL CORP,4.0,-0.03,-0.01,transcripts_by_company/Gladstone_Commercial_Corporation_2022Q4.txt,0.15416932106018066,0.0655350461602211,0.8724209614098072,True
ATLANTIC CAPITAL BANCSHARES INC,1.0,0.14,0.17,transcripts_by_company/Atlantic_Capital_Bancshares_Inc_2016Q1.txt,0.1795903891324997,0.01140877977013588,0.8708640936762094,True
DURECT CORP,1.0,-0.03,-0.05,transcripts_by_company/DUET_Group_2014Q1.txt,0.17845764756202698,0.1909368336200714,0.8177985966205596,True
CADENCE DESIGN SYSTEMS INC,1.0,0.15,0.15,transcripts_by_company/Cadence_Design_Systems_2005Q1.txt,0.2518552541732788,0.29824504256248474,0.7342278093099595,True
AMERICA'S CAR-MART INC,3.0,2.83,2.29,transcripts_by_company/Americas_Car-Mart_Inc_2020Q3.txt,0.10231857001781464,0.34677115082740784,0.8243456557393074,True
RESMED INC,4.0,0.65,0.65,transcripts_by_company/ResMed_Inc_2014Q4.txt,0.24103058874607086,0.0,0.7589694112539291,False
MASTERCARD INC,1.0,6.23,6.25,transcripts_by_company/MasterCard_Inc_2013Q1.txt,0.14817477762699127,0.3050360679626465,0.8047668352723122,True
CSG SYSTEMS INTERNATIONAL INC,2.0,0.62,0.68,transcripts_by_company/CSG_Systems_International_Inc_2017Q2.txt,0.11559601128101349,0.12091930210590363,0.8828070014715195,True
DRUGSTORE.COM INC,2.0,-0.05,-0.07,transcripts_by_company/drugstorecom_Inc_2005Q2.txt,0.10034490376710892,0.15402166545391083,0.8835520677268505,True
ODYSSEY RE HOLDINGS CORP,2.0,0.57,0.66,transcripts_by_company/Odyssey_Re_Holdings_Corp_2005Q2.txt,0.1967185139656067,0.10304062068462372,0.8313848540186882,True
JONES LANG LASALLE INC,3.0,1.42,2.28,transcripts_by_company/Jones_Lang_LaSalle_Incorporated_2016Q3.txt,0.12864497303962708,0.2904469966888428,0.8228144198656082,True
MBIA INC,3.0,2.26,0.4,transcripts_by_company/MBIA_Inc_2011Q3.txt,0.23947536945343018,0.18639972805976868,0.7764473229646682,True
ALLEGHENY TECHNOLOGIES INC,2.0,2.0,1.71,transcripts_by_company/Allegheny_Technologies_2007Q2.txt,0.3505886495113373,0.16227930784225464,0.7059041529893875,True
NEUROMETRIX INC,2.0,-0.1,0.11,transcripts_by_company/NeuroMetrix_2007Q2.txt,0.3158192038536072,0.04541165754199028,0.7653030600398779,True
ACM RESEARCH INC,1.0,0.35,0.29,transcripts_by_company/ACM_Research_Inc_2021Q1.txt,0.15309670567512512,0.26091468334198,0.8145579010248185,True
SUMMIT WIRELESS TECHNOLOGIES INC,4.0,-3.6,-0.17,transcripts_by_company/Summit_Wireless_Technologies_Inc_2019Q4.txt,0.14600731432437897,0.12351872026920319,0.8607392638921738,True
YATRA ONLINE INC,1.0,-0.011,0.02,transcripts_by_company/Yatra_Online_Inc_2022Q1.txt,0.1044517308473587,0.18256928026676178,0.8721130043268204,True
SANMINA CORP,2.0,1.55,1.53,transcripts_by_company/Sanmina_Corporation_2023Q2.txt,0.19086435437202454,0.21960420906543732,0.8005136892199516,True
NORTHERN TRUST CORP,1.0,0.61,1.1,transcripts_by_company/Northern_Trust_2009Q1.txt,0.10048919171094894,0.258136510848999,0.852216612547636,True
PCM INC,4.0,0.05,0.3,transcripts_by_company/PCM_Inc_2015Q4.txt,0.3137784004211426,0.505205512046814,0.628793466091156,True
BIACORE INTERNATIONAL AB,3.0,0.08,0.36,transcripts_by_company/Biacore_International_AB_2003Q3.txt,0.35666730999946594,0.0,0.6433326900005341,False
LANDEC CORP,2.0,0.05,0.28,transcripts_by_company/Landec_Corporation_2020Q2.txt,0.2835962176322937,0.22278320789337158,0.734647685289383,True
PLANAR SYSTEMS INCORPORATED,3.0,-0.02,-0.01,transcripts_by_company/Planar_Systems_Inc_2011Q3.txt,0.0945969894528389,0.2805861234664917,0.8496062703430652,True
HANSEN MEDICAL INC,2.0,-0.2,-0.12,transcripts_by_company/Hansen_Medical_2013Q2.txt,0.29125291109085083,0.10906168818473816,0.7634044557809829,True
C-COR INCORPORATED,2.0,0.2,0.13,transcripts_by_company/C-COR_Incorporated_2007Q2.txt,0.256916880607605,0.11098027229309082,0.7868641018867493,True
BUFFALO WILD WINGS INC,4.0,0.55,0.55,transcripts_by_company/Buffalo_Wild_Wings_Inc_2010Q4.txt,0.1973716914653778,0.20162291824817657,0.8013529404997826,True
CARBON BLACK INC,2.0,-0.13,-0.2,transcripts_by_company/Carbon_Black_Inc_2019Q2.txt,0.2439001500606537,0.401261568069458,0.7088914245367051,True
DARLING INTERNATIONAL INC.,1.0,0.15,0.3,transcripts_by_company/Darling_International_2014Q1.txt,0.2875980734825134,0.13425973057746887,0.758403429389,True
TETRA TECH INC NEW,3.0,0.46,0.49,transcripts_by_company/Tetra_Tech_Inc_2012Q3.txt,0.15823708474636078,0.30585572123527527,0.7974773243069648,True
HENRY SCHEIN INC,1.0,0.57,0.57,transcripts_by_company/Henry_Schein_2008Q1.txt,0.32875776290893555,0.0,0.6712422370910645,False
ADA-ES INC,4.0,0.0,0.03,transcripts_by_company/ADA-ES_Inc_2007Q4.txt,0.11623966693878174,0.0,0.8837603330612183,False
ACCELERON PHARMA INC,3.0,-0.25,-0.26,transcripts_by_company/Acceleron_Pharma_Inc_2014Q3.txt,0.15793725848197937,0.0,0.8420627415180206,False
INPUT/OUTPUT INC,3.0,-0.03,0.06,transcripts_by_company/InputOutput_2004Q3.txt,0.40903204679489136,0.08662290126085281,0.6876906968653203,True
GEMSTAR-TV GUIDE INTERNATIONAL I,1.0,0.07,0.05,transcripts_by_company/Gemstar-TV_Guide_International_2007Q1.txt,0.24123108386993408,0.1352643519639969,0.7905589357018471,True
MASCO CORP,1.0,0.13,0.12,transcripts_by_company/Masco_Corporation_2013Q1.txt,0.34307077527046204,0.03675699234008789,0.7488233596086502,True
TALEO CORP,1.0,0.14,0.12,transcripts_by_company/Taleo_Corporation_2008Q1.txt,0.2554141879081726,0.09387584775686264,0.7930473141372204,True
ASTEC INDUSTRIES INC,3.0,0.51,0.61,transcripts_by_company/Astec_Industries_Inc_2007Q3.txt,0.231129452586174,0.27300769090652466,0.7563070759177208,True
SWEETGREEN INC,1.0,-0.29,-0.29,transcripts_by_company/Sweetgreen_Inc_2023Q1.txt,0.2760120630264282,0.21309757232666016,0.7428622841835022,True
EMERGENT BIOSOLUTIONS INC,2.0,0.13,0.41,transcripts_by_company/Emergent_BioSolutions_Inc_2017Q2.txt,0.2702336013317108,0.3611714541912079,0.7024850428104401,True
DULUTH HOLDINGS INC,2.0,0.01,0.13,transcripts_by_company/Duluth_Holdings_Inc_2017Q2.txt,0.10704974830150604,0.0,0.892950251698494,False
POST HOLDINGS INC,2.0,1.19,1.4,transcripts_by_company/Post_Holdings_Inc_2019Q2.txt,0.24874243140220642,0.3328016400337219,0.726039806008339,True
NXP SEMICONDUCTORS NV,4.0,3.71,3.48,transcripts_by_company/NXP_Semiconductors_NV_2023Q4.txt,0.17281189560890198,0.33342602849006653,0.7790038645267487,True
PINNACLE FINANCIAL PARTNERS INC,1.0,0.62,0.53,transcripts_by_company/Pinnacle_Financial_Partners_Inc_2015Q1.txt,0.25783517956733704,0.3153689205646515,0.7249046981334686,True
EMPIRE DISTRICT ELECTRIC CO,3.0,0.58,0.5,transcripts_by_company/Empire_District_Electric_Company_2015Q3.txt,0.25413399934768677,0.15059784054756165,0.7769268482923508,True
HCA HOLDINGS INC,1.0,1.74,1.73,transcripts_by_company/HCA_Holdings_Inc_2017Q1.txt,0.16226884722709656,0.19404417276382446,0.8281985551118851,True
KINDRED BIOSCIENCES INC,1.0,-0.53,-0.33,transcripts_by_company/Kindred_Biosciences_Inc_2020Q1.txt,0.3232935070991516,0.09405980259180069,0.7454766042530536,True
DECIPHERA PHARMACEUTICALS INC,3.0,-1.13,-1.33,transcripts_by_company/Deciphera_Pharmaceuticals_Inc_2020Q3.txt,0.190895676612854,0.3614206910133362,0.7579468190670013,True
UNITED STATES STEEL CORP,4.0,0.76,0.69,transcripts_by_company/United_States_Steel_Corporation_2017Q4.txt,0.10153845697641373,0.2684655785560608,0.8483834065496921,True
SPOTIFY TECHNOLOGY SA,4.0,-1.4,-0.21,transcripts_by_company/Spotify_Technology_SA_2022Q4.txt,0.20800946652889252,0.18374252319335938,0.7992706164717674,True
LASERCARD CORP,1.0,-0.59,0.17,transcripts_by_company/LaserCard_Corporation_2007Q1.txt,0.18319866061210632,0.1839088350534439,0.8165882870554924,True
KLA-TENCOR CORP,4.0,-0.12,0.55,transcripts_by_company/KLA-Tencor_Corporation_2008Q4.txt,0.28480055928230286,0.20328399538993835,0.7396544098854065,True
FERRELLGAS PARTNERS LP,1.0,0.31,1.18,transcripts_by_company/Ferrellgas_Partners_LP_2011Q1.txt,0.29059040546417236,0.09810424596071243,0.7671554423868656,True
ARQULE INC,3.0,-0.04,-0.2,transcripts_by_company/ArQule_Inc_2011Q3.txt,0.2771042585372925,0.286821186542511,0.7199806630611421,True
SHORETEL INC,1.0,0.01,0.07,transcripts_by_company/ShoreTel_2008Q1.txt,0.23052352666854858,0.19493785500526428,0.7801521748304368,True
COMFORT SYSTEMS USA INC,4.0,0.32,0.29,transcripts_by_company/Comfort_Systems_USA_2008Q4.txt,0.15959885716438293,0.14668652415275574,0.8442748427391052,True
CAMBREX CORPORATION,4.0,1.01,0.67,transcripts_by_company/Cambrex_Corporation_2015Q4.txt,0.18045616149902344,0.20810410380363464,0.8112494558095932,True
SPECTRUM BRANDS HOLDINGS INC,2.0,1.71,1.94,transcripts_by_company/Spectrum_Brands_Holdings_Inc_2017Q2.txt,0.20295211672782898,0.2519243359565735,0.7823562175035477,True
WHITESTONE REIT,1.0,0.11,0.06,transcripts_by_company/Whitestone_REIT_2014Q1.txt,0.13360530138015747,0.15382584929466248,0.860328534245491,True
FIRST COMMONWEALTH FINANCIAL COR,2.0,0.07,0.1,transcripts_by_company/First_Commonwealth_Financial_2011Q2.txt,0.25548839569091797,0.1686779409646988,0.7705547407269477,True
PUBLIC SERVICE ENTERPRISE GROUP,1.0,1.39,1.21,transcripts_by_company/Public_Service_Enterprise_Group_Incorporated_2023Q1.txt,0.20937997102737427,0.1461394727230072,0.8095921784639359,True
AEGERION PHARMACEUTICALS INC,3.0,-0.43,-0.57,transcripts_by_company/Aegerion_Pharmaceuticals_Inc_2013Q3.txt,0.273066908121109,0.1630554348230362,0.7599365338683128,True
CYNOSURE INC,2.0,0.29,0.25,transcripts_by_company/Cynosure_Inc_2013Q2.txt,0.15393468737602234,0.09133988618850708,0.8648437529802322,True
NEURONETICS INC,2.0,-0.29,-0.21,transcripts_by_company/Neuronetics_Inc_2021Q2.txt,0.29907041788101196,0.2517336905002594,0.7151306003332139,True
BRT APARTMENTS CORP,2.0,0.58,-0.33,transcripts_by_company/BRT_Apartments_Corp_2023Q2.txt,0.18129917979240417,0.19518961012363434,0.8145336911082268,True
BROOKFIELD ASSET MANAGEMENT INC,1.0,0.41,0.35,transcripts_by_company/Brookfield_Asset_Management_Inc_2011Q1.txt,0.10958032310009003,0.136752188205719,0.8822681173682213,True
ANHEUSER-BUSCH INBEV NV,1.0,0.56,0.63,transcripts_by_company/Anheuser-Busch_InBev_2010Q1.txt,0.2741142809391022,0.2504492998123169,0.7329852133989334,True
DOMINION DIAMOND CORP,4.0,0.05,0.2,transcripts_by_company/Dominion_Diamond_Corporation_2015Q4.txt,0.3570622205734253,0.2265997678041458,0.6820765152573586,True
MF GLOBAL HOLDINGS LTD,4.0,0.03,0.07,transcripts_by_company/MF_Global_2010Q4.txt,0.0690942257642746,0.17417846620082855,0.8993805021047592,True
CALITHERA BIOSCIENCES INC,4.0,-0.31,-0.25,transcripts_by_company/Calithera_Biosciences_Inc_2017Q4.txt,0.06485302001237869,0.019753236323595047,0.9486769150942564,True
CHECKPOINT SYS,3.0,0.33,0.46,transcripts_by_company/Checkpoint_2006Q3.txt,0.32883453369140625,0.0,0.6711654663085938,False
EQUINIX INC,2.0,-0.05,0.49,transcripts_by_company/Equinix_Inc_2010Q2.txt,0.19371797144412994,0.27260622382164,0.7826155528426171,True
CIVISTA BANCSHARES INC,4.0,0.47,0.49,transcripts_by_company/Civista_Bancshares_Inc_2019Q4.txt,0.2099067121744156,0.22109606862068176,0.7867364808917046,True
HOLLYSYS AUTOMATION TECHNOLOGIES,4.0,0.18,0.58,transcripts_by_company/Hollysys_Automation_Technologies_Ltd_2016Q4.txt,0.26825448870658875,0.1602330058813095,0.7641519561409951,True
NATIONAL OILWELL VARCO INC,3.0,0.04,0.06,transcripts_by_company/National_Oilwell_Varco_Inc_2019Q3.txt,0.17027691006660461,0.1461571902036667,0.8369590058922768,True
MARINEMAX INC,1.0,0.11,0.49,transcripts_by_company/MarineMax_Inc_2007Q1.txt,0.2774863541126251,0.1922716498374939,0.7480780571699143,True
BANK OF HAWAII CORP,3.0,0.92,0.75,transcripts_by_company/Bank_Of_Hawaii_Corp_2011Q3.txt,0.15905451774597168,0.16881126165390015,0.8380184590816497,True
DIRECTV GROUP INC.,2.0,0.12,0.08,transcripts_by_company/The_DIRECTV_Group_Inc_2005Q2.txt,0.10727809369564056,0.22693473100662231,0.856824915111065,True
GENWORTH FINANCIAL INC,4.0,0.52,0.54,transcripts_by_company/Genworth_Financial_Inc_2004Q4.txt,0.23892350494861603,0.14122210443019867,0.7903869152069092,True
ABSCI CORP,1.0,-0.26,-0.24,transcripts_by_company/Absci_Corporation_2023Q1.txt,0.03980844095349312,0.16023969650268555,0.9240621823817492,True
AMERICAN WATER WORKS COMPANY INC,3.0,1.33,1.27,transcripts_by_company/American_Water_Works_Company_Inc_2019Q3.txt,0.2618822455406189,0.34730637073516846,0.7124905169010163,True
AMICUS THERAPEUTICS INC,3.0,-0.34,-0.2,transcripts_by_company/Amicus_Therapeutics_Inc_2012Q3.txt,0.28700771927833557,0.14332638680934906,0.7560966804623603,True
BOSTON SCIENTIFIC CORP,4.0,0.41,0.49,transcripts_by_company/Boston_Scientific_Corporation_2005Q4.txt,0.21826431155204773,0.3513602018356323,0.7418069213628768,True
INDUSTRIAL LOGISTICS PROPERTIES,2.0,0.29,0.23,transcripts_by_company/Industrial_Logistics_Properties_Trust_2021Q2.txt,0.31667983531951904,0.2751621603965759,0.6957754671573639,True
ASX LTD,2.0,2.537,2.758,transcripts_by_company/ASX_Limited_2023Q2.txt,0.13262341916561127,-0.02971235290169716,0.9160773124545812,True
ABSOLUTE SOFTWARE CORP,4.0,-0.13,0.09,transcripts_by_company/Absolute_Software_Corp_2022Q4.txt,0.04912860691547394,0.13906851410865784,0.9238894209265709,True
TRIMBLE INC,4.0,0.46,0.33,transcripts_by_company/Trimble_Navigation_2010Q4.txt,0.1720811426639557,0.276750773191452,0.7965179681777954,True
DELEK LOGISTICS PARTNERS LP,4.0,0.46,0.45,transcripts_by_company/Delek_Logistics_Partners_LP_2013Q4.txt,0.20708337426185608,0.19305062294006348,0.7971264511346817,True
HASBRO BRADLEY I,4.0,0.65,0.49,transcripts_by_company/Hasbro_Inc_2003Q4.txt,0.12474139034748077,0.1400602161884308,0.8706629619002342,True
AETRIUM INCORPORATED,1.0,-0.07,-0.04,transcripts_by_company/Aetrium_2009Q1.txt,0.08911359310150146,0.13806134462356567,0.8962020814418793,True
INSTEEL INDUSTRIES INC,4.0,0.36,0.36,transcripts_by_company/Insteel_Industries_Inc_2015Q4.txt,0.3237607777118683,0.3576279878616333,0.6660790592432022,True
BWX TECHNOLOGIES INC,2.0,0.65,0.69,transcripts_by_company/BWX_Technologies_Inc_2023Q2.txt,0.22257100045681,0.11055269837379456,0.8110344901680946,True
SILICON MOTION TECHNOLOGY CORP,3.0,0.4,0.34,transcripts_by_company/Silicon_Motion_Technology_Corp_2007Q3.txt,0.2279449701309204,0.028653588145971298,0.8318424444645643,True
AGL RESOURCES INC,3.0,0.17,0.35,transcripts_by_company/Birch_Mountain_Resources_Ltd_2007Q3.txt,0.20305834710597992,0.0814497247338295,0.8334242396056653,True
CERUS CORP,1.0,-0.11,-0.12,transcripts_by_company/Cerus_Corporation_2018Q1.txt,0.23915019631385803,0.1003459170460701,0.8024910874664783,True
"NUTRI/SYSTEM, INC.",4.0,0.19,0.2,transcripts_by_company/Nutrisystem_Inc_2015Q4.txt,0.19412164390087128,0.3222936689853668,0.76742674857378,True
SEASPINE HOLDINGS CORP,2.0,-0.16,-0.25,transcripts_by_company/SeaSpine_Holdings_Corporation_2021Q2.txt,0.28804802894592285,0.25289127230644226,0.7224989980459213,True
FLY LEASING LTD,4.0,-1.98,0.42,transcripts_by_company/FLY_Leasing_Limited_2016Q4.txt,0.32797521352767944,0.24363647401332855,0.6973264083266258,True
ADVOCAT INC,1.0,0.31,0.24,transcripts_by_company/Advocat_Inc_2008Q1.txt,0.31500720977783203,0.3569101095199585,0.6724219202995301,True
JD.COM INC,2.0,-0.01,0.0,transcripts_by_company/JDcom_Inc_2015Q2.txt,0.14345014095306396,0.06822818517684937,0.8791164457798004,True
SAPIENT CORP,3.0,0.15,0.17,transcripts_by_company/Sapient_Corp_2012Q3.txt,0.13586021959781647,0.34785449504852295,0.8005414977669716,True
BLOCK H&R INCORPORATED,4.0,-0.42,-0.37,transcripts_by_company/HandR_Block_Inc_2007Q4.txt,0.28048980236053467,0.14235860109329224,0.7609495580196382,True
WINDSTREAM CORP,1.0,0.18,0.21,transcripts_by_company/Windstream_Communications_2011Q1.txt,0.2177864909172058,0.22221215069293976,0.780885811150074,True
TYSON FOODS INC,3.0,1.58,1.78,transcripts_by_company/Tyson_Foods_Inc_2018Q3.txt,0.17410194873809814,0.19665127992630005,0.8191332519054413,True
FIDUS INVESTMENT CORP,3.0,0.68,0.56,transcripts_by_company/Fidus_Investment_Corporation_2023Q3.txt,0.14002275466918945,0.42597487568855286,0.7741916090250015,True
ULTRA PETROLEUM CORP,1.0,0.26,0.77,transcripts_by_company/Ultra_Petroleum_Corp_2009Q1.txt,0.14823415875434875,0.22423386573791504,0.8289659291505813,True
JONES SODA CO,4.0,-0.39,0.05,transcripts_by_company/Jones_Soda_Co_2007Q4.txt,0.23348413407802582,0.12689617276191711,0.7984922543168068,True
DIEBOLD INC,4.0,0.44,0.52,transcripts_by_company/Diebold_Nixdorf_Incorporated_2020Q4.txt,0.09255313873291016,0.154610276222229,0.8888297200202941,True
CYBERONICS INC,2.0,0.46,0.42,transcripts_by_company/Cyberonics_Inc_2013Q2.txt,0.2673663794994354,0.14222830533981323,0.7701750427484513,True
WGL HOLDING INC,2.0,-0.08,-0.11,transcripts_by_company/WGL_Holdings_2004Q2.txt,0.24713429808616638,0.1993195116519928,0.7672101378440856,True
ABM INDUSTRIES INC,2.0,0.27,0.31,transcripts_by_company/ABM_Industries_2008Q2.txt,0.2927132844924927,0.16005520522594452,0.7470841392874719,True
SANDISK CORP,4.0,1.18,-0.03,transcripts_by_company/Skanska_2009Q4.txt,0.4103084206581116,0.14015892148017883,0.6707364290952682,True
CONCERT PHARMACEUTICALS INC,2.0,0.16,-0.82,transcripts_by_company/Concert_Pharmaceuticals_Inc_2021Q2.txt,0.2574077546596527,0.29348433017730713,0.731769272685051,True
IDEXX LABORATORIES INC,4.0,0.44,0.44,transcripts_by_company/Idexx_Laboratories_2008Q4.txt,0.3661099970340729,0.3314233124256134,0.644296008348465,True
NEXEN INC,4.0,0.95,1.45,transcripts_by_company/Nexen_2005Q4.txt,0.12609991431236267,0.0,0.8739000856876373,False
CANCER GENETICS INC,2.0,-0.13,-0.07,transcripts_by_company/Cancer_Genetics_Inc_2018Q2.txt,0.20322749018669128,0.20187242329120636,0.7971790298819542,True
DUSA PHARMACEUTICALS INC,1.0,-0.01,0.1,transcripts_by_company/Dusa_Pharmaceuticals_Inc_2012Q1.txt,0.1681673377752304,0.3073185086250305,0.7900873109698295,True
LIMELIGHT NETWORKS INC,1.0,0.06,0.02,transcripts_by_company/Limelight_Networks_Inc_2018Q1.txt,0.22273395955562592,0.2535356283187866,0.7680255398154259,True
HEARTWARE INTERNATIONAL INC,2.0,-0.73,-0.52,transcripts_by_company/HeartWare_International_Inc_2010Q2.txt,0.2764297127723694,0.08266762644052505,0.7816989131271839,True
POLYPORE INTERNATIONAL INC,2.0,0.51,0.72,transcripts_by_company/Polypore_International_Inc_2012Q2.txt,0.3350187838077545,0.23249183595180511,0.6957393005490303,True
COINSTAR INC,3.0,0.66,0.49,transcripts_by_company/Coinstar_Inc_2010Q3.txt,0.08797819167375565,0.3186839520931244,0.8428100802004337,True
COLGATE-PALMOLIVE CO,4.0,0.76,0.79,transcripts_by_company/Colgate-Palmolive_Co_2014Q4.txt,0.24908125400543213,0.2921391725540161,0.7380013704299927,True
FIRST BUSEY CORP,2.0,0.53,0.52,transcripts_by_company/First_Busey_Corporation_2022Q2.txt,0.15823321044445038,0.0,0.8417667895555496,False
CATAMARAN CORP,2.0,0.49,0.44,transcripts_by_company/Catamaran_Corporation_2013Q2.txt,0.30024415254592896,0.39237603545188904,0.6721162825822831,True
"EAST WEST BANCORP, INC.",1.0,0.69,0.6,transcripts_by_company/West_Corporation_2015Q1.txt,0.062203548848629,0.2720327377319336,0.8748476944863797,True
IDEC PHARMACEUTICALS CORP,4.0,0.26,0.24,transcripts_by_company/IDEC_Pharmaceuticals_Corporation_2002Q4.txt,0.21123354136943817,0.11282588541507721,0.8182887554168701,True
DEXCOM INC,4.0,0.54,0.06,transcripts_by_company/DexCom_Inc_2018Q4.txt,0.0969521701335907,0.13072971999645233,0.8929145649075508,True
1ST MIDWEST BANC,2.0,0.59,0.63,transcripts_by_company/Midwest_Banc_Holdings_2007Q2.txt,0.33186542987823486,0.14906957745552063,0.7229733258485794,True
ASIAINFO HOLDINGS INC,4.0,-0.86,0.03,transcripts_by_company/AsiaInfo_Holdings_Inc_2005Q4.txt,0.30856961011886597,0.1012217327952385,0.7536347530782223,True
BOISE CASCADE CO,1.0,0.19,0.46,transcripts_by_company/Boise_Cascade_Company_2015Q1.txt,0.27249130606651306,0.17403605580329895,0.7570452690124512,True
SWISS REINSURANCE CO,4.0,0.51,8.88,transcripts_by_company/Swiss_Reinsurance_Company_2007Q4.txt,0.25138989090919495,0.1389637589454651,0.782337948679924,True
STEPAN CO,1.0,1.37,1.49,transcripts_by_company/Stepan_Company_2018Q1.txt,0.25464197993278503,0.20232753455638885,0.7610523536801339,True
G&K SERVICES INC,2.0,0.37,0.54,transcripts_by_company/G_and_K_Services_2003Q2.txt,0.138823002576828,0.17515316605567932,0.8502779483795166,True
UNITED THERAPEUTICS CORP,1.0,-0.09,0.05,transcripts_by_company/United_Therapeutics_2004Q1.txt,0.2517158091068268,0.09188488870859146,0.7962334670126439,True
RANGE RESOURCES CORP,3.0,-0.07,0.08,transcripts_by_company/Range_Resources_Corporation_2019Q3.txt,0.08705750852823257,0.0,0.9129424914717674,False
CABELAS INC,4.0,1.26,1.34,transcripts_by_company/Cabelas_Incorporated_2015Q4.txt,0.24657109379768372,0.3809499442577362,0.7131152510643006,True
GYMBOREE CORPORATION,3.0,0.41,0.19,transcripts_by_company/The_Gymboree_Corporation_2009Q3.txt,0.15446723997592926,0.3528740108013153,0.786010728776455,True
BM TECHNOLOGIES INC,1.0,-0.43,0.18,transcripts_by_company/Parade_Technologies_Ltd_2023Q1.txt,0.28159409761428833,0.1897386908531189,0.7459625244140625,True
MAIN STREET CAPITAL CORP,3.0,0.44,0.35,transcripts_by_company/Main_Street_Capital_Corporation_2011Q3.txt,0.1125127300620079,0.14203284680843353,0.8786312349140644,True
CORNING INC,4.0,0.33,0.55,transcripts_by_company/Owens_Corning_2011Q4.txt,0.17474140226840973,0.2033935934305191,0.8166629403829575,True
INTEGRATED DEVICE TECHNOLOGY INC,3.0,-0.01,-0.06,transcripts_by_company/Integrated_Device_Technology_Inc_2003Q3.txt,0.2267654687166214,0.3341684639453888,0.7410136327147484,True
HOLOGIC INC,1.0,0.5,0.52,transcripts_by_company/Hologic_Inc_2017Q1.txt,0.3730255961418152,0.3369717299938202,0.6377905637025834,True
NASDAQ INC,2.0,0.47,0.52,transcripts_by_company/The_NASDAQ_OMX_Group_Inc_2009Q2.txt,0.26804107427597046,0.02311268076300621,0.8054374437779188,True
SBA COMMUNICATIONS CORP,4.0,-0.23,-0.06,transcripts_by_company/SBA_Communications_2006Q4.txt,0.11571038514375687,0.03270220384001732,0.909192069247365,True
AMERISOURCEBERGEN CORP,2.0,1.76,1.67,transcripts_by_company/AmerisourceBergen_Corporation_2019Q2.txt,0.1399625539779663,0.31890231370925903,0.8063555181026458,True
SIMPSON MANUFACTURING CO,2.0,0.43,0.53,transcripts_by_company/Simpson_Manufacturing_Company_Inc_2015Q2.txt,0.15712395310401917,0.16141539812088013,0.8415886133909225,True
CURO GROUP HOLDINGS CORP,4.0,-0.29,0.28,transcripts_by_company/Curo_Group_Holdings_Corp_2021Q4.txt,0.15136244893074036,0.1570129692554474,0.8469423949718475,True
SUMMIT BANCSHARES INC,3.0,0.27,0.26,transcripts_by_company/Summit_Bancshares_Incorporated_2005Q3.txt,0.1345258504152298,0.08747217059135437,0.8795902535319329,True
NISOURCE INC,2.0,0.13,0.09,transcripts_by_company/NiSource_Inc_2020Q2.txt,0.2794817388057709,0.1624465137720108,0.7556288287043571,True
ALNYLAM PHARMACEUTICALS INC,1.0,-1.25,-1.22,transcripts_by_company/Alnylam_Pharmaceuticals_Inc_2017Q1.txt,0.15420900285243988,0.0,0.8457909971475601,False
STRAYER EDUCATION,2.0,1.85,2.0,transcripts_by_company/Strayer_Education_Inc_2012Q2.txt,0.31440508365631104,0.3615895211696625,0.6714395850896835,True
SENDAS DISTRIBUIDORA SA,2.0,0.55,0.38,transcripts_by_company/Dimed_SA_Distribuidora_de_Medicamentos_2023Q2.txt,0.2571573257446289,0.3597368597984314,0.7120688140392304,True
ALIBABA GROUP HOLDING LTD,3.0,5.26,4.72,transcripts_by_company/Alibaba_Group_Holding_Limited_2016Q3.txt,0.06483853608369827,0.14009544253349304,0.9125843919813633,True
QUANTA SERVICES INC,2.0,0.17,0.26,transcripts_by_company/Quanta_Services_2009Q2.txt,0.13903400301933289,0.050366293638944626,0.8875663097947836,True
SYMETRA FINANCIAL CORP,4.0,0.52,0.45,transcripts_by_company/Symetra_Financial_Corporation_2014Q4.txt,0.21718832850456238,0.27105164527893066,0.7666526764631272,True
RENTRAK CORP,4.0,-0.03,0.0,transcripts_by_company/Rentrak_Corporation_2013Q4.txt,0.33645930886268616,0.13252238929271698,0.7247217670083046,True
SARATOGA INVESTMENT CORP,1.0,1.62,0.56,transcripts_by_company/Saratoga_Investment_Corp_2023Q1.txt,0.20560312271118164,0.3492482900619507,0.7513033270835876,True
MERCANTILE BANK CORP,4.0,0.3,0.16,transcripts_by_company/Mercantile_Bank_Corporation_2011Q4.txt,0.21233658492565155,0.1763256937265396,0.798466682434082,True
ADVANTA CORP,2.0,0.1,0.31,transcripts_by_company/Advanta_Corporation_2008Q2.txt,0.14956453442573547,0.318631649017334,0.7997153311967851,True
INTEGRATED SILICON SOLUTION INC,3.0,0.2,0.3,transcripts_by_company/Integrated_Silicon_Solution_Inc_2013Q3.txt,0.3516806960105896,0.33465903997421265,0.6534258008003235,True
CSX CORP,2.0,0.52,0.5,transcripts_by_company/CSX_Corporation_2013Q2.txt,0.149729385972023,0.331738144159317,0.7956679865717888,True
ALLSTATE CORP,3.0,0.99,0.89,transcripts_by_company/The_Allstate_Corporation_2009Q3.txt,0.20560050010681152,0.06549275666475296,0.8364318229258061,True
ALTRIA GROUP INC,4.0,1.27,1.24,transcripts_by_company/Altria_Group_Inc_2006Q4.txt,0.2630792260169983,0.2833484411239624,0.7308400094509124,True
PROTO LABS INC,4.0,0.63,0.79,transcripts_by_company/Proto_Labs_Inc_2019Q4.txt,0.29540568590164185,0.2860303521156311,0.7074069142341614,True
CREE INC,2.0,-0.18,-0.03,transcripts_by_company/Cree_Inc_2020Q2.txt,0.3631385266780853,0.3510967791080475,0.640473997592926,True
ALLERGAN INC,2.0,0.96,0.93,transcripts_by_company/Allergan_2011Q2.txt,0.1564507782459259,0.2029060423374176,0.8296126425266266,True
PIXELWORKS INC,3.0,-0.01,0.06,transcripts_by_company/Pixelworks_2015Q3.txt,0.30690938234329224,0.3132432997226715,0.691190442442894,True
MERIT MEDICAL SYSTEMS INC,4.0,0.71,0.54,transcripts_by_company/Merit_Medical_Systems_Inc_2021Q4.txt,0.1859918236732483,0.27246811985969543,0.7880652874708176,True
VENTAS INC,4.0,0.66,0.34,transcripts_by_company/Ventas_Inc_2011Q4.txt,0.2203606367111206,0.05738479271531105,0.8285321164876223,True
SANDISK CORP,2.0,-0.1,0.45,transcripts_by_company/Skanska_2008Q2.txt,0.27537623047828674,0.20477275550365448,0.745804812014103,True
GREEN DOT CORP,1.0,0.42,0.38,transcripts_by_company/Green_Dot_Corporation_2013Q1.txt,0.08858425170183182,0.3245128095149994,0.8406371809542179,True
DIAMEDICA THERAPEUTICS INC,1.0,-0.2,-0.19,transcripts_by_company/DiaMedica_Therapeutics_Inc_2023Q1.txt,0.21926937997341156,0.1878126859664917,0.7901676282286645,True
SHOTSPOTTER INC,4.0,-0.26,-0.07,transcripts_by_company/ShotSpotter_Inc_2017Q4.txt,0.30617213249206543,0.054479461163282394,0.7693356689065695,True
MENS WEARHOUSE INC,4.0,0.79,0.65,transcripts_by_company/Mens_Warehouse_2011Q4.txt,0.2610335052013397,0.3874360918998718,0.7010457187891006,True
MONTROSE ENVIRONMENTAL GROUP INC,4.0,-0.5,-0.12,transcripts_by_company/Montrose_Environmental_Group_Inc_2022Q4.txt,0.1267527937889099,0.2143138349056244,0.8469788938760758,True
BENEFITFOCUS INC,4.0,-0.06,0.0,transcripts_by_company/Benefitfocus_Inc_2017Q4.txt,0.1304066926240921,0.4403214752674103,0.7766188725829124,True
TEREX CORP,2.0,1.07,1.3,transcripts_by_company/Terex_Corporation_2022Q2.txt,0.15685449540615082,0.20418694615364075,0.8289457693696022,True
PENNYMAC MORTGAGE INVESTMENT TRU,3.0,0.62,0.37,transcripts_by_company/PennyMac_Mortgage_Investment_Trust_2018Q3.txt,0.2896882891654968,0.2912021279335022,0.7098575592041017,True
VECTOR GROUP LTD,4.0,0.26,0.24,transcripts_by_company/Vector_Group_Ltd_2021Q4.txt,0.10258768498897552,0.06905954331159592,0.9074707575142383,True
EPIZYME INC,3.0,-0.55,-0.6,transcripts_by_company/Epizyme_Inc_2020Q3.txt,0.16454046964645386,0.15425260365009308,0.8385458901524544,True
CANADIAN PACIFIC RAILWAY LTD,4.0,2.68,2.49,transcripts_by_company/Canadian_Pacific_Railway_Limited_2014Q4.txt,0.10405024886131287,0.1230592355132103,0.8902470551431179,True
M/I HOMES INC,4.0,0.35,0.56,transcripts_by_company/MI_Homes_Inc_2014Q4.txt,0.11753003299236298,0.17269831895828247,0.8659194812178612,True
USANA HEALTH SCIENCES INC,1.0,0.9,0.81,transcripts_by_company/USANA_Health_Sciences_2012Q1.txt,0.14947980642318726,0.13903820514678955,0.8536526739597321,True
CAE INC,3.0,0.23,0.27,transcripts_by_company/CAE_Inc_2018Q3.txt,0.18546010553836823,0.3507257103919983,0.7649602130055427,True
SIGNATURE BANK,1.0,4.63,3.77,transcripts_by_company/Signature_Bank_2022Q1.txt,0.17145082354545593,0.17542269825935364,0.8273576140403748,True
CITI TRENDS INC,1.0,0.31,0.22,transcripts_by_company/Citi_Trends_Inc_2015Q1.txt,0.29816311597824097,0.2712068557739258,0.7099237620830536,True
MILLIPORE CORP,1.0,1.21,1.12,transcripts_by_company/Millipore_Corp_2010Q1.txt,0.13271407783031464,0.03453503176569939,0.8967396359890699,True
ALLIANCE FINANCIAL CORPORATION,2.0,0.73,0.66,transcripts_by_company/Industrial_Alliance_Insurance_and_Financial_Services_Inc_2011Q2.txt,0.061543405055999756,0.27238965034484863,0.8752027213573456,True
SEASPINE HOLDINGS CORP,4.0,-0.37,-0.24,transcripts_by_company/SeaSpine_Holdings_Corporation_2020Q4.txt,0.2641143202781677,0.24492844939231873,0.741641440987587,True
UTI WORLDWIDE INC,4.0,0.16,0.32,transcripts_by_company/UTi_Worldwide_Inc_2012Q4.txt,0.14337190985679626,0.15192513167858124,0.8540621235966682,True
BANKUNITED FINANCIAL CORP - A,1.0,0.37,0.37,transcripts_by_company/BankUnited_Financial_2004Q1.txt,0.3394424617290497,0.2834187150001526,0.6773646622896194,True
RENTRAK CORP,1.0,0.02,0.19,transcripts_by_company/Rentrak_Corporation_2010Q1.txt,0.3207119405269623,0.20419195294380188,0.7142440557479859,True
HARMONY GOLD MINING COMPANY LTD,3.0,-0.17,0.05,transcripts_by_company/Harmony_Gold_Mining_Company_2004Q3.txt,0.37293872237205505,0.1773388683795929,0.6857412338256836,True
ELLIE MAE INC,4.0,0.38,0.31,transcripts_by_company/Ellie_Mae_Inc_2014Q4.txt,0.1261206865310669,0.253925621509552,0.8355378329753875,True
ACUSHNET HOLDINGS CORP,4.0,0.1499,0.22,transcripts_by_company/Acushnet_Holdings_Corp_2018Q4.txt,0.3811790943145752,0.1741323322057724,0.6809349343180657,True
TRAVELPORT WORLDWIDE LTD,1.0,0.24,0.33,transcripts_by_company/Travelport_Worldwide_Ltd_2015Q1.txt,0.16076438128948212,0.06729624420404434,0.8672760598361492,True
FREEPORT-MCMORAN INC,4.0,0.02,0.09,transcripts_by_company/Freeport-McMoRan_Inc_2019Q4.txt,0.32693636417388916,0.11749732494354248,0.7358953475952148,True
BOARDWALK REAL ESTATE INVESTMENT,4.0,1.53,-1.18,transcripts_by_company/Boardwalk_Real_Estate_Investment_Trust_2017Q4.txt,0.14214858412742615,0.2811333239078522,0.8161559939384461,True
JINKOSOLAR HOLDING CO LTD,3.0,0.856,0.69,transcripts_by_company/JinkoSolar_Holding_Co_Ltd_2019Q3.txt,0.12012994289398193,0.20729202032089233,0.853721433877945,True
NETSCOUT SYSTEMS INC,1.0,0.06,0.08,transcripts_by_company/NetScout_Systems_2007Q1.txt,0.23296603560447693,0.09092479199171066,0.809646337479353,True
MERCANTILE BANK CORP,3.0,0.4,0.34,transcripts_by_company/Mercantile_Bank_Corporation_2013Q3.txt,0.15231317281723022,0.25309106707572937,0.81745345890522,True
TELECOMMUNICATION SYSTEMS INC,3.0,0.05,0.09,transcripts_by_company/TeleCommunications_Systems_Inc_2013Q3.txt,0.4490247070789337,0.14139331877231598,0.6432647094130517,True
BRUNSWICK CORP,4.0,0.7,0.81,transcripts_by_company/Brunswick_Corporation_2017Q4.txt,0.2544400691986084,0.16830192506313324,0.7714013740420342,True
CORE-MARK HOLDING COMPANY INC,2.0,1.01,1.16,transcripts_by_company/Core-Mark_Holding_Company_Inc_2013Q2.txt,0.19717641174793243,0.2820452153682709,0.777362947165966,True
WOODWARD GOVERNO,1.0,0.65,0.73,transcripts_by_company/Woodward_Inc_2016Q1.txt,0.21648891270160675,0.45595481991767883,0.7116713151335716,True
ALEXANDRIA REAL ESTATE EQUITIES,1.0,0.36,0.38,transcripts_by_company/Alexandria_Real_Estate_Equities_Inc_2013Q1.txt,0.11632519960403442,0.17447274923324585,0.8662305355072022,True
ATMI INC,3.0,0.22,0.23,transcripts_by_company/ATMI_Inc_2005Q3.txt,0.13565494120121002,0.0,0.86434505879879,False
THERAPEUTICSMD INC,1.0,-0.11,-0.07,transcripts_by_company/TherapeuticsMD_Inc_2017Q1.txt,0.02343170717358589,0.03840285912156105,0.9720769472420215,True
SANGAMO THERAPEUTICS INC,2.0,-0.66,-0.37,transcripts_by_company/Sangamo_Therapeutics_Inc_2023Q2.txt,0.27307194471359253,0.1618676334619522,0.7602893486618996,True
INTERSTATE HOTELS & RESORTS INC,4.0,0.24,0.16,transcripts_by_company/Interstate_Hotels_and_Resorts_Inc_2004Q4.txt,0.14647722244262695,0.18752658367156982,0.8412079691886902,True
SCHLUMBERGER LTD,2.0,1.02,0.9,transcripts_by_company/Schlumberger_2007Q2.txt,0.14650484919548035,0.14661389589309692,0.8534624367952347,True
KIRKLAND'S INC,2.0,-0.85,-0.5,transcripts_by_company/Kirklands_Inc_2023Q2.txt,0.3416321277618408,0.19480040669441223,0.7024173885583878,True
CONFORMIS INC,1.0,-0.12,-0.15,transcripts_by_company/Conformis_Inc_2019Q1.txt,0.26660600304603577,0.23299749195575714,0.7434765502810479,True
STEIN MART INC,2.0,0.31,0.36,transcripts_by_company/Stein_Mart_Inc_2015Q2.txt,0.2345535308122635,0.218509241938591,0.7702597558498383,True
HUNTINGTON BANCSHARES INC,2.0,0.17,0.15,transcripts_by_company/Huntington_Bancshares_Inc_2012Q2.txt,0.26318874955177307,0.07894814014434814,0.7920834332704544,True
SUMMIT HOTEL PROPERTIES INC,2.0,0.06,0.09,transcripts_by_company/Summit_Hotel_Properties_Inc_2014Q2.txt,0.15223336219787598,0.3719390630722046,0.7818549275398254,True
KKR REAL ESTATE FINANCE TRUST IN,4.0,0.48,0.39,transcripts_by_company/KKR_Real_Estate_Finance_Trust_Inc_2020Q4.txt,0.12438271194696426,0.11787720769643784,0.8775689393281937,True
RINGCENTRAL INC,4.0,-0.09,-0.1,transcripts_by_company/RingCentral_Inc_2014Q4.txt,0.32005172967910767,0.0,0.6799482703208923,False
WHITEWAVE FOODS CO,2.0,0.32,0.32,transcripts_by_company/The_WhiteWave_Foods_Company_2016Q2.txt,0.24376723170280457,0.17739324271678925,0.7761449649930001,True
SKULLCANDY INC,3.0,0.06,0.06,transcripts_by_company/Skullcandy_Inc_2013Q3.txt,0.1570798009634018,0.29824158549308777,0.8005716636776924,True
DECKERS OUTDOOR CORP,4.0,4.97,4.19,transcripts_by_company/Deckers_Outdoor_Corporation_2017Q4.txt,0.19642899930477142,0.12541675567626953,0.8248746737837791,True
BALDWIN TECHNOLOGY INC,4.0,-0.03,0.02,transcripts_by_company/Baldwin_Technology_2009Q4.txt,0.271726131439209,0.07201966643333435,0.7881858080625535,True
SPECTRUM PHARMACEUTICALS INC,1.0,-0.22,-0.06,transcripts_by_company/Spectrum_Pharmaceuticals_Inc_2015Q1.txt,0.20864339172840118,0.09084919095039368,0.8266948685050011,True
PRGX GLOBAL INC,3.0,-0.01,0.1,transcripts_by_company/PRGX_Global_Inc_2014Q3.txt,0.43143242597579956,0.34805160760879517,0.5935818195343018,True
OILTANKING PARTNERS LP,3.0,0.34,0.73,transcripts_by_company/Oiltanking_Partners_2014Q3.txt,0.07151594758033752,0.38320890069007874,0.8349761664867401,True
INFINERA CORP,1.0,-0.1,-0.06,transcripts_by_company/Infinera_Corporation_2012Q1.txt,0.33261287212371826,0.23168064653873444,0.6976667955517769,True
ENTEGRIS INC,1.0,0.12,0.14,transcripts_by_company/Entegris_Inc_2014Q1.txt,0.20620431005954742,0.15195895731449127,0.8100692957639695,True
EUROSEAS LTD,4.0,2.86,3.67,transcripts_by_company/Euroseas_Ltd_2022Q4.txt,0.23818905651569366,0.13557609915733337,0.7925948306918145,True
ANAPTYSBIO INC,4.0,-1.59,-1.83,transcripts_by_company/AnaptysBio_Inc_2023Q4.txt,0.21433000266551971,0.2070399820804596,0.7878570035099983,True
AMYRIS INC,1.0,-0.41,-0.19,transcripts_by_company/Amyris_Inc_2015Q1.txt,0.09510093182325363,0.0,0.9048990681767464,False
SEABRIGHT INSURANCE HOLDINGS INC,1.0,0.19,0.47,transcripts_by_company/SeaBright_Insurance_Holdings_2009Q1.txt,0.06859713047742844,0.28444695472717285,0.8666479222476482,True
AVANEX CORPORATION,4.0,-0.11,-0.11,transcripts_by_company/Avanex_Corporation_2004Q4.txt,0.3725658655166626,0.20906966924667358,0.6764829933643342,True
AASTROM BIOSCIENCES INC,2.0,-0.04,-0.05,transcripts_by_company/Aastrom_Biosciences_2007Q2.txt,0.248398557305336,0.09272783994674683,0.7983026579022408,True
ZAYO GROUP HOLDINGS INC,3.0,0.06,0.02,transcripts_by_company/Zayo_Group_Holdings_Inc_2016Q3.txt,0.18162542581558228,0.10713642835617065,0.8407212734222412,True
PORTMAN RIDGE FINANCE CORP,2.0,0.06,0.07,transcripts_by_company/Portman_Ridge_Finance_Corporation_2020Q2.txt,0.08462143689393997,0.22701722383499146,0.8726598270237446,True
VISIONCHINA MEDIA INC,4.0,0.08,0.25,transcripts_by_company/VisionChina_Media_2009Q4.txt,0.09169746935367584,0.19633960723876953,0.876909889280796,True
BANK OF THE OZARKS INC,3.0,0.53,0.52,transcripts_by_company/Bank_of_the_Ozarks_Inc_2008Q3.txt,0.1603674292564392,0.40112361311912537,0.7674057155847549,True
LIFELOCK INC,2.0,0.05,0.06,transcripts_by_company/LifeLock_Inc_2014Q2.txt,0.09221687912940979,0.0,0.9077831208705902,False
BANK OF HAWAII CORP,4.0,0.86,0.84,transcripts_by_company/Bank_of_Hawaii_Corporation_2005Q4.txt,0.11684010922908783,0.24969467520713806,0.8433035209774971,True
IMMUNOGEN INC,3.0,-0.15,-0.12,transcripts_by_company/ImmunoGen_Inc_2006Q3.txt,0.1470087319612503,0.06941232085227966,0.8762701913714409,True
MONOLITHIC POWER SYSTEMS INC,2.0,0.37,0.34,transcripts_by_company/Monolithic_Power_Systems_Inc_2014Q2.txt,0.2614067494869232,0.08237573504447937,0.7923025548458099,True
CORELOGIC INC,2.0,0.72,0.67,transcripts_by_company/CoreLogic_Inc_2017Q2.txt,0.22211460769176483,0.18028350174427032,0.7904347240924836,True
SELECTA BIOSCIENCES INC,4.0,-0.77,-0.41,transcripts_by_company/Selecta_Biosciences_Inc_2016Q4.txt,0.3274519443511963,0.2079562246799469,0.7083967715501786,True
IGATE CAPITAL CORPORATION,1.0,0.38,0.28,transcripts_by_company/iGATE_Corporation_2012Q1.txt,0.17535392940044403,0.30153265595436096,0.7867924526333809,True
PITNEY BOWES INC,1.0,0.69,0.67,transcripts_by_company/Pitney_Bowes_Inc_2006Q1.txt,0.2167167365550995,0.20927287638187408,0.7855164214968682,True
PIERIS PHARMACEUTICALS INC,2.0,0.05,-0.15,transcripts_by_company/Pieris_Pharmaceuticals_Inc_2023Q2.txt,0.18618594110012054,0.18394385278224945,0.8144866853952408,True
ADVANCED MICRO DEVICES INC,2.0,-0.95,0.12,transcripts_by_company/Advanced_Micro_Devices_2007Q2.txt,0.3595026135444641,0.14634335041046143,0.7044451653957366,True
HUNTSMAN CORP,3.0,0.45,0.43,transcripts_by_company/Huntsman_Corporation_2011Q3.txt,0.18619923293590546,0.1841232180595398,0.8144235715270043,True
MERCURY GENERAL CORP,2.0,1.86,0.94,transcripts_by_company/Mercury_General_Corporation_2020Q2.txt,0.20574328303337097,0.18969401717185974,0.7990714967250824,True
"PAPA JOHN'S INTERNATIONAL, INC.",1.0,0.69,0.64,transcripts_by_company/Papa_Johns_International_Inc_2012Q1.txt,0.11922622472047806,0.11231927573680878,0.8828458599746227,True
NU SKIN ENTERPRISES INC,2.0,1.22,0.93,transcripts_by_company/Nu_Skin_Enterprises_Inc_2013Q2.txt,0.15644435584545135,0.3815564513206482,0.7760220155119896,True
BRINKS CO,2.0,0.25,0.18,transcripts_by_company/The_Brinks_Company_2004Q2.txt,0.2333870679140091,0.13212336599826813,0.7969920426607132,True
QUICKSILVER RESOURCES INC,2.0,0.18,0.21,transcripts_by_company/Quicksilver_Resources_2010Q2.txt,0.17073069512844086,0.07191706448793411,0.8589133940637111,True
PRINTRONIX INC,3.0,-0.26,0.12,transcripts_by_company/Printronix_Incorporated_2005Q3.txt,0.33644193410873413,0.46374252438545227,0.6253678888082504,True
IONIS PHARMACEUTICALS INC,1.0,0.62,-0.02,transcripts_by_company/Ionis_Pharmaceuticals_Inc_2019Q1.txt,0.20600606501102448,0.24307261407375336,0.7828739702701568,True
HYATT HOTELS CORP,4.0,0.23,0.15,transcripts_by_company/Hyatt_Hotels_Corporation_2017Q4.txt,0.31735309958457947,0.26988646388053894,0.6968868911266327,True
AMDOCS LTD,1.0,1.08,1.14,transcripts_by_company/Amdocs_Limited_2020Q1.txt,0.2968496084213257,0.2930321991443634,0.704295614361763,True
CROSSFIRST BANKSHARES INC,4.0,0.36,0.35,transcripts_by_company/CrossFirst_Bankshares_Inc_2022Q4.txt,0.17587462067604065,0.19493551552295685,0.8184071108698845,True
INTERSECT ENT INC,4.0,-0.16,-0.3,transcripts_by_company/Intersect_ENT_Inc_2014Q4.txt,0.341127872467041,0.3455564081668854,0.6575435668230056,True
DONNELLEY FINANCIAL SOLUTIONS IN,1.0,0.06,0.39,transcripts_by_company/Donnelley_Financial_Solutions_Inc_2019Q1.txt,0.15852445363998413,0.26498693227767944,0.8095368027687073,True
FRUTAROM INDUSTRIES LTD,4.0,0.66,2.59,transcripts_by_company/Frutarom_Industries_Ltd_2017Q4.txt,0.3873107433319092,0.21435965597629547,0.664574582874775,True
RETAILMENOT INC,3.0,0.12,0.19,transcripts_by_company/RetailMeNot_Inc_2015Q3.txt,0.3844519853591919,0.3174979090690613,0.6356342375278473,True
MURPHY USA INC,1.0,4.8,3.75,transcripts_by_company/Murphy_USA_Inc_2023Q1.txt,0.1920752376317978,0.3149792551994324,0.7710535570979118,True
CTS CORP,4.0,0.11,0.1,transcripts_by_company/CTS_2003Q4.txt,0.09694303572177887,0.055197831243276596,0.9155805256217718,True
INTELIQUENT INC,1.0,0.28,0.17,transcripts_by_company/Inteliquent_2014Q1.txt,0.14606420695781708,0.0866483747959137,0.871760542690754,True
PGT INC,2.0,0.2,0.19,transcripts_by_company/PGT_Innovations_Inc_2017Q2.txt,0.23724526166915894,0.0754789412021637,0.8112846344709397,True
SIERRA METALS INC,2.0,0.0,0.07,transcripts_by_company/Sierra_Metals_Inc_2019Q2.txt,0.11636759340763092,0.2347182184457779,0.848127219080925,True
CHATHAM LODGING TRUST,3.0,-0.03,0.25,transcripts_by_company/Chatham_Lodging_Trust_2010Q3.txt,0.250173956155777,0.09428825229406357,0.796591755002737,True
BIO IMAGING TECHNOLOGIES INC,2.0,0.01,0.0,transcripts_by_company/Bio-Imaging_Technologies_2006Q2.txt,0.19167348742485046,0.14842629432678223,0.82130067050457,True
APARTMENT INVESTMENT& MANAGEMENT,2.0,0.0,-0.3,transcripts_by_company/Apartment_Investment_and_Management_2012Q2.txt,0.29409050941467285,0.13822689652442932,0.7526685744524002,True
ARGO GROUP INTERNATIONAL HOLDING,1.0,0.71,1.05,transcripts_by_company/Argo_Group_International_Holdings_Ltd_2017Q1.txt,0.10272393375635147,0.08868460357189178,0.9014878652989864,True
BIOSPHERE MEDICAL INC,1.0,-0.1,-0.05,transcripts_by_company/BioSphere_Inc_2009Q1.txt,0.2505677342414856,0.2255852073431015,0.7569270238280297,True
AUTOMATIC DATA PROCESSING INC,1.0,0.8,0.84,transcripts_by_company/Automatic_Data_Processing_2009Q1.txt,0.11678732931613922,0.1422266811132431,0.8755808651447297,True
RESEARCH IN MOTION LTD,4.0,1.27,1.72,transcripts_by_company/Research_In_Motion_Ltd_2011Q4.txt,0.029837407171726227,0.19623516499996185,0.9202432654798031,True
CORE-MARK HOLDING COMPANY INC,4.0,0.5,0.66,transcripts_by_company/Core-Mark_Holding_Company_Inc_2010Q4.txt,0.14615966379642487,0.3042815625667572,0.8064037665724755,True
INTERVAL LEISURE GROUP INC,4.0,0.27,0.25,transcripts_by_company/Interval_Leisure_Group_2015Q4.txt,0.11489243060350418,0.32240158319473267,0.8228548236191273,True
GTSI CORP,2.0,-0.38,-0.21,transcripts_by_company/GTSI_Corp_2007Q2.txt,0.22551308572292328,0.20582304894924164,0.7803939253091812,True
IDENIX PHARMACEUTICALS INC,4.0,-0.42,-0.14,transcripts_by_company/Idenix_Pharmaceuticals_2006Q4.txt,0.092872254550457,0.13774295151233673,0.893666536360979,True
TORONTO-DOMINION BANK,4.0,2.18,2.0,transcripts_by_company/The_Toronto-Dominion_Bank_2022Q4.txt,0.15879295766353607,0.07731106132268906,0.865651611238718,True
LHC GROUP INC,2.0,0.52,0.55,transcripts_by_company/LHC_Group_Inc_2016Q2.txt,0.17352905869483948,0.0,0.8264709413051605,False
ALIGNMENT HEALTHCARE INC,3.0,-0.26,-0.13,transcripts_by_company/Alignment_Healthcare_Inc_2021Q3.txt,0.23314066231250763,0.08448381721973419,0.8114563912153244,True
"URBAN OUTFITTERS, INC.",2.0,0.32,0.3,transcripts_by_company/Urban_Outfitters_Inc_2013Q2.txt,0.06422089040279388,0.08956475555896759,0.928175950050354,True
MICROVISION INC,3.0,-0.13,-0.12,transcripts_by_company/Microvision_Inc_2010Q3.txt,0.2449388951063156,0.1227826178073883,0.7917079880833626,True
OMNICELL INC,3.0,0.62,0.55,transcripts_by_company/Omnicell_Inc_2023Q3.txt,0.20843763649463654,0.3585214912891388,0.7465372070670128,True
TD AMERITRADE HOLDING CORP,2.0,0.28,0.31,transcripts_by_company/TD_Ameritrade_Holding_Corp_2012Q2.txt,0.16553674638271332,0.18926510214805603,0.8273447468876839,True
TELLABS INC,3.0,0.15,0.08,transcripts_by_company/Tellabs_Inc_2005Q3.txt,0.209284707903862,0.28119128942489624,0.7691433176398277,True
VINTAGE WINE ESTATES INC,4.0,0.17,0.17,transcripts_by_company/Treasury_Wine_Estates_Limited_2021Q4.txt,0.16437959671020508,0.32771196961402893,0.7866206914186478,True
AMAG PHARMACEUTICALS INC,2.0,-0.58,-0.32,transcripts_by_company/AMAG_Pharmaceuticals_Inc_2018Q2.txt,0.2576187252998352,0.3836491107940674,0.7045721590518952,True
INTUITIVE SURGICAL INC,4.0,3.75,3.12,transcripts_by_company/Intuitive_Surgical_Inc_2011Q4.txt,0.13988269865512848,0.2019377052783966,0.8415007993578911,True
POWERDSINE LTD,1.0,-0.09,0.08,transcripts_by_company/PowerDsine_Ltd_2006Q1.txt,0.12141850590705872,0.14832735061645508,0.8705088406801224,True
COGENT COMMUNICATIONS GROUP INC,1.0,-0.19,-0.18,transcripts_by_company/Cogent_Communications_2007Q1.txt,0.09587661176919937,0.3130776584148407,0.8389630742371083,True
SOUTHWEST GAS CORP,2.0,0.43,0.49,transcripts_by_company/Southwest_Gas_Holdings_Inc_2021Q2.txt,0.2515532374382019,0.2657053470611572,0.7442011296749116,True
ALPHA AND OMEGA SEMICONDUCTOR LT,1.0,0.23,0.22,transcripts_by_company/Alpha_and_Omega_Semiconductor_Limited_2018Q1.txt,0.23953846096992493,0.32786840200424194,0.7339625567197801,True
ABERCROMBIE  FITCH CO,1.0,1.34,1.98,transcripts_by_company/Abercrombie_and_Fitch_Company_2014Q1.txt,0.06956405937671661,0.272459477186203,0.8695673152804375,True
WILLIAMS-SONOMA INC,2.0,0.18,0.14,transcripts_by_company/Williams-Sonoma_Inc_2004Q2.txt,0.24634620547294617,0.22479170560836792,0.7601201444864274,True
"DAKTRONICS, INC.",4.0,0.3,0.23,transcripts_by_company/Daktronics_Inc_2008Q4.txt,0.2513146996498108,0.3909682035446167,0.7067892491817475,True
"WEB.COM GROUP, INC",4.0,0.66,0.64,transcripts_by_company/Webcom_Group_Inc_2015Q4.txt,0.1637478619813919,0.17808762192726135,0.8319502100348473,True
AMERICAN AXLE & MANUFACTURING HO,3.0,0.78,0.69,transcripts_by_company/American_Axle_and_Manufacturing_Holdings_Inc_2015Q3.txt,0.09247393161058426,0.2407655268907547,0.8630385898053646,True
MOTORCAR PARTS OF AMERICA INC,3.0,0.28,0.19,transcripts_by_company/Motorcar_Parts_of_America_Inc_2009Q3.txt,0.1832907497882843,0.10672653466463089,0.8396785147488117,True
BCE INC,1.0,0.85,0.88,transcripts_by_company/BCE_Inc_2016Q1.txt,0.20093350112438202,0.27598491311073303,0.7765510752797127,True
SYNCHRONOSS TECHNOLOGIES INC,4.0,0.21,0.2,transcripts_by_company/Synchronoss_Technologies_Inc_2010Q4.txt,0.1699221283197403,0.08950256556272507,0.8542037405073643,True
TEXTAINER GROUP HOLDINGS LTD,3.0,0.08,0.35,transcripts_by_company/Textainer_Group_Holdings_Limited_2018Q3.txt,0.19629041850566864,0.2002304196357727,0.8025275811553001,True
NEW FOCUS,3.0,-0.04,-0.04,transcripts_by_company/New_Focus_2003Q3.txt,0.16982132196426392,0.2834957242012024,0.7960763573646545,True
STANDARD REGISTER CO,2.0,-0.05,0.1,transcripts_by_company/The_Standard_Register_Company_2004Q2.txt,0.35448363423347473,0.19321215152740479,0.6938978105783462,True
DISCOVER FINANCIAL SERVICES,4.0,0.12,-0.42,transcripts_by_company/Discover_Financial_Services_2009Q4.txt,0.2192135751247406,0.17082452774047852,0.7953031390905381,True
GRAFTECH INTERNATIONAL LTD,3.0,0.28,0.33,transcripts_by_company/Graftech_International_Ltd_2011Q3.txt,0.15943190455436707,0.08391790837049484,0.8632222943007946,True
WEYERHAEUSER CO,4.0,0.26,0.15,transcripts_by_company/Weyerhaeuser_Co_2012Q4.txt,0.21162627637386322,0.1579364538192749,0.8044806703925134,True
GLADSTONE CAPITAL CORP,1.0,0.25,0.22,transcripts_by_company/Gladstone_Capital_Corporation_2012Q1.txt,0.16757266223430634,0.06966333836317062,0.8618001349270343,True
BANK OF COMMERCE HOLDINGS,4.0,0.3,0.23,transcripts_by_company/Canadian_Imperial_Bank_of_Commerce_2020Q4.txt,0.15127769112586975,0.24691453576087952,0.8200312554836273,True
BAIDU INC,3.0,0.84,0.71,transcripts_by_company/Baidu_2011Q3.txt,0.1240750402212143,0.23772667348384857,0.8418294697999954,True
CONSOL ENERGY INC,1.0,1.21,0.87,transcripts_by_company/CONSOL_Energy_Inc_2019Q1.txt,0.1599273532629013,0.2950783371925354,0.7995273515582084,True
POST HOLDINGS INC,3.0,1.08,1.22,transcripts_by_company/Post_Holdings_Inc_2018Q3.txt,0.15610119700431824,0.2909831404685974,0.803434219956398,True
CLIFFS NATURAL RESOURCES INC,3.0,2.18,2.11,transcripts_by_company/Cliffs_Natural_Resources_Inc_2010Q3.txt,0.382243812084198,0.28175902366638184,0.6479016244411469,True
INNOSPEC INC,2.0,1.16,1.04,transcripts_by_company/Innospec_Inc_2017Q2.txt,0.07273336499929428,0.28358036279678345,0.864012535661459,True
VALE SA,2.0,0.33,0.18,transcripts_by_company/PT_Vale_Indonesia_Tbk_2015Q2.txt,0.3081110417842865,0.00711462227627635,0.7821878840681166,True
GEORGIA GULF CORP,4.0,-0.7,-0.67,transcripts_by_company/Georgia_Gulf_Corporation_2009Q4.txt,0.2062828093767166,0.3457189202308655,0.7518863573670387,True
"HARLAND, JOHN",3.0,0.63,0.71,transcripts_by_company/John_H_Harland_Company_2006Q3.txt,0.15215560793876648,0.19932299852371216,0.8336941748857498,True
PROTAGONIST THERAPEUTICS INC,1.0,-0.54,-0.64,transcripts_by_company/Protagonist_Therapeutics_Inc_2021Q1.txt,0.22827662527561188,0.16141414642333984,0.7917821183800697,True
METHANEX CORP,1.0,0.41,0.9,transcripts_by_company/Methanex_Corp_2012Q1.txt,0.059303682297468185,0.15060830116271973,0.9133049320429564,True
HUNTSMAN CORP,3.0,0.34,0.16,transcripts_by_company/Huntsman_Corporation_2010Q3.txt,0.22705979645252228,0.1799401342868805,0.7870761021971703,True
BORGWARNER INC,3.0,0.77,1.04,transcripts_by_company/BorgWarner_2006Q3.txt,0.09520623087882996,0.029918016865849495,0.9243802333250641,True
MARSH  MCLENNAN COMPANIES INC,3.0,0.56,0.54,transcripts_by_company/Marsh_and_McLennan_Companies_Inc_2014Q3.txt,0.2873077690601349,0.48752522468566895,0.6526269942522049,True
APPROACH RESOURCES INC,1.0,0.04,0.09,transcripts_by_company/Approach_Resources_Inc_2011Q1.txt,0.35617899894714355,0.22876307368278503,0.682045778632164,True
VALMONT INDUSTRIES INC,2.0,2.1,2.2,transcripts_by_company/Valmont_Industries_Inc_2019Q2.txt,0.15091384947299957,0.19022159278392792,0.837293827533722,True
CIBUS INC,4.0,-12.59,-1.58,transcripts_by_company/Cibus_Nordic_Real_Estate_AB_CurrentQ4.txt,0.33103853464126587,0.12921981513500214,0.7295070812106133,True
ELECTRONICS FOR IMAGING INC,4.0,0.36,0.24,transcripts_by_company/Electronics_for_Imaging_Inc_2005Q4.txt,0.17183178663253784,0.11961041390895844,0.843834625184536,True
MEDAREX INC,3.0,-0.68,-0.46,transcripts_by_company/Medarex_2004Q3.txt,0.14224888384342194,0.12132501602172852,0.8640282765030861,True
JOHN B SANFILIPPO & SON INC,2.0,0.75,0.69,transcripts_by_company/John_B_Sanfilippo_and_Son_Inc_2015Q2.txt,0.0906076431274414,0.34541648626327515,0.8329497039318084,True
SUCAMPO PHARMACEUTICALS INC,3.0,0.03,0.07,transcripts_by_company/Sucampo_Pharmaceuticals_Inc_2013Q3.txt,0.24930693209171295,0.21437551081180573,0.7611724942922592,True
DIRECT GENERAL CORP,1.0,0.61,0.77,transcripts_by_company/Direct_General_Corporation_2005Q1.txt,0.2563055157661438,-0.01142030954360962,0.8240122318267822,True
FORWARD AIR CORP,3.0,1.14,0.86,transcripts_by_company/Forward_Air_Corporation_2021Q3.txt,0.28003910183906555,0.197398379445076,0.7447531148791313,True
STERIS CORP,1.0,0.61,0.6,transcripts_by_company/STERIS_Corporation_2011Q1.txt,0.2714836001396179,0.3528611361980438,0.7041031390428543,True
DIEBOLD INC,2.0,0.6,0.66,transcripts_by_company/Diebold_2004Q2.txt,0.18330977857112885,0.1311899870634079,0.8323261588811874,True
NATIONAL INSTRUMENTS CORP,2.0,0.12,0.21,transcripts_by_company/National_Instruments_2013Q2.txt,0.3314506411552429,0.3670377731323242,0.6578732192516328,True
ALLISON TRANSMISSION HOLDINGS IN,1.0,1.3,1.22,transcripts_by_company/Allison_Transmission_Holdings_Inc_2022Q1.txt,0.11677254736423492,0.11705396324396133,0.8831430278718472,True
ACCURAY INC,3.0,0.04,0.08,transcripts_by_company/Accuray_Incorporated_2007Q3.txt,0.3266060948371887,0.1109120100736618,0.7381021305918694,True
GOLD RESOURCE CORP,1.0,-0.05,0.13,transcripts_by_company/Gold_Resource_Corporation_2020Q1.txt,0.29844462871551514,0.12320805341005325,0.7541263438761234,True
VICAL INCORPORATED,2.0,-0.21,-0.23,transcripts_by_company/Vical_Inc_2008Q2.txt,0.11710148304700851,0.23923756182193756,0.8462576933205128,True
CMS ENERGY CORP,3.0,0.33,0.27,transcripts_by_company/CMS_Energy_Corporation_2008Q3.txt,0.09101962298154831,0.2263970524072647,0.8683671481907368,True
NOVAN INC,4.0,-0.51,-0.51,transcripts_by_company/Novan_Inc_2017Q4.txt,0.30612725019454956,0.2219415307044983,0.7191284656524659,True
CLEVELAND BIOLABS INC,1.0,-0.24,-0.19,transcripts_by_company/Cleveland_BioLabs_Inc_2009Q1.txt,0.10902808606624603,0.09331899881362915,0.8956846401095391,True
SANDERSON FARMS INC,1.0,-0.14,0.23,transcripts_by_company/Sanderson_Farms_Inc_2007Q1.txt,0.22505523264408112,0.3396422266960144,0.7405686691403389,True
GREAT ELM CAPITAL CORP,2.0,0.57,0.31,transcripts_by_company/Great_Elm_Capital_Corporation_2018Q2.txt,0.18006667494773865,0.060393474996089935,0.855835285037756,True
"KRAFT FOODS, INC.",2.0,0.58,0.53,transcripts_by_company/Kraft_Foods_2008Q2.txt,0.23425331711769104,0.3447617292404175,0.732594159245491,True
GRAND CANYON EDUCATION INC,2.0,0.45,0.39,transcripts_by_company/Grand_Canyon_Education_Inc_2013Q2.txt,0.1823168396949768,0.24555082619190216,0.7987129643559456,True
FOREST CITY ENTERPRISES INC,2.0,-0.1,-0.1,transcripts_by_company/Forest_City_Enterprises_Inc_2010Q2.txt,0.15800753235816956,0.18360944092273712,0.8343118950724602,True
CARDIAC SCIENCE CORP,3.0,0.08,0.05,transcripts_by_company/Cardiac_Science_2007Q3.txt,0.14303390681743622,0.2871161699295044,0.8137414142489433,True
TELMEX INTERNACIONAL SAB DE CV,2.0,0.13,0.16,transcripts_by_company/Telmex_Internacional_SAB_DE_CV_2010Q2.txt,0.18682889640331268,0.04053306207060814,0.8570598538964986,True
"NETEASE, INC",2.0,13.88,8.3,transcripts_by_company/NetEase_Inc_2023Q2.txt,0.3254625201225281,0.25972625613212585,0.6942583590745925,True
MORGAN STANLEY DEAN WITTER,2.0,0.75,0.78,transcripts_by_company/Morgan_Stanley_2016Q2.txt,0.21533219516277313,0.33254802227020264,0.7495030567049981,True
WATSON WYATT & CO HOLDINGS,1.0,0.44,0.44,transcripts_by_company/Watson_Wyatt_2005Q1.txt,0.3177664875984192,0.29897162318229675,0.6878719717264176,True
WORTHINGTON INDUSTRIES INC,1.0,0.57,0.65,transcripts_by_company/Worthington_Industries_Inc_2017Q1.txt,0.019943997263908386,0.28417056798934937,0.9007880315184593,True
EXAR CORP,4.0,-0.04,0.05,transcripts_by_company/Exar_Corp_2011Q4.txt,0.31063076853752136,0.14080195128917694,0.740317876636982,True
WD 40 CO,3.0,0.53,0.69,transcripts_by_company/WD-40_Company_2004Q3.txt,0.19487112760543823,0.060409218072891235,0.8454674452543258,True
PTC INC,3.0,1.2,1.22,transcripts_by_company/PTC_Inc_2023Q3.txt,0.3532220721244812,0.17533309757709503,0.7001446202397347,True
PHARMERICA CORP,3.0,0.31,0.2,transcripts_by_company/PharMerica_Corp_2011Q3.txt,0.17523811757564545,0.07256602495908737,0.855563510209322,True
PENNANTPARK FLOATING RATE CAPITA,1.0,0.29,0.28,transcripts_by_company/PennantPark_Floating_Rate_Capital_Ltd_2022Q1.txt,0.18609406054019928,0.15819218754768372,0.8222765013575554,True
PFIZER INC,3.0,0.54,0.48,transcripts_by_company/Pfizer_Inc_2006Q3.txt,0.1657687872648239,0.2711923122406006,0.8026041552424431,True
ARGOSY GAMING CORP,4.0,0.63,0.55,transcripts_by_company/Argosy_Gaming_Company_2004Q4.txt,0.12912927567958832,0.1653115451335907,0.860016043484211,True
BLACKBAUD INC,1.0,0.72,0.63,transcripts_by_company/Blackbaud_Inc_2023Q1.txt,0.11472614854574203,0.2928208112716675,0.8318454526364804,True
ZEBRA TECHNOLOGIES CORP,3.0,0.46,0.36,transcripts_by_company/Zebra_Technologies_2010Q3.txt,0.29389140009880066,0.22807161509990692,0.7258545354008674,True
SERVICESOURCE INTERNATIONAL INC,4.0,0.05,0.04,transcripts_by_company/ServiceSource_International_Inc_2012Q4.txt,0.2976527512073517,0.0890507698059082,0.7649278432130814,True
CALGON CARBON CORP,1.0,0.14,0.25,transcripts_by_company/Calgon_Carbon_Corporation_2016Q1.txt,0.24853220582008362,0.21692802011966705,0.7609490498900413,True
EXPRESS INC,4.0,0.17,-0.26,transcripts_by_company/PetMed_Express_Inc_2021Q4.txt,0.29348254203796387,0.30305206775665283,0.7036466002464294,True
ONESPAWORLD HOLDINGS LTD,2.0,-0.16,-0.12,transcripts_by_company/OneSpaWorld_Holdings_Limited_2021Q2.txt,0.03653183579444885,0.3139963150024414,0.8802288204431534,True
DUCKWALL-ALCO STORES INC,3.0,0.9,0.36,transcripts_by_company/Duckwall-ALCO_Stores_2008Q3.txt,0.28129908442497253,0.233613982796669,0.7330064460635186,True
OSI SYSTEMS INC,3.0,0.53,0.7,transcripts_by_company/OSI_Systems_Inc_2015Q3.txt,0.10969498753547668,0.09609328210353851,0.8943855240941048,True
AGNC INVESTMENT CORP,3.0,0.61,0.59,transcripts_by_company/AGNC_Investment_Corp_2018Q3.txt,0.22978711128234863,0.14819811284542084,0.7946895882487297,True
PRESTIGE BRANDS HOLDINGS INC,2.0,0.35,0.28,transcripts_by_company/Prestige_Brands_Holdings_Inc_2012Q2.txt,0.28623467683792114,0.33531272411346436,0.699041908979416,True
NATIONAL FUEL GAS CO N J,1.0,1.15,1.02,transcripts_by_company/National_Fuel_Gas_Company_2014Q1.txt,0.2575281262397766,0.22948387265205383,0.7508851498365402,True
SVB FINANCIAL GROUP,2.0,6.08,5.04,transcripts_by_company/SVB_Financial_Group_2019Q2.txt,0.1912357211112976,0.2289363443851471,0.7974540919065476,True
NOKIA CORP,3.0,0.09,0.08,transcripts_by_company/Kemira_Oyj_2015Q3.txt,0.3690537214279175,0.2345123440027237,0.6713086917996407,True
MCCORMICK  COMPANY INC,2.0,1.16,1.13,transcripts_by_company/McCormick_and_Company_Incorporated_2019Q2.txt,0.2819342315196991,0.3409622311592102,0.7003573685884477,True
VF CORP,4.0,2.32,2.0,transcripts_by_company/VF_Corporation_2011Q4.txt,0.0959133729338646,0.28430819511413574,0.8475681804120541,True
INFINERA CORP,4.0,-0.16,-0.09,transcripts_by_company/Infinera_Corporation_2008Q4.txt,0.12412744760513306,0.4639371335506439,0.7739296466112138,True
ARCH COAL INC,2.0,-0.11,1.05,transcripts_by_company/Arch_Coal_Inc_2009Q2.txt,0.3724907338619232,0.13396583497524261,0.699066735804081,True
CROCS INC,4.0,-0.58,-0.25,transcripts_by_company/Crocs_Inc_2016Q4.txt,0.19567811489105225,0.2663259208202362,0.7831275433301925,True
ARRIS GROUP INC,1.0,0.21,0.15,transcripts_by_company/ARRIS_Group_Inc_2006Q1.txt,0.25935134291648865,0.16697882115840912,0.7683604136109352,True
CALPINE CORPORATION,2.0,-0.3,-0.05,transcripts_by_company/Calpine_Corporation_2004Q2.txt,0.10413265973329544,0.12095280736684799,0.8908212959766388,True
INSPIRE MEDICAL SYSTEMS INC,1.0,-0.53,-0.81,transcripts_by_company/Inspire_Medical_Systems_Inc_2023Q1.txt,0.410235732793808,0.1944105476140976,0.6545118227601052,True
MODINE MANUFACTURING CO,1.0,0.18,0.22,transcripts_by_company/Modine_Manufacturing_Company_2013Q1.txt,0.20463773608207703,0.2211887687444687,0.7903969541192055,True
DANAHER CORP,1.0,1.08,1.11,transcripts_by_company/Danaher_Corporation_2016Q1.txt,0.1252826303243637,0.24825768172740936,0.8378248542547226,True
SIGNET JEWELERS LTD,1.0,1.09,3.08,transcripts_by_company/Signet_Jewelers_Limited_2009Q1.txt,0.15663395822048187,0.3742343485355377,0.7780859246850014,True
IPG PHOTONICS CORP,2.0,1.91,1.35,transcripts_by_company/IPG_Photonics_Corporation_2017Q2.txt,0.29583337903022766,0.2952195107936859,0.7043507814407348,True
OIL STATES INTERNATIONAL INC,1.0,-0.22,-0.15,transcripts_by_company/Oil_States_International_Inc_2022Q1.txt,0.148252472281456,0.06832869350910187,0.8757246613502503,True
MARATHON OIL CORP,1.0,0.18,-0.06,transcripts_by_company/Marathon_Oil_Corporation_2018Q1.txt,0.24257896840572357,0.20212776958942413,0.7695563912391663,True
CLICKSOFTWARE TECHNOLOGIES,4.0,0.11,0.1,transcripts_by_company/ClickSoftware_Technologies_Ltd_2014Q4.txt,0.2534317672252655,0.11751413345336914,0.7873435229063034,True
NOODLES & CO,3.0,0.0,0.12,transcripts_by_company/Noodles_and_Company_2015Q3.txt,0.14140045642852783,0.052239540964365005,0.8853478182107211,True
UNIT CORPORATION,4.0,1.55,1.75,transcripts_by_company/Unit_Corp_2007Q4.txt,0.06741348654031754,0.0,0.9325865134596825,False
SMITH MICRO SOFTWARE INC,1.0,0.1,0.19,transcripts_by_company/Smith_Micro_Software_Inc_2008Q1.txt,0.13853102922439575,0.1701757311820984,0.8519755601882935,True
CAPITAL SENIOR LIVING CORP,3.0,-7.0,-0.36,transcripts_by_company/Capital_Senior_Living_Corporation_2020Q3.txt,0.3676894009113312,0.2675430178642273,0.6623545140028,True
NEOGEN CORP,3.0,0.29,0.26,transcripts_by_company/Neogen_2009Q3.txt,0.11075291782617569,0.518322229385376,0.7669762887060643,True
ALLIANT TECHSYSTEMS INC,1.0,2.1,2.17,transcripts_by_company/Alliant_Techsystems_Inc_2011Q1.txt,0.2625923156738281,0.23714622855186462,0.745041510462761,True
STELLUS CAPITAL INVESTMENT CORP,4.0,0.49,0.46,transcripts_by_company/Stellus_Capital_Investment_Corporation_CurrentQ4.txt,0.11613501608371735,0.1877085119485855,0.8623929351568222,True
REYNOLDS CONSUMER PRODUCTS INC,4.0,0.53,0.62,transcripts_by_company/Reynolds_Consumer_Products_Inc_2022Q4.txt,0.25728124380111694,0.2794956564903259,0.7360544323921203,True
TERNIUM SA,3.0,0.99,0.63,transcripts_by_company/Terumo_Corporation_2017Q3.txt,0.22071751952171326,0.0,0.7792824804782867,False
DIGITAL REALTY TRUST INC,4.0,0.36,0.45,transcripts_by_company/Digital_Realty_Trust_Inc_2012Q4.txt,0.21527999639511108,0.23459818959236145,0.7789245456457139,True
KINDRED HEALTHCARE INC,2.0,0.33,0.33,transcripts_by_company/Kindred_Healthcare_Inc_2008Q2.txt,0.4129314720630646,0.09576141834259033,0.6822195440530777,True
NATIONAL CINEMEDIA INC,1.0,-0.05,0.01,transcripts_by_company/National_CineMedia_2014Q1.txt,0.1585865169763565,0.07464760541915894,0.8665951564908028,True
KADANT INC,4.0,0.59,0.63,transcripts_by_company/Kadant_Inc_2011Q4.txt,0.2193380445241928,0.4429459273815155,0.7135795906186104,True
BIOGEN IDEC INC,2.0,5.04,5.18,transcripts_by_company/Biogen_Inc_2017Q2.txt,0.20651856064796448,0.18342705070972443,0.8004088923335075,True
DYNAMIC MATERIALS CORP,2.0,0.29,0.17,transcripts_by_company/Dynamic_Materials_Corporation_2011Q2.txt,0.22792935371398926,0.16119630634784698,0.7920905604958535,True
BIONTECH SE,2.0,6.45,7.55,transcripts_by_company/BioNTech_SE_2022Q2.txt,0.13300780951976776,0.20356257259845734,0.8458257615566254,True
FORTUNE BRANDS HOME & SECURITY I,1.0,0.81,0.71,transcripts_by_company/Fortune_Brands_Home_and_Security_Inc_2020Q1.txt,0.14243420958518982,0.15028853714466095,0.8552094921469688,True
GALMED PHARMACEUTICALS LTD,2.0,-0.33,-0.34,transcripts_by_company/Galmed_Pharmaceuticals_Ltd_2021Q2.txt,0.2819286286830902,0.1268906444311142,0.7645827665925026,True
TEEKAY CORP,3.0,0.04,0.21,transcripts_by_company/Teekay_Offshore_Partners_LP_2015Q3.txt,0.13117638230323792,0.16859588027000427,0.8575977683067322,True
OREXIGEN THERAPEUTICS INC,1.0,-0.21,-0.34,transcripts_by_company/Orexigen_Therapeutics_Inc_2013Q1.txt,0.15695585310459137,0.34999558329582214,0.7851322278380394,True
PERKINELMER INC,1.0,0.34,0.35,transcripts_by_company/PerkinElmer_2011Q1.txt,0.04413623362779617,0.0,0.9558637663722038,False
BANK OF COMMERCE HOLDINGS,1.0,0.21,0.25,transcripts_by_company/Canadian_Imperial_Bank_of_Commerce_2019Q1.txt,0.11439500004053116,0.3345850110054016,0.8195479966700077,True
HNI CORP,2.0,0.42,0.71,transcripts_by_company/HNI_Corporation_2017Q2.txt,0.05512157827615738,0.17241805791854858,0.9096894778311253,True
DESPEGAR.COM CORP,1.0,0.24,0.21,transcripts_by_company/DespegarcomCorp_2018Q1.txt,0.0895092710852623,0.29058143496513367,0.8501690797507763,True
RESIDEO TECHNOLOGIES INC,4.0,0.49,0.6,transcripts_by_company/Resideo_Technologies_Inc_2022Q4.txt,0.17113271355628967,0.20057269930839539,0.8200352907180786,True
IEC ELECTRONICS CORP,3.0,0.07,0.14,transcripts_by_company/IEC_Electronics_Corp_2017Q3.txt,0.3447418212890625,0.3107871115207672,0.6654445916414261,True
CBS CORP,2.0,1.04,1.06,transcripts_by_company/CBS_Corporation_2017Q2.txt,0.18908283114433289,0.18068699538707733,0.8134359195828438,True
FAIRFAX FINANCIAL HOLDINGS LTD,3.0,46.73,9.35,transcripts_by_company/Fairfax_Financial_Holdings_Ltd_2011Q3.txt,0.2207096368074417,0.1263580173254013,0.8075958490371704,True
PARK-OHIO HOLDINGS CORP,3.0,0.33,0.41,transcripts_by_company/Park-Ohio_Holdings_Corp_2006Q3.txt,0.19670601189136505,0.15924611687660217,0.8145319566130638,True
FLEXSHOPPER INC,4.0,0.0,0.09,transcripts_by_company/FlexShopper_Inc_2021Q4.txt,0.15674395859241486,0.3108128607273102,0.7970353707671165,True
WHIRLPOOL CORP,4.0,1.24,1.14,transcripts_by_company/Whirlpool_Corporation_2009Q4.txt,0.10557074844837189,0.28364571928977966,0.8410067602992057,True
AMERICAN DENTAL PARTNERS INC,2.0,0.28,0.31,transcripts_by_company/American_Dental_Partners_Inc_2011Q2.txt,0.21766114234924316,0.06898724287748337,0.8269410274922848,True
LEGG MASON INC,3.0,1.23,1.33,transcripts_by_company/Legg_Mason_2007Q3.txt,0.12204410135746002,0.13130180537700653,0.875178587436676,True
MELLON FINANCIAL CORP,1.0,0.58,0.58,transcripts_by_company/Mellon_Financial_Corporation_2007Q1.txt,0.19702473282814026,0.2212146818637848,0.7957182824611664,True
TETRA TECH INC,1.0,1.17,1.08,transcripts_by_company/Terra_Tech_Corp_2023Q1.txt,0.2543964385986328,0.08478624373674393,0.7964866198599339,True
CYBERARK SOFTWARE LTD,4.0,0.41,0.27,transcripts_by_company/CyberArk_2016Q4.txt,0.01954617351293564,0.37463057041168213,0.8739285074174404,True
REVANCE THERAPEUTICS INC,4.0,-1.14,-0.95,transcripts_by_company/Revance_Therapeutics_Inc_2017Q4.txt,0.20290003716945648,0.15313388407230377,0.8120298087596893,True
REGIONS FINANCIAL CORP,2.0,0.21,0.21,transcripts_by_company/Regions_Financial_Corporation_2014Q2.txt,0.15753011405467987,0.2769172191619873,0.8066537544131279,True
MCDONALD'S CORP,4.0,0.87,0.82,transcripts_by_company/McDonalds_Corporation_2008Q4.txt,0.09602261334657669,0.22014689445495605,0.8667401023209096,True
KIRBY CORP,2.0,1.04,1.27,transcripts_by_company/Kirby_Corporation_2015Q2.txt,0.1000053659081459,0.10824704170227051,0.8975221313536167,True
STMICROELECTRONICS NV,2.0,0.14,0.17,transcripts_by_company/STMicroelectronics_NV_2011Q2.txt,0.21560755372047424,0.2304019331932068,0.779954132437706,True
VENTAS INC,3.0,0.07,0.41,transcripts_by_company/Ventas_Inc_2015Q3.txt,0.32807934284210205,0.08715687692165375,0.7441973969340325,True
ADVANCIS PHARMACEUTICAL CORP,1.0,-0.25,-0.28,transcripts_by_company/Advancis_Pharmaceutical_Corp_2006Q1.txt,0.18961623311042786,0.29586660861968994,0.7785086542367935,True
RAYONIER ADVANCED MATERIALS INC,3.0,-0.21,0.01,transcripts_by_company/Rayonier_Inc_2021Q3.txt,0.12219551205635071,0.22767069935798645,0.8461619317531586,True
EMERSON ELECTRIC CO,1.0,0.74,0.84,transcripts_by_company/Emerson_Electric_Co_2012Q1.txt,0.22162088751792908,0.1753111481666565,0.7922720342874527,True
GENCORP INC,1.0,0.06,0.04,transcripts_by_company/GenCorp_Inc_2008Q1.txt,0.10050282627344131,0.33175235986709595,0.8301223136484623,True
TARGA RESOURCES CORP,1.0,-0.03,0.0,transcripts_by_company/Targa_Resources_Corp_2018Q1.txt,0.11298093944787979,0.2214164435863495,0.8544884093105793,True
"NUTRI/SYSTEM, INC.",2.0,0.96,0.78,transcripts_by_company/NutriSystem_Inc_2007Q2.txt,0.14936082065105438,0.1839609146118164,0.840259151160717,True
RPM INTERNATIONAL INC,4.0,0.52,0.75,transcripts_by_company/RPM_International_Inc_2018Q4.txt,0.3770308494567871,0.3185770511627197,0.6405052900314332,True
FORTIS INC,4.0,0.56,0.66,transcripts_by_company/Fortis_Healthcare_Limited_2018Q4.txt,0.25352564454078674,0.22475403547286987,0.7551058381795883,True
RAMBUS INC,4.0,0.29,-0.1,transcripts_by_company/Rambus_Inc_2010Q4.txt,0.20611169934272766,0.10950586199760437,0.8228700518608094,True
GFI GROUP INC,2.0,0.06,0.06,transcripts_by_company/GFI_Group_Inc_2013Q2.txt,0.14882422983646393,0.19002765417099,0.8388147428631783,True
"KRAFT FOODS, INC.",4.0,0.44,0.47,transcripts_by_company/Kraft_Foods_2007Q4.txt,0.22638659179210663,0.05471830815076828,0.8251138933002948,True
"WESBANCO, INC.",2.0,0.71,0.72,transcripts_by_company/WesBanco_Inc_2018Q2.txt,0.3135387599468231,0.19660218060016632,0.7215422138571739,True
SHIP FINANCE INTERNATIONAL LTD,1.0,0.25,0.27,transcripts_by_company/Ship_Finance_International_Limited_2018Q1.txt,0.09416189789772034,0.270271897315979,0.853005102276802,True
LOUISIANA-PACIFIC CORP,2.0,-0.03,0.39,transcripts_by_company/Louisiana-Pacific_Corporation_2014Q2.txt,0.1436139941215515,0.2727196514606476,0.8176543086767196,True
CPI CARD GROUP INC,4.0,0.0,0.16,transcripts_by_company/CPI_Card_Group_Inc_2016Q4.txt,0.1153547391295433,0.31458085775375366,0.8248774252831936,True
CHESAPEAKE CORP,3.0,0.13,0.07,transcripts_by_company/Chesapeake_Energy_2006Q3.txt,0.2101598083972931,0.13671216368675232,0.8118744850158691,True
NEOSE TECHNOLOGIES INC,2.0,-0.47,-0.57,transcripts_by_company/Neose_Technologies_Inc_2004Q2.txt,0.23169371485710144,0.13550618290901184,0.7971625447273254,True
ENDURANCE INTERNATIONAL GROUP HO,1.0,-0.02,0.0,transcripts_by_company/Endurance_International_Group_Holdings_Inc_2019Q1.txt,0.04445395618677139,0.23485584557056427,0.8984254769980907,True
NEXPOINT REAL ESTATE FINANCE INC,2.0,0.56,0.64,transcripts_by_company/NexPoint_Real_Estate_Finance_Inc_2022Q2.txt,0.18326979875564575,0.23675775527954102,0.8006838142871857,True
NORTHFIELD LABORATORIES INC,2.0,-0.31,-0.27,transcripts_by_company/Northfield_Laboratories_2006Q2.txt,0.2466735690832138,0.13371726870536804,0.78721332103014,True
LUMENTUM HOLDINGS INC,4.0,1.52,1.81,transcripts_by_company/Lumentum_Holdings_Inc_2022Q4.txt,0.14496664702892303,0.15729746222496033,0.8513341084122658,True
TURKCELL ILETISIM HIZMETLERI AS,2.0,0.28,0.28,transcripts_by_company/Turkcell_Iletisim_Hizmetleri_AS_2009Q2.txt,0.09870436042547226,0.1363527476787567,0.8900011233985424,True
COLUMBIA SPORTSWEAR CO,2.0,-0.21,-0.2,transcripts_by_company/Columbia_Sportswear_Company_2013Q2.txt,0.20802709460258484,0.21834897994995117,0.7888763397932053,True
NAVTEQ CORPORATION,4.0,0.29,0.28,transcripts_by_company/NAVTEQ_Corp_2005Q4.txt,0.13499139249324799,0.3000815510749817,0.8154815599322319,True
SAPPI LTD,1.0,0.66,0.26,transcripts_by_company/Sappi_Limited_2008Q1.txt,0.15965938568115234,0.1678522229194641,0.8378827631473541,True
AGERE SYSTEMS INC,2.0,-0.12,-0.13,transcripts_by_company/Agere_Systems_2002Q2.txt,0.17440108954906464,0.25689125061035156,0.8008518621325493,True
APPLIED OPTOELECTRONICS INC,4.0,-0.02,0.69,transcripts_by_company/Applied_Optoelectronics_Inc_2018Q4.txt,0.11018040776252747,0.4976639151573181,0.7735745400190354,True
CUBESMART,1.0,0.19,0.19,transcripts_by_company/CubeSmart_2019Q1.txt,0.15074050426483154,0.1712498664855957,0.8431066870689392,True
AKAMAI TECHNOLOGIES INC,4.0,0.4,0.38,transcripts_by_company/Akamai_Technologies_Inc_2010Q4.txt,0.074315644800663,0.14190822839736938,0.905406580120325,True
PANERA BREAD CO,1.0,1.55,1.83,transcripts_by_company/Panera_Bread_Company_2014Q1.txt,0.09769462794065475,0.2327159196138382,0.8617989845573902,True
EXPEDIA GROUP INC,2.0,0.89,1.12,transcripts_by_company/Expedia_Inc_2015Q2.txt,0.13826274871826172,0.2957107424736023,0.8145028531551362,True
DYAX CORP,3.0,-0.25,-0.16,transcripts_by_company/Dyax_Corporation_2003Q3.txt,0.26871827244758606,0.24762487411499023,0.7376097470521927,True
VERISK ANALYTICS INC,1.0,1.34,1.4,transcripts_by_company/Verisk_Analytics_Inc_2022Q1.txt,0.20991908013820648,0.15078212320804596,0.8078220069408417,True
PACIFIC BIOSCIENCES OF CALIFORNI,1.0,-0.27,-0.26,transcripts_by_company/Pacific_Biosciences_of_California_2015Q1.txt,0.17926530539989471,0.36190342903137207,0.7659432575106622,True
SANGAMO BIOSCIENCES INC,1.0,-0.09,-0.12,transcripts_by_company/Sangamo_BioSciences_2015Q1.txt,0.16451840102672577,0.0,0.8354815989732742,False
CELLCOM ISRAEL LTD,1.0,3.51,0.68,transcripts_by_company/Cellcom_Israel_Ltd_2009Q1.txt,0.23964440822601318,0.3629065454006195,0.723376950621605,True
JABIL CIRCUIT INC,3.0,0.62,0.59,transcripts_by_company/Jabil_Circuit_Inc_2011Q3.txt,0.18122676014900208,0.34376251697540283,0.7700125128030777,True
ACCELERATE DIAGNOSTICS INC,2.0,-0.23,-0.29,transcripts_by_company/Accelerate_Diagnostics_Inc_2022Q2.txt,0.23363175988197327,0.15785793960094452,0.7891003862023354,True
HEALTHCARE TRUST OF AMERICA INC,2.0,0.01,0.04,transcripts_by_company/Healthcare_Trust_of_America_Inc_2014Q2.txt,0.13389553129673004,0.26406654715538025,0.8270531639456749,True
LIZ CLAIBORNE INC,2.0,0.46,0.44,transcripts_by_company/Liz_Claiborne_Inc_2004Q2.txt,0.14800943434238434,0.0,0.8519905656576157,False
INTERNAP CORP,3.0,-0.02,0.01,transcripts_by_company/Internap_Network_Services_Corporation_2009Q3.txt,0.059229686856269836,0.31609901785850525,0.8637095138430595,True
PRUDENTIAL FINANCIAL INC,2.0,0.91,1.38,transcripts_by_company/Prudential_Financial_Inc_2010Q2.txt,0.33206337690353394,0.09057429432868958,0.7403833478689195,True
TEXTAINER GROUP HOLDINGS LTD,1.0,1.16,0.27,transcripts_by_company/Textainer_Group_Holdings_Limited_2021Q1.txt,0.15301728248596191,0.2655269503593445,0.8132298171520234,True
EFJOHNSON TECHNOLOGIES INC,2.0,0.04,0.04,transcripts_by_company/EFJohnson_Technologies_Inc_2009Q2.txt,0.35667237639427185,0.15170525014400482,0.7048177614808082,True
SEACUBE CONTAINER LEASING LTD,4.0,0.63,0.69,transcripts_by_company/SeaCube_Container_Leasing_Ltd_2012Q4.txt,0.3164371848106384,0.3060649037361145,0.6866744995117188,True
B2GOLD CORP,4.0,0.14,0.12,transcripts_by_company/B2Gold_Corp_2020Q4.txt,0.1378864198923111,0.10465429723262787,0.8720832169055939,True
EXPONENT INC,4.0,0.41,0.49,transcripts_by_company/Exponent_Inc_2023Q4.txt,0.22054645419120789,0.2385765016078949,0.774044531583786,True
TALBOTS INC.,3.0,-0.51,0.04,transcripts_by_company/Talbots_2011Q3.txt,0.14188484847545624,0.1937517523765564,0.8425550803542137,True
WR BERKLEY CORP,1.0,1.1,0.8,transcripts_by_company/WR_Berkley_2003Q1.txt,0.19608630239963531,0.14615695178508759,0.818892502784729,True
MATERION CORP,3.0,0.51,0.55,transcripts_by_company/Materion_Corporation_2014Q3.txt,0.24944591522216797,0.342255175113678,0.722711306810379,True
KIRBY CORP,2.0,0.47,0.52,transcripts_by_company/Kirby_Corporation_2022Q2.txt,0.21560247242450714,0.24873118102550507,0.7744589149951935,True
GOLAR LNG LTD,2.0,-1.66,-0.01,transcripts_by_company/Golar_LNG_Limited_2020Q2.txt,0.24997968971729279,0.15564759075641632,0.7783199399709702,True
KARYOPHARM THERAPEUTICS INC,3.0,-0.85,-0.75,transcripts_by_company/Karyopharm_Therapeutics_Inc_2015Q3.txt,0.11313339322805405,0.07915904372930527,0.8970589116215706,True
"NUTRI/SYSTEM, INC.",3.0,0.54,0.59,transcripts_by_company/Nutrisystem_Inc_2018Q3.txt,0.18555796146392822,0.3111876845359802,0.7767531216144562,True
MARKETO INC,2.0,-0.17,-0.22,transcripts_by_company/Marketo_Inc_2014Q2.txt,0.1104033887386322,0.35640591382980347,0.8157958537340164,True
LEGACY HOUSING CORP,1.0,0.37,0.37,transcripts_by_company/Legacy_Housing_Corporation_2021Q1.txt,0.3000629246234894,0.23163802921772003,0.7204645439982414,True
AEGERION PHARMACEUTICALS INC,3.0,-0.48,-0.49,transcripts_by_company/Aegerion_Pharmaceuticals_Inc_2011Q3.txt,0.14308284223079681,0.23624956607818604,0.8289671406149864,True
ABM INDUSTRIES INC,2.0,0.27,0.23,transcripts_by_company/ABM_Industries_2007Q2.txt,0.1950901299715042,0.16044719517230988,0.8153027504682542,True
DEL FRISCO'S RESTAURANT GROUP IN,2.0,0.2,0.2,transcripts_by_company/Del_Friscos_Restaurant_Group_Inc_2013Q2.txt,0.1718325912952423,0.28381818532943726,0.7945717304944993,True
WATSCO INC,1.0,0.48,0.47,transcripts_by_company/Watsco_Inc_2014Q1.txt,0.18895454704761505,0.1597522795200348,0.819806133210659,True
COMPUTER PROGRAMS AND SYSTEMS IN,2.0,0.75,0.65,transcripts_by_company/Computer_Programs_and_Systems_Inc_2021Q2.txt,0.13655135035514832,0.25351178646087646,0.8283605188131333,True
PINDUODUO INC,2.0,-0.06,0.33,transcripts_by_company/Pinduoduo_Inc_2020Q2.txt,0.2839246988296509,0.30534160137176514,0.7096502304077148,True
CORNING INC,1.0,0.52,0.33,transcripts_by_company/Corning_Incorporated_2010Q1.txt,0.11809581518173218,0.19569212198257446,0.8586252927780151,True
COREPOINT LODGING INC,3.0,0.28,-0.54,transcripts_by_company/CorePoint_Lodging_Inc_2021Q3.txt,0.1626579910516739,0.44720661640167236,0.7519774213433266,True
IROBOT CORP,2.0,0.21,0.13,transcripts_by_company/iRobot_Corp_2013Q2.txt,0.16576538980007172,0.23817205429077148,0.8125126108527183,True
NATIONAL HEALTH INVESTORS INC,3.0,0.89,0.89,transcripts_by_company/National_Health_Investors_Inc_2015Q3.txt,0.24205933511257172,0.378054141998291,0.7171422228217126,True
PLUM CREEK TIMBER COMPANY INC,2.0,0.28,0.32,transcripts_by_company/Plum_Creek_Timber_Company_Inc_2013Q2.txt,0.22028814256191254,0.35922810435295105,0.7380298689007759,True
MOLEX INC,1.0,-0.14,0.35,transcripts_by_company/Molex_Inc_2009Q1.txt,0.12912456691265106,0.47917410731315613,0.7658605709671974,True
RIMAGE CORP,4.0,0.45,0.44,transcripts_by_company/Rimage_Corporation_2007Q4.txt,0.13845910131931305,0.13860036432743073,0.8614985197782516,True
TOTAL SA,3.0,1.75,1.9,transcripts_by_company/Total_System_Services_Inc_2011Q3.txt,0.0842665508389473,-0.024603186175227165,0.948394370265305,True
LGI HOMES INC,2.0,1.39,1.03,transcripts_by_company/LGI_Homes_Inc_2017Q2.txt,0.14486519992351532,0.3316381573677063,0.7991029128432274,True
CELESTICA INC,4.0,0.25,0.26,transcripts_by_company/Celestica_Inc_2012Q4.txt,0.2756093144416809,0.1891855001449585,0.7503178298473359,True
WATSCO INC,4.0,0.39,0.46,transcripts_by_company/Watsco_Inc_2011Q4.txt,0.11467601358890533,0.4252808690071106,0.792142529785633,True
ACHAOGEN INC,1.0,-0.34,-0.93,transcripts_by_company/Achaogen_Inc_2015Q1.txt,0.22271853685379028,0.20523406565189362,0.7825268045067787,True
DESTINATION XL GROUP INC,2.0,-0.04,0.02,transcripts_by_company/XL_Group_plc_2014Q2.txt,0.17410071194171906,0.28808754682540894,0.7917032375931741,True
AV HOMES INC,3.0,0.49,0.34,transcripts_by_company/AV_Homes_Inc_2016Q3.txt,0.15784156322479248,0.31439679861068726,0.795191866159439,True
FAIRFAX FINANCIAL HOLDINGS LTD,2.0,3.85,5.75,transcripts_by_company/Fairfax_Financial_Holdings_Ltd_2012Q2.txt,0.3010212182998657,0.21797972917556763,0.7238912284374237,True
NRX PHARMACEUTICALS INC,1.0,-0.16,-0.14,transcripts_by_company/NRx_Pharmaceuticals_Inc_2023Q1.txt,0.182137593626976,0.19156716763973236,0.8150335341691971,True
PITNEY BOWES INC,2.0,0.21,0.27,transcripts_by_company/Pitney_Bowes_Inc_2019Q2.txt,0.08474932610988617,0.21363386511802673,0.8765853121876717,True
CVB FINANCIAL CORP,1.0,0.23,0.27,transcripts_by_company/CVB_Financial_Corporation_2016Q1.txt,0.2378653883934021,0.3161782920360565,0.7386407405138016,True
AMGEN INC,4.0,1.17,1.24,transcripts_by_company/Amgen_2010Q4.txt,0.20447969436645508,0.19883567094802856,0.7972135126590729,True
HARLEY-DAVIDSON INC,1.0,1.36,1.43,transcripts_by_company/Harley-Davidson_Inc_2016Q1.txt,0.16924196481704712,0.23009426891803741,0.8125023439526557,True
MELLANOX TECHNOLOGIES LTD,1.0,0.15,0.25,transcripts_by_company/Mellanox_Technologies_Ltd_2009Q1.txt,0.2087468057870865,0.19051629304885864,0.7967223480343819,True
SANDISK CORP,4.0,1.29,1.25,transcripts_by_company/Skanska_AB_2011Q4.txt,0.2596544623374939,0.08479129523038864,0.7928044877946376,True
TOWERS WATSON & CO,3.0,0.93,0.84,transcripts_by_company/Towers_Watson_and_Co_2010Q3.txt,0.1883544623851776,0.25792691111564636,0.7907738029956818,True
AMETEK INC,3.0,0.72,0.56,transcripts_by_company/AMETEK_Inc_2010Q3.txt,0.1305369734764099,0.37761422991752625,0.7953398495912551,True
ALK-ABELLO A/S,2.0,-1.9,0.1,transcripts_by_company/ALK-Abelló_AS_2021Q2.txt,0.34822723269462585,0.1957101821899414,0.6975278824567794,True
CATABASIS PHARMACEUTICALS INC,1.0,-0.41,-0.6,transcripts_by_company/Catabasis_Pharmaceuticals_Inc_2017Q1.txt,0.2627902626991272,0.22398138046264648,0.748852401971817,True
ALLIANCE RESOURCE PARTNERS LP,2.0,1.83,2.07,transcripts_by_company/Alliance_Resource_Partners_LP_2012Q2.txt,0.02400665357708931,0.23217670619487762,0.9135423306375742,True
DOMINION RESOURCES BLACK WARR TR,4.0,0.68,3.88,transcripts_by_company/Dominion_Resources_Inc_2006Q4.txt,0.3326520323753357,0.0560460165143013,0.7503297723829747,True
ACTELION LTD,2.0,1.8,1.31,transcripts_by_company/Actelion_Ltd_2014Q2.txt,0.3933112621307373,0.2626720666885376,0.6458804965019227,True
COGENT COMMUNICATIONS HOLDINGS I,4.0,0.06,0.12,transcripts_by_company/Cogent_Communications_Holdings_Inc_2015Q4.txt,0.1017514020204544,0.20338569581508636,0.867758309841156,True
BOSTON BEER CO INC,4.0,0.17,0.23,transcripts_by_company/Boston_Beer_Company_2006Q4.txt,0.20156563818454742,0.23576810956001282,0.7881736204028129,True
CERNER CORP,1.0,0.36,0.36,transcripts_by_company/Cerner_Corporation_2007Q1.txt,0.10910192131996155,0.1695885807275772,0.8727520808577538,True
MENS WEARHOUSE INC,3.0,0.83,0.75,transcripts_by_company/Mens_Wearhouse_2010Q3.txt,0.17079786956310272,0.0321519710123539,0.8707959000021219,True
WHITING PETROLEUM CORP,3.0,0.73,1.11,transcripts_by_company/Whiting_Petroleum_Corporation_2012Q3.txt,0.2013975977897644,0.0,0.7986024022102356,False
RAMBUS INC,2.0,-0.11,-0.27,transcripts_by_company/Rambus_Inc_2010Q2.txt,0.22021295130252838,0.02292823977768421,0.8389724621549248,True
U-STORE-IT TRUST,1.0,-0.04,-0.06,transcripts_by_company/U-Store-It_Trust_2009Q1.txt,0.280923992395401,0.045603133738040924,0.789672265201807,True
LIFETIME BRANDS INC,4.0,0.75,0.82,transcripts_by_company/Lifetime_Brands_Inc_2015Q4.txt,0.2713060677051544,0.32145756483078003,0.7136484831571579,True
ADVERUM BIOTECHNOLOGIES INC,1.0,-0.23,-0.33,transcripts_by_company/Adverum_Biotechnologies_Inc_2019Q1.txt,0.2648838460445404,0.0,0.7351161539554596,False
CORINTHIAN COLLEGES INC,1.0,0.15,0.08,transcripts_by_company/Corinthian_Colleges_Inc_2012Q1.txt,0.10431242734193802,0.0,0.895687572658062,False
RAYONIER ADVANCED MATERIALS INC,1.0,-0.49,-0.23,transcripts_by_company/Rayonier_Inc_2020Q1.txt,0.10241393744945526,0.3129814565181732,0.8344158068299293,True
KAMAN CORP,4.0,0.38,0.53,transcripts_by_company/Kaman_Corporation_2011Q4.txt,0.35682979226112366,0.024902766570448875,0.7427483154460788,True
ZUMIEZ INC,1.0,0.39,0.32,transcripts_by_company/ZUMIEZ_INC_2007Q1.txt,0.11910025775432587,0.11026118695735931,0.8835514634847641,True
SYSTEMAX INC,2.0,0.4,0.14,transcripts_by_company/Systemax_Inc_2017Q2.txt,0.36000972986221313,0.0,0.6399902701377869,False
HIBBETT INC,3.0,1.86,2.53,transcripts_by_company/Hibbett_Inc_2022Q3.txt,0.33341896533966064,0.24456819891929626,0.6932362645864487,True
ZIX CORP,2.0,-0.28,-0.12,transcripts_by_company/Zix_Corporation_2005Q2.txt,0.3444229066371918,0.34639063477516174,0.6549867749214173,True
CBIZ INC,3.0,0.08,0.08,transcripts_by_company/CBIZ_Inc_2009Q3.txt,0.16081503033638,0.3771098852157593,0.7742965131998062,True
AXCELIS TECHNOLOGIES INC,2.0,-0.06,0.04,transcripts_by_company/Axcelis_Technologies_Inc_2014Q2.txt,0.1479714810848236,0.33506062626838684,0.7959017753601074,True
KUBIENT INC,3.0,-0.12,-0.16,transcripts_by_company/Kubient_Inc_2022Q3.txt,0.2995370328426361,0.26230335235595703,0.7116330713033676,True
HELIOS TECHNOLOGIES INC,4.0,0.78,1.03,transcripts_by_company/Helios_Technologies_Inc_2022Q4.txt,0.15648368000984192,0.2673007547855377,0.8102711975574494,True
JABIL CIRCUIT INC,4.0,0.51,0.67,transcripts_by_company/Jabil_Circuit_Inc_2013Q4.txt,0.3173849880695343,0.21661293506622314,0.7128466278314591,True
SCHWEITZER-MAUDUIT INTERNATIONAL,1.0,0.82,0.75,transcripts_by_company/Schweitzer-Mauduit_International_Inc_2018Q1.txt,0.21256737411022186,0.27244997024536133,0.7694678470492363,True
SCANSOURCE INC,2.0,0.49,0.94,transcripts_by_company/ScanSource_Inc_2003Q2.txt,0.11209644377231598,0.16706892848014832,0.8714118108153344,True
UNITEDGLOBALCOM INC,4.0,-1.54,-1.01,transcripts_by_company/UnitedGlobalCom_2002Q4.txt,0.20714110136032104,0.18320338428020477,0.8000402137637139,True
OPENDOOR TECHNOLOGIES INC,4.0,-0.51,-0.11,transcripts_by_company/Opendoor_Technologies_Inc_2022Q4.txt,0.27536025643348694,0.14153027534484863,0.7647887378931046,True
ADVISORY BOARD CO.,3.0,0.3,0.39,transcripts_by_company/Telsey_Advisory_Group_2011Q3.txt,0.2083960324525833,0.09337174892425537,0.8261112526059151,True
DIGITAL GENERATION INC,2.0,0.09,0.16,transcripts_by_company/Digital_Generation_Inc_2013Q2.txt,0.04522086679935455,0.16350720822811127,0.9192932307720184,True
SOUTHERN CO,4.0,0.36,0.37,transcripts_by_company/Southern_Cross_Media_Group_Limited_2021Q4.txt,0.11005212366580963,0.17779594659805298,0.8696247294545174,True
CINCINNATI FINANCIAL CORP,4.0,0.89,0.83,transcripts_by_company/Cincinnati_Financial_Corporation_2014Q4.txt,0.06130773574113846,0.10491451621055603,0.9256102301180362,True
ALLSTATE CORP,3.0,1.39,1.18,transcripts_by_company/The_Allstate_Corporation_2014Q3.txt,0.3816077709197998,0.15548615157604218,0.6862287148833275,True
BLACK HILLS CORP,2.0,0.34,0.37,transcripts_by_company/Black_Hills_Corporation_2012Q2.txt,0.2104494571685791,0.10236514359712601,0.8219758369028569,True
HEIDRICK & STRUGGLES INT'L,2.0,0.15,0.18,transcripts_by_company/Heidrick_and_Struggles_2010Q2.txt,0.1673402190208435,0.30958330631256104,0.7899868547916412,True
FREEPORT-MCMORAN INC,1.0,1.4,0.63,transcripts_by_company/Freeport-McMoRan_Copper_and_Gold_2006Q1.txt,0.31367775797843933,0.28844061493873596,0.6938933849334716,True
DONALDSON COMPANY INC,2.0,0.56,0.52,transcripts_by_company/Donaldson_Company_Inc_2003Q2.txt,0.13493432104587555,0.13009163737297058,0.866518484055996,True
MYRIAD GENETICS INC,1.0,0.34,0.32,transcripts_by_company/Myriad_Genetics_Inc_2012Q1.txt,0.18374492228031158,0.0,0.8162550777196884,False
GRAFTECH INTERNATIONAL LTD,2.0,-0.05,0.05,transcripts_by_company/GrafTech_International_Ltd_2014Q2.txt,0.11806724965572357,0.07145783305168152,0.895915575325489,True
CUTERA INC,2.0,-0.18,-0.12,transcripts_by_company/Cutera_Inc_2011Q2.txt,0.32597997784614563,0.4487338662147522,0.6371938556432724,True
US CONCRETE INC,1.0,-0.15,-0.11,transcripts_by_company/US_Concrete_Inc_2004Q1.txt,0.11977067589759827,0.09879391640424728,0.8865223519504071,True
FBL FINANCIAL GROUP - CLASS A,2.0,0.86,0.63,transcripts_by_company/FBL_Financial_Group_Inc_2009Q2.txt,0.11789314448833466,0.0899190753698349,0.8904990762472152,True
AIR METHODS CORP,4.0,0.99,0.42,transcripts_by_company/Air_Methods_Corporation_2010Q4.txt,0.2924320101737976,0.46887242794036865,0.6546358644962311,True
BOOT BARN HOLDINGS INC,4.0,0.66,0.62,transcripts_by_company/Boot_Barn_Holdings_Inc_2018Q4.txt,0.2825930118560791,0.3010108470916748,0.7118816375732422,True
GFI GROUP INC,4.0,0.03,0.1,transcripts_by_company/GFI_Group_Inc_2010Q4.txt,0.1740080863237381,0.42625612020492554,0.7503175035119056,True
EQUITY BANCSHARES INC,1.0,0.93,0.67,transcripts_by_company/Equity_Bancshares_Inc_2022Q1.txt,0.1119089126586914,0.14498405158519745,0.8781685456633568,True
OMEGA HEALTHCARE INVESTORS INC,2.0,0.2,0.27,transcripts_by_company/Omega_HealthCare_Investors_Inc_2007Q2.txt,0.265700101852417,0.10954215377569199,0.7811472825706005,True
OCCAM NETWORKS INC,4.0,-0.09,-0.07,transcripts_by_company/Occam_Networks_2007Q4.txt,0.16285701096057892,0.20477372407913208,0.8245679751038552,True
GENERAL ELECTRIC CO,4.0,0.31,0.45,transcripts_by_company/General_Electric_2002Q4.txt,0.19581107795238495,0.19539017975330353,0.8043151915073394,True
VULCAN MATERIALS CO,2.0,0.98,0.84,transcripts_by_company/Vulcan_Materials_Co_2005Q2.txt,0.2705186903476715,0.13241955637931824,0.7709110498428344,True
VERA BRADLEY INC,2.0,-0.19,-0.02,transcripts_by_company/Vera_Bradley_Inc_2022Q2.txt,0.05702309310436249,0.12165744602680206,0.9235866010189057,True
HERSHEY CO,3.0,2.17,2.26,transcripts_by_company/The_Hershey_Company_2022Q3.txt,0.2571282982826233,0.0,0.7428717017173767,False
API GROUP CORP,3.0,0.37,0.41,transcripts_by_company/APi_Group_Corporation_2022Q3.txt,0.09498296678066254,0.21550458669662476,0.8688605472445488,True
LINKTONE LTD,4.0,0.07,0.17,transcripts_by_company/Linktone_Ltd_2005Q4.txt,0.13042183220386505,0.33676108717918396,0.8076763913035393,True
METTLER-TOLEDO INTERNATIONAL INC,4.0,2.88,2.83,transcripts_by_company/Mettler-Toledo_International_Inc_2011Q4.txt,0.33645275235176086,0.1998865306377411,0.7045171141624451,True
3M CO,3.0,1.29,1.24,transcripts_by_company/3M_2007Q3.txt,0.4180980622768402,0.0,0.5819019377231598,False
"BIOCRYST PHARMACEUTICALS, INC.",2.0,-0.24,-0.3,transcripts_by_company/BioCryst_Pharmaceuticals_Inc_2020Q2.txt,0.2390621304512024,0.1578478366136551,0.7853021577000618,True
SYCAMORE NETWORKS INC.,2.0,-0.03,-0.04,transcripts_by_company/Sycamore_Networks_2004Q2.txt,0.1634519249200821,0.27094119787216187,0.804301293194294,True
