ticker,period,eps_actual,eps_forecast,transcript_path,cosine,nnw
EVE HOLDING INC,2.0,-0.11,-0.11,transcripts_by_company/Eve_Holding_Inc_2023Q2.txt,0.13342422246932983,0.8665757775306702
EMBARCADERO TECHNOLOGIES,3.0,0.07,0.06,transcripts_by_company/Embarcadero_Technologies_2003Q3.txt,0.07212357968091965,0.9278764203190804
US AUTO PARTS NETWORK INC,4.0,-0.1,0.03,transcripts_by_company/US_Auto_Parts_2010Q4.txt,0.3905598521232605,0.6094401478767395
KIMBALL ELECTRONICS INC,4.0,0.28,0.22,transcripts_by_company/Kimball_Electronics_Inc_2016Q4.txt,0.23357133567333221,0.7664286643266678
CARECOM INC,2.0,-0.16,-0.2,transcripts_by_company/Carecom_Inc_2015Q2.txt,0.12580738961696625,0.8741926103830338
EQUINIX INC,1.0,0.81,0.85,transcripts_by_company/Equinix_Inc_2014Q1.txt,0.19670340418815613,0.8032965958118439
AFLAC INC,3.0,1.82,1.63,transcripts_by_company/Aflac_Incorporated_2016Q3.txt,0.14499829709529877,0.8550017029047012
VERA BRADLEY INC,2.0,-0.05,-0.11,transcripts_by_company/Vera_Bradley_Inc_2021Q2.txt,0.1600446254014969,0.8399553745985031
LANCASTER COLONY CORP,4.0,1.27,1.22,transcripts_by_company/Lancaster_Colony_Corp_2012Q4.txt,0.29849985241889954,0.7015001475811005
COTIVITI HOLDINGS INC,4.0,0.47,0.46,transcripts_by_company/Cotiviti_Holdings_Inc_2017Q4.txt,0.1641162633895874,0.8358837366104126
CRA INTERNATIONAL INC,4.0,0.95,0.76,transcripts_by_company/CRA_International_Inc_2020Q4.txt,0.1807815134525299,0.8192184865474701
BF GOODRICH COMPANY,1.0,0.47,0.41,transcripts_by_company/Goodrich_Corporation_2005Q1.txt,0.20995739102363586,0.7900426089763641
ALTRA INDUSTRIAL MOTION CORP,4.0,0.41,0.35,transcripts_by_company/Altra_Industrial_Motion_Corp_2016Q4.txt,0.2162705361843109,0.7837294638156891
SUNSTONE HOTEL INVESTORS INC,4.0,0.28,-0.05,transcripts_by_company/Sunstone_Hotel_Investors_Inc_2010Q4.txt,0.20787939429283142,0.7921206057071686
BENEFITFOCUS INC,2.0,-0.1,-0.12,transcripts_by_company/Benefitfocus_Inc_2022Q2.txt,0.2143402397632599,0.7856597602367401
PEBBLEBROOK HOTEL TRUST,4.0,-0.34,0.04,transcripts_by_company/Pebblebrook_Hotel_Trust_2022Q4.txt,0.10486547648906708,0.8951345235109329
"URBAN OUTFITTERS, INC.",1.0,0.8,0.8,transcripts_by_company/Urban_Outfitters_Inc_2019Q1.txt,0.14595496654510498,0.854045033454895
HURON CONSULTING GROUP INC,2.0,0.47,0.86,transcripts_by_company/Huron_Consulting_Group_2009Q2.txt,0.09612508863210678,0.9038749113678932
EXPRESS INC,3.0,0.25,0.12,transcripts_by_company/Hoteles_City_Express_SAB_de_CV_2015Q3.txt,0.2947687804698944,0.7052312195301056
KORN/FERRY INTERNATIONAL,1.0,0.26,0.36,transcripts_by_company/KornFerry_International_2012Q1.txt,0.37438035011291504,0.625619649887085
MARINA BIOTECH INC,1.0,-0.12,-0.27,transcripts_by_company/Marina_Biotech_Inc_2011Q1.txt,0.2961331903934479,0.7038668096065521
CABOT CORP,1.0,0.83,0.98,transcripts_by_company/Cabot_Microelectronics_2014Q1.txt,0.2669067978858948,0.7330932021141052
ALEXION PHARMACEUTICALS INC,1.0,1.28,1.23,transcripts_by_company/Alexion_Pharmaceuticals_Inc_2015Q1.txt,0.2401372343301773,0.7598627656698227
CABOT CORP,3.0,0.53,0.77,transcripts_by_company/Cabot_Oil_and_Gas_Corporation_2011Q3.txt,-0.03539412468671799,1.035394124686718
AMERICAN WATER WORKS COMPANY INC,1.0,0.25,0.27,transcripts_by_company/American_Water_Works_Company_Inc_2012Q1.txt,0.24951547384262085,0.7504845261573792
ROCKWELL AUTOMATION INC,4.0,2.14,2.33,transcripts_by_company/Rockwell_Automation_Inc_2021Q4.txt,0.16533905267715454,0.8346609473228455
REALPAGE INC,3.0,0.2,0.19,transcripts_by_company/RealPage_Inc_2016Q3.txt,0.24390524625778198,0.756094753742218
THL CREDIT INC,2.0,0.35,0.34,transcripts_by_company/THL_Credit_Inc_2015Q2.txt,0.30661240220069885,0.6933875977993011
FOAMIX PHARMACEUTICALS LTD,1.0,-0.14,-0.18,transcripts_by_company/Foamix_Pharmaceuticals_Ltd_2015Q1.txt,0.3070357143878937,0.6929642856121063
QUOTIENT LTD,2.0,-0.24,-0.29,transcripts_by_company/Quotient_Limited_2021Q2.txt,0.3026430606842041,0.6973569393157959
CENTRAL GARDEN  PET CO,2.0,0.47,0.39,transcripts_by_company/Central_Garden_and_Pet_Company_2012Q2.txt,0.22960227727890015,0.7703977227210999
COMMSCOPE HOLDING COMPANY INC,4.0,0.47,0.75,transcripts_by_company/CommScope_Holding_Company_Inc_2017Q4.txt,0.1948859989643097,0.8051140010356903
CVR ENERGY INC,3.0,0.37,0.17,transcripts_by_company/CVR_Energy_Inc_2017Q3.txt,0.2644041180610657,0.7355958819389343
SYNAPTICS INC,3.0,0.96,1.8,transcripts_by_company/Synaptics_Incorporated_2016Q3.txt,0.10301610082387924,0.8969838991761208
DXP ENTERPRISES INC,1.0,0.42,0.36,transcripts_by_company/DXP_Enterprises_Inc_2011Q1.txt,0.09919082373380661,0.9008091762661934
PRUDENTIAL FINANCIAL INC,4.0,2.46,2.31,transcripts_by_company/Prudential_Financial_Inc_2016Q4.txt,0.30293595790863037,0.6970640420913696
KADANT INC,4.0,0.54,0.45,transcripts_by_company/Kadant_2007Q4.txt,0.14318189024925232,0.8568181097507477
MEDICINOVA INC,4.0,-0.21,-0.28,transcripts_by_company/MediciNova_Inc_2011Q4.txt,0.3204863369464874,0.6795136630535126
UNISYS CORP,3.0,-0.33,-0.27,transcripts_by_company/Unisys_Corporation_2023Q3.txt,0.28438350558280945,0.7156164944171906
SBA COMMUNICATIONS CORP,4.0,-0.27,-0.08,transcripts_by_company/SBA_Communications_2007Q4.txt,0.13448122143745422,0.8655187785625458
CELGENE CORP,4.0,0.73,0.7,transcripts_by_company/Celgene_Corporation_2010Q4.txt,0.33085936307907104,0.669140636920929
EL POLLO LOCO HOLDINGS INC,3.0,0.19,0.18,transcripts_by_company/El_Pollo_Loco_Holdings_Inc_2018Q3.txt,0.11979115754365921,0.8802088424563408
CARECLOUD INC,4.0,-0.01,-0.11,transcripts_by_company/CareCloud_Inc_2021Q4.txt,0.30666738748550415,0.6933326125144958
BIODEL INC,1.0,-0.49,-0.45,transcripts_by_company/Biodel_Inc_2009Q1.txt,0.1755492091178894,0.8244507908821106
HANGER INC,1.0,-0.15,-0.09,transcripts_by_company/Hanger_Inc_2022Q1.txt,0.14474859833717346,0.8552514016628265
IGATE CAPITAL CORPORATION,2.0,0.48,0.47,transcripts_by_company/iGATE_Corporation_2014Q2.txt,0.1803441047668457,0.8196558952331543
TRADESTATION GROUP INC,3.0,0.17,0.14,transcripts_by_company/TradeStation_Group_Inc_2006Q3.txt,0.15864817798137665,0.8413518220186234
UNITED FIRE GROUP INC,1.0,1.0,0.85,transcripts_by_company/United_Fire_Group_Inc_2018Q1.txt,0.0995812937617302,0.9004187062382698
CONFORMIS INC,2.0,0.21,-0.07,transcripts_by_company/Conformis_Inc_2021Q2.txt,0.22706735134124756,0.7729326486587524
FIRST STATE BANCORPORATION,1.0,-1.19,0.11,transcripts_by_company/First_State_Bancorporation_2009Q1.txt,0.21756024658679962,0.7824397534132004
STANLEY FURNITURE CO,1.0,-0.22,0.06,transcripts_by_company/Stanley_Furniture_Company_Inc_2009Q1.txt,0.20810189843177795,0.791898101568222
NIKE INC,3.0,1.23,1.56,transcripts_by_company/NIKE_Inc_2012Q3.txt,0.3475004732608795,0.6524995267391205
CHANGE HEALTHCARE INC,2.0,0.38,0.44,transcripts_by_company/Change_Healthcare_Inc_2022Q2.txt,0.1641327142715454,0.8358672857284546
ISSUER DIRECT CORP,4.0,0.1,0.09,transcripts_by_company/Issuer_Direct_Corporation_2018Q4.txt,0.09828754514455795,0.901712454855442
ROMEO POWER INC,1.0,-0.34,-0.27,transcripts_by_company/Romeo_Power_Inc_2022Q1.txt,0.09274086356163025,0.9072591364383698
COINSTAR INC,4.0,0.18,0.16,transcripts_by_company/Coinstar_Inc_2006Q4.txt,0.09778790175914764,0.9022120982408524
MAZOR ROBOTICS LTD,2.0,-0.15,-0.17,transcripts_by_company/Mazor_Robotics_Ltd_2017Q2.txt,0.23080021142959595,0.769199788570404
DR PEPPER SNAPPLE GROUP INC,3.0,0.6,0.67,transcripts_by_company/Dr_Pepper_Snapple_Group_Inc_2010Q3.txt,0.11533372104167938,0.8846662789583206
OSI SYSTEMS INC,2.0,1.02,1.1,transcripts_by_company/OSI_Systems_Inc_2013Q2.txt,0.23114967346191406,0.7688503265380859
MF GLOBAL HOLDINGS LTD,2.0,0.1,0.12,transcripts_by_company/MF_Global_Holdings_Ltd_2011Q2.txt,0.12474773824214935,0.8752522617578506
JDS UNIPHASE CORP,2.0,-0.02,0.0,transcripts_by_company/JDS_Uniphase_Corporation_2005Q2.txt,0.056468263268470764,0.9435317367315292
DECIPHERA PHARMACEUTICALS INC,1.0,-1.25,-0.75,transcripts_by_company/Deciphera_Pharmaceuticals_Inc_2019Q1.txt,0.059000562876462936,0.9409994371235371
LUBY'S INC.,2.0,-0.02,0.0,transcripts_by_company/Lubys_Inc_2009Q2.txt,0.20418919622898102,0.795810803771019
DISH NETWORK CORP,2.0,0.14,0.59,transcripts_by_company/DISH_Network_Corporation_2009Q2.txt,0.17125573754310608,0.8287442624568939
LMI AEROSPACE INC,2.0,0.43,0.46,transcripts_by_company/LMI_Aerospace_Inc_2012Q2.txt,0.2795771360397339,0.7204228639602661
TOWN SPORTS INTERNATIONAL HOLDIN,3.0,0.2,0.12,transcripts_by_company/Town_Sports_International_Holdings_Inc_2006Q3.txt,0.1804063320159912,0.8195936679840088
SAREPTA THERAPEUTICS INC,2.0,-0.6,-0.39,transcripts_by_company/Sarepta_Therapeutics_Inc_2013Q2.txt,0.23675207793712616,0.7632479220628738
GENESCO INC,2.0,0.98,0.86,transcripts_by_company/Genesco_2012Q2.txt,0.13000640273094177,0.8699935972690582
DIAMEDICA THERAPEUTICS INC,4.0,-0.14,-0.24,transcripts_by_company/DiaMedica_Therapeutics_Inc_2022Q4.txt,0.23602525889873505,0.763974741101265
BUILD-A-BEAR WORKSHOP INC,3.0,-0.82,-0.01,transcripts_by_company/Build-A-Bear_Workshop_Inc_2020Q3.txt,0.1597224324941635,0.8402775675058365
CROWN CRAFTS INC,2.0,0.09,0.06,transcripts_by_company/Crown_Crafts_Inc_2012Q2.txt,0.09099320322275162,0.9090067967772484
NOKIA CORP,2.0,0.29,0.25,transcripts_by_company/Nokia_2006Q2.txt,0.12696421146392822,0.8730357885360718
PARADYNE NETWORKS INC.,3.0,-0.05,-0.07,transcripts_by_company/Paradyne_2003Q3.txt,0.09346865862607956,0.9065313413739204
NORTHERN TECHNOLOGIES INTERNATIO,1.0,0.1,0.23,transcripts_by_company/Northern_Technologies_International_Corporation_2023Q1.txt,0.3048079013824463,0.6951920986175537
"EAST WEST BANCORP, INC.",3.0,1.17,1.14,transcripts_by_company/East_West_Bancorp_Inc_2018Q3.txt,0.3047257661819458,0.6952742338180542
CRACKER BARREL OLD COUNTRY STORE,1.0,0.81,0.76,transcripts_by_company/Cracker_Barrel_Old_Country_Store_Inc_2009Q1.txt,0.2679525315761566,0.7320474684238434
AMBEV SA,2.0,0.04,0.01,transcripts_by_company/Ambev_SA_2017Q2.txt,0.20697557926177979,0.7930244207382202
CONCEPTUS INC,1.0,-0.09,0.0,transcripts_by_company/Conceptus_2011Q1.txt,0.14372529089450836,0.8562747091054916
STERLING FINANCIAL CORP (PA),1.0,0.4,0.43,transcripts_by_company/Sterling_Financial_Corporation_2005Q1.txt,0.1723850518465042,0.8276149481534958
AETNA INC,1.0,1.98,1.58,transcripts_by_company/Aetna_Inc_2014Q1.txt,0.187819242477417,0.812180757522583
VITAL SIGNS INC,3.0,0.62,0.67,transcripts_by_company/Vital_Signs_2006Q3.txt,0.20617333054542542,0.7938266694545746
CAMBRIDGE HEART INC,2.0,-0.03,-0.01,transcripts_by_company/Cambridge_Heart_Inc_2007Q2.txt,0.419518381357193,0.580481618642807
AMERICAN CAMPUS COMMUNITIES INC,2.0,-0.03,0.02,transcripts_by_company/American_Campus_Communities_Inc_2008Q2.txt,0.12862853705883026,0.8713714629411697
PDF SOLUTIONS INC,3.0,0.2,0.09,transcripts_by_company/PDF_Solutions_Inc_2022Q3.txt,0.27855297923088074,0.7214470207691193
RAM HOLDINGS LTD,3.0,0.5,0.41,transcripts_by_company/RAM_Holdings_Ltd_2007Q3.txt,0.1242704764008522,0.8757295235991478
ASTRAZENECA PLC,2.0,1.08,0.96,transcripts_by_company/AstraZeneca_PLC_2023Q2.txt,0.29953116178512573,0.7004688382148743
CELLECTIS SA,1.0,-0.58,-0.72,transcripts_by_company/Cellectis_SA_2023Q1.txt,0.06300250440835953,0.9369974955916405
LIN TELEVISION,2.0,0.31,0.25,transcripts_by_company/Tandberg_Television_2004Q2.txt,0.24182336032390594,0.758176639676094
RADNET INC,2.0,0.27,0.16,transcripts_by_company/RadNet_Inc_2021Q2.txt,0.3477047383785248,0.6522952616214752
DSP GROUP INC,4.0,0.06,0.04,transcripts_by_company/DSP_Group_Inc_2012Q4.txt,0.06127398461103439,0.9387260153889656
MEDNAX INC,4.0,1.19,1.23,transcripts_by_company/MEDNAX_Inc_2011Q4.txt,0.11922109127044678,0.8807789087295532
URS CORPORATION,3.0,0.73,0.66,transcripts_by_company/URS_Corporation_2007Q3.txt,0.24080359935760498,0.759196400642395
AVANGRID INC,4.0,0.67,0.66,transcripts_by_company/AVANGRID_Inc_2016Q4.txt,0.32051989436149597,0.679480105638504
TRIMERIS INC,3.0,0.16,0.01,transcripts_by_company/Trimeris_Inc_2006Q3.txt,0.1836216151714325,0.8163783848285675
DOMINION ENERGY INC,4.0,0.9,0.88,transcripts_by_company/Dominion_Energy_Inc_2021Q4.txt,0.250726580619812,0.749273419380188
VERU INC,4.0,-0.08,-0.07,transcripts_by_company/Veru_Inc_2021Q4.txt,0.34337711334228516,0.6566228866577148
"WESTPOINT STEVENS, INC.",1.0,-0.31,0.02,transcripts_by_company/WestPoint_Stevens_2003Q1.txt,0.3424461781978607,0.6575538218021393
COMPUDYNE CORP,4.0,-0.06,0.06,transcripts_by_company/CompuDyne_2005Q4.txt,0.28732070326805115,0.7126792967319489
EASTGROUP PROPERTIES INC,4.0,1.75,0.69,transcripts_by_company/EastGroup_Properties_Inc_2021Q4.txt,0.1928073614835739,0.8071926385164261
ARTHROCARE CORPORATION,4.0,0.31,0.3,transcripts_by_company/ArthroCare_2005Q4.txt,0.10441308468580246,0.8955869153141975
NVIDIA CORP,2.0,0.36,0.36,transcripts_by_company/NVIDIA_Corporation_2008Q2.txt,0.1265370398759842,0.8734629601240158
LTC PROPERTIES INC,3.0,0.88,0.55,transcripts_by_company/LTC_Properties_Inc_2018Q3.txt,0.2397768348455429,0.7602231651544571
KAMAN CORP,1.0,0.41,0.54,transcripts_by_company/Kaman_Corporation_2016Q1.txt,0.2326183319091797,0.7673816680908203
HARLEY-DAVIDSON INC,2.0,0.59,0.39,transcripts_by_company/Harley-Davidson_2010Q2.txt,0.18123053014278412,0.8187694698572159
UNITED STATIONERS INC,2.0,0.59,1.18,transcripts_by_company/United_Stationers_Inc_2011Q2.txt,0.06572208553552628,0.9342779144644737
RPT REALTY,3.0,0.13,0.01,transcripts_by_company/RPT_Realty_2022Q3.txt,0.16927452385425568,0.8307254761457443
ACM RESEARCH INC,1.0,0.11,0.15,transcripts_by_company/ACM_Research_Inc_2020Q1.txt,0.05715080723166466,0.9428491927683353
T-MOBILE US INC,4.0,0.61,0.43,transcripts_by_company/T-Mobile_US_Inc_2017Q4.txt,0.20859649777412415,0.7914035022258759
FARO TECHNOLOGIES INC,2.0,-0.03,0.32,transcripts_by_company/FARO_Technologies_Inc_2022Q2.txt,0.33784303069114685,0.6621569693088531
SEATTLE GENETICS INC /WA,3.0,-0.12,-0.08,transcripts_by_company/Seattle_Genetics_Inc_2012Q3.txt,0.10778862982988358,0.8922113701701164
QWEST COMMUNICATIONS INTL,4.0,0.12,0.09,transcripts_by_company/Qwest_Communications_2010Q4.txt,0.10738706588745117,0.8926129341125488
SERES THERAPEUTICS INC,4.0,-0.63,-0.44,transcripts_by_company/Seres_Therapeutics_Inc_2016Q4.txt,0.2869987487792969,0.7130012512207031
VIVINT SOLAR INC,4.0,-0.11,0.11,transcripts_by_company/Vivint_Solar_Inc_2018Q4.txt,0.17942585051059723,0.8205741494894028
EVOFEM BIOSCIENCES INC,2.0,-0.27,-0.36,transcripts_by_company/Evofem_Biosciences_Inc_2021Q2.txt,0.14999136328697205,0.850008636713028
FLOTEK INDUSTRIES INC,1.0,-0.2,-0.09,transcripts_by_company/Flotek_Industries_Inc_2019Q1.txt,0.2760726511478424,0.7239273488521576
MODTECH HOLDINGS INC,3.0,-0.66,0.21,transcripts_by_company/Modtech_Holdings_Inc_2005Q3.txt,0.2741162180900574,0.7258837819099426
NANOMETRICS INC,2.0,0.26,0.11,transcripts_by_company/Nanometrics_Incorporated_2016Q2.txt,0.1279735118150711,0.8720264881849289
POWELL INDUSTRIES INC,3.0,0.99,0.55,transcripts_by_company/Powell_Industries_Incorporated_2012Q3.txt,0.209842249751091,0.790157750248909
MOLDFLOW CORP,4.0,0.35,0.23,transcripts_by_company/Moldflow_Corp_2007Q4.txt,0.17088231444358826,0.8291176855564117
AMETEK INC,3.0,0.52,0.54,transcripts_by_company/Ametek_Inc_2013Q3.txt,0.14296557009220123,0.8570344299077988
OPEN TEXT CORP (PRE-REINCORPORAT,2.0,0.73,0.69,transcripts_by_company/Open_Text_2009Q2.txt,0.10715028643608093,0.8928497135639191
ENTEGRIS INC,2.0,1.0,0.97,transcripts_by_company/Entegris_Inc_2022Q2.txt,0.09661433100700378,0.9033856689929962
GERON CORP,2.0,-0.05,-0.06,transcripts_by_company/Geron_Corporation_2016Q2.txt,0.2606542110443115,0.7393457889556885
EMBARCADERO TECHNOLOGIES,3.0,0.05,0.08,transcripts_by_company/Embarcadero_Technologies_Inc_2002Q3.txt,0.24937108159065247,0.7506289184093475
ORCHID CELLMARK INC,2.0,-0.03,-0.05,transcripts_by_company/Orchid_Cellmark_2007Q2.txt,0.2720206379890442,0.7279793620109558
JOHNSON  JOHNSON,3.0,1.17,1.13,transcripts_by_company/EF_Johnson_Technologies_Inc_2008Q3.txt,0.4097582697868347,0.5902417302131653
INSPIRE PHARMACEUTICALS INC,1.0,-0.34,-0.27,transcripts_by_company/Inspire_Pharmaceuticals_Inc_2009Q1.txt,0.16423870623111725,0.8357612937688828
FARO TECHNOLOGIES INC,2.0,0.36,0.37,transcripts_by_company/FARO_Technologies_Inc_2014Q2.txt,0.26503148674964905,0.734968513250351
"URBAN OUTFITTERS, INC.",1.0,0.24,0.39,transcripts_by_company/Urban_Outfitters_2009Q1.txt,0.13945332169532776,0.8605466783046722
DYNAMICS RESEARCH CORP,1.0,0.15,0.17,transcripts_by_company/Dynamics_Research_Corp_2008Q1.txt,0.17576657235622406,0.8242334276437759
COUNTRYWIDE FINANCIAL CORP,1.0,0.72,1.06,transcripts_by_company/Countrywide_Financial_Corp_2007Q1.txt,0.23800121247768402,0.761998787522316
REGENCY CENTERS CORP,3.0,0.58,0.42,transcripts_by_company/Regency_Centers_Corporation_2004Q3.txt,0.19819515943527222,0.8018048405647278
VITALWORKS INC,3.0,0.08,0.06,transcripts_by_company/VitalWorks_Inc_2002Q3.txt,0.3206545412540436,0.6793454587459564
DAIMLER AG,1.0,2.12,2.0,transcripts_by_company/Daimler_AG_2018Q1.txt,0.17229114472866058,0.8277088552713394
KAMAN CORP,3.0,0.57,0.88,transcripts_by_company/Kaman_Corporation_2018Q3.txt,0.2658188045024872,0.7341811954975128
CONN'S INC,4.0,0.59,0.52,transcripts_by_company/Conns_Inc_2018Q4.txt,0.2804648280143738,0.7195351719856262
FORMFACTOR INC,1.0,0.16,0.36,transcripts_by_company/FormFactor_Inc_2023Q1.txt,0.37082117795944214,0.6291788220405579
ALLIANT ENERGY CORP,1.0,0.62,0.65,transcripts_by_company/Alliant_Energy_2008Q1.txt,0.21098461747169495,0.789015382528305
HILLMAN SOLUTIONS CORP,2.0,0.14,0.11,transcripts_by_company/The_Hillman_Group_2022Q2.txt,0.24082721769809723,0.7591727823019028
CAMPBELL SOUP CO,1.0,0.65,0.73,transcripts_by_company/Campbell_Soup_Company_2009Q1.txt,0.21934567391872406,0.7806543260812759
LEXINGTON REALTY TRUST,1.0,-0.01,-0.01,transcripts_by_company/Lexington_Realty_Trust_2012Q1.txt,0.36281025409698486,0.6371897459030151
GENERAL FINANCE CORP,3.0,-0.04,-0.06,transcripts_by_company/General_Finance_Corporation_2017Q3.txt,0.19973747432231903,0.800262525677681
AURIZON MINES LTD,2.0,0.03,0.02,transcripts_by_company/AURIZON_MINES_LTD_2010Q2.txt,0.1399451643228531,0.8600548356771469
HAWAIIAN HOLDINGS INC,2.0,0.35,0.29,transcripts_by_company/Hawaiian_Holdings_Inc_2014Q2.txt,0.175984188914299,0.824015811085701
LIGHTPATH TECHNOLOGIES INC,4.0,-0.03,-0.01,transcripts_by_company/LightPath_Technologies_Inc_2022Q4.txt,0.28722307085990906,0.7127769291400909
CVR ENERGY INC,1.0,0.26,-0.12,transcripts_by_company/CVR_Energy_Inc_2017Q1.txt,0.2685398757457733,0.7314601242542267
OPPFI INC,2.0,0.08,0.19,transcripts_by_company/OppFi_Inc_2022Q2.txt,0.30352821946144104,0.696471780538559
ARTHUR J GALLAGHER & CO,1.0,3.03,3.02,transcripts_by_company/Arthur_J_Gallagher_and_Co_2023Q1.txt,0.12932036817073822,0.8706796318292618
ENTERGY CORP,3.0,2.41,1.95,transcripts_by_company/Entergy_Corp_2013Q3.txt,0.23891828954219818,0.7610817104578018
CARMAX INC,2.0,1.33,1.21,transcripts_by_company/CarMax_Inc_2018Q2.txt,0.1643531769514084,0.8356468230485916
MONTPELIER RE HOLDING,4.0,1.13,0.62,transcripts_by_company/Montpelier_Re_Holdings_Ltd_2009Q4.txt,0.19889529049396515,0.8011047095060349
FRONTIER AIRLINES HOLDINGS INC,3.0,0.45,0.16,transcripts_by_company/Frontier_Airlines_2007Q3.txt,0.3011385202407837,0.6988614797592163
CERADYNE INC CAL,2.0,0.4,0.37,transcripts_by_company/Ceradyne_Inc_2004Q2.txt,0.23220795392990112,0.7677920460700989
EQUIFAX INC,3.0,0.52,0.51,transcripts_by_company/Equifax_Inc_2006Q3.txt,0.2533867061138153,0.7466132938861847
CARDIOTECH INTERNATIONAL,3.0,-0.02,-0.03,transcripts_by_company/CardioTech_Intl_2006Q3.txt,0.2292214035987854,0.7707785964012146
PENN NATIONAL GAMING INC,2.0,0.49,0.53,transcripts_by_company/Penn_National_Gaming_2007Q2.txt,0.1925431340932846,0.8074568659067154
SENSIENT TECHNOLOGIES CORP,2.0,0.74,0.74,transcripts_by_company/Sensient_Technologies_Corp_2013Q2.txt,0.14291828870773315,0.8570817112922668
ROBINHOOD MARKETS INC,4.0,-0.49,-0.32,transcripts_by_company/Robinhood_Markets_Inc_2021Q4.txt,0.1385595053434372,0.8614404946565628
ANALOG DEVICES INC,4.0,1.45,1.21,transcripts_by_company/Analog_Devices_Inc_2017Q4.txt,0.31152161955833435,0.6884783804416656
U.S. SHIPPING PARTNERS LP,3.0,-0.02,0.3,transcripts_by_company/US_Shipping_Partners_LP_2006Q3.txt,0.399232417345047,0.600767582654953
OVERSTOCK.COM INC,3.0,0.07,0.15,transcripts_by_company/Overstockcom_Inc_2014Q3.txt,0.20457065105438232,0.7954293489456177
TELIK INC,4.0,-0.47,-0.64,transcripts_by_company/Telik_Inc_2004Q4.txt,0.19491510093212128,0.8050848990678787
MEDIFAST INC,1.0,0.17,0.12,transcripts_by_company/Medifast_Inc_2009Q1.txt,0.26529866456985474,0.7347013354301453
PAN AMERICAN SILVER CORP,2.0,0.2,0.37,transcripts_by_company/Pan_America_Silver_2010Q2.txt,0.34993621706962585,0.6500637829303741
CAPITAL PRODUCT PARTNERS LP,2.0,0.1,0.12,transcripts_by_company/Crown_Capital_Partners_Inc_2016Q2.txt,0.2017730474472046,0.7982269525527954
ALTAIR ENGINEERING INC,4.0,0.09,0.23,transcripts_by_company/Altair_Engineering_Inc_2019Q4.txt,0.2813228666782379,0.7186771333217621
AMERISOURCEBERGEN CORP,3.0,1.89,1.74,transcripts_by_company/AmerisourceBergen_Corporation_2020Q3.txt,0.20235441625118256,0.7976455837488174
INSULET CORP,1.0,-0.31,-0.2,transcripts_by_company/Insulet_Corporation_2012Q1.txt,0.26821309328079224,0.7317869067192078
ZOOM COMMUNICATIONS INC,1.0,1.22,0.3,transcripts_by_company/Zoom_Video_Communications_Inc_2021Q1.txt,0.3004184663295746,0.6995815336704254
VISHAY INTERTECHNOLOGY INC,4.0,0.69,0.63,transcripts_by_company/Vishay_Intertechnology_Inc_2022Q4.txt,0.10489484667778015,0.8951051533222198
SCHNEIDER NATIONAL INC,1.0,0.21,0.34,transcripts_by_company/Schneider_National_Inc_2019Q1.txt,0.17609144747257233,0.8239085525274277
WEYERHAEUSER CO,4.0,0.41,0.54,transcripts_by_company/Weyerhaeuser_Company_2002Q4.txt,0.3537331819534302,0.6462668180465698
PAYCHEX INC,4.0,0.39,0.42,transcripts_by_company/Paychex_2008Q4.txt,0.2558917999267578,0.7441082000732422
NCI BUILDING SYSTEMS INC,1.0,-0.54,-0.44,transcripts_by_company/NCI_Building_Systems_Inc_2012Q1.txt,0.15400570631027222,0.8459942936897278
HENRY SCHEIN INC,4.0,1.67,1.72,transcripts_by_company/Henry_Schein_Inc_2015Q4.txt,0.32458797097206116,0.6754120290279388
LECROY CORPORATION,3.0,0.1,0.02,transcripts_by_company/LeCroy_Corporation_Inc_2003Q3.txt,0.2835022807121277,0.7164977192878723
EPLUS INC,1.0,0.26,0.28,transcripts_by_company/ePlus_2004Q1.txt,0.1860385239124298,0.8139614760875702
ELAN PLC,4.0,-0.18,-0.1,transcripts_by_company/Elan_Corporation_PLC_2007Q4.txt,0.10494405776262283,0.8950559422373772
LEXINGTON REALTY TRUST,2.0,0.14,0.1,transcripts_by_company/Lexington_Realty_Trust_2015Q2.txt,0.14875350892543793,0.8512464910745621
BAVARIAN NORDIC A/S,1.0,-0.2,0.8,transcripts_by_company/Bavarian_Nordic_AS_2017Q1.txt,0.1694014072418213,0.8305985927581787
ARBITRON INC,2.0,0.13,0.16,transcripts_by_company/Arbitron_Inc_2007Q2.txt,0.17682905495166779,0.8231709450483322
EVENTBRITE INC,4.0,-0.21,-0.13,transcripts_by_company/Eventbrite_Inc_2020Q4.txt,0.07656946033239365,0.9234305396676064
DCP MIDSTREAM PARTNERS LP,1.0,0.3,0.25,transcripts_by_company/DCP_Midstream_Partners_2006Q1.txt,0.24843861162662506,0.7515613883733749
CAMECO CORP,2.0,0.16,0.33,transcripts_by_company/Cameco_Corp_2012Q2.txt,0.20144785940647125,0.7985521405935287
COMPASS INC,3.0,-0.08,-0.04,transcripts_by_company/Compass_Minerals_International_Inc_2023Q3.txt,0.02846243418753147,0.9715375658124685
QUESTCOR PHARMACEUTICALS,2.0,0.14,0.15,transcripts_by_company/Questcor_Pharmaceuticals_Inc_2010Q2.txt,0.19408147037029266,0.8059185296297073
CARDIAC SCIENCE CORP,4.0,0.0,0.15,transcripts_by_company/Cardiac_Science_Inc_2006Q4.txt,0.13047750294208527,0.8695224970579147
STEALTHGAS INC,3.0,0.16,0.07,transcripts_by_company/StealthGas_Inc_2023Q3.txt,0.1416792869567871,0.8583207130432129
BARFRESH FOOD GROUP INC,3.0,0.0,0.0,transcripts_by_company/Barfresh_Food_Group_Inc_2021Q3.txt,0.3163297772407532,0.6836702227592468
PAYCHEX INC,1.0,0.44,0.42,transcripts_by_company/Paychex_Incorporated_2014Q1.txt,0.15520572662353516,0.8447942733764648
BEASLEY BROADCAST GROUP INC,2.0,0.15,0.11,transcripts_by_company/Beasley_Broadcast_Group_Inc_2004Q2.txt,0.16868184506893158,0.8313181549310684
KAPSTONE PAPER AND PACKAGING COR,2.0,0.22,0.2,transcripts_by_company/KapStone_Paper_and_Packaging_Corporation_2008Q2.txt,0.3261536657810211,0.6738463342189789
RETROPHIN INC,1.0,0.02,-0.94,transcripts_by_company/Retrophin_Inc_2020Q1.txt,0.37285393476486206,0.6271460652351379
HYPERCOM CORP,1.0,-0.05,0.07,transcripts_by_company/Hypercom_Corporation_2007Q1.txt,0.2015792280435562,0.7984207719564438
GRACO INC,1.0,0.48,1.07,transcripts_by_company/Graco_Inc_2018Q1.txt,0.4656510651111603,0.5343489348888397
VALMONT INDUSTRIES INC,4.0,0.45,0.47,transcripts_by_company/Valmont_Industries_Inc_2005Q4.txt,0.2249806523323059,0.7750193476676941
SYNALLOY CORP,2.0,0.38,0.39,transcripts_by_company/Synalloy_Corporation_2015Q2.txt,0.19921138882637024,0.8007886111736298
NEXSTAR BROADCASTING GROUP INC.,3.0,0.31,0.2,transcripts_by_company/Nexstar_Broadcasting_Group_Inc_2012Q3.txt,0.1987096667289734,0.8012903332710266
ALADDIN KNOWLEDGE SYSTEMS LTD,3.0,0.3,0.29,transcripts_by_company/Aladdin_Knowledge_Systems_Ltd_2007Q3.txt,0.16656698286533356,0.8334330171346664
TEMPUR-PEDIC INTERNATIONAL,3.0,0.34,0.25,transcripts_by_company/Tempur-Pedic_International_Inc_2009Q3.txt,0.11831308901309967,0.8816869109869003
K-SWISS INC,1.0,0.51,0.74,transcripts_by_company/K-Swiss_Inc_2007Q1.txt,0.4195427894592285,0.5804572105407715
DISH NETWORK CORP,2.0,0.82,0.82,transcripts_by_company/DISH_Network_Corporation_2022Q2.txt,0.2240561544895172,0.7759438455104828
LIFETIME BRANDS INC,2.0,-0.1,-0.26,transcripts_by_company/Lifetime_Brands_Inc_2009Q2.txt,0.269741028547287,0.730258971452713
RAYONIER ADVANCED MATERIALS INC,4.0,0.19,0.48,transcripts_by_company/Rayonier_Inc_2018Q4.txt,0.12502019107341766,0.8749798089265823
LA PACIFIC,3.0,0.7,0.51,transcripts_by_company/Pacific_Smiles_Group_Limited_2017Q3.txt,0.15924248099327087,0.8407575190067291
WEYERHAEUSER CO,3.0,0.52,0.04,transcripts_by_company/Weyerhaeuser_Company_2020Q3.txt,0.12133599817752838,0.8786640018224716
TRACON PHARMACEUTICALS INC,2.0,-0.68,-0.67,transcripts_by_company/TRACON_Pharmaceuticals_Inc_2016Q2.txt,0.23431403934955597,0.765685960650444
LA-Z-BOY INC,3.0,0.18,0.45,transcripts_by_company/La-Z-Boy_Incorporated_2020Q3.txt,0.1421128213405609,0.8578871786594391
FACTSET RESEARCH SYSTEMS INC,1.0,0.49,0.44,transcripts_by_company/FactSet_Research_Systems_2007Q1.txt,0.11135077476501465,0.8886492252349854
LIMCO-PIEDMONT INC,4.0,0.01,0.15,transcripts_by_company/Limco-Piedmont_Inc_2008Q4.txt,0.13729526102542877,0.8627047389745712
TENNECO AUTOMOTIVE INC,2.0,1.45,1.3,transcripts_by_company/Tenneco_Inc_2014Q2.txt,0.0832938402891159,0.9167061597108841
EURAZEO SE,4.0,25.56,18.16,transcripts_by_company/Eurazeo_SE_CurrentQ4.txt,0.1348959058523178,0.8651040941476822
FORESTAR GROUP INC,2.0,0.16,0.28,transcripts_by_company/Forestar_Group_Inc_2020Q2.txt,0.1883666068315506,0.8116333931684494
ELANCO ANIMAL HEALTH INC,1.0,0.13,0.28,transcripts_by_company/Elanco_Animal_Health_Incorporated_2020Q1.txt,0.17280401289463043,0.8271959871053696
SHAKE SHACK INC,3.0,0.12,0.03,transcripts_by_company/Shake_Shack_Inc_2015Q3.txt,0.2371317446231842,0.7628682553768158
CNA SURETY CP,2.0,0.45,0.39,transcripts_by_company/CNA_Surety_2006Q2.txt,0.08912407606840134,0.9108759239315987
SWS GROUP INC,3.0,-0.06,0.06,transcripts_by_company/SWS_Group_Inc_2013Q3.txt,0.14673897624015808,0.8532610237598419
LCI INDUSTRIES,3.0,1.02,2.73,transcripts_by_company/LCI_Industries_2023Q3.txt,0.3554118871688843,0.6445881128311157
OFFICE PROPERTIES INCOME TRUST,2.0,0.03,-0.26,transcripts_by_company/Office_Properties_Income_Trust_2020Q2.txt,0.10570088028907776,0.8942991197109222
MERIDIAN CORP,3.0,0.52,0.43,transcripts_by_company/Meituan_Dianping_2019Q3.txt,0.1367902010679245,0.8632097989320755
SYKES ENTERPRISES INC,4.0,0.07,0.09,transcripts_by_company/Sykes_Enterprises_2004Q4.txt,0.07467436790466309,0.9253256320953369
MACDERMID INC,4.0,0.45,0.43,transcripts_by_company/MacDermid_Inc_2003Q4.txt,0.31870514154434204,0.681294858455658
PRINCETON REVIEW INCORPORATED,1.0,-0.57,0.13,transcripts_by_company/Princeton_Review_2010Q1.txt,0.380095511674881,0.619904488325119
OMEROS CORP,4.0,-0.32,-0.46,transcripts_by_company/Omeros_Corporation_2010Q4.txt,0.26337242126464844,0.7366275787353516
CHURCH  DWIGHT CO INC,3.0,0.58,0.57,transcripts_by_company/Church_and_Dwight_Co_Inc_2018Q3.txt,0.42994424700737,0.57005575299263
INTEL CORP,1.0,0.66,0.59,transcripts_by_company/Intel_Corporation_2017Q1.txt,0.24441055953502655,0.7555894404649734
ENOVIX CORP,1.0,-0.13,-0.09,transcripts_by_company/Enovix_Corporation_2022Q1.txt,0.022534379735589027,0.977465620264411
NEW YORK TIMES CO,2.0,0.17,0.14,transcripts_by_company/The_New_York_Times_Company_2018Q2.txt,0.09262053668498993,0.9073794633150101
ADICET BIO INC,4.0,-0.72,-0.24,transcripts_by_company/Adicet_Bio_Inc_2022Q4.txt,0.21424666047096252,0.7857533395290375
SOLARIS OILFIELD INFRASTRUCTURE,3.0,-0.09,0.08,transcripts_by_company/Solaris_Oilfield_Infrastructure_Inc_2020Q3.txt,0.134330153465271,0.865669846534729
WATFORD HOLDINGS LTD,2.0,9.51,1.0,transcripts_by_company/Watford_Holdings_Ltd_2020Q2.txt,0.14601996541023254,0.8539800345897675
CORNING INC,3.0,0.42,0.39,transcripts_by_company/Owens_Corning_2016Q3.txt,0.10004895180463791,0.8999510481953621
AXIS CAPITAL HOLDINGS LTD,3.0,1.66,1.22,transcripts_by_company/Axis_Capital_2007Q3.txt,0.29960083961486816,0.7003991603851318
VOLVO AB,3.0,7.32,4.22,transcripts_by_company/AB_Volvo_publ_2023Q3.txt,0.3009605407714844,0.6990394592285156
CENTERPOINT ENERGY INC,3.0,0.33,0.34,transcripts_by_company/CenterPoint_Energy_Inc_2013Q3.txt,0.24720782041549683,0.7527921795845032
ORBITAL SCIENCES CORP,2.0,0.17,0.16,transcripts_by_company/Orbital_Sciences_2004Q2.txt,0.28888726234436035,0.7111127376556396
OFFICE DEPOT INC,2.0,-0.07,0.07,transcripts_by_company/Office_Depot_Inc_2020Q2.txt,0.26092562079429626,0.7390743792057037
STRYKER CORP,2.0,0.53,0.5,transcripts_by_company/Stryker_Corporation_2003Q2.txt,0.27067920565605164,0.7293207943439484
INARI MEDICAL INC,1.0,-0.06,0.09,transcripts_by_company/Inari_Medical_Inc_2022Q1.txt,0.3428713381290436,0.6571286618709564
DANA CORP,2.0,0.5,0.5,transcripts_by_company/Dana_Corporation_2004Q2.txt,0.1910199373960495,0.8089800626039505
AGNICO EAGLE MINES LTD,3.0,0.48,0.57,transcripts_by_company/Agnico-Eagle_Mines_Limited_2010Q3.txt,0.1428970992565155,0.8571029007434845
TEXTRON INC,4.0,0.33,0.27,transcripts_by_company/Textron_Inc_2010Q4.txt,0.11316376179456711,0.8868362382054329
WINDSTREAM CORP,2.0,0.24,0.24,transcripts_by_company/Windstream_Communications_2007Q2.txt,0.3356962502002716,0.6643037497997284
HONDA MOTOR CO LTD,1.0,3.025,2.77,transcripts_by_company/Yamaha_Motor_Co_Ltd_2023Q1.txt,0.2631067633628845,0.7368932366371155
ONEBEACON INSURANCE GROUP LTD,3.0,0.22,0.51,transcripts_by_company/OneBeacon_Insurance_Group_Ltd_2008Q3.txt,0.16538721323013306,0.8346127867698669
RUTH'S HOSPITALITY GROUP INC,1.0,0.31,0.41,transcripts_by_company/Ruths_Hospitality_Group_Inc_2022Q1.txt,0.11831790953874588,0.8816820904612541
HAVERTY FURNITURE COMPANIES INC,3.0,0.28,0.35,transcripts_by_company/Haverty_Furniture_Companies_Inc_2017Q3.txt,0.21559539437294006,0.7844046056270599
BE AEROSPACE INC,2.0,0.37,0.36,transcripts_by_company/BE_Aerospace_2010Q2.txt,0.2422119379043579,0.7577880620956421
MRC GLOBAL INC,2.0,0.08,-0.02,transcripts_by_company/MRC_Global_Inc_2021Q2.txt,0.2470322847366333,0.7529677152633667
NEW YORK TIMES CO,2.0,0.14,0.13,transcripts_by_company/The_New_York_Times_Company_2013Q2.txt,0.3338598608970642,0.6661401391029358
EPLUS INC,1.0,0.75,1.35,transcripts_by_company/ePlus_Inc_2017Q1.txt,0.3372405469417572,0.6627594530582428
ADVANCED MEDICAL OPTICS INC,2.0,0.37,0.43,transcripts_by_company/Advanced_Medical_Optics_2005Q2.txt,0.12983883917331696,0.870161160826683
CBOE EXCHANGE INC,1.0,33.125,39.5,transcripts_by_company/Multi_Commodity_Exchange_of_India_Limited_2020Q1.txt,0.18134194612503052,0.8186580538749695
GREENLANE HOLDINGS INC,1.0,-0.36,-0.05,transcripts_by_company/Greenlane_Holdings_Inc_2021Q1.txt,0.2838168442249298,0.7161831557750702
ADOBE INC,1.0,0.57,0.58,transcripts_by_company/Adobe_Systems_Incorporated_2012Q1.txt,0.20222021639347076,0.7977797836065292
SOTHEBY'S,3.0,-0.26,-0.41,transcripts_by_company/Sothebys_2014Q3.txt,0.28638768196105957,0.7136123180389404
GLADSTONE COMMERCIAL CORP,2.0,0.04,0.02,transcripts_by_company/Gladstone_Commercial_Corporate_2011Q2.txt,0.12628798186779022,0.8737120181322098
VIASAT INC,1.0,0.36,0.32,transcripts_by_company/ViaSat_2015Q1.txt,0.2066391408443451,0.7933608591556549
CARTER'S INC,3.0,0.58,1.2,transcripts_by_company/Carters_Inc_2006Q3.txt,0.20050932466983795,0.799490675330162
ARCHIPELAGO LEARNING INC,4.0,0.07,0.02,transcripts_by_company/Archipelago_Learning_Inc_2011Q4.txt,0.07567417621612549,0.9243258237838745
IAMGOLD CORP,1.0,0.05,0.04,transcripts_by_company/IAMGOLD_Corporation_2022Q1.txt,0.1999402940273285,0.8000597059726715
WD 40 CO,4.0,0.26,0.38,transcripts_by_company/WD-40_Company_2002Q4.txt,0.11073926836252213,0.8892607316374779
BOWATER INC,2.0,-0.72,-0.01,transcripts_by_company/Bowater_Incorporated_2007Q2.txt,0.3993050754070282,0.6006949245929718
IRONWOOD PHARMACEUTICALS INC,1.0,-0.26,-0.1,transcripts_by_company/Ironwood_Pharmaceuticals_Inc_2019Q1.txt,0.19010527431964874,0.8098947256803513
TRAVELERS COMPANIES INC,3.0,1.61,1.27,transcripts_by_company/The_Travelers_Companies_Inc_2009Q3.txt,0.20784887671470642,0.7921511232852936
REALPAGE INC,1.0,0.11,0.1,transcripts_by_company/RealPage_Inc_2015Q1.txt,0.2914900481700897,0.7085099518299103
RR MEDIA LTD,4.0,0.22,0.23,transcripts_by_company/ProSiebenSat1_Media_AG_2009Q4.txt,0.1904710978269577,0.8095289021730423
HARMAN INTERNATIONAL INDUSTRIES,3.0,1.48,1.53,transcripts_by_company/Harman_International_Industries_Inc_2015Q3.txt,0.22285090386867523,0.7771490961313248
BILL BARRETT CORP,4.0,0.06,0.38,transcripts_by_company/Bill_Barrett_Corp_2007Q4.txt,0.3650035262107849,0.6349964737892151
TULARIK INC,1.0,-0.44,-0.43,transcripts_by_company/Tularik_Inc_2003Q1.txt,0.2272966206073761,0.7727033793926239
CUMMINS ENG,3.0,1.84,1.54,transcripts_by_company/Cummins_Inc_2007Q3.txt,0.11840572208166122,0.8815942779183388
BROOKS AUTOMATION INC,2.0,0.05,0.14,transcripts_by_company/Brooks_Automation_Inc_2014Q2.txt,0.29536160826683044,0.7046383917331696
POTASH CORPORATION OF SASKATCHEW,2.0,0.88,2.11,transcripts_by_company/Potash_Corporation_of_Saskatchewan_Inc_2007Q2.txt,0.0785689651966095,0.9214310348033905
LITTELFUSE INC,3.0,2.12,1.87,transcripts_by_company/Littelfuse_Inc_2017Q3.txt,0.13816842436790466,0.8618315756320953
VEON LTD,1.0,0.07,0.07,transcripts_by_company/VEON_Ltd_2021Q1.txt,0.16156992316246033,0.8384300768375397
MGM MIRAGE,3.0,0.36,0.46,transcripts_by_company/MGM_Mirage_2003Q3.txt,0.09675323963165283,0.9032467603683472
BAXTER INTERNATIONAL INC,3.0,0.42,0.47,transcripts_by_company/Baxter_International_Inc_2004Q3.txt,0.13415265083312988,0.8658473491668701
ROSS STORES INC,3.0,0.54,0.42,transcripts_by_company/Ross_Stores_Inc_2008Q3.txt,0.2379794716835022,0.7620205283164978
"ARBOR REALTY TRUST, INC",3.0,0.21,0.13,transcripts_by_company/Arbor_Realty_Trust_Inc_2016Q3.txt,0.21460583806037903,0.785394161939621
CANADIAN IMPERIAL BANK COMM,1.0,3.01,3.04,transcripts_by_company/Canadian_Western_Bank_2019Q1.txt,0.11006240546703339,0.8899375945329666
PEMBINA PIPELINE CORP,4.0,0.7,0.55,transcripts_by_company/Pembina_Pipeline_Corporation_2017Q4.txt,0.1603161096572876,0.8396838903427124
SATCON TECHNOLOGY CORP,2.0,-0.09,-0.06,transcripts_by_company/SatCon_Technology_Corp_2007Q2.txt,0.10852296650409698,0.891477033495903
COLUMBIA SPORTSWEAR CO,4.0,1.2,1.01,transcripts_by_company/Columbia_Sportswear_Company_2016Q4.txt,0.2791745364665985,0.7208254635334015
JOHNSON  JOHNSON,4.0,2.35,2.33,transcripts_by_company/Johnson_Matthey_Plc_2022Q4.txt,0.16681303083896637,0.8331869691610336
ADDVANTAGE TECHNOLOGIES GROUP IN,4.0,0.09,0.29,transcripts_by_company/ADDvantage_Technologies_Group_Inc_2008Q4.txt,0.17445135116577148,0.8255486488342285
MAGIC SOFTWARE ENTERPRISES LTD,4.0,0.1,0.15,transcripts_by_company/Magic_Software_Enterprises_Limited_2016Q4.txt,0.07435628771781921,0.9256437122821808
WHEATON PRECIOUS METALS CORP,1.0,0.21,0.2,transcripts_by_company/Wheaton_Precious_Metals_Corp_2020Q1.txt,0.1721784621477127,0.8278215378522873
SEI CORP,2.0,0.34,0.65,transcripts_by_company/SEI_Investments_2007Q2.txt,0.3478919267654419,0.6521080732345581
FALCON MINERALS CORP,2.0,-0.01,0.09,transcripts_by_company/Falcon_Minerals_Corporation_2020Q2.txt,0.0594639852643013,0.9405360147356987
YIRENDAI LTD,3.0,2.464,1.11,transcripts_by_company/Yirendai_Ltd_2018Q3.txt,0.12803328037261963,0.8719667196273804
ART TECHNOLOGY GROUP INC,2.0,0.03,0.03,transcripts_by_company/Art_Technology_Group_2008Q2.txt,0.13548065721988678,0.8645193427801132
SONIC AUTOMOTIVE INC,3.0,0.4,0.59,transcripts_by_company/Sonic_Automotive_Inc_2017Q3.txt,0.17285111546516418,0.8271488845348358
MENS WEARHOUSE INC,4.0,0.57,0.4,transcripts_by_company/Mens_Wearhouse_2010Q4.txt,0.2260911762714386,0.7739088237285614
METTLER-TOLEDO INTERNATIONAL INC,2.0,1.17,1.48,transcripts_by_company/Mettler-Toledo_International_2009Q2.txt,0.25448256731033325,0.7455174326896667
RENASANT CORP,2.0,0.23,0.26,transcripts_by_company/Renasant_Corporation_2011Q2.txt,0.17480477690696716,0.8251952230930328
LEXINGTON CORPORATE PROPERTIES,3.0,0.04,0.24,transcripts_by_company/Lexington_Corporate_Properties_Trust_2005Q3.txt,0.2078355848789215,0.7921644151210785
AXIS CAPITAL HOLDINGS LTD,1.0,1.07,0.97,transcripts_by_company/AXIS_Capital_Holdings_Limited_2012Q1.txt,0.2618703544139862,0.7381296455860138
AVANTAIR INC,2.0,-0.1,0.12,transcripts_by_company/Avantair_Inc_2012Q2.txt,0.3985675275325775,0.6014324724674225
MATTEL /CA/ PRED INC,3.0,0.55,0.65,transcripts_by_company/Mattel_2005Q3.txt,0.12463609129190445,0.8753639087080956
L-3 COMMUNICATIONS HOLDINGS INC,4.0,1.04,1.05,transcripts_by_company/L-3_Communications_Holdings_2004Q4.txt,0.23297613859176636,0.7670238614082336
STONEMOR PARTNERS LP,2.0,0.14,0.14,transcripts_by_company/StoneMor_Partners_LP_2009Q2.txt,0.2608807682991028,0.7391192317008972
ACE AVIATION HOLDINGS INC,4.0,-0.19,1.75,transcripts_by_company/ACE_Limited_2006Q4.txt,0.09347430616617203,0.906525693833828
COEUR MINING INC,3.0,-0.11,0.0,transcripts_by_company/Coeur_Mining_Inc_2018Q3.txt,0.07347164303064346,0.9265283569693565
CUTERA INC,2.0,0.12,0.17,transcripts_by_company/Cutera_Inc_2018Q2.txt,0.1330621987581253,0.8669378012418747
CLEAN HARBORS INC,1.0,0.27,-0.03,transcripts_by_company/Clean_Harbors_2005Q1.txt,0.1764012575149536,0.8235987424850464
HAWAIIAN HOLDINGS INC,1.0,-0.02,-0.14,transcripts_by_company/Hawaiian_Holdings_Inc_2014Q1.txt,0.2169073522090912,0.7830926477909088
OLO INC,3.0,0.03,0.01,transcripts_by_company/Olo_Inc_2021Q3.txt,0.19622176885604858,0.8037782311439514
KILROY REALTY CORP,1.0,0.36,0.33,transcripts_by_company/Kilroy_Realty_Corporation_2018Q1.txt,0.12326830625534058,0.8767316937446594
AMERCO,2.0,5.78,4.37,transcripts_by_company/Amerco_2013Q2.txt,0.23267970979213715,0.7673202902078629
FTD GROUP INC,3.0,0.28,0.22,transcripts_by_company/FTD_Group_Inc_2007Q3.txt,0.16277837753295898,0.837221622467041
J M SMUCKER CO,4.0,1.22,0.93,transcripts_by_company/J_M_Smucker_Company_2009Q4.txt,0.11661270260810852,0.8833872973918915
OMNOVA SOLUTIONS,1.0,0.17,0.07,transcripts_by_company/OMNOVA_Solutions_2010Q1.txt,0.3731023967266083,0.6268976032733917
VANDA PHARMACEUTICALS INC,2.0,-0.05,0.03,transcripts_by_company/Vanda_Pharmaceuticals_Inc_2011Q2.txt,0.18220184743404388,0.8177981525659561
PLUM CREEK TIMBER CO INC,1.0,0.47,0.06,transcripts_by_company/Plum_Creek_Timber_2010Q1.txt,0.14269962906837463,0.8573003709316254
TERADYNE INC,3.0,0.21,0.27,transcripts_by_company/Teradyne_Inc_2004Q3.txt,0.15901266038417816,0.8409873396158218
MEMC ELECTRONIC MATERIALS INC,1.0,0.01,1.14,transcripts_by_company/MEMC_Electronic_Materials_2009Q1.txt,0.1579252928495407,0.8420747071504593
SURMODICS INC,2.0,0.21,0.23,transcripts_by_company/SurModics_Inc_2013Q2.txt,0.16875822842121124,0.8312417715787888
TRIMAS CORP,2.0,0.1,0.2,transcripts_by_company/TriMas_Corporation_2009Q2.txt,0.19908536970615387,0.8009146302938461
COPA HOLDINGS SA,4.0,1.61,1.35,transcripts_by_company/Copa_Holdings_2009Q4.txt,0.11503484845161438,0.8849651515483856
SPARK THERAPEUTICS INC,1.0,-1.7,-1.11,transcripts_by_company/Spark_Therapeutics_2017Q1.txt,0.22091369330883026,0.7790863066911697
PROCTER  GAMBLE CO,4.0,1.13,1.12,transcripts_by_company/Procter_and_Gamble_2010Q4.txt,0.16859807074069977,0.8314019292593002
DR PEPPER SNAPPLE GROUP INC,4.0,0.82,0.76,transcripts_by_company/Dr_Pepper_Snapple_Group_Inc_2011Q4.txt,0.1386374682188034,0.8613625317811966
ARCH CAPITAL GROUP LTD,3.0,1.05,0.71,transcripts_by_company/Arch_Capital_Group_Ltd_2014Q3.txt,0.14174945652484894,0.8582505434751511
HENRY JACK & ASSOCIATES,1.0,0.18,0.17,transcripts_by_company/Jack_Henry_and_Associates_2004Q1.txt,0.08951307833194733,0.9104869216680527
CONFLUENT INC,1.0,-0.19,-0.25,transcripts_by_company/Confluent_Inc_2022Q1.txt,0.23897860944271088,0.7610213905572891
ADAMS RESPIRATORY THERAPEUTICS I,2.0,0.01,0.3,transcripts_by_company/Adams_Respiratory_Therapeutics_2007Q2.txt,0.14909186959266663,0.8509081304073334
BOMBARDIER INC,2.0,0.1,0.11,transcripts_by_company/Bombardier_Inc_2012Q2.txt,0.20932134985923767,0.7906786501407623
PULTE CORPORATION,4.0,2.78,2.45,transcripts_by_company/Pulte_Homes_2002Q4.txt,0.1829296499490738,0.8170703500509262
PETROLEUM DEVELOPMENT CORPORATIO,1.0,0.57,0.16,transcripts_by_company/Petroleum_Development_2010Q1.txt,0.19574955105781555,0.8042504489421844
CAMECO CORP,3.0,0.71,0.5,transcripts_by_company/Cameco_2007Q3.txt,0.10307927429676056,0.8969207257032394
VAXCYTE INC,2.0,-0.8,-0.65,transcripts_by_company/Vaxcyte_Inc_2022Q2.txt,0.040960222482681274,0.9590397775173187
ARGON ST INC,1.0,0.25,0.23,transcripts_by_company/Argon_ST_Inc_2008Q1.txt,0.23324009776115417,0.7667599022388458
PNM RESOURCES INC,1.0,0.17,0.09,transcripts_by_company/PNM_Resources_Inc_2012Q1.txt,0.22606244683265686,0.7739375531673431
NOVAGOLD RESOURCES INC,2.0,-0.03,-0.03,transcripts_by_company/NOVAGOLD_RESOURCES_INC_2013Q2.txt,0.2136298418045044,0.7863701581954956
MATTEL /CA/ PRED INC,3.0,0.77,0.75,transcripts_by_company/Mattel_2010Q3.txt,0.2012292444705963,0.7987707555294037
NAVIOS MARITIME HOLDINGS INC,3.0,0.15,0.26,transcripts_by_company/Navios_Maritime_Holdings_Inc_2011Q3.txt,0.2536240518093109,0.7463759481906891
BLUEKNIGHT ENERGY PARTNERS LP,4.0,-0.18,-0.01,transcripts_by_company/Blueknight_Energy_Partners_LP_2016Q4.txt,0.2342142015695572,0.7657857984304428
MERU NETWORKS INC,2.0,-0.26,-0.23,transcripts_by_company/Meru_Networks_Inc_2012Q2.txt,0.2585363984107971,0.7414636015892029
KORU MEDICAL SYSTEMS INC,1.0,-0.05,-0.05,transcripts_by_company/KORU_Medical_Systems_Inc_2023Q1.txt,0.17195439338684082,0.8280456066131592
ADVANCED LIFE SCIENCES HOLDS INC,4.0,-0.07,-0.11,transcripts_by_company/Advanced_Life_Sciences_Holdings_Inc_2008Q4.txt,0.26591232419013977,0.7340876758098602
MCG CAPITAL CORPORATION,1.0,0.41,0.4,transcripts_by_company/MCG_Capital_Corporation_2006Q1.txt,0.19953949749469757,0.8004605025053024
MOVADO GROUP INC,2.0,-0.37,0.1,transcripts_by_company/Movado_2009Q2.txt,0.27050402760505676,0.7294959723949432
ANSYS INC,4.0,2.13,1.35,transcripts_by_company/ANSYS_Inc_2018Q4.txt,0.35606294870376587,0.6439370512962341
PRA GROUP INC,4.0,0.6,0.48,transcripts_by_company/PRA_Group_Inc_2019Q4.txt,0.12068799138069153,0.8793120086193085
TELLABS INC,2.0,0.03,0.05,transcripts_by_company/Tellabs_2008Q2.txt,0.10739786922931671,0.8926021307706833
NET 1 UEPS TECHNOLOGIES INC,4.0,0.43,0.45,transcripts_by_company/Net1_UEPS_Technologies_Inc_2016Q4.txt,0.13432623445987701,0.865673765540123
KROGER CO,2.0,0.58,0.71,transcripts_by_company/The_Kroger_Company_2010Q2.txt,0.14833159744739532,0.8516684025526047
ENSYNC INC,1.0,-0.05,-0.06,transcripts_by_company/EnSync_Inc_2018Q1.txt,0.303874671459198,0.696125328540802
MEDQUIST HOLDINGS INC,3.0,0.34,0.33,transcripts_by_company/Medquist_Holdings_Inc_2011Q3.txt,0.1952008306980133,0.8047991693019867
AXSYS TECHNOLOGIES INC.,3.0,0.22,0.26,transcripts_by_company/Axsys_Technologies_2005Q3.txt,0.2594012916088104,0.7405987083911896
INVACARE CORP,4.0,-0.28,-0.13,transcripts_by_company/Invacare_Corporation_2019Q4.txt,0.3172210454940796,0.6827789545059204
ISTAR INC,4.0,-0.92,-0.1,transcripts_by_company/SkiStar_AB_2022Q4.txt,0.3697108328342438,0.6302891671657562
STRYKER CORP,4.0,1.14,1.14,transcripts_by_company/Stryker_Corp_2012Q4.txt,0.22460490465164185,0.7753950953483582
BIG 5 SPORTING GOODS CORP,4.0,0.17,0.22,transcripts_by_company/Big_5_Sporting_Goods_2008Q4.txt,0.2728060781955719,0.7271939218044281
WOLVERINE WW,3.0,0.82,0.77,transcripts_by_company/Wolverine_Worldwide_Inc_2011Q3.txt,0.2375321388244629,0.7624678611755371
GRAHAM CORP,3.0,0.16,0.12,transcripts_by_company/Graham_Packaging_Holdings_Inc_2010Q3.txt,0.17272785305976868,0.8272721469402313
PHIBRO ANIMAL HEALTH CORP,1.0,0.29,0.32,transcripts_by_company/Phibro_Animal_Health_Corporation_2023Q1.txt,0.26510435342788696,0.734895646572113
CAPSTEAD MORTGAGE CORP,1.0,0.41,0.39,transcripts_by_company/Capstead_Mortgage_2011Q1.txt,0.15557661652565002,0.84442338347435
ARTHROCARE CORPORATION,4.0,0.2,0.18,transcripts_by_company/ArthroCare_2004Q4.txt,0.12432193756103516,0.8756780624389648
JONES LANG LASALLE INC,1.0,-1.78,0.91,transcripts_by_company/Jones_Lang_LaSalle_2009Q1.txt,0.13090315461158752,0.8690968453884125
CALIX INC,4.0,-0.03,0.16,transcripts_by_company/Calix_Inc_2015Q4.txt,0.28048175573349,0.71951824426651
TUPPERWARE BRANDS CORP,1.0,1.01,1.02,transcripts_by_company/Tupperware_Brands_Corporation_2017Q1.txt,0.09228316694498062,0.9077168330550194
TRANSPORT CORP OF AMERICA,4.0,0.17,0.17,transcripts_by_company/Transport_Corporation_of_America_Inc_2004Q4.txt,0.279520720243454,0.720479279756546
EMCOR GROUP INC,4.0,0.17,1.8,transcripts_by_company/EMCOR_Group_Inc_2003Q4.txt,0.2885080873966217,0.7114919126033783
MERITAGE CORPORATION,3.0,-4.52,0.05,transcripts_by_company/Meritage_Homes_Corporation_2007Q3.txt,0.23343302309513092,0.7665669769048691
YOUNG INNOVATIONS INC,1.0,0.5,0.47,transcripts_by_company/Young_Innovations_2011Q1.txt,0.16288094222545624,0.8371190577745438
HERMAN  MILLER INC,4.0,0.16,0.15,transcripts_by_company/Herman_Miller_2003Q4.txt,0.2628099322319031,0.7371900677680969
AUTOMATIC DATA PROCESSING INC,4.0,0.72,0.74,transcripts_by_company/Automatic_Data_Processing_Inc_2012Q4.txt,0.1527601182460785,0.8472398817539215
J M SMUCKER CO,3.0,0.82,0.73,transcripts_by_company/J_M_Smucker_Company_2008Q3.txt,0.09718696773052216,0.9028130322694778
INTEST CORP,2.0,0.13,0.11,transcripts_by_company/inTEST_Corp_2014Q2.txt,0.0912259966135025,0.9087740033864975
VASCULAR SOLUTIONS INC,3.0,-0.19,-0.19,transcripts_by_company/Vascular_Solutions_2003Q3.txt,0.19812621176242828,0.8018737882375717
ORASURE TECHNOLOGIES INC,2.0,-0.01,0.01,transcripts_by_company/OraSure_Technologies_2003Q2.txt,0.163081094622612,0.836918905377388
"PROSPERITY BANCSHARES, INC.",1.0,0.46,0.47,transcripts_by_company/Prosperity_Bancshares_Inc_2006Q1.txt,0.17090541124343872,0.8290945887565613
KLA-TENCOR CORP,1.0,0.84,0.78,transcripts_by_company/KLA-Tencor_Corporation_2007Q1.txt,0.16170310974121094,0.8382968902587891
CROWN HOLDINGS INC,2.0,0.29,0.17,transcripts_by_company/Crown_Media_Holdings_Inc_2004Q2.txt,0.3094249665737152,0.6905750334262848
MENS WEARHOUSE INC,1.0,0.55,0.57,transcripts_by_company/Mens_Wearhouse_2004Q1.txt,0.15918010473251343,0.8408198952674866
AUTOZONE INC,2.0,34.12,31.83,transcripts_by_company/AutoZone_Inc_2023Q2.txt,0.12552250921726227,0.8744774907827377
RCI HOSPITALITY HOLDINGS INC,2.0,1.3,1.65,transcripts_by_company/RCI_Hospitality_Holdings_Inc_2023Q2.txt,0.12727276980876923,0.8727272301912308
LIGHTPATH TECHNOLOGIES INC,1.0,0.04,0.04,transcripts_by_company/LightPath_Technologies_Inc_2018Q1.txt,0.29592153429985046,0.7040784657001495
GENAISSANCE PHARMACEUTICALS,1.0,-0.21,-0.18,transcripts_by_company/Genaissance_2003Q1.txt,0.12629041075706482,0.8737095892429352
WESTELL TECHNOLOGIES INC,3.0,0.1,0.1,transcripts_by_company/Westell_Technologies_2004Q3.txt,0.38635802268981934,0.6136419773101807
IDT CORP,4.0,-0.47,-0.34,transcripts_by_company/IDT_Corporation_2008Q4.txt,0.25977644324302673,0.7402235567569733
HARMAN INTERNATIONAL INDUSTRIES,1.0,0.63,1.13,transcripts_by_company/Harman_International_Industries_Inc_2004Q1.txt,0.29220840334892273,0.7077915966510773
KBR INC,2.0,0.3,0.31,transcripts_by_company/KBR_Inc_2007Q2.txt,0.22711536288261414,0.7728846371173859
BIO-REFERENCE LABS INC.,3.0,0.27,0.27,transcripts_by_company/Bio-Reference_LaboratoriesInc_2006Q3.txt,0.3197478950023651,0.6802521049976349
MAXWELL TECHNOLOGIES INC.,1.0,0.02,0.05,transcripts_by_company/Maxwell_Technologies_2012Q1.txt,0.3692792057991028,0.6307207942008972
FORMFACTOR INC,4.0,-0.2,-0.02,transcripts_by_company/FormFactor_Inc_2013Q4.txt,0.34410378336906433,0.6558962166309357
TRIBUTE PHARMACEUTICALS CANADA I,1.0,-0.04,0.0,transcripts_by_company/Tribute_Pharmaceuticals_Canada_Inc_2015Q1.txt,0.22556725144386292,0.7744327485561371
FULL HOUSE RESORTS INC,4.0,-0.04,-0.04,transcripts_by_company/Full_House_Resorts_Inc_2018Q4.txt,0.16206181049346924,0.8379381895065308
AMAG PHARMACEUTICALS INC,2.0,1.12,1.44,transcripts_by_company/AMAG_Pharmaceuticals_2015Q2.txt,0.14942680299282074,0.8505731970071793
CBRL GROUP INC,4.0,0.59,0.7,transcripts_by_company/CBRL_Group_2007Q4.txt,0.14253979921340942,0.8574602007865906
HASBRO BRADLEY I,3.0,1.31,1.3,transcripts_by_company/Hasbro_Inc_2013Q3.txt,0.3533830940723419,0.6466169059276581
NATIONAL FUEL GAS CO N J,4.0,0.67,0.65,transcripts_by_company/National_Fuel_Gas_Company_2005Q4.txt,0.20489081740379333,0.7951091825962067
PHOENIX NEW MEDIA LTD,1.0,0.06,0.02,transcripts_by_company/Phoenix_New_Media_Ltd_2012Q1.txt,0.08605927228927612,0.9139407277107239
CLEARWATER PAPER CORP,4.0,0.55,1.7,transcripts_by_company/Clearwater_Paper_Corporation_2011Q4.txt,0.31791791319847107,0.6820820868015289
MCDERMOTT INTERNATIONAL INC,4.0,0.19,0.78,transcripts_by_company/McDermott_International_Inc_2008Q4.txt,0.21964970231056213,0.7803502976894379
EXPONENT INC,2.0,0.36,0.33,transcripts_by_company/Exponent_Inc_2008Q2.txt,0.12779982388019562,0.8722001761198044
TRADESTATION GROUP INC,2.0,0.14,0.2,transcripts_by_company/TradeStation_Group_Inc_2008Q2.txt,0.05608755722641945,0.9439124427735806
ROOT INC,4.0,-0.72,-0.71,transcripts_by_company/Roots_Corporation_2020Q4.txt,0.27910396456718445,0.7208960354328156
GENERAL FINANCE CORP,2.0,-0.12,0.11,transcripts_by_company/General_Finance_Corporation_2015Q2.txt,0.16450585424900055,0.8354941457509995
LEGGETT  PLATT INC,2.0,0.34,0.24,transcripts_by_company/Leggett_and_Platt_Incorporated_2010Q2.txt,0.14429309964179993,0.8557069003582001
ALLOT COMMUNICATIONS LTD,3.0,-0.01,0.04,transcripts_by_company/Allot_Communications_Ltd_2016Q3.txt,0.3541924059391022,0.6458075940608978
YAHOO INC,1.0,0.18,0.12,transcripts_by_company/Yahoo_Japan_Corp_2017Q1.txt,0.22500817477703094,0.774991825222969
ASSURANT INC,1.0,1.87,1.61,transcripts_by_company/Assurant_Inc_2017Q1.txt,0.10873742401599884,0.8912625759840012
UNIVERSAL AMERICAN CORP,1.0,0.07,0.05,transcripts_by_company/Universal_American_Corp_2016Q1.txt,0.14462903141975403,0.855370968580246
SHOTSPOTTER INC,3.0,0.05,0.05,transcripts_by_company/ShotSpotter_Inc_2020Q3.txt,0.3522668480873108,0.6477331519126892
"EAST WEST BANCORP, INC.",1.0,0.88,0.68,transcripts_by_company/East_West_Bancorp_Inc_2017Q1.txt,0.28990551829338074,0.7100944817066193
INDEPENDENT BANK CORP (MASSACHUS,1.0,0.52,0.47,transcripts_by_company/Independent_Bank_Corporation_2011Q1.txt,0.10356730222702026,0.8964326977729797
TERRAFORM POWER INC,4.0,0.0,0.03,transcripts_by_company/TerraForm_Power_Inc_2014Q4.txt,0.28503111004829407,0.7149688899517059
INOVIO BIOMEDICAL CORP,4.0,-0.14,-0.09,transcripts_by_company/Inovio_Biomedical_Corp_2006Q4.txt,0.07039464265108109,0.9296053573489189
SEATTLE GENETICS INC /WA,3.0,3.5,-0.79,transcripts_by_company/Seattle_Genetics_Inc_2020Q3.txt,0.18291258811950684,0.8170874118804932
HAYNES INTERNATIONAL INC,4.0,0.97,1.52,transcripts_by_company/Haynes_International_Inc_2007Q4.txt,0.2620100677013397,0.7379899322986603
BRIGHTVIEW HOLDINGS INC,1.0,-0.07,0.15,transcripts_by_company/BrightView_Holdings_Inc_2023Q1.txt,0.3988170921802521,0.6011829078197479
INOGEN INC,4.0,0.25,0.14,transcripts_by_company/Inogen_Inc_2016Q4.txt,0.20078641176223755,0.7992135882377625
DISTRIBUTED ENERGY SYSTEMS CORP,3.0,-0.16,-0.09,transcripts_by_company/Distributed_Energy_Systems_2006Q3.txt,0.3068322241306305,0.6931677758693695
EINSTEIN NOAH RESTAURANT GROUP I,3.0,0.21,0.23,transcripts_by_company/Einstein_Noah_Restaurant_Group_Inc_2012Q3.txt,0.22173938155174255,0.7782606184482574
BRIGHTSPHERE INVESTMENT GROUP IN,2.0,0.28,0.3,transcripts_by_company/BrightSphere_Investment_Group_Inc_2023Q2.txt,0.10525110363960266,0.8947488963603973
ALBANY INTERNATIONAL CORP,2.0,0.32,0.46,transcripts_by_company/Albany_International_2011Q2.txt,0.2924960255622864,0.7075039744377136
VULCAN MATERIALS CO,4.0,1.07,0.97,transcripts_by_company/Vulcan_Materials_Company_2020Q4.txt,0.2179427295923233,0.7820572704076767
OMNIVISION TECHNOLOGIES INC,2.0,0.66,0.36,transcripts_by_company/OmniVision_Technologies_Inc_2011Q2.txt,0.13877299427986145,0.8612270057201385
VISHAY INTERTECHNOLOGY INC,1.0,0.25,0.16,transcripts_by_company/Vishay_Intertechnology_Inc_2006Q1.txt,0.25452008843421936,0.7454799115657806
WISDOMTREE INC,3.0,0.07,0.03,transcripts_by_company/WisdomTree_Investments_Inc_2020Q3.txt,0.33359214663505554,0.6664078533649445
QIWI PLC,1.0,17.62,14.84,transcripts_by_company/Qiwi_plc_2018Q1.txt,0.11396050453186035,0.8860394954681396
NEUROGEN CORP,4.0,-0.09,-1.51,transcripts_by_company/Neurogen_Corporation_2004Q4.txt,0.20994479954242706,0.7900552004575729
COMMVAULT SYSTEMS INC,3.0,0.42,0.53,transcripts_by_company/Commvault_Systems_Inc_2019Q3.txt,0.21626539528369904,0.783734604716301
SYNTA PHARMACEUTICALS CORP,2.0,-0.7,-0.06,transcripts_by_company/Synta_Pharmaceuticals_Corp_2016Q2.txt,0.19447678327560425,0.8055232167243958
EMERGENT BIOSOLUTIONS INC,4.0,0.76,0.27,transcripts_by_company/Emergent_BioSolutions_Inc_2010Q4.txt,0.19701236486434937,0.8029876351356506
KINGSTONE COMPANIES INC,4.0,-0.36,-0.08,transcripts_by_company/Kingstone_Companies_Inc_2022Q4.txt,0.3957979381084442,0.6042020618915558
DOLLAR TREE INC,1.0,1.01,1.0,transcripts_by_company/Dollar_Tree_Inc_2013Q1.txt,0.09453406929969788,0.9054659307003021
CODEXIS INC,1.0,-0.13,-0.15,transcripts_by_company/Codexis_Inc_2022Q1.txt,0.09853676706552505,0.901463232934475
CDK GLOBAL INC,4.0,0.98,0.99,transcripts_by_company/CDK_Global_Inc_2018Q4.txt,0.36867010593414307,0.6313298940658569
INPUT/OUTPUT INC,2.0,0.16,0.1,transcripts_by_company/InputOutput_Inc_2006Q2.txt,0.3081032335758209,0.6918967664241791
KOHL'S CORP,3.0,0.33,0.43,transcripts_by_company/Kohls_2003Q3.txt,0.27623042464256287,0.7237695753574371
"HUDSON TECHNOLOGIES, INC.",4.0,0.08,0.12,transcripts_by_company/Hudson_Technologies_Inc_CurrentQ4.txt,0.12868468463420868,0.8713153153657913
TENARIS SA,3.0,0.54,0.66,transcripts_by_company/Tenaris_SA_2014Q3.txt,0.20434382557868958,0.7956561744213104
EPIQ SYSTEMS INC,3.0,0.19,0.2,transcripts_by_company/EPIQ_Systems_2010Q3.txt,0.18707679212093353,0.8129232078790665
MONMOUTH REAL ESTATE INVESTMENT,2.0,0.13,0.11,transcripts_by_company/Monmouth_Real_Estate_Investment_Corporation_2018Q2.txt,0.09686211496591568,0.9031378850340843
BAXTER INTERNATIONAL INC,2.0,1.16,1.2,transcripts_by_company/Baxter_International_Inc_2013Q2.txt,0.22981764376163483,0.7701823562383652
ALTISOURCE PORTFOLIO SOLUTIONS S,2.0,1.77,1.05,transcripts_by_company/Altisource_Portfolio_Solutions_SA_2015Q2.txt,0.3164079487323761,0.6835920512676239
MOLINA HEALTHCARE INC,2.0,0.16,0.46,transcripts_by_company/Molina_Healthcare_Inc_2014Q2.txt,0.08699334412813187,0.9130066558718681
SEASPAN CORP,3.0,0.3,0.3,transcripts_by_company/Seaspan_Corporation_2015Q3.txt,0.3887566924095154,0.6112433075904846
SMURFIT-STONE CONTAINER CORP,4.0,0.08,0.21,transcripts_by_company/Smurfit-Stone_Container_Corporation_2006Q4.txt,0.17308184504508972,0.8269181549549103
MANITOWOC COMPANY INC,1.0,0.03,0.17,transcripts_by_company/The_Manitowoc_Company_Inc_2022Q1.txt,0.35533249378204346,0.6446675062179565
GAN LTD,2.0,-0.22,-0.13,transcripts_by_company/GAN_Limited_2023Q2.txt,0.33542871475219727,0.6645712852478027
ADSTAR INC,2.0,-0.01,0.0,transcripts_by_company/Adstar_Incorporated_2008Q2.txt,0.2570478022098541,0.7429521977901459
VIAVI SOLUTIONS INC,4.0,0.11,0.16,transcripts_by_company/Viavi_Solutions_Inc_CurrentQ4.txt,0.11234286427497864,0.8876571357250214
AXCELLA HEALTH INC,1.0,-0.05,-0.31,transcripts_by_company/Axcella_Health_Inc_2023Q1.txt,0.4124943017959595,0.5875056982040405
FAIR ISAAC & CO INC,1.0,2.14,1.85,transcripts_by_company/Fair_Isaac_Corporation_2020Q1.txt,0.09996156394481659,0.9000384360551834
CATAPULT COMMUNICATIONS CORP,2.0,-0.08,-0.09,transcripts_by_company/Catapult_Communications_2008Q2.txt,0.3148037791252136,0.6851962208747864
CALGON CARBON CORP,1.0,-0.08,0.03,transcripts_by_company/Calgon_Carbon_Corporation_2006Q1.txt,0.3444005250930786,0.6555994749069214
ESTERLINE CORP,2.0,0.23,0.33,transcripts_by_company/Esterline_Technologies_2002Q2.txt,0.1555536985397339,0.8444463014602661
LAM RESEARCH CORP,2.0,3.11,2.03,transcripts_by_company/Lam_Research_Corporation_2017Q2.txt,0.15086933970451355,0.8491306602954865
TD AMERITRADE HOLDING CORP,3.0,0.21,0.23,transcripts_by_company/TD_AMERITRADE_Holding_Corporation_2006Q3.txt,0.19057464599609375,0.8094253540039062
FULTON FINANCIAL CORP,2.0,0.21,0.21,transcripts_by_company/Fulton_Financial_Corporation_2014Q2.txt,0.091453418135643,0.908546581864357
FIRSTCITY FINANCIAL CORP,1.0,0.23,0.44,transcripts_by_company/FirstCity_Financial_Corporation_2010Q1.txt,0.06439404934644699,0.935605950653553
APPFOLIO INC,2.0,0.13,-0.01,transcripts_by_company/AppFolio_Inc_2017Q2.txt,0.17786835134029388,0.8221316486597061
WD 40 CO,2.0,0.41,0.46,transcripts_by_company/WD-40_Company_2009Q2.txt,0.192479208111763,0.807520791888237
NEW RELIC INC,4.0,0.05,-0.04,transcripts_by_company/New_Relic_Inc_2017Q4.txt,0.26034656167030334,0.7396534383296967
SENOMYX INC,2.0,-0.06,-0.1,transcripts_by_company/Senomyx_Inc_2017Q2.txt,0.17520123720169067,0.8247987627983093
BEBE STORES INC,2.0,0.18,0.24,transcripts_by_company/Bebe_Stores_2008Q2.txt,0.20999833941459656,0.7900016605854034
VEECO INSTRUMENTS INC,4.0,0.07,0.33,transcripts_by_company/Veeco_Instruments_Inc_2007Q4.txt,0.2431258261203766,0.7568741738796234
SPARTANNASH CO,2.0,0.54,0.55,transcripts_by_company/SpartanNash_Company_2021Q2.txt,0.15709906816482544,0.8429009318351746
GAN LTD,3.0,-0.14,0.08,transcripts_by_company/GTN_Limited_2020Q3.txt,0.2247912436723709,0.7752087563276291
SPECTRANETICS CORP,3.0,-0.05,-0.02,transcripts_by_company/The_Spectranetics_Corporation_2014Q3.txt,0.2418268471956253,0.7581731528043747
SARA LEE CORPORATION,3.0,0.1,0.33,transcripts_by_company/Sara_Lee_Corporation_2008Q3.txt,0.11508648842573166,0.8849135115742683
CARRIZO OIL & GAS INC,2.0,0.24,0.46,transcripts_by_company/Carrizo_Oil_and_Gas_2011Q2.txt,0.03291911259293556,0.9670808874070644
TWITTER INC,2.0,1.58,0.2,transcripts_by_company/Twitter_Inc_2019Q2.txt,0.1760113686323166,0.8239886313676834
FIRST HORIZON CORP,4.0,0.87,0.92,transcripts_by_company/First_Horizon_National_Corporation_2005Q4.txt,0.14001032710075378,0.8599896728992462
KADANT INC,1.0,0.16,0.25,transcripts_by_company/Kadant_2005Q1.txt,0.0937500074505806,0.9062499925494194
HANCOCK HLDG CO,1.0,0.55,0.58,transcripts_by_company/Hancock_Holding_Company_2015Q1.txt,0.23091863095760345,0.7690813690423965
CRA INTERNATIONAL INC,3.0,0.72,0.83,transcripts_by_company/CRA_International_Inc_2007Q3.txt,0.2921140789985657,0.7078859210014343
ON24 INC,3.0,-0.03,-0.06,transcripts_by_company/ON24_Inc_2021Q3.txt,0.12487991154193878,0.8751200884580612
ALLOS THERAPEUTICS,2.0,0.02,-0.13,transcripts_by_company/Allos_Therapeutics_Inc_2011Q2.txt,0.23658941686153412,0.7634105831384659
RUSS BERRIE & CO INC,3.0,0.01,0.51,transcripts_by_company/Russ_Berrie_2006Q3.txt,0.23168808221817017,0.7683119177818298
DREW INDUSTRIES INC,2.0,1.51,1.09,transcripts_by_company/Drew_Industries_Incorporated_2016Q2.txt,0.30161312222480774,0.6983868777751923
MAGICJACK VOCALTEC LTD,1.0,0.24,0.39,transcripts_by_company/magicJack_VocalTec_Ltd_2012Q1.txt,0.2933971881866455,0.7066028118133545
VULCAN MATERIALS CO,4.0,-0.32,-0.08,transcripts_by_company/Vulcan_Materials_2012Q4.txt,0.31692737340927124,0.6830726265907288
RIGNET INC,2.0,-0.06,-0.05,transcripts_by_company/RigNet_Inc_2018Q2.txt,0.31158939003944397,0.688410609960556
HEALTHCARE SERVICES GROUP INC,3.0,0.27,0.28,transcripts_by_company/Healthcare_Services_Group_Inc_2016Q3.txt,0.25667139887809753,0.7433286011219025
WILMINGTON TRUST CORP,1.0,0.44,0.55,transcripts_by_company/Wilmington_Trust_Corporation_2003Q1.txt,0.17875295877456665,0.8212470412254333
AMERICAN SAFETY INSURANCE GROUP,4.0,0.52,0.44,transcripts_by_company/American_Safety_Insurance_Holdings_Ltd_2004Q4.txt,0.282602459192276,0.717397540807724
BLACKSTONE INC,2.0,1.49,1.13,transcripts_by_company/Blackstone_Mortgage_Trust_Inc_2022Q2.txt,0.12103072553873062,0.8789692744612694
TTM TECHNOLOGIES INC,2.0,0.32,0.43,transcripts_by_company/TTM_Technologies_Inc_2023Q2.txt,0.17156937718391418,0.8284306228160858
CVB FINANCIAL CORP,2.0,0.4,0.49,transcripts_by_company/CVB_Financial_Corp_2023Q2.txt,0.2887636423110962,0.7112363576889038
NUTRACEA,4.0,-0.07,0.06,transcripts_by_company/NutraCea_2007Q4.txt,0.2377411127090454,0.7622588872909546
GOODYEAR TIRE  RUBBER CO,4.0,-1.18,0.54,transcripts_by_company/Goodyear_Tire_and_Rubber_2008Q4.txt,0.33471429347991943,0.6652857065200806
VALMONT INDUSTRIES INC,1.0,1.66,2.02,transcripts_by_company/Valmont_Industries_Inc_2019Q1.txt,0.11405395716428757,0.8859460428357124
AMERANT BANCORP INC,3.0,0.45,0.25,transcripts_by_company/Amerant_Bancorp_Inc_2021Q3.txt,0.2330818474292755,0.7669181525707245
MODINE MANUFACTURING CO,4.0,0.38,0.58,transcripts_by_company/Modine_Manufacturing_Company_2005Q4.txt,0.25158506631851196,0.748414933681488
SENSIENT TECHNOLOGIES CORP,2.0,0.67,0.62,transcripts_by_company/Sensient_Technologies_Corporation_2011Q2.txt,0.11936920136213303,0.880630798637867
CURAGEN CORPORATION,3.0,-0.43,-0.4,transcripts_by_company/CuraGen_Corporation_2004Q3.txt,0.10116421431303024,0.8988357856869698
CHYRONHEGO CORP,2.0,0.02,0.03,transcripts_by_company/ChyronHego_Corporation_2014Q2.txt,0.2727750837802887,0.7272249162197113
DAIICHI SANKYO COMPANY LIMITED,2.0,49.15,53.8,transcripts_by_company/Daiichi_Sankyo_Company_Limited_2020Q2.txt,0.19461402297019958,0.8053859770298004
DUCOMMUN INC DEL,4.0,0.53,0.41,transcripts_by_company/Ducommun_Inc_2012Q4.txt,0.2584894597530365,0.7415105402469635
"BIOCRYST PHARMACEUTICALS, INC.",1.0,-0.24,-0.3,transcripts_by_company/BioCryst_Pharmaceuticals_Inc_2020Q1.txt,0.18110798299312592,0.8188920170068741
GOODYEAR TIRE  RUBBER CO,2.0,-0.35,0.26,transcripts_by_company/Goodyear_Tire_and_Rubber_Co_2009Q2.txt,0.09854863584041595,0.901451364159584
CALAMOS ASSET MANAGEMENT INC,4.0,0.35,0.32,transcripts_by_company/Calamos_Asset_Management_2005Q4.txt,0.2716419994831085,0.7283580005168915
COMMVAULT SYSTEMS INC,3.0,0.7,0.57,transcripts_by_company/Commvault_Systems_Inc_2023Q3.txt,0.13631203770637512,0.8636879622936249
FRESH DEL MONTE PRODUCE INC,4.0,0.0,-0.03,transcripts_by_company/Fresh_Del_Monte_Produce_Inc_2012Q4.txt,0.14640161395072937,0.8535983860492706
SYNAPTICS INC,4.0,0.53,0.66,transcripts_by_company/Synaptics_Incorporated_2012Q4.txt,0.12716010212898254,0.8728398978710175
PPL CORP,4.0,0.22,0.38,transcripts_by_company/PPL_Corporation_2021Q4.txt,0.16525179147720337,0.8347482085227966
SHELL MIDSTREAM PARTNERS LP,2.0,0.32,0.45,transcripts_by_company/Shell_Midstream_Partners_LP_2020Q2.txt,0.4232425093650818,0.5767574906349182
FIRST MARBLEHEAD CORP,3.0,-0.94,0.76,transcripts_by_company/First_Marblehead_Corporation_2008Q3.txt,0.3203228712081909,0.6796771287918091
COLFAX CORP,2.0,0.43,0.42,transcripts_by_company/Colfax_Corporation_2017Q2.txt,0.17974473536014557,0.8202552646398544
LEAR CORP,4.0,3.2,2.58,transcripts_by_company/Lear_Corporation_2015Q4.txt,0.22540947794914246,0.7745905220508575
HACKETT GROUP INC,2.0,0.39,0.38,transcripts_by_company/The_Hackett_Group_Inc_2023Q2.txt,0.1817401498556137,0.8182598501443863
ION GEOPHYSICAL CORP,3.0,-0.13,0.13,transcripts_by_company/ION_Geophysical_Corporation_2013Q3.txt,0.3682527542114258,0.6317472457885742
ENCORE CAPITAL GROUP INC,2.0,0.87,1.07,transcripts_by_company/Encore_Capital_Group_Inc_2017Q2.txt,0.12590593099594116,0.8740940690040588
AMERICAN VANGUARD CORP,3.0,0.03,0.35,transcripts_by_company/American_Vanguard_Corporation_2014Q3.txt,0.29003334045410156,0.7099666595458984
ARRIS GROUP INC,3.0,0.03,0.07,transcripts_by_company/ARRIS_Group_Inc_2004Q3.txt,0.2813180685043335,0.7186819314956665
DENNY'S CORP,1.0,-0.02,-0.02,transcripts_by_company/Dennys_Corporation_2005Q1.txt,0.1801752746105194,0.8198247253894806
CAPITALSOURCE INC.,1.0,0.63,0.64,transcripts_by_company/CapitalSource_2007Q1.txt,0.14595730602741241,0.8540426939725876
SEABRIGHT HOLDINGS INC,2.0,-0.02,0.06,transcripts_by_company/SeaBright_Holdings_Inc_2012Q2.txt,0.3037428855895996,0.6962571144104004
GRAY TELEVISION INC,1.0,-0.31,0.21,transcripts_by_company/Gray_Television_Inc_2019Q1.txt,0.11314433068037033,0.8868556693196297
MONY GROUP INCORPORATED,3.0,0.0,0.07,transcripts_by_company/MONY_Group_2003Q3.txt,0.1576356589794159,0.8423643410205841
ERESEARCHTECHNOLOGY INC.,3.0,0.11,0.08,transcripts_by_company/eResearch_Technology_2010Q3.txt,0.1424340307712555,0.8575659692287445
PFIZER INC,3.0,0.6,0.53,transcripts_by_company/Pfizer_Inc_2015Q3.txt,0.14359121024608612,0.8564087897539139
DORIAN LPG LTD,2.0,0.25,0.51,transcripts_by_company/Dorian_LPG_Ltd_2020Q2.txt,0.17590849101543427,0.8240915089845657
TREX COMPANY INC,2.0,0.97,0.91,transcripts_by_company/Trex_Company_Inc_2017Q2.txt,0.11107444018125534,0.8889255598187447
VISX INCORPORATED,4.0,0.07,0.14,transcripts_by_company/VISX_2002Q4.txt,0.18519486486911774,0.8148051351308823
UNITED FIRE GROUP INC,4.0,1.69,0.57,transcripts_by_company/United_Fire_Group_Inc_2021Q4.txt,0.1753987818956375,0.8246012181043625
OCEANEERING INTERNATIONAL INC,4.0,0.25,0.45,transcripts_by_company/Oceaneering_International_2003Q4.txt,0.20640118420124054,0.7935988157987595
TRACTOR SUPPLY CO,3.0,0.6,0.47,transcripts_by_company/Tractor_Supply_Company_2009Q3.txt,0.2267015278339386,0.7732984721660614
XENOPORT INC,4.0,-0.74,-0.68,transcripts_by_company/XenoPort_Inc_2008Q4.txt,0.1599130481481552,0.8400869518518448
CALAMOS ASSET MANAGEMENT INC,4.0,0.54,0.13,transcripts_by_company/Calamos_Asset_Management_Inc_2013Q4.txt,0.17701081931591034,0.8229891806840897
COHEN & STEERS INC,2.0,0.36,0.33,transcripts_by_company/Cohen_and_Steers_Inc_2011Q2.txt,0.2228584885597229,0.7771415114402771
TIDEWATER INC,2.0,0.68,1.02,transcripts_by_company/Tidewater_Inc_2013Q2.txt,0.3137300908565521,0.6862699091434479
CARPENTER TECHNOLOGY CORP,2.0,-0.31,1.11,transcripts_by_company/Carpenter_Technology_Corporation_2020Q2.txt,0.43345391750335693,0.5665460824966431
FBR AND CO,2.0,-0.39,0.19,transcripts_by_company/Bradford_and_Bingley_Plc_2008Q2.txt,0.0984606221318245,0.9015393778681755
LUMBER LIQUIDATORS HOLDINGS INC,2.0,0.1,0.09,transcripts_by_company/Lumber_Liquidators_Holdings_Inc_2020Q2.txt,0.22331012785434723,0.7766898721456528
KOHL'S CORP,1.0,1.56,1.75,transcripts_by_company/Kohls_Corporation_2014Q1.txt,0.22768749296665192,0.7723125070333481
CIRRUS LOGIC INC,3.0,1.99,1.73,transcripts_by_company/Cirrus_Logic_Inc_2022Q3.txt,0.1082255020737648,0.8917744979262352
UNITED FIRE GROUP INC,4.0,-1.3,0.35,transcripts_by_company/United_Fire_Group_Inc_2020Q4.txt,0.14534352719783783,0.8546564728021622
XYLEM INC,4.0,0.63,0.85,transcripts_by_company/Xylem_Inc_2021Q4.txt,0.14483642578125,0.85516357421875
DREW INDUSTRIES INC,1.0,0.33,0.13,transcripts_by_company/Drew_Industries_Incorporated_2010Q1.txt,0.30333220958709717,0.6966677904129028
DBV TECHNOLOGIES SA,2.0,-0.28,-0.48,transcripts_by_company/DBV_Technologies_SA_2021Q2.txt,0.11110995709896088,0.8888900429010391
NETSUITE INC,4.0,0.1,0.1,transcripts_by_company/NetSuite_Inc_2014Q4.txt,0.11200161278247833,0.8879983872175217
JONES LANG LASALLE INC,1.0,0.01,-0.28,transcripts_by_company/Jones_Lang_LaSalle_2010Q1.txt,0.14627116918563843,0.8537288308143616
MOOG INC,3.0,0.35,0.51,transcripts_by_company/Moog_Inc_2009Q3.txt,0.31018534302711487,0.6898146569728851
ULTA SALON COSMETICS & FRAGRANCE,4.0,0.42,0.33,transcripts_by_company/ULTA_Salon_Cosmetics_and_Fragrance_Inc_2011Q4.txt,0.17572277784347534,0.8242772221565247
O-I GLASS INC,3.0,0.58,0.48,transcripts_by_company/O-I_Glass_Inc_2021Q3.txt,0.33202117681503296,0.667978823184967
CABLE ONE INC,2.0,10.63,9.92,transcripts_by_company/Cable_One_Inc_2020Q2.txt,0.11683245748281479,0.8831675425171852
ABBOTT LABORATORIES,4.0,1.45,0.99,transcripts_by_company/Abbott_Laboratories_2020Q4.txt,0.1992393583059311,0.8007606416940689
BRADY CORP,1.0,0.48,0.45,transcripts_by_company/Brady_Corporation_2018Q1.txt,0.12166998535394669,0.8783300146460533
CARA THERAPEUTICS INC,1.0,-0.39,-0.3,transcripts_by_company/Cara_Therapeutics_Inc_2016Q1.txt,0.2237296998500824,0.7762703001499176
MGM RESORTS INTERNATIONAL,2.0,-0.13,-0.51,transcripts_by_company/MGM_Resorts_International_2021Q2.txt,0.32353073358535767,0.6764692664146423
AFLAC INC,1.0,0.66,0.61,transcripts_by_company/AFLAC_2005Q1.txt,0.24049220979213715,0.7595077902078629
AMERISAFE INC,3.0,0.87,0.9,transcripts_by_company/Amerisafe_Inc_2017Q3.txt,0.14509983360767365,0.8549001663923264
MCCORMICK  COMPANY INC,3.0,1.53,1.4,transcripts_by_company/McCormick_and_Company_Incorporated_2020Q3.txt,0.21591325104236603,0.784086748957634
LYDALL INC,2.0,0.41,0.72,transcripts_by_company/Lydall_Inc_2019Q2.txt,0.14620615541934967,0.8537938445806503
SANMINA CORP,4.0,0.79,0.83,transcripts_by_company/Sanmina_Corporation_2019Q4.txt,0.19252072274684906,0.8074792772531509
CUBIST PHARMACEUTICALS INC,4.0,0.93,0.4,transcripts_by_company/Cubist_Pharmaceuticals_Inc_2012Q4.txt,0.2302273064851761,0.7697726935148239
THERATECHNOLOGIES INC,3.0,-0.09,0.01,transcripts_by_company/Theratechnologies_Inc_2020Q3.txt,0.17243780195713043,0.8275621980428696
UQM TECHNOLOGIES INC,1.0,-0.03,-0.01,transcripts_by_company/UQM_Technologies_Inc_2015Q1.txt,0.18237264454364777,0.8176273554563522
HOSPITALITY PROPERTIES TRUST,2.0,0.59,0.43,transcripts_by_company/Hospitality_Properties_Trust_2018Q2.txt,0.12248103320598602,0.877518966794014
GOOGLE INC,1.0,2.29,1.7,transcripts_by_company/Google_2006Q1.txt,0.21934838593006134,0.7806516140699387
CHEVRON CORP,1.0,0.72,2.7,transcripts_by_company/Chevron_Corporation_2009Q1.txt,0.2142793834209442,0.7857206165790558
NETFLIX INC,3.0,0.12,0.08,transcripts_by_company/Netflix_Inc_2016Q3.txt,0.1690438985824585,0.8309561014175415
ATLANTIC UNION BANKSHARES CORP,1.0,0.54,0.68,transcripts_by_company/Atlantic_Union_Bankshares_Corporation_2022Q1.txt,0.10096843540668488,0.8990315645933151
CONAGRA BRANDS INC,4.0,0.55,0.54,transcripts_by_company/Conagra_Brands_Inc_2017Q4.txt,0.4038057327270508,0.5961942672729492
OPLINK COMMUNICATIONS INC,2.0,0.0,0.0,transcripts_by_company/Oplink_Communications_2004Q2.txt,0.26062893867492676,0.7393710613250732
ALLIANCE RESOURCE PARTNERS LP,4.0,0.27,0.09,transcripts_by_company/Alliance_Resource_Partners_LP_2020Q4.txt,0.296716570854187,0.703283429145813
OBAGI MEDICAL PRODUCTS INC,4.0,0.14,0.25,transcripts_by_company/OBAGI_MEDICAL_PRODUCTS_INC_2010Q4.txt,0.3247738480567932,0.6752261519432068
"ARBOR REALTY TRUST, INC",4.0,0.45,0.41,transcripts_by_company/Arbor_Realty_Trust_Inc_2022Q4.txt,0.16997836530208588,0.8300216346979141
HEALTHCARE REALTY TRUST INC,2.0,0.04,0.06,transcripts_by_company/Healthcare_Realty_Trust_2012Q2.txt,0.24759115278720856,0.7524088472127914
MICRON TECHNOLOGY INC,3.0,-1.07,-0.68,transcripts_by_company/Micron_Technology_Inc_2023Q3.txt,0.18837246298789978,0.8116275370121002
DEL TACO RESTAURANTS INC,4.0,0.18,0.19,transcripts_by_company/Del_Taco_Restaurants_Inc_2019Q4.txt,0.3435956835746765,0.6564043164253235
YELLOW CORP,2.0,-0.28,0.38,transcripts_by_company/Yellow_Pages_Limited_2023Q2.txt,0.3980221152305603,0.6019778847694397
AUDIOCODES LTD,4.0,0.03,0.05,transcripts_by_company/AudioCodes_Ltd_2012Q4.txt,0.2205687165260315,0.7794312834739685
CHINDEX INTERNATIONAL INC.,2.0,0.05,0.17,transcripts_by_company/Chindex_International_Inc_2008Q2.txt,0.28744247555732727,0.7125575244426727
CHARLES RIVER LABORATORIES,1.0,0.82,0.75,transcripts_by_company/Charles_River_Laboratories_International_Inc_2014Q1.txt,0.26131290197372437,0.7386870980262756
PFIZER INC,2.0,0.64,0.61,transcripts_by_company/Pfizer_Inc_2016Q2.txt,0.10890039801597595,0.891099601984024
NEW YORK MORTGAGE TRUST INC,3.0,-0.65,0.03,transcripts_by_company/New_York_Mortgage_Trust_Inc_2007Q3.txt,0.294651061296463,0.705348938703537
ARBITRON INC,1.0,0.64,0.59,transcripts_by_company/Arbitron_Inc_2012Q1.txt,0.25629958510398865,0.7437004148960114
TRELLEBORG AB,4.0,2.55,2.81,transcripts_by_company/Trelleborg_AB_2018Q4.txt,0.2305973470211029,0.7694026529788971
ROWAN COMPANIES PLC,2.0,-0.6,-0.54,transcripts_by_company/Rowan_Companies_plc_2018Q2.txt,0.20703774690628052,0.7929622530937195
PROCTER  GAMBLE CO,1.0,0.84,0.9,transcripts_by_company/Procter_and_Gamble_2009Q1.txt,0.2899138033390045,0.7100861966609955
MARSH  MCLENNAN COMPANIES INC,2.0,0.8,0.86,transcripts_by_company/Marsh_and_McLennan_Companies_Inc_2015Q2.txt,0.28326353430747986,0.7167364656925201
EQUITY LIFESTYLE PROPERTIES INC,3.0,0.37,-0.02,transcripts_by_company/Equity_LifeStyle_Properties_Inc_2009Q3.txt,0.19308127462863922,0.8069187253713608
MATTEL /CA/ PRED INC,1.0,-0.13,0.04,transcripts_by_company/Mattel_2008Q1.txt,0.35635507106781006,0.6436449289321899
CB RICHARD ELLIS GROUP INC,3.0,0.75,0.5,transcripts_by_company/CB_Richard_Ellis_Group_Inc_2005Q3.txt,0.14598114788532257,0.8540188521146774
SYKES ENTERPRISES INC,1.0,0.0,0.07,transcripts_by_company/Sykes_Enterprises_2003Q1.txt,0.2610832750797272,0.7389167249202728
BUILDERS FIRSTSOURCE INC,2.0,6.26,1.86,transcripts_by_company/Builders_FirstSource_Inc_2022Q2.txt,0.20093104243278503,0.799068957567215
GLOBAL MEDICAL REIT INC,1.0,0.03,0.05,transcripts_by_company/Global_Medical_REIT_Inc_2020Q1.txt,0.27927452325820923,0.7207254767417908
PRIMO WATER CORP (MISSISSAUGA),1.0,0.09,0.09,transcripts_by_company/Primo_Water_Corporation_2023Q1.txt,0.20182955265045166,0.7981704473495483
SUTHERLAND ASSET MANAGEMENT CORP,3.0,0.4,0.37,transcripts_by_company/Sutherland_Asset_Management_Corporation_2017Q3.txt,0.058568574488162994,0.941431425511837
KIMBALL INTERNATIONAL INC,4.0,-0.16,0.18,transcripts_by_company/Kimball_International_Inc_2021Q4.txt,0.2000994235277176,0.7999005764722824
WAYFAIR INC,4.0,-0.07,-0.2,transcripts_by_company/Wayfair_Inc_2015Q4.txt,0.24880221486091614,0.7511977851390839
INTEST CORP,1.0,0.24,0.02,transcripts_by_company/inTEST_Corporation_2021Q1.txt,0.2933722734451294,0.7066277265548706
INTREPID POTASH INC,4.0,0.08,0.05,transcripts_by_company/Intrepid_Potash_Inc_2014Q4.txt,0.17733587324619293,0.8226641267538071
MOVADO GROUP INC,2.0,0.28,0.28,transcripts_by_company/Movado_2013Q2.txt,0.36415350437164307,0.6358464956283569
ANWORTH MORTGAGE ASSET CORP,3.0,0.27,0.29,transcripts_by_company/Anworth_Mortgage_Asset_2009Q3.txt,0.1540803760290146,0.8459196239709854
HANCOCK HLDG CO,2.0,0.59,0.58,transcripts_by_company/Hancock_Holding_Company_2014Q2.txt,0.42503058910369873,0.5749694108963013
NATIONAL INTERSTATE CORP,3.0,0.31,0.45,transcripts_by_company/National_Interstate_Corporation_2011Q3.txt,0.34625670313835144,0.6537432968616486
WESTLAKE CHEMICAL CORP,3.0,1.48,1.27,transcripts_by_company/Westlake_Chemical_Corp_2012Q3.txt,0.10456551611423492,0.8954344838857651
PHREESIA INC,4.0,-0.09,-0.08,transcripts_by_company/Phreesia_Inc_2020Q4.txt,0.23256045579910278,0.7674395442008972
PUMATECH INC,4.0,-0.03,-0.04,transcripts_by_company/Pumatech_2002Q4.txt,0.10216081887483597,0.897839181125164
INTERNATIONAL BUSINESS MACHINE,4.0,6.13,5.99,transcripts_by_company/UBM_Plc_2013Q4.txt,0.13681741058826447,0.8631825894117355
MCGRAW-HILL,4.0,0.95,0.97,transcripts_by_company/McGraw-Hill_Financial_2014Q4.txt,0.1718902289867401,0.8281097710132599
EMMIS COMMUNICATIONS CORP,1.0,-0.23,-0.14,transcripts_by_company/Emmis_Communications_2007Q1.txt,0.12557755410671234,0.8744224458932877
CHINA SUNERGY CO LTD,4.0,-2.6,0.14,transcripts_by_company/China_Sunergy_Co_Ltd_2011Q4.txt,0.26799967885017395,0.732000321149826
OMNOVA SOLUTIONS,1.0,0.0,-0.03,transcripts_by_company/OMNOVA_Solutions_2009Q1.txt,0.14979144930839539,0.8502085506916046
ARTIO GLOBAL INVESTORS INC,4.0,0.02,0.0,transcripts_by_company/Artio_Global_Investors_Inc_2012Q4.txt,0.13627327978610992,0.8637267202138901
LUCID GROUP INC,4.0,-0.3,-0.29,transcripts_by_company/Lucid_Group_Inc_CurrentQ4.txt,0.12453742325305939,0.8754625767469406
CRA INTERNATIONAL INC,2.0,0.2,0.48,transcripts_by_company/CRA_International_Inc_2012Q2.txt,0.3603340685367584,0.6396659314632416
FISERV INC,2.0,0.68,0.7,transcripts_by_company/Fiserv_2007Q2.txt,0.2439519762992859,0.7560480237007141
REINSURANCE GROUP OF AMERICA INC,1.0,-1.24,2.26,transcripts_by_company/Reinsurance_Group_of_America_Incorporated_2021Q1.txt,0.19181132316589355,0.8081886768341064
BIOGEN IDEC INC,2.0,1.31,1.09,transcripts_by_company/Biogen_Idec_Inc_2010Q2.txt,0.09095598757266998,0.90904401242733
CALIFORNIA AMPLIFIER INC,1.0,0.18,0.01,transcripts_by_company/California_Amplifier_2004Q1.txt,0.2434706836938858,0.7565293163061142
GENTEX CORP,4.0,0.58,0.39,transcripts_by_company/Gentex_Corporation_2020Q4.txt,0.26002734899520874,0.7399726510047913
OPTIMER PHARMACEUTICALS INC,1.0,1.04,-0.44,transcripts_by_company/Optimer_Pharmaceuticals_Inc_2011Q1.txt,0.1615743637084961,0.8384256362915039
OCCIDENTAL PETROLEUM CORP,1.0,0.16,0.24,transcripts_by_company/Occidental_Petroleum_Corporation_2017Q1.txt,0.2537277042865753,0.7462722957134247
JOHN WILEY & SONS INC,1.0,0.74,0.82,transcripts_by_company/John_Wiley_and_Sons_2010Q1.txt,0.26508772373199463,0.7349122762680054
AMERISOURCEBERGEN CORP,3.0,1.1,0.97,transcripts_by_company/AmerisourceBergen_Corporation_2014Q3.txt,0.11191321909427643,0.8880867809057236
DONEGAL GROUP INC,1.0,0.35,0.49,transcripts_by_company/Donegal_Group_2006Q1.txt,0.1186806783080101,0.8813193216919899
NEVRO CORP,2.0,-0.71,-0.72,transcripts_by_company/Nevro_Corp_2022Q2.txt,0.214266836643219,0.785733163356781
LYRA THERAPEUTICS INC,4.0,-0.22,-0.33,transcripts_by_company/Lyra_Therapeutics_Inc_2023Q4.txt,0.143265038728714,0.856734961271286
MAXLINEAR INC,2.0,0.5,0.37,transcripts_by_company/MaxLinear_Inc_2016Q2.txt,0.3192897140979767,0.6807102859020233
ASYST TECHNOLOGIES INC,1.0,0.1,0.05,transcripts_by_company/Asyst_Technologies_2006Q1.txt,0.3620539605617523,0.6379460394382477
STANTEC INC,3.0,0.98,0.81,transcripts_by_company/Stantec_Inc_2013Q3.txt,0.1705038845539093,0.8294961154460907
TUESDAY MORNING CORP,1.0,-0.16,-0.14,transcripts_by_company/Tuesday_Morning_Corporation_2009Q1.txt,0.23515653610229492,0.7648434638977051
ALMOST FAMILY INC,3.0,0.73,0.65,transcripts_by_company/Almost_Family_Incorporated_2009Q3.txt,0.13472506403923035,0.8652749359607697
AIR PRODUCTS AND CHEMICALS INC,3.0,3.15,3.18,transcripts_by_company/Air_Products_and_Chemicals_Inc_2023Q3.txt,0.16064946353435516,0.8393505364656448
UNITED AUTO GROUP,2.0,0.42,0.44,transcripts_by_company/United_Auto_Group_Inc_2007Q2.txt,0.2955871522426605,0.7044128477573395
CORINTHIAN COLLEGES INC,2.0,0.39,0.34,transcripts_by_company/Corinthian_Colleges_Inc_2003Q2.txt,0.1600024402141571,0.8399975597858429
HERCULES CAPITAL INC,3.0,0.39,0.34,transcripts_by_company/Hercules_Capital_Inc_2022Q3.txt,0.263942152261734,0.736057847738266
NOVAMED EYECARE INC.,3.0,0.08,0.08,transcripts_by_company/Novamed_Inc_2007Q3.txt,0.11085554957389832,0.8891444504261017
HUBBELL INC,1.0,0.6,0.54,transcripts_by_company/Hubbell_Incorporated_2009Q1.txt,0.2554370164871216,0.7445629835128784
WESTERN ALLIANCE BANCORPORATION,1.0,0.6,0.52,transcripts_by_company/Western_Alliance_Bancorporation_2016Q1.txt,0.16268230974674225,0.8373176902532578
DIGI INTERNATIONAL INC,3.0,0.11,0.14,transcripts_by_company/Digi_International_Inc_2011Q3.txt,0.17229577898979187,0.8277042210102081
BEBE STORES INC,3.0,0.22,0.17,transcripts_by_company/bebe_Stores_2006Q3.txt,0.25725027918815613,0.7427497208118439
ENTEGRIS INC,3.0,0.68,0.68,transcripts_by_company/Entegris_Inc_2023Q3.txt,0.3588954210281372,0.6411045789718628
PARAGON 28 INC,3.0,-0.13,-0.05,transcripts_by_company/Paragon_28_Inc_2022Q3.txt,0.12182208895683289,0.8781779110431671
APPLIED SIGNAL TECHNOLOGY,4.0,0.27,0.23,transcripts_by_company/Applied_Signal_Technology_2009Q4.txt,0.3315448462963104,0.6684551537036896
CONTRAFECT CORP,4.0,-1.11,-0.07,transcripts_by_company/ContraFect_Corporation_2019Q4.txt,0.33317381143569946,0.6668261885643005
SPRAGUE RESOURCES LP,1.0,3.21,1.95,transcripts_by_company/Sprague_Resources_LP_2018Q1.txt,0.29078176617622375,0.7092182338237762
ARENA PHARMACEUTICALS INC,2.0,-0.67,-0.55,transcripts_by_company/Arena_Pharmaceuticals_Inc_2004Q2.txt,0.21722859144210815,0.7827714085578918
EMERGENT BIOSOLUTIONS INC,3.0,0.41,0.19,transcripts_by_company/Emergent_BioSolutions_Inc_2010Q3.txt,0.28471627831459045,0.7152837216854095
OIL STATES INTERNATIONAL INC,4.0,1.47,1.82,transcripts_by_company/Oil_States_International_2013Q4.txt,0.1740911304950714,0.8259088695049286
NETLIST INC,1.0,-0.02,-0.01,transcripts_by_company/Netlist_Inc_2021Q1.txt,0.24654582142829895,0.753454178571701
PHOTRONICS INC,2.0,0.03,0.13,transcripts_by_company/Photronics_Inc_2017Q2.txt,0.08411269634962082,0.9158873036503792
MOVADO GROUP INC,2.0,0.05,0.14,transcripts_by_company/Movado_Group_Inc_2008Q2.txt,0.14435216784477234,0.8556478321552277
SUPER MICRO COMPUTER INC,1.0,1.55,0.76,transcripts_by_company/Super_Micro_Computer_Inc_2022Q1.txt,0.32040584087371826,0.6795941591262817
POWER INTEGRATIONS INC,1.0,0.36,0.45,transcripts_by_company/Power_Integrations_Inc_2012Q1.txt,0.07912600040435791,0.9208739995956421
STATE AUTO FINANCIAL CORP,4.0,0.4,0.29,transcripts_by_company/State_Auto_Financial_2002Q4.txt,0.21910883486270905,0.780891165137291
MARATHON OIL CORP,1.0,0.67,0.83,transcripts_by_company/Marathon_Oil_Corp_2012Q1.txt,0.191104918718338,0.808895081281662
US AUTO PARTS NETWORK INC,3.0,-0.17,0.05,transcripts_by_company/US_Auto_Parts_Network_Inc_2011Q3.txt,0.3167372941970825,0.6832627058029175
AMGEN INC,3.0,0.53,0.46,transcripts_by_company/Amgen_Inc_2003Q3.txt,0.21913613379001617,0.7808638662099838
PINNACLE FOODS INC,2.0,0.33,0.33,transcripts_by_company/Pinnacle_Foods_Inc_2014Q2.txt,0.28925812244415283,0.7107418775558472
ROCKWELL AUTOMATION INC,1.0,1.35,1.46,transcripts_by_company/Rockwell_Automation_Inc_2014Q1.txt,0.21983344852924347,0.7801665514707565
SLM CORP,2.0,0.62,0.63,transcripts_by_company/SLM_Corporation_Sallie_Mae_2005Q2.txt,0.13292968273162842,0.8670703172683716
IRONWOOD PHARMACEUTICALS INC,4.0,-0.43,-0.59,transcripts_by_company/Ironwood_Pharmaceuticals_Inc_2013Q4.txt,0.1504012793302536,0.8495987206697464
POLYCOM INC,3.0,0.31,0.32,transcripts_by_company/Polycom_Incorporated_2009Q3.txt,0.1298232078552246,0.8701767921447754
IMRIS INC,1.0,-0.18,-0.18,transcripts_by_company/Imerys_SA_2012Q1.txt,0.25444307923316956,0.7455569207668304
GAIAM INC,4.0,0.07,0.17,transcripts_by_company/Gaiam_2005Q4.txt,0.2564169466495514,0.7435830533504486
GRIFOLS SA,4.0,1.75,1.43,transcripts_by_company/SLC_Agricola_SA_2013Q4.txt,0.2663940191268921,0.7336059808731079
ENPRO INC,2.0,0.92,0.76,transcripts_by_company/EnPro_Industries_Inc_2017Q2.txt,0.2751672863960266,0.7248327136039734
CAESARSTONE LTD,4.0,0.01,0.15,transcripts_by_company/Caesarstone_Ltd_2021Q4.txt,0.3568057417869568,0.6431942582130432
LIVEONE INC,4.0,-0.02,0.0,transcripts_by_company/LiveOne_Inc_CurrentQ4.txt,0.27516645193099976,0.7248335480690002
GENERAL MILLS INC,2.0,0.86,0.79,transcripts_by_company/General_Mills_2009Q2.txt,0.2936904728412628,0.7063095271587372
ORMAT TECHNOLOGIES INC,1.0,0.35,0.55,transcripts_by_company/Ormat_Technologies_Inc_2022Q1.txt,0.22613300383090973,0.7738669961690903
BRIGHTCOVE INC,1.0,-0.02,-0.01,transcripts_by_company/Brightcove_Inc_2014Q1.txt,0.11330071836709976,0.8866992816329002
GUIDEWIRE SOFTWARE INC,3.0,0.81,0.59,transcripts_by_company/Guidewire_Software_Inc_2018Q3.txt,0.21527566015720367,0.7847243398427963
DENDREON CORP,2.0,-0.27,-0.32,transcripts_by_company/Dendreon_Corporation_2007Q2.txt,0.21327488124370575,0.7867251187562943
WESTERN REFINING INC,3.0,0.13,0.05,transcripts_by_company/Western_Refining_Inc_2010Q3.txt,0.23382878303527832,0.7661712169647217
EXACT SCIENCES CORP,4.0,-0.08,-0.07,transcripts_by_company/EXACT_Sciences_Corporation_2010Q4.txt,0.2730976641178131,0.7269023358821869
OCCIDENTAL PETROLEUM CORP,3.0,1.58,1.78,transcripts_by_company/Occidental_Petroleum_Corp_2014Q3.txt,0.19245201349258423,0.8075479865074158
COMPUWARE CORP,2.0,0.01,0.07,transcripts_by_company/Compuware_Corporation_2003Q2.txt,0.15605980157852173,0.8439401984214783
NORTHERN TR CORP,3.0,0.74,0.73,transcripts_by_company/Northern_Rock_Plc_2006Q3.txt,0.3166556656360626,0.6833443343639374
ROSS STORES INC,3.0,0.29,0.34,transcripts_by_company/Ross_Stores_Inc_2005Q3.txt,0.20862405002117157,0.7913759499788284
FLOWERS FOODS INC,1.0,0.46,0.4,transcripts_by_company/Flowers_Foods_2007Q1.txt,0.27353379130363464,0.7264662086963654
HYSTER-YALE INC,1.0,0.85,1.71,transcripts_by_company/Hyster-Yale_Materials_Handling_Inc_2015Q1.txt,0.3417429029941559,0.6582570970058441
TORCHMARK CORP,4.0,1.15,1.14,transcripts_by_company/Torchmark_Corporation_2016Q4.txt,0.13231176137924194,0.8676882386207581
HOEGH LNG PARTNERS LP,1.0,0.59,0.37,transcripts_by_company/Höegh_LNG_Partners_LP_2018Q1.txt,0.26184841990470886,0.7381515800952911
BORR DRILLING LTD,4.0,-0.34,-0.19,transcripts_by_company/Borr_Drilling_Limited_2021Q4.txt,0.36151641607284546,0.6384835839271545
REINSURANCE GROUP OF AMERICA INC,4.0,-0.56,3.51,transcripts_by_company/Reinsurance_Group_of_America_Incorporated_2021Q4.txt,0.17609712481498718,0.8239028751850128
COMVERGE INC,3.0,-0.06,0.1,transcripts_by_company/Comverge_Inc_2010Q3.txt,0.284417986869812,0.715582013130188
MEDCATH CORPORATION,2.0,0.27,0.18,transcripts_by_company/Medcath_Corp_2006Q2.txt,0.31749486923217773,0.6825051307678223
AK STEEL HOLDING CORP,4.0,0.68,0.19,transcripts_by_company/AK_Steel_Holding_Corp_2004Q4.txt,0.21686968207359314,0.7831303179264069
FAIRCHILD SEMICONDUCTOR INTERNAT,2.0,0.01,0.17,transcripts_by_company/Fairchild_Semiconductor_International_Inc_2013Q2.txt,0.13948117196559906,0.8605188280344009
PENNANTPARK INVESTMENT CORP,1.0,0.15,0.18,transcripts_by_company/PennantPark_Investment_Corporation_2020Q1.txt,0.20999814569950104,0.790001854300499
OVERSTOCK.COM INC,3.0,0.03,-0.04,transcripts_by_company/Overstockcom_Inc_2016Q3.txt,0.1292632818222046,0.8707367181777954
EASTMAN KODAK CO,1.0,0.82,-0.42,transcripts_by_company/Eastman_Kodak_Company_2010Q1.txt,0.14996512234210968,0.8500348776578903
UNIT CORPORATION,4.0,0.6,0.46,transcripts_by_company/Unit_Corporation_2009Q4.txt,0.21613800525665283,0.7838619947433472
THL CREDIT INC,1.0,0.21,0.29,transcripts_by_company/THL_Credit_Inc_2019Q1.txt,0.32746586203575134,0.6725341379642487
A10 NETWORKS INC,3.0,0.03,0.04,transcripts_by_company/A10_Networks_Inc_2017Q3.txt,0.14840154349803925,0.8515984565019608
WHIRLPOOL CORP,2.0,4.21,4.14,transcripts_by_company/Whirlpool_Corporation_2023Q2.txt,0.41228511929512024,0.5877148807048798
HERITAGE FINANCIAL CORP,4.0,0.24,0.27,transcripts_by_company/Heritage_Financial_Corporation_2014Q4.txt,0.10023800283670425,0.8997619971632957
SYMANTEC CORP,2.0,0.29,0.27,transcripts_by_company/Symantec_Corporation_2016Q2.txt,0.09811532497406006,0.9018846750259399
STATE AUTO FINANCIAL CORP,3.0,-0.04,0.28,transcripts_by_company/State_Auto_Financial_Corporation_2010Q3.txt,0.15948419272899628,0.8405158072710037
EVEREST GROUP LTD,2.0,5.41,4.7,transcripts_by_company/Everest_Re_Group_Ltd_2014Q2.txt,0.03783071041107178,0.9621692895889282
EXPONENT INC,4.0,0.33,0.19,transcripts_by_company/Exponent_Inc_2007Q4.txt,0.18508943915367126,0.8149105608463287
ALTERA CORP,2.0,0.2,0.13,transcripts_by_company/Altera_Corp_2004Q2.txt,0.1761375218629837,0.8238624781370163
ETSY INC,4.0,1.11,0.89,transcripts_by_company/Etsy_Inc_2021Q4.txt,0.1834011673927307,0.8165988326072693
KOPIN CORP,3.0,-0.01,-0.04,transcripts_by_company/Kopin_Corporation_2020Q3.txt,0.3434228301048279,0.6565771698951721
STIFEL FINANCIAL CORP,2.0,0.68,0.7,transcripts_by_company/Stifel_Financial_Corporation_2014Q2.txt,0.2202754020690918,0.7797245979309082
COMMVAULT SYSTEMS INC,2.0,0.62,0.44,transcripts_by_company/Commvault_Systems_Inc_2021Q2.txt,0.2342785894870758,0.7657214105129242
AMERIGROUP CORP,1.0,0.65,0.52,transcripts_by_company/AMERIGROUP_Corporation_2008Q1.txt,0.12972022593021393,0.8702797740697861
ROWAN COMPANIES PLC,4.0,0.08,0.19,transcripts_by_company/Rowan_Companies_PLC_2016Q4.txt,0.30195653438568115,0.6980434656143188
HMS HOLDINGS CORP,3.0,0.3,0.3,transcripts_by_company/HMS_Holdings_Corp_2020Q3.txt,0.3967452645301819,0.6032547354698181
MFA FINANCIAL INC,1.0,0.18,0.2,transcripts_by_company/MFA_Financial_Inc_2014Q1.txt,0.31165921688079834,0.6883407831192017
INVERNESS MEDICAL INNOVATION INC,1.0,0.31,0.17,transcripts_by_company/Inverness_Medical_Innovations_2007Q1.txt,0.2560417056083679,0.7439582943916321
HUTCHINSON TECHNOLOGY INC,2.0,-0.31,-0.4,transcripts_by_company/Hutchinson_Technology_Inc_2011Q2.txt,0.25286296010017395,0.747137039899826
NATIONAL BANK HOLDINGS CORP,4.0,0.91,0.76,transcripts_by_company/National_Bank_Holdings_Corporation_2022Q4.txt,0.21975840628147125,0.7802415937185287
THREDUP INC,1.0,-0.21,-0.1,transcripts_by_company/ThredUp_Inc_2022Q1.txt,0.09056158363819122,0.9094384163618088
ALCATEL-LUCENT,2.0,0.03,-0.04,transcripts_by_company/Alcatel-Lucent_2009Q2.txt,0.34896576404571533,0.6510342359542847
PROTO LABS INC,1.0,0.35,0.28,transcripts_by_company/Proto_Labs_Inc_2013Q1.txt,0.30843526124954224,0.6915647387504578
PACKAGING CORP OF AMERICA,4.0,1.23,1.07,transcripts_by_company/Packaging_Corporation_of_America_2016Q4.txt,0.1277121603488922,0.8722878396511078
TOP TANKERS INC,3.0,-0.5,-0.19,transcripts_by_company/TOP_Tankers_2007Q3.txt,0.10565636307001114,0.8943436369299889
VALASSIS COMMUNICATIONS INC,4.0,0.43,0.47,transcripts_by_company/Valassis_Communications_Inc_2006Q4.txt,0.1982470005750656,0.8017529994249344
CLEMENTIA PHARMACEUTICALS INC,2.0,-0.34,-0.35,transcripts_by_company/Clementia_Pharmaceuticals_Inc_2018Q2.txt,0.2639366388320923,0.7360633611679077
MEMORY PHARMACEUTICALS CORP,2.0,0.04,-0.26,transcripts_by_company/Memory_Pharmaceuticals_Corporation_2006Q2.txt,0.20813311636447906,0.7918668836355209
EVOLENT HEALTH INC,2.0,-0.03,-0.02,transcripts_by_company/Evolent_Health_Inc_2018Q2.txt,0.015591572038829327,0.9844084279611707
LANCASTER COLONY CORP,3.0,0.81,1.06,transcripts_by_company/Lancaster_Colony_Corporation_2010Q3.txt,0.1744905561208725,0.8255094438791275
TALBOTS INC.,2.0,0.51,0.62,transcripts_by_company/Talbots_2003Q2.txt,0.15540766716003418,0.8445923328399658
BROOKE CORP,4.0,-0.56,0.3,transcripts_by_company/Brooke_Corporation_2007Q4.txt,0.3827584385871887,0.6172415614128113
HARBOR CUSTOM DEVELOPMENT INC,2.0,-0.46,-0.01,transcripts_by_company/Harbor_Custom_Development_Inc_2022Q2.txt,0.1548086702823639,0.8451913297176361
AMERICA'S CAR-MART INC,1.0,0.0,0.4,transcripts_by_company/Americas_Car-Mart_Inc_2007Q1.txt,0.2544456422328949,0.7455543577671051
JOHNSON  JOHNSON,3.0,0.98,0.93,transcripts_by_company/Johnson_Controls_2006Q3.txt,0.14732912182807922,0.8526708781719208
JOINT CORP,3.0,0.03,0.1,transcripts_by_company/The_Joint_Corp_2022Q3.txt,0.16665427386760712,0.8333457261323929
INTERNAP CORP,4.0,-0.1,-0.1,transcripts_by_company/Internap_Network_Services_Corp_2014Q4.txt,0.36803293228149414,0.6319670677185059
LYONDELLBASELL INDUSTRIES NV,3.0,1.53,0.9,transcripts_by_company/LyondellBasell_2011Q3.txt,0.3028492331504822,0.6971507668495178
GERBER SCIENTIFIC INC,2.0,0.24,0.23,transcripts_by_company/Gerber_Scientific_Inc_2007Q2.txt,0.2543148398399353,0.7456851601600647
MAXLINEAR INC,2.0,0.05,-0.02,transcripts_by_company/MaxLinear_Inc_2012Q2.txt,0.23162144422531128,0.7683785557746887
CARDIODYNAMICS INTERNATIONAL CP,4.0,-0.01,0.02,transcripts_by_company/Cardiodynamics_2005Q4.txt,0.12473732978105545,0.8752626702189445
TARGETED GENETICS CORP,4.0,-0.03,-0.05,transcripts_by_company/Targeted_Genetics_2004Q4.txt,0.12176552414894104,0.878234475851059
KIMBERLY-CLARK CORP,2.0,1.41,1.42,transcripts_by_company/Kimberly-Clark_Corp_2015Q2.txt,0.15102779865264893,0.8489722013473511
GENESEE & WYOMING INC-CL A,2.0,0.8,0.91,transcripts_by_company/Genesee_and_Wyoming_Inc_2017Q2.txt,0.14913517236709595,0.850864827632904
NEENAH INC,1.0,1.04,1.24,transcripts_by_company/Neenah_Inc_2018Q1.txt,0.1861649453639984,0.8138350546360016
CALLAWAY GOLF CO,3.0,-0.16,0.11,transcripts_by_company/Callaway_Golf_Company_2006Q3.txt,0.1659947782754898,0.8340052217245102
DUCOMMUN INC,2.0,0.51,0.42,transcripts_by_company/Ducommun_Incorporated_2013Q2.txt,0.328185111284256,0.671814888715744
VERITEX HOLDINGS INC,2.0,0.43,0.44,transcripts_by_company/Veritex_Holdings_Inc_2018Q2.txt,0.3204892575740814,0.6795107424259186
INTERNATIONAL COAL GROUP INC,3.0,0.12,0.04,transcripts_by_company/International_Coal_Group_Inc_2009Q3.txt,0.21760495007038116,0.7823950499296188
BIG 5 SPORTING GOODS CORP,4.0,0.89,0.48,transcripts_by_company/Big_5_Sporting_Goods_Corporation_2021Q4.txt,0.2871556282043457,0.7128443717956543
US CONCRETE INC,1.0,-0.13,-0.15,transcripts_by_company/US_Concrete_Inc_2008Q1.txt,0.0988028421998024,0.9011971578001976
RESMED INC,1.0,0.68,0.67,transcripts_by_company/ResMed_Inc_2016Q1.txt,0.2852655053138733,0.7147344946861267
ACCENTURE LTD,1.0,0.47,0.41,transcripts_by_company/Accenture_2007Q1.txt,0.06067746877670288,0.9393225312232971
SCOTTS CO,4.0,-1.34,-1.35,transcripts_by_company/The_Scotts_Company_2003Q4.txt,0.2811892330646515,0.7188107669353485
CANTEL MEDICAL CORP,3.0,0.62,0.62,transcripts_by_company/Cantel_Medical_Corp_2018Q3.txt,0.1908418834209442,0.8091581165790558
SITE CENTERS CORP,4.0,0.05,0.02,transcripts_by_company/SITE_Centers_Corp_2019Q4.txt,0.3087400794029236,0.6912599205970764
MACERICH CO,2.0,0.12,0.09,transcripts_by_company/The_Macerich_Company_2011Q2.txt,0.1619471311569214,0.8380528688430786
LATHAM GROUP INC,2.0,0.21,0.24,transcripts_by_company/Latham_Group_Inc_2022Q2.txt,0.19067347049713135,0.8093265295028687
"CHICO'S FAS, INC.",3.0,0.28,0.39,transcripts_by_company/Chicos_FAS_Inc_2023Q3.txt,0.40904897451400757,0.5909510254859924
TAUBMAN CENTERS INCORPORATED,2.0,0.37,0.34,transcripts_by_company/Taubman_Centers_Inc_2015Q2.txt,0.29539889097213745,0.7046011090278625
MONRO INC,3.0,0.54,0.59,transcripts_by_company/Monro_Muffler_Brake_Inc_2017Q3.txt,0.19481806457042694,0.8051819354295731
REV GROUP INC,3.0,0.1,0.25,transcripts_by_company/EVC_Group_Inc_2020Q3.txt,0.15667840838432312,0.8433215916156769
ESCO TECHNOLOGIES INC,1.0,0.4,0.46,transcripts_by_company/ESCO_Technologies_Inc_2016Q1.txt,0.3523930311203003,0.6476069688796997
INSPERITY INC,3.0,1.14,0.99,transcripts_by_company/Insperity_Inc_2017Q3.txt,0.08380159735679626,0.9161984026432037
MAGELLAN MIDSTREAM PARTNERS LP,3.0,1.1,0.74,transcripts_by_company/Magellan_Midstream_Partners_LP_2015Q3.txt,0.15796124935150146,0.8420387506484985
NEW GOLD INC,3.0,0.03,0.02,transcripts_by_company/New_Placer_Dome_Gold_Corp_2023Q3.txt,0.2587668001651764,0.7412331998348236
HUNTINGTON BANCSHARES INC,4.0,0.26,0.35,transcripts_by_company/Huntington_Bancshares_Incorporated_2021Q4.txt,0.09874134510755539,0.9012586548924446
COGNEX CORP,2.0,0.41,0.44,transcripts_by_company/Cognex_Corporation_2022Q2.txt,0.11131942272186279,0.8886805772781372
HARMONIC INC,1.0,-0.1,0.02,transcripts_by_company/Harmonic_Inc_2020Q1.txt,0.217193603515625,0.782806396484375
NEWCASTLE INVESTMENT CORP,1.0,0.1,0.12,transcripts_by_company/Newcastle_Investment_Corporation_2014Q1.txt,0.1677420288324356,0.8322579711675644
CHESAPEAKE CORP,3.0,0.14,0.29,transcripts_by_company/Chesapeake_Energy_Corporation_2005Q3.txt,0.15049007534980774,0.8495099246501923
SPECIALTY UNDERWRITERS' ALLIANCE,1.0,-0.01,0.01,transcripts_by_company/Specialty_Underwriters_Alliance_Inc_2006Q1.txt,0.28248193860054016,0.7175180613994598
FORWARD AIR CORP,3.0,0.54,0.58,transcripts_by_company/Forward_Air_Corporation_2014Q3.txt,0.2451559156179428,0.7548440843820572
POOL CORP,1.0,0.08,0.01,transcripts_by_company/Pool_Corp_2012Q1.txt,0.15982307493686676,0.8401769250631332
MOLSON COORS BREWING CO,1.0,0.43,0.48,transcripts_by_company/Molson_Coors_Brewing_Company_2011Q1.txt,0.258736252784729,0.741263747215271
"WESBANCO, INC.",4.0,0.55,0.64,transcripts_by_company/WesBanco_Inc_2023Q4.txt,0.18680517375469208,0.8131948262453079
THE VALSPAR CORP,1.0,0.3,0.3,transcripts_by_company/Valspar_2003Q1.txt,0.10925275087356567,0.8907472491264343
EQUIFAX INC,1.0,0.7,0.63,transcripts_by_company/Equifax_Inc_2012Q1.txt,0.26977771520614624,0.7302222847938538
POOL CORP,3.0,1.95,1.82,transcripts_by_company/Pool_Corporation_2019Q3.txt,0.12436103075742722,0.8756389692425728
DICERNA PHARMACEUTICALS INC,1.0,-0.79,-0.47,transcripts_by_company/Dicerna_Pharmaceuticals_Inc_2015Q1.txt,0.24151386320590973,0.7584861367940903
BELLICUM PHARMACEUTICALS INC,1.0,-0.55,-0.55,transcripts_by_company/Bellicum_Pharmaceuticals_Inc_2019Q1.txt,0.2836776077747345,0.7163223922252655
VERISK ANALYTICS INC,4.0,0.8,0.79,transcripts_by_company/Verisk_Analytics_Inc_2015Q4.txt,0.11224031448364258,0.8877596855163574
FORRESTER RESEARCH INC,4.0,0.52,0.56,transcripts_by_company/Forrester_Research_Inc_2018Q4.txt,0.3638100028038025,0.6361899971961975
ARENA PHARMACEUTICALS INC,3.0,-0.38,-0.43,transcripts_by_company/Arena_Pharmaceuticals_Inc_2009Q3.txt,0.1985096037387848,0.8014903962612152
PERKINELMER INC,3.0,0.28,0.31,transcripts_by_company/PerkinElmer_Inc_2006Q3.txt,0.13613076508045197,0.863869234919548
MT BANK CORP,1.0,1.5,1.65,transcripts_by_company/TD_Bank_Group_2012Q1.txt,0.05192451924085617,0.9480754807591438
MEASUREMENT SPECIALTIES INC,3.0,0.3,0.31,transcripts_by_company/Measurement_Specialties_Inc_2007Q3.txt,0.29939737915992737,0.7006026208400726
EDIETS.COM INC,1.0,-0.2,-0.03,transcripts_by_company/eDietscom_2008Q1.txt,0.4284113347530365,0.5715886652469635
QUINSTREET INC,3.0,0.05,0.18,transcripts_by_company/QuinStreet_Inc_2022Q3.txt,0.3614799678325653,0.6385200321674347
HMS HOLDINGS CORP,1.0,0.21,0.19,transcripts_by_company/HMS_Holdings_Corp_2009Q1.txt,0.10704492032527924,0.8929550796747208
GSI LUMONICS INC,2.0,0.28,0.08,transcripts_by_company/GSI_Lumonics_2004Q2.txt,0.1736985146999359,0.8263014853000641
ARDMORE SHIPPING CORP,1.0,0.26,0.47,transcripts_by_company/Ardmore_Shipping_Corporation_2016Q1.txt,0.035258155316114426,0.9647418446838856
AMERICAN ELECTRIC POWER COMPANY,2.0,0.73,0.79,transcripts_by_company/American_Electric_Power_Company_Inc_2011Q2.txt,0.19023776054382324,0.8097622394561768
EASTERLY GOVERNMENT PROPERTIES I,2.0,0.05,0.04,transcripts_by_company/Easterly_Government_Properties_Inc_2023Q2.txt,0.15499503910541534,0.8450049608945847
TRADE DESK INC,1.0,1.41,0.54,transcripts_by_company/The_Trade_Desk_Inc_2021Q1.txt,0.3058081269264221,0.6941918730735779
AVANIR PHARMACEUTICALS INC,4.0,-0.12,-0.12,transcripts_by_company/Avanir_Pharmaceuticals_Inc_2011Q4.txt,0.1418236643075943,0.8581763356924057
OBAGI MEDICAL PRODUCTS INC,2.0,0.18,0.21,transcripts_by_company/Obagi_Medical_Products_Inc_2011Q2.txt,0.17556264996528625,0.8244373500347137
GERON CORP,2.0,-0.08,-0.08,transcripts_by_company/Geron_Corporation_2019Q2.txt,0.3182329535484314,0.6817670464515686
CALLIDUS SOFTWARE INC,3.0,0.07,0.03,transcripts_by_company/Callidus_Software_Inc_2013Q3.txt,0.39161446690559387,0.6083855330944061
APTOSE BIOSCIENCES INC,2.0,-0.11,-0.19,transcripts_by_company/Aptose_Biosciences_Inc_2022Q2.txt,0.24384832382202148,0.7561516761779785
HYDRIL COMPANY,4.0,0.64,0.31,transcripts_by_company/Hydril_Company_2004Q4.txt,0.26461806893348694,0.7353819310665131
AEROPOSTALE INC,4.0,0.61,0.61,transcripts_by_company/Aeropostale_Inc_2006Q4.txt,0.1825273633003235,0.8174726366996765
BANCOLOMBIA S.A.,4.0,1.14,0.88,transcripts_by_company/Bancolombia_2010Q4.txt,0.23492255806922913,0.7650774419307709
ADOBE INC,1.0,0.45,0.53,transcripts_by_company/Adobe_Systems_2009Q1.txt,0.2326820194721222,0.7673179805278778
MISTRAS GROUP INC,3.0,0.15,0.17,transcripts_by_company/Mistras_Group_Inc_2013Q3.txt,0.18097782135009766,0.8190221786499023
CUBESMART,4.0,0.2168,0.2,transcripts_by_company/CubeSmart_2019Q4.txt,0.10209055989980698,0.897909440100193
CHINA RAPID FINANCE LTD,3.0,-0.16,-0.02,transcripts_by_company/China_Rapid_Finance_Limited_2018Q3.txt,0.04642423987388611,0.9535757601261139
PARNELL PHARMACEUTICALS HOLDINGS,4.0,-0.62,-0.26,transcripts_by_company/Parnell_Pharmaceuticals_Holdings_Ltd_2015Q4.txt,0.1198805421590805,0.8801194578409195
MERCER INTERNATIONAL INC,4.0,-0.03,0.44,transcripts_by_company/Mercer_International_Inc_2011Q4.txt,0.25746768712997437,0.7425323128700256
CLEARWATER PAPER CORP,4.0,-0.3,0.36,transcripts_by_company/Clearwater_Paper_Corporation_2022Q4.txt,0.26208725571632385,0.7379127442836761
PALL CORP,4.0,0.2,0.24,transcripts_by_company/Pall_Corporation_2005Q4.txt,0.22699257731437683,0.7730074226856232
"DISNEY, WALT",3.0,1.1,1.24,transcripts_by_company/The_Walt_Disney_Company_2016Q3.txt,0.16781233251094818,0.8321876674890518
ORBCOMM INC,2.0,0.01,-0.01,transcripts_by_company/ORBCOMM_Inc_2011Q2.txt,0.27198418974876404,0.728015810251236
MARKETWATCH.COM INC,2.0,0.05,0.03,transcripts_by_company/MarketWatchcom_2004Q2.txt,0.35876697301864624,0.6412330269813538
BRADY CORP,3.0,0.7,0.66,transcripts_by_company/Brady_Corporation_2021Q3.txt,0.11746832728385925,0.8825316727161407
CROSSAMERICA PARTNERS LP,1.0,-0.1,0.13,transcripts_by_company/CrossAmerica_Partners_LP_2021Q1.txt,0.18862026929855347,0.8113797307014465
ZYGO CORP,4.0,0.05,0.05,transcripts_by_company/Zygo_Corporation_2003Q4.txt,0.39133337140083313,0.6086666285991669
UNITED ONLINE INC,2.0,0.25,0.2,transcripts_by_company/United_Online_2004Q2.txt,0.3174201548099518,0.6825798451900482
NOVARTIS AG,2.0,1.29,1.3,transcripts_by_company/Novartis_AG_2018Q2.txt,0.12466106563806534,0.8753389343619347
ZYNEX INC,3.0,0.06,0.08,transcripts_by_company/Zynex_Inc_2019Q3.txt,0.3648889660835266,0.6351110339164734
CALIX INC,2.0,0.04,0.11,transcripts_by_company/Calix_Inc_2012Q2.txt,0.2734156847000122,0.7265843152999878
TELENOR ASA,4.0,5.22,4.39,transcripts_by_company/Telenor_ASA_2013Q4.txt,0.2775757610797882,0.7224242389202118
"NEIGHBORCARE, INC.",1.0,0.23,0.24,transcripts_by_company/NeighborCare_Inc_2004Q1.txt,0.08361071348190308,0.9163892865180969
"INSIGHT ENTERPRISES, INC.",2.0,0.54,0.43,transcripts_by_company/Insight_Enterprises_Inc_2007Q2.txt,0.14002732932567596,0.859972670674324
PERFICIENT INC,1.0,0.1,0.1,transcripts_by_company/Perficient_Inc_2006Q1.txt,0.3737996518611908,0.6262003481388092
ACADIA REALTY TRUST,3.0,0.11,0.14,transcripts_by_company/Acadia_Realty_Trust_2018Q3.txt,0.11857843399047852,0.8814215660095215
51JOB INC,2.0,5.9,5.08,transcripts_by_company/51job_Inc_2019Q2.txt,0.2739798128604889,0.7260201871395111
PLIANT THERAPEUTICS INC,2.0,-0.7,-0.72,transcripts_by_company/Pliant_Therapeutics_Inc_2023Q2.txt,0.2273407280445099,0.7726592719554901
AVANTAIR INC,3.0,-0.1,0.05,transcripts_by_company/Avantair_Inc_2011Q3.txt,0.3988696336746216,0.6011303663253784
PARK ELECTROCHEMICAL CORP,4.0,0.26,0.46,transcripts_by_company/Park_Electrochemical_Corporation_2011Q4.txt,0.14172101020812988,0.8582789897918701
LANNETT COMPANY INC,2.0,0.11,0.09,transcripts_by_company/Lannett_Company_Inc_2010Q2.txt,0.34566789865493774,0.6543321013450623
VIASAT INC,4.0,0.49,0.33,transcripts_by_company/ViaSat_Inc_2014Q4.txt,0.2360033541917801,0.7639966458082199
MOBIUS MANAGEMENT SYSTEMS,1.0,-0.06,0.13,transcripts_by_company/Mobius_Management_Systems_2004Q1.txt,0.19341574609279633,0.8065842539072037
WORTHINGTON INDUSTRIES INC,4.0,0.31,0.38,transcripts_by_company/Worthington_Industries_2006Q4.txt,0.15626214444637299,0.843737855553627
MEREDITH CORP,3.0,0.55,0.63,transcripts_by_company/Meredith_Corp_2012Q3.txt,0.17468541860580444,0.8253145813941956
FLY LEASING LTD,4.0,0.68,0.49,transcripts_by_company/FLY_Leasing_Ltd_2015Q4.txt,0.14926362037658691,0.8507363796234131
HYSTER-YALE INC,3.0,1.28,1.43,transcripts_by_company/Hyster-Yale_Materials_Handling_Inc_2015Q3.txt,0.24489524960517883,0.7551047503948212
THOR INDS INC,1.0,4.79,2.5,transcripts_by_company/Indus_Towers_Limited_2022Q1.txt,0.25939035415649414,0.7406096458435059
CAPITAL SENIOR LIVING CORP,1.0,-0.15,-0.35,transcripts_by_company/Capital_Senior_Living_Corporation_2020Q1.txt,0.33568811416625977,0.6643118858337402
KORN/FERRY INTERNATIONAL,4.0,0.85,0.8,transcripts_by_company/KornFerry_International_2018Q4.txt,0.17514970898628235,0.8248502910137177
MCCORMICK  COMPANY INC,2.0,0.75,0.74,transcripts_by_company/McCormick_and_Company_Inc_2016Q2.txt,0.22953687608242035,0.7704631239175797
ALBEMARLE CORP,1.0,1.2,1.24,transcripts_by_company/Albemarle_Corp_2012Q1.txt,0.14783668518066406,0.8521633148193359
RANDGOLD RESOURCES LTD,2.0,-0.05,0.47,transcripts_by_company/Randgold_Resources_2004Q2.txt,0.2652120590209961,0.7347879409790039
CITI TRENDS INC,4.0,-0.25,-0.31,transcripts_by_company/Citi_Trends_Inc_2012Q4.txt,0.26515746116638184,0.7348425388336182
SERVICE PROPERTIES TRUST,4.0,-1.21,-0.46,transcripts_by_company/Service_Properties_Trust_2021Q4.txt,0.27140936255455017,0.7285906374454498
CABLEVISION SYSTEMS CORP,3.0,0.26,0.15,transcripts_by_company/Cablevision_Systems_Corporation_2014Q3.txt,0.14973942935466766,0.8502605706453323
SCIENTIFIC GAMES CORP,3.0,1.89,0.07,transcripts_by_company/Scientific_Games_Corporation_2021Q3.txt,0.30778780579566956,0.6922121942043304
MICROSOFT CORP,2.0,0.98,0.71,transcripts_by_company/Microsoft_Corporation_2017Q2.txt,0.2617906630039215,0.7382093369960785
CGG SA,1.0,-0.229,-0.22,transcripts_by_company/CGG_SA_2016Q1.txt,0.26352545619010925,0.7364745438098907
LRAD CORP,4.0,0.0,0.0,transcripts_by_company/LRAD_Corporation_2013Q4.txt,0.17013905942440033,0.8298609405755997
IDEXX LABORATORIES INC,2.0,0.74,0.62,transcripts_by_company/IDEXX_Laboratories_Inc_2016Q2.txt,0.3604499101638794,0.6395500898361206
EXELIXIS INC,2.0,-0.16,-0.21,transcripts_by_company/Exelixis_Inc_2011Q2.txt,0.19788555800914764,0.8021144419908524
KELLOGG CO,3.0,0.96,0.92,transcripts_by_company/Kellogg_Company_2016Q3.txt,0.2907067835330963,0.7092932164669037
FIFTH & PACIFIC COMPANIES INC,3.0,-0.03,0.01,transcripts_by_company/Fifth_and_Pacific_Companies_Inc_2013Q3.txt,0.21491838991641998,0.78508161008358
IXIA INC,2.0,0.08,0.09,transcripts_by_company/Ixia_2007Q2.txt,0.2344449758529663,0.7655550241470337
ASENSUS SURGICAL INC,1.0,-0.08,-0.06,transcripts_by_company/Asensus_Surgical_Inc_2022Q1.txt,0.3073705732822418,0.6926294267177582
GEA GROUP AG,4.0,0.72,0.72,transcripts_by_company/GEA_Group_AG_2013Q4.txt,0.16789159178733826,0.8321084082126617
CARLISLE COMPANIES INC,2.0,6.15,3.63,transcripts_by_company/Carlisle_Companies_Incorporated_2022Q2.txt,0.19468924403190613,0.8053107559680939
BANK OF HAWAII CORP,3.0,0.91,1.2,transcripts_by_company/Bank_of_Hawaii_Corporation_2023Q3.txt,0.18311017751693726,0.8168898224830627
AETRIUM INCORPORATED,3.0,0.02,0.14,transcripts_by_company/Aetrium_2008Q3.txt,0.08763047307729721,0.9123695269227028
GENERAL FINANCE CORP,3.0,0.02,0.07,transcripts_by_company/General_Finance_Corporation_2013Q3.txt,0.15956200659275055,0.8404379934072495
ALLSTATE CORP,3.0,-1.56,2.17,transcripts_by_company/The_Allstate_Corporation_2022Q3.txt,0.1068156361579895,0.8931843638420105
UNITED STATES CELLULAR CORP,4.0,-0.33,0.08,transcripts_by_company/United_States_Cellular_Corporation_2022Q4.txt,0.30425330996513367,0.6957466900348663
SYMANTEC CORP,4.0,0.42,0.42,transcripts_by_company/Symantec_Corp_2011Q4.txt,0.18531620502471924,0.8146837949752808
KROGER CO,4.0,0.46,0.42,transcripts_by_company/The_Kroger_Co_2012Q4.txt,0.2591716945171356,0.7408283054828644
KALOBIOS PHARMACEUTICALS INC,3.0,-0.24,-0.45,transcripts_by_company/KaloBios_Pharmaceuticals_Inc_2014Q3.txt,0.1522468626499176,0.8477531373500824
AZTAR CORP,4.0,0.29,0.25,transcripts_by_company/Aztar_2005Q4.txt,0.21041570603847504,0.789584293961525
WESTERN DIGITAL CORP,1.0,1.23,0.47,transcripts_by_company/Western_Digital_Corporation_2008Q1.txt,0.4468103349208832,0.5531896650791168
COMPANHIA BRASILEIRA DE DISTRIBC,4.0,0.223,0.5,transcripts_by_company/Companhia_Brasileira_Distribuicao_2015Q4.txt,0.3471356928348541,0.6528643071651459
COREL CORP,1.0,0.11,0.39,transcripts_by_company/Corel_Corporation_2007Q1.txt,0.17759229242801666,0.8224077075719833
ADECCO GROUP AG,3.0,1.2,1.39,transcripts_by_company/Aecon_Group_Inc_2019Q3.txt,0.10784869641065598,0.892151303589344
I-FLOW CORP,3.0,-0.08,-0.03,transcripts_by_company/I-Flow_Corporation_2004Q3.txt,0.2344587743282318,0.7655412256717682
RENAISSANCERE HOLDINGS LTD,1.0,3.1,2.32,transcripts_by_company/RenaissanceRe_Holdings_Ltd_2015Q1.txt,0.09534824639558792,0.9046517536044121
EXAR CORP,2.0,0.02,0.07,transcripts_by_company/Exar_2008Q2.txt,0.3170013725757599,0.6829986274242401
HEWLETT PACKARD CO,1.0,1.1,0.99,transcripts_by_company/Hewlett-Packard_Company_2010Q1.txt,0.09432382881641388,0.9056761711835861
CEVA INC,4.0,0.11,0.11,transcripts_by_company/CEVA_Inc_2009Q4.txt,0.18966348469257355,0.8103365153074265
HUGHES COMMUNICATIONS INC,3.0,0.57,0.47,transcripts_by_company/Hughes_Communications_Inc_2007Q3.txt,0.25458401441574097,0.745415985584259
TENET HEALTHCARE CORP,1.0,0.33,0.6,transcripts_by_company/Tenet_Healthcare_2013Q1.txt,0.22851499915122986,0.7714850008487701
WADDELL & REED FINANCIAL INC,2.0,0.47,0.45,transcripts_by_company/Waddell_and_Reed_Financial_Inc_2018Q2.txt,0.290316104888916,0.709683895111084
ODYSSEY HEALTHCARE INC,4.0,0.17,0.21,transcripts_by_company/Odyssey_HealthCare_Inc_2006Q4.txt,0.18786975741386414,0.8121302425861359
CORE-MARK HOLDING COMPANY INC,3.0,1.02,0.73,transcripts_by_company/Core-Mark_Holding_Company_Inc_2009Q3.txt,0.113528773188591,0.886471226811409
WATERDROP INC,3.0,0.014,0.03,transcripts_by_company/Waterdrop_Inc_2023Q3.txt,0.1354701817035675,0.8645298182964325
CARMAX INC,2.0,-0.15,1.68,transcripts_by_company/CarMax_Inc_2020Q2.txt,0.22670647501945496,0.773293524980545
CITI TRENDS INC,4.0,-0.05,0.04,transcripts_by_company/Citi_Trends_Inc_2008Q4.txt,0.16741061210632324,0.8325893878936768
II-VI INC,1.0,0.35,0.24,transcripts_by_company/II-VI_Incorporated_2017Q1.txt,0.1478615701198578,0.8521384298801422
WATERS CORP,3.0,0.29,0.32,transcripts_by_company/Waters_Corporation_2002Q3.txt,0.2126450389623642,0.7873549610376358
LUMIRADX LTD,1.0,-0.14,-0.18,transcripts_by_company/LumiraDx_Limited_2023Q1.txt,0.24916952848434448,0.7508304715156555
LANDAMERICA FINANCIAL GROUP,2.0,-3.29,-0.42,transcripts_by_company/LandAmerica_Financial_Group_Inc_2008Q2.txt,0.13196291029453278,0.8680370897054672
QUICKLOGIC CORP,2.0,-0.02,-0.04,transcripts_by_company/QuickLogic_Corporation_2004Q2.txt,0.14044231176376343,0.8595576882362366
APOLLO GROUP,3.0,1.31,1.21,transcripts_by_company/Apollo_Investment_Corporation_2010Q3.txt,0.18913999199867249,0.8108600080013275
YANDEX NV,3.0,8.69,8.7,transcripts_by_company/Yandex_AB_2013Q3.txt,0.1499091386795044,0.8500908613204956
PHOTRONICS INC,4.0,0.25,0.14,transcripts_by_company/Photronics_Inc_2015Q4.txt,0.07827123254537582,0.9217287674546242
"KRAFT FOODS, INC.",3.0,0.37,0.63,transcripts_by_company/Kraft_Foods_Inc_2012Q3.txt,0.14483609795570374,0.8551639020442963
DAISYTEK INTERNATIONAL CORP.,4.0,0.14,0.32,transcripts_by_company/Daisytek_2002Q4.txt,0.3719784915447235,0.6280215084552765
AMPLIFY ENERGY CORP,3.0,-0.35,0.21,transcripts_by_company/Amplify_Energy_Corp_2021Q3.txt,0.33231115341186523,0.6676888465881348
PRINCIPAL FINANCIAL GROUP INC,1.0,0.85,0.75,transcripts_by_company/Principal_Financial_Group_Inc_2006Q1.txt,0.06217611953616142,0.9378238804638386
ANGIODYNAMICS INC,1.0,0.12,0.15,transcripts_by_company/AngioDynamics_2008Q1.txt,0.1652267426252365,0.8347732573747635
X-RITE INC,2.0,0.16,0.07,transcripts_by_company/X-Rite_Inc_2007Q2.txt,0.2830815613269806,0.7169184386730194
STANDEX INTERNATIONAL CORP,2.0,1.4,1.37,transcripts_by_company/Standex_International_Corporation_2017Q2.txt,0.18560005724430084,0.8143999427556992
GENVEC INC.,4.0,-0.07,-0.06,transcripts_by_company/GenVec_Inc_2008Q4.txt,0.1379411220550537,0.8620588779449463
OMEROS CORP,4.0,-0.34,-0.29,transcripts_by_company/Omeros_Corporation_2017Q4.txt,0.2673082649707794,0.7326917350292206
STEREOTAXIS INC,2.0,-0.91,-0.16,transcripts_by_company/Stereotaxis_Inc_2012Q2.txt,0.17004477977752686,0.8299552202224731
HERITAGE FINANCIAL CORP,2.0,0.31,0.24,transcripts_by_company/Heritage_Financial_Corporation_2014Q2.txt,0.09481830894947052,0.9051816910505295
HILLTOP HOLDINGS INC,2.0,0.34,0.41,transcripts_by_company/Hilltop_Holdings_Inc_2016Q2.txt,0.31445425748825073,0.6855457425117493
COLGATE-PALMOLIVE CO,3.0,0.73,0.72,transcripts_by_company/Colgate-Palmolive_Co_2006Q3.txt,0.11256320029497147,0.8874367997050285
CENTILLIUM COMMUNICATIONS,2.0,-0.29,-0.03,transcripts_by_company/Centillium_Communication_2004Q2.txt,0.3544737994670868,0.6455262005329132
MIX TELEMATICS LTD,4.0,0.03,1.31,transcripts_by_company/MiX_Telematics_Limited_2021Q4.txt,0.37233370542526245,0.6276662945747375
AETNA INC,1.0,1.34,0.7,transcripts_by_company/Aetna_Incorporated_2003Q1.txt,0.4272734820842743,0.5727265179157257
BOSTON BEER COMPANY INC,4.0,1.86,1.15,transcripts_by_company/The_Boston_Beer_Company_Inc_2018Q4.txt,0.3312890827655792,0.6687109172344208
I-MANY INC,3.0,-0.05,0.01,transcripts_by_company/I-many_Inc_2008Q3.txt,0.3125806748867035,0.6874193251132965
U.S. PHYSICAL THERAPY INC,3.0,0.2,0.17,transcripts_by_company/US_Physical_Therapy_2005Q3.txt,0.08872221410274506,0.9112777858972549
MGIC INVESTMENT CORP,3.0,0.32,0.25,transcripts_by_company/MGIC_Investment_Corporation_2017Q3.txt,0.1886606067419052,0.8113393932580948
WISDOMTREE INC,4.0,0.04,0.07,transcripts_by_company/WisdomTree_Investments_Inc_2022Q4.txt,0.3255684971809387,0.6744315028190613
ASPEN INSURANCE HOLDINGS LTD,4.0,1.22,0.93,transcripts_by_company/Aspen_Insurance_Holdings_Ltd_2006Q4.txt,0.18214574456214905,0.817854255437851
XWELL INC,2.0,-0.07,-0.05,transcripts_by_company/XWELL_Inc_2023Q2.txt,0.12830369174480438,0.8716963082551956
SHANDA GAMES LTD,3.0,0.23,0.16,transcripts_by_company/Shanda_Games_Ltd_2013Q3.txt,0.19157887995243073,0.8084211200475693
TRISTATE CAPITAL HOLDINGS INC,1.0,0.26,0.25,transcripts_by_company/TriState_Capital_Holdings_Inc_2017Q1.txt,0.2542329430580139,0.7457670569419861
FAMOUS DAVE'S OF AMERICA,2.0,0.08,0.09,transcripts_by_company/Famous_Daves_2004Q2.txt,0.44996240735054016,0.5500375926494598
XERIUM TECHNOLOGIES INC,1.0,-0.19,0.05,transcripts_by_company/Xerium_Technologies_Inc_2009Q1.txt,0.16345906257629395,0.836540937423706
PLATINUM UNDERWRITER HOLDNGS LTD,1.0,1.28,1.31,transcripts_by_company/Platinum_Underwriters_Holdings_Ltd_2009Q1.txt,0.21472761034965515,0.7852723896503448
VIKING THERAPEUTICS INC,2.0,-0.11,-0.12,transcripts_by_company/Viking_Therapeutics_Inc_2019Q2.txt,0.21575616300106049,0.7842438369989395
ATHENAHEALTH INC,1.0,0.38,0.26,transcripts_by_company/athenahealth_Inc_2013Q1.txt,0.1590513288974762,0.8409486711025238
ASSOCIATED BANC-CORP,2.0,0.52,0.51,transcripts_by_company/Associated_Banc-Corp_2019Q2.txt,0.3393476605415344,0.6606523394584656
CONCEPTUS INC,4.0,0.14,0.21,transcripts_by_company/Conceptus_Inc_2010Q4.txt,0.25800925493240356,0.7419907450675964
CAMPBELL SOUP CO,1.0,0.69,0.73,transcripts_by_company/Campbell_Soup_Company_2008Q1.txt,0.1760602444410324,0.8239397555589676
MAGELLAN HEALTH INC,1.0,0.43,0.49,transcripts_by_company/Magellan_Health_Services_2008Q1.txt,0.34394121170043945,0.6560587882995605
TRIDENT MICROSYSTEMS INC,1.0,0.18,0.22,transcripts_by_company/Trident_Microsystems_2006Q1.txt,0.18265296518802643,0.8173470348119736
ELEVATE CREDIT INC,2.0,-0.21,-0.03,transcripts_by_company/Elevate_Credit_Inc_2022Q2.txt,0.16500936448574066,0.8349906355142593
TETRA TECHNOLOGIES INC DEL,2.0,0.39,0.6,transcripts_by_company/Tetra_Technologies_2006Q2.txt,0.1269271969795227,0.8730728030204773
WEYCO GROUP INCORPORATED,1.0,0.25,0.28,transcripts_by_company/Weyco_Group_Inc_2016Q1.txt,0.1864354908466339,0.8135645091533661
THERAPEUTICSMD INC,3.0,-0.07,-0.11,transcripts_by_company/TherapeuticsMD_Inc_2017Q3.txt,0.18761031329631805,0.812389686703682
ALTRA HOLDINGS INC,2.0,0.01,0.23,transcripts_by_company/Altra_Holdings_Inc_2009Q2.txt,0.26624125242233276,0.7337587475776672
TRINET GROUP INC,1.0,0.35,0.33,transcripts_by_company/TriNet_Group_Inc_2015Q1.txt,0.14231036603450775,0.8576896339654922
PHATHOM PHARMACEUTICALS INC,3.0,-0.98,-1.06,transcripts_by_company/Phathom_Pharmaceuticals_Inc_2021Q3.txt,0.16832172870635986,0.8316782712936401
BOOT BARN HOLDINGS INC,4.0,1.0,0.73,transcripts_by_company/Boot_Barn_Holdings_Inc_2020Q4.txt,0.31048524379730225,0.6895147562026978
HANSEN MEDICAL INC,1.0,-0.14,-0.11,transcripts_by_company/Hansen_Medical_Inc_2014Q1.txt,0.07655878365039825,0.9234412163496017
MERCANTILE BANK CORP,4.0,1.37,0.94,transcripts_by_company/Mercantile_Bank_Corporation_2022Q4.txt,0.22509416937828064,0.7749058306217194
GRIFFON CORP,2.0,0.17,0.28,transcripts_by_company/Griffon_Corporation_2017Q2.txt,0.14067162573337555,0.8593283742666245
FAIR ISAAC & CO INC,3.0,0.86,1.11,transcripts_by_company/Fair_Isaac_Corporation_2015Q3.txt,0.14968784153461456,0.8503121584653854
THIRD POINT REINSURANCE LTD,1.0,-0.26,0.51,transcripts_by_company/Third_Point_Reinsurance_Ltd_2018Q1.txt,0.0720081776380539,0.9279918223619461
MGM GROWTH PROPERTIES LLC,2.0,0.24,0.26,transcripts_by_company/MGM_Growth_Properties_LLC_2019Q2.txt,0.17634539306163788,0.8236546069383621
UICI,2.0,0.76,0.56,transcripts_by_company/UICI_2004Q2.txt,0.1569666713476181,0.8430333286523819
HOVNANIAN ENTERPRISES INC,4.0,-7.42,0.25,transcripts_by_company/Hovnanian_Enterprises_2007Q4.txt,0.22541874647140503,0.774581253528595
TRANSWITCH CORPORATION,3.0,-0.03,0.0,transcripts_by_company/TranSwitch_2007Q3.txt,0.3230668008327484,0.6769331991672516
ELAN PLC,1.0,-0.22,-0.13,transcripts_by_company/Elan_Corporation_plc_2009Q1.txt,0.19181174039840698,0.808188259601593
UNIVERSAL AMERICAN CORP,2.0,0.06,0.06,transcripts_by_company/Universal_American_Corp_2016Q2.txt,0.3462773561477661,0.6537226438522339
ARC LOGISTICS PARTNERS LP,3.0,0.0,0.2,transcripts_by_company/Arc_Logistics_Partners_LP_2017Q3.txt,0.3558993935585022,0.6441006064414978
FUEL TECH INC,4.0,-0.02,0.11,transcripts_by_company/Fuel_Tech_Inc_2008Q4.txt,0.255330353975296,0.744669646024704
VISHAY INTERTECHNOLOGY INC,4.0,0.58,0.46,transcripts_by_company/Vishay_Intertechnology_Inc_2018Q4.txt,0.3089841306209564,0.6910158693790436
CNA FINANCIAL CORP,2.0,0.99,0.7,transcripts_by_company/CNA_Financial_2005Q2.txt,0.16532959043979645,0.8346704095602036
FAIRPOINT COMMUNICATIONS INC,3.0,1.96,-1.07,transcripts_by_company/FairPoint_Communications_Inc_2015Q3.txt,0.2570943236351013,0.7429056763648987
ITT CORP,3.0,0.66,0.61,transcripts_by_company/ITT_Inc_2017Q3.txt,0.1176743358373642,0.8823256641626358
ADAMAS PHARMACEUTICALS INC,1.0,-1.08,-1.21,transcripts_by_company/Adamas_Pharmaceuticals_Inc_2019Q1.txt,0.08326658606529236,0.9167334139347076
MATADOR RESOURCES CO,4.0,0.22,0.34,transcripts_by_company/Matador_Resources_Company_2014Q4.txt,0.1241275742650032,0.8758724257349968
ENDO PHARMACEUTICALS,1.0,0.33,0.2,transcripts_by_company/Endo_Pharmaceuticals_2004Q1.txt,0.30885177850723267,0.6911482214927673
ADVA AG OPTICAL NETWORKING,2.0,0.2,0.14,transcripts_by_company/ADVA_Optical_Networking_2016Q2.txt,0.2415405958890915,0.7584594041109085
SCHRODINGER INC,1.0,0.0,-0.06,transcripts_by_company/Schrödinger_Inc_2021Q1.txt,0.32172492146492004,0.67827507853508
CORELOGIC INC,4.0,0.55,0.53,transcripts_by_company/CoreLogic_Inc_2017Q4.txt,0.271261990070343,0.728738009929657
ALNYLAM PHARMACEUTICALS INC,3.0,-0.22,-0.25,transcripts_by_company/Alnylam_2009Q3.txt,0.10309670120477676,0.8969032987952232
BRIGHTSPHERE INVESTMENT GROUP IN,4.0,0.77,0.7,transcripts_by_company/BrightSphere_Investment_Group_Inc_CurrentQ4.txt,0.05571641027927399,0.944283589720726
MAZDA MOTOR CORP,1.0,43.13,52.7,transcripts_by_company/Mazda_Motor_Corporation_2018Q1.txt,0.04736825078725815,0.9526317492127419
HOULIHAN LOKEY INC,4.0,0.88,0.86,transcripts_by_company/Houlihan_Lokey_Inc_2019Q4.txt,0.2731640040874481,0.7268359959125519
DUKE REALTY CORP,1.0,0.2,0.07,transcripts_by_company/Duke_Realty_Corporation_2018Q1.txt,0.27687782049179077,0.7231221795082092
NABI BIOPHARMACEUTICALS,4.0,-0.18,0.19,transcripts_by_company/Nabi_Biopharmaceuticals_2011Q4.txt,0.25133538246154785,0.7486646175384521
ENTRUST INC,2.0,0.02,0.01,transcripts_by_company/NTRS_2005Q2.txt,0.33157074451446533,0.6684292554855347
METHODE ELECTRONICS INC,4.0,0.54,0.71,transcripts_by_company/Methode_Electronics_Inc_2015Q4.txt,0.12504053115844727,0.8749594688415527
AVON PRODUCTS INC,2.0,0.69,0.51,transcripts_by_company/Avon_Products_Inc_2005Q2.txt,0.21241486072540283,0.7875851392745972
I-FLOW CORP,2.0,0.04,0.06,transcripts_by_company/I-Flow_2009Q2.txt,0.09689325094223022,0.9031067490577698
DARLING INTERNATIONAL INC.,4.0,0.03,0.32,transcripts_by_company/Darling_International_Inc_2013Q4.txt,0.1597105860710144,0.8402894139289856
ENBRIDGE ENERGY MGMT,1.0,0.28,0.38,transcripts_by_company/Enbridge_Inc_2012Q1.txt,0.1453542709350586,0.8546457290649414
WSFS FINANCIAL CORP,1.0,0.91,0.61,transcripts_by_company/WSFS_Financial_Corporation_2019Q1.txt,0.2940785884857178,0.7059214115142822
SANMINA CORP,4.0,1.3,1.45,transcripts_by_company/Sanmina_Corporation_CurrentQ4.txt,0.13864082098007202,0.861359179019928
CH ENERGY GROUP INC,2.0,0.1,0.5,transcripts_by_company/CH_Energy_Group_2012Q2.txt,0.08771424740552902,0.912285752594471
CENTURYTEL INC,3.0,0.6,0.55,transcripts_by_company/CenturyTel_Inc_2004Q3.txt,0.13294187188148499,0.867058128118515
ZUMIEZ INC,2.0,0.06,-0.01,transcripts_by_company/Zumiez_Inc_2011Q2.txt,0.25603243708610535,0.7439675629138947
BANCO CHILE,2.0,0.88,1.25,transcripts_by_company/Banco_de_Sabadell_SA_2008Q2.txt,0.2068619728088379,0.7931380271911621
COMERICA INC,2.0,0.76,0.65,transcripts_by_company/Copeinca_ASA_2013Q2.txt,0.3391439616680145,0.6608560383319855
CHARLES SCHWAB CORP,1.0,0.77,0.82,transcripts_by_company/Charles_Schwab_and_Co_Inc_2022Q1.txt,0.14110136032104492,0.8588986396789551
CIVISTA BANCSHARES INC,4.0,0.62,0.73,transcripts_by_company/Civista_Bancshares_Inc_2023Q4.txt,0.1584467589855194,0.8415532410144806
JAMES HARDIE INDUSTRIES LTD,1.0,1.605,1.63,transcripts_by_company/James_Hardie_Industries_SE_2012Q1.txt,0.3858427107334137,0.6141572892665863
CARMAX INC,2.0,0.44,0.26,transcripts_by_company/CarMax_Inc_2010Q2.txt,0.20878590643405914,0.7912140935659409
MID-AMERICA APARTMENT COMMUNITIE,4.0,1.6,0.68,transcripts_by_company/Mid-America_Apartment_Communities_Inc_2021Q4.txt,0.3187093436717987,0.6812906563282013
PSIVIDA CORP,1.0,-0.13,0.4,transcripts_by_company/pSivida_Corp_2011Q1.txt,0.1990739405155182,0.8009260594844818
SJW CORP,3.0,0.64,0.97,transcripts_by_company/SJW_Group_2021Q3.txt,0.05836205556988716,0.9416379444301128
TRAVELERS COMPANIES INC,2.0,1.39,1.41,transcripts_by_company/The_Travelers_Companies_Inc_2010Q2.txt,0.4244083762168884,0.5755916237831116
SUBURBAN PROPANE PARTNERS LP,3.0,-1.26,-0.75,transcripts_by_company/Suburban_Propane_2004Q3.txt,0.27108290791511536,0.7289170920848846
TTEC HOLDINGS INC,1.0,1.08,1.15,transcripts_by_company/TTEC_Holdings_Inc_2022Q1.txt,0.17962659895420074,0.8203734010457993
TARGACEPT INC,1.0,0.41,-0.07,transcripts_by_company/Targacept_Inc_2011Q1.txt,0.2596341371536255,0.7403658628463745
GRUBHUB INC,3.0,0.27,0.38,transcripts_by_company/Grubhub_Inc_2019Q3.txt,0.20084984600543976,0.7991501539945602
COMPTON PETROLEUM CORP,2.0,-0.07,0.11,transcripts_by_company/Compton_Petroleum_Corporation_2008Q2.txt,0.0864354819059372,0.9135645180940628
FINANCIAL ENGINES INC,1.0,0.1,0.1,transcripts_by_company/Financial_Engines_Inc_2012Q1.txt,0.3628464341163635,0.6371535658836365
HARTE-HANKS COMMUNICATIONS,3.0,0.1,0.13,transcripts_by_company/Harte-Hanks_Inc_2014Q3.txt,0.35528719425201416,0.6447128057479858
SCIENCE APPLICATIONS INTERNATION,3.0,0.7,0.69,transcripts_by_company/Science_Applications_International_Corporation_2014Q3.txt,0.16659870743751526,0.8334012925624847
DONNELLEY FINANCIAL SOLUTIONS IN,2.0,1.54,1.14,transcripts_by_company/Donnelley_Financial_Solutions_Inc_2022Q2.txt,0.23739171028137207,0.7626082897186279
PEPSICO INC,2.0,1.32,1.39,transcripts_by_company/PepsiCo_Inc_2015Q2.txt,0.36511608958244324,0.6348839104175568
CROSSTEX ENERGY INC,1.0,0.06,0.33,transcripts_by_company/Crosstex_Energy_LP_2006Q1.txt,0.14900390803813934,0.8509960919618607
DANAHER CORP,1.0,0.66,0.66,transcripts_by_company/Danaher_2006Q1.txt,0.3180527985095978,0.6819472014904022
MODINE MANUFACTURING CO,4.0,0.42,0.41,transcripts_by_company/Modine_Manufacturing_Company_2018Q4.txt,0.19095227122306824,0.8090477287769318
MONRO INC,1.0,0.25,0.37,transcripts_by_company/Monro_Muffler_Brake_Inc_2013Q1.txt,0.22194281220436096,0.778057187795639
TEEKAY CORP,2.0,0.01,0.08,transcripts_by_company/Teekay_Tankers_Ltd_2016Q2.txt,0.21930810809135437,0.7806918919086456
SYSTEMAX INC,3.0,-0.12,0.3,transcripts_by_company/Systemax_Inc_2015Q3.txt,0.13683688640594482,0.8631631135940552
J & J SNACK FOODS CORP,1.0,0.43,0.73,transcripts_by_company/JandJ_Snack_Foods_Corp_2023Q1.txt,0.24097295105457306,0.7590270489454269
DATASCOPE CORP,2.0,0.46,0.48,transcripts_by_company/Datascope_Corp_2004Q2.txt,0.17911380529403687,0.8208861947059631
COGNEX CORP,3.0,0.41,0.46,transcripts_by_company/Cognex_2012Q3.txt,0.2320154309272766,0.7679845690727234
AVID TECHNOLOGY INC,3.0,0.14,0.06,transcripts_by_company/Avid_Technology_Inc_2018Q3.txt,0.15968142449855804,0.840318575501442
ASCENA RETAIL GROUP INC,2.0,0.34,0.77,transcripts_by_company/X5_Retail_Group_NV_2012Q2.txt,0.18412767350673676,0.8158723264932632
REACHLOCAL INC,2.0,-0.14,-0.26,transcripts_by_company/ReachLocal_Inc_2016Q2.txt,0.11589370667934418,0.8841062933206558
89BIO INC,3.0,-0.45,-0.54,transcripts_by_company/89bio_Inc_2023Q3.txt,0.39868786931037903,0.601312130689621
ORCHID CELLMARK INC,3.0,-0.05,0.04,transcripts_by_company/Orchid_Cellmark_Inc_2008Q3.txt,0.13585036993026733,0.8641496300697327
NABI BIOPHARMACEUTICALS,2.0,-0.3,-0.02,transcripts_by_company/NABI_Biopharmaceuticals_2004Q2.txt,0.16681674122810364,0.8331832587718964
JAKKS PACIFIC INC,1.0,-0.39,-0.27,transcripts_by_company/JAKKS_Pacific_Inc_2011Q1.txt,0.14388521015644073,0.8561147898435593
CABELAS INC,3.0,0.53,0.83,transcripts_by_company/Cabelas_Incorporated_2016Q3.txt,0.2651650905609131,0.7348349094390869
WEST BANCORPORATION INC,2.0,0.75,0.7,transcripts_by_company/West_Bancorporation_Inc_2022Q2.txt,0.25397008657455444,0.7460299134254456
HERITAGE FINANCIAL CORP,1.0,0.03,0.04,transcripts_by_company/Heritage_Financial_2010Q1.txt,0.2585657835006714,0.7414342164993286
BARNES GROUP INC,4.0,0.36,0.41,transcripts_by_company/Barnes_Group_Inc_2020Q4.txt,0.21268945932388306,0.7873105406761169
FRED'S INC,2.0,0.31,0.33,transcripts_by_company/Freds_Inc_2013Q2.txt,0.2842748761177063,0.7157251238822937
JONES LANG LASALLE INC,4.0,5.29,4.23,transcripts_by_company/Jones_Lang_LaSalle_Incorporated_2020Q4.txt,0.14253000915050507,0.8574699908494949
1-800-FLOWERS.COM INC,4.0,1.72,1.21,transcripts_by_company/1-800-FLOWERSCOM_Inc_2020Q4.txt,0.3286478817462921,0.6713521182537079
GP STRATEGIES CORP,4.0,0.32,0.29,transcripts_by_company/GP_Strategies_Corporation_2012Q4.txt,0.20070716738700867,0.7992928326129913
CORPORATE OFFICE PROPERTIES,2.0,0.22,0.15,transcripts_by_company/Corporate_Office_Properties_Trust_2009Q2.txt,0.1709093451499939,0.8290906548500061
TRANSCANADA CORP,4.0,0.54,0.59,transcripts_by_company/TransCanada_Corporation_2010Q4.txt,0.16589972376823425,0.8341002762317657
PCTEL INC,3.0,0.12,0.09,transcripts_by_company/PCTEL_Inc_2006Q3.txt,0.1115669384598732,0.8884330615401268
GARMIN LTD,3.0,1.58,1.09,transcripts_by_company/Garmin_Ltd_2020Q3.txt,0.11842736601829529,0.8815726339817047
XILINX INC,1.0,0.14,0.14,transcripts_by_company/Xilinx_2003Q1.txt,0.3205360770225525,0.6794639229774475
AG MORTGAGE INVESTMENT TRUST INC,3.0,0.5,0.5,transcripts_by_company/AG_Mortgage_Investment_Trust_Inc_2016Q3.txt,0.3085213899612427,0.6914786100387573
QUALITY SYS INC,2.0,0.15,0.17,transcripts_by_company/Quality_Systems_Inc_2016Q2.txt,0.2562151253223419,0.7437848746776581
CLARCOR INC,1.0,0.44,0.54,transcripts_by_company/CLARCOR_Inc_2016Q1.txt,0.26923656463623047,0.7307634353637695
RAMBUS INC,1.0,0.32,0.22,transcripts_by_company/Rambus_Inc_2020Q1.txt,0.2987416982650757,0.7012583017349243
BROOKFIELD BUSINESS PARTNERS LP,1.0,-0.84,1.0,transcripts_by_company/Brookfield_Business_Partners_LP_2020Q1.txt,0.2384694218635559,0.7615305781364441
WESTERN GAS EQUITY PARTNERS LP,3.0,0.49,0.49,transcripts_by_company/Western_Gas_Partners_LP_2018Q3.txt,0.4397483170032501,0.5602516829967499
"TC PIPELINES, LP",4.0,0.56,0.69,transcripts_by_company/TC_PipeLines_LP_2009Q4.txt,0.15964387357234955,0.8403561264276505
NUCOR CORP,3.0,6.5,4.42,transcripts_by_company/Nucor_Corporation_2022Q3.txt,0.2632003128528595,0.7367996871471405
THERAPEUTICSMD INC,3.0,-0.16,-0.13,transcripts_by_company/TherapeuticsMD_Inc_2018Q3.txt,0.4035864770412445,0.5964135229587555
INOGEN INC,3.0,-0.55,-0.41,transcripts_by_company/Inogen_Inc_2023Q3.txt,0.2872258424758911,0.7127741575241089
AMIS HOLDINGS INC,1.0,0.15,0.17,transcripts_by_company/AMIS_Holdings_2007Q1.txt,0.11531376838684082,0.8846862316131592
PROS HOLDINGS INC,1.0,-0.23,-0.07,transcripts_by_company/PROS_Holdings_Inc_2020Q1.txt,0.16209357976913452,0.8379064202308655
COGNEX CORP,1.0,0.21,0.2,transcripts_by_company/Cognex_Corp_2014Q1.txt,0.2846193015575409,0.7153806984424591
ASBURY AUTOMOTIVE GROUP INC,4.0,1.31,1.37,transcripts_by_company/Asbury_Automotive_Group_Inc_2015Q4.txt,0.20463615655899048,0.7953638434410095
GDS HOLDINGS LTD,3.0,-0.96,-0.64,transcripts_by_company/GDS_Holdings_Limited_2017Q3.txt,0.05806964263319969,0.9419303573668003
BOWLERO CORP,4.0,-0.44,0.15,transcripts_by_company/Bowlero_Corp_2023Q4.txt,0.15962514281272888,0.8403748571872711
REALNETWORKS INC,1.0,-0.06,0.0,transcripts_by_company/RealNetworks_Inc_2004Q1.txt,0.2972612679004669,0.7027387320995331
STURM RUGER & COMPANY INC,4.0,1.78,0.93,transcripts_by_company/Sturm_Ruger_and_Company_Inc_2020Q4.txt,0.33445674180984497,0.665543258190155
MAGNACHIP SEMICONDUCTOR CORP,2.0,-0.06,0.0,transcripts_by_company/Magnachip_Semiconductor_Corporation_2023Q2.txt,0.09460872411727905,0.905391275882721
EZCORP INC,4.0,0.52,0.46,transcripts_by_company/EZCORP_Inc_2009Q4.txt,0.10911896824836731,0.8908810317516327
SHUFFLE MASTER INC,1.0,0.09,0.09,transcripts_by_company/Shuffle_Master_Inc_2011Q1.txt,0.20323395729064941,0.7967660427093506
BB SEGURIDADE PARTICIPACOES SA,1.0,0.177,0.13,transcripts_by_company/BB_Seguridade_Participações_SA_2023Q1.txt,0.17094998061656952,0.8290500193834305
OMNICOM GROUP INC,3.0,0.72,0.68,transcripts_by_company/Omnicom_Group_Inc_2011Q3.txt,0.1469465047121048,0.8530534952878952
MELLANOX TECHNOLOGIES LTD,1.0,0.1,0.42,transcripts_by_company/Mellanox_Technologies_2014Q1.txt,0.30292946100234985,0.6970705389976501
POOL CORP,4.0,-0.27,-0.26,transcripts_by_company/Pool_Corporation_2009Q4.txt,0.21465377509593964,0.7853462249040604
SCHWEITZER-MAUDUIT INTERNATIONAL,1.0,0.74,0.9,transcripts_by_company/Schweitzer-Mauduit_International_2015Q1.txt,0.22848443686962128,0.7715155631303787
STRYKER CORP,2.0,0.73,0.79,transcripts_by_company/Stryker_2009Q2.txt,0.15675674378871918,0.8432432562112808
SMITH & WOLLENSKY RESTAURANT,4.0,-0.04,-0.02,transcripts_by_company/Smith_and_Wollensky_2005Q4.txt,0.2962626814842224,0.7037373185157776
CALLWAVE INC,4.0,-0.07,0.1,transcripts_by_company/CallWave_Inc_2005Q4.txt,0.19831763207912445,0.8016823679208755
MGM MIRAGE,1.0,0.56,0.59,transcripts_by_company/MGM_MIRAGE_2006Q1.txt,0.3414461314678192,0.6585538685321808
BOLIDEN AB,3.0,1.7,0.26,transcripts_by_company/Boliden_AB_2014Q3.txt,0.18205609917640686,0.8179439008235931
APPLIED INNOVATION INC,2.0,0.07,0.04,transcripts_by_company/Applied_Innovation_Inc_2002Q2.txt,0.36285972595214844,0.6371402740478516
SNC-LAVALIN GROUP 'A',3.0,0.94,0.61,transcripts_by_company/SNC-Lavalin_Group_Inc_2019Q3.txt,0.15571685135364532,0.8442831486463547
YM BIOSCIENCES INC,3.0,-0.13,-0.14,transcripts_by_company/TM_Bioscience_2006Q3.txt,0.38160425424575806,0.6183957457542419
CEDAR FAIR L P,2.0,0.2,0.28,transcripts_by_company/Cedar_Fair_2006Q2.txt,0.40776950120925903,0.592230498790741
LANCASTER COLONY CORP,4.0,1.4,0.84,transcripts_by_company/Lancaster_Colony_Corporation_2009Q4.txt,0.33100903034210205,0.668990969657898
OCUGEN INC,4.0,-0.1,-0.08,transcripts_by_company/Ocugen_Inc_2022Q4.txt,0.15995372831821442,0.8400462716817856
A SCHULMAN INC,3.0,0.21,0.28,transcripts_by_company/A_Schulman_Inc_2005Q3.txt,0.4335709810256958,0.5664290189743042
PERRIGO CO,3.0,0.41,0.5,transcripts_by_company/Perrigo_2008Q3.txt,0.10265401005744934,0.8973459899425507
ICOS CORP,1.0,-0.73,-0.37,transcripts_by_company/ICOS_Corporation_2005Q1.txt,0.3092443346977234,0.6907556653022766
CASEYS GENERAL STORES INC,2.0,0.76,1.24,transcripts_by_company/Caseys_General_Stores_Inc_2017Q2.txt,0.22729633748531342,0.7727036625146866
LGI HOMES INC,4.0,1.43,1.23,transcripts_by_company/LGI_Homes_Inc_2017Q4.txt,0.16336508095264435,0.8366349190473557
JONES SODA CO,2.0,0.03,0.03,transcripts_by_company/Jones_Soda_Company_2004Q2.txt,0.23690275847911835,0.7630972415208817
HOME DEPOT INC,1.0,3.3,3.37,transcripts_by_company/The_Home_Depot_Inc_2023Q1.txt,0.19698157906532288,0.8030184209346771
CARMAX INC,1.0,0.74,0.74,transcripts_by_company/Chairman_2016Q1.txt,0.3532368838787079,0.6467631161212921
BECKMAN COULTER INC,4.0,0.73,1.14,transcripts_by_company/Beckman_Coulter_2005Q4.txt,0.08882090449333191,0.9111790955066681
APPLOVIN CORP,3.0,0.06,0.16,transcripts_by_company/AppLovin_Corporation_2022Q3.txt,0.10084258764982224,0.8991574123501778
BROWN-FORMAN CORP,3.0,0.75,0.78,transcripts_by_company/Brown-Foreman_Corporation_2015Q3.txt,0.2634834945201874,0.7365165054798126
LOUISIANA-PACIFIC CORP,4.0,-0.23,0.15,transcripts_by_company/Louisiana-Pacific_Corporation_2014Q4.txt,0.3200165033340454,0.6799834966659546
PHIBRO ANIMAL HEALTH CORP,3.0,0.14,0.27,transcripts_by_company/Phibro_Animal_Health_Corporation_2023Q3.txt,0.2639409005641937,0.7360590994358063
COMPASS MINERALS INTERNATIONAL I,1.0,0.96,0.7,transcripts_by_company/OZ_Minerals_Limited_2021Q1.txt,0.20142769813537598,0.798572301864624
AUTHENTEC INC,4.0,-0.02,0.09,transcripts_by_company/AuthenTec_Inc_2008Q4.txt,0.16848713159561157,0.8315128684043884
CHILDREN'S PLACE INC,2.0,0.42,0.41,transcripts_by_company/The_Childrens_Place_Retail_Stores_Inc_2004Q2.txt,0.3512701094150543,0.6487298905849457
SNAP INC,1.0,-0.1,-0.14,transcripts_by_company/Snap_Inc_2019Q1.txt,0.2023419886827469,0.7976580113172531
OTONOMY INC,2.0,-0.38,-0.52,transcripts_by_company/Otonomy_Inc_2019Q2.txt,0.25269556045532227,0.7473044395446777
METTLER-TOLEDO INTERNATIONAL INC,3.0,1.15,1.06,transcripts_by_company/Mettler-Toledo_International_2007Q3.txt,0.07846938073635101,0.921530619263649
HI-TECH PHARMACAL,2.0,0.45,0.17,transcripts_by_company/Hi-Tech_Pharmacal_Co_Inc_2009Q2.txt,0.22405967116355896,0.775940328836441
DICERNA PHARMACEUTICALS INC,2.0,-0.35,-0.2,transcripts_by_company/Dicerna_Pharmaceuticals_Inc_2019Q2.txt,0.28567832708358765,0.7143216729164124
SINA CORP,1.0,0.04,0.08,transcripts_by_company/Sina_Corporation_2015Q1.txt,0.060804106295108795,0.9391958937048912
JUNO THERAPEUTICS INC,1.0,-0.71,-0.85,transcripts_by_company/Juno_Therapeutics_Inc_2017Q1.txt,0.250209778547287,0.749790221452713
FULGENT GENETICS INC,4.0,3.34,1.5,transcripts_by_company/Fulgent_Genetics_Inc_2021Q4.txt,0.1421498954296112,0.8578501045703888
CHEMOURS CO,3.0,0.63,1.38,transcripts_by_company/The_Chemours_Company_2023Q3.txt,0.26955658197402954,0.7304434180259705
SAINT-GOBAIN,4.0,5.35,3.44,transcripts_by_company/Compagnie_de_Saint-Gobain_SA_2021Q4.txt,0.306804895401001,0.693195104598999
GLAXOSMITHKLINE PLC,3.0,0.79,0.75,transcripts_by_company/GlaxoSmithKline_PLC_2004Q3.txt,0.218095600605011,0.781904399394989
EMCOR GROUP INC,4.0,0.57,0.55,transcripts_by_company/Emcor_Group_Inc_2011Q4.txt,0.12632890045642853,0.8736710995435715
FIRST FINANCIAL CORP,3.0,0.48,0.52,transcripts_by_company/First_Mercury_Financial_Corporation_2010Q3.txt,0.11310916393995285,0.8868908360600471
AMERICAN PUBLIC EDUCATION INC,4.0,0.44,0.38,transcripts_by_company/American_Public_Education_Inc_2009Q4.txt,0.18024812638759613,0.8197518736124039
NASH FINCH CO,2.0,0.66,0.53,transcripts_by_company/Nash_Finch_Company_2007Q2.txt,0.21508799493312836,0.7849120050668716
VARIAN MEDICAL SYSTEMS INC,4.0,0.41,0.35,transcripts_by_company/American_Medical_Systems_2003Q4.txt,0.189348042011261,0.810651957988739
VIPSHOP HOLDINGS LTD,4.0,0.12,0.95,transcripts_by_company/Vipshop_Holdings_Ltd_2014Q4.txt,0.2054097205400467,0.7945902794599533
PHARMERICA CORP,4.0,0.39,0.36,transcripts_by_company/PharMerica_Corporation_2013Q4.txt,0.3434687554836273,0.6565312445163727
HARSCO CORP,2.0,0.01,0.02,transcripts_by_company/Harsco_Corporation_2023Q2.txt,0.22506210207939148,0.7749378979206085
COMPUTER PROGRAMS AND SYSTEMS IN,2.0,0.72,0.49,transcripts_by_company/Computer_Programs_and_Systems_Inc_2011Q2.txt,0.2168201059103012,0.7831798940896988
STRAYER EDUCATION,4.0,1.21,1.0,transcripts_by_company/Strayer_Education_Inc_2014Q4.txt,0.3275238275527954,0.6724761724472046
HYPERCOM CORP,2.0,0.06,0.03,transcripts_by_company/Hypercom_Corporation_2003Q2.txt,0.11937001347541809,0.8806299865245819
FRANKLIN RESOURCES INC,1.0,0.79,0.71,transcripts_by_company/Franklin_Resources_Inc_2021Q1.txt,0.26514944434165955,0.7348505556583405
GLU MOBILE INC,4.0,-0.03,0.01,transcripts_by_company/Glu_Mobile_Inc_2007Q4.txt,0.1048530712723732,0.8951469287276268
STERICYCLE INC,1.0,0.52,0.64,transcripts_by_company/Stericycle_Inc_2020Q1.txt,0.22107066214084625,0.7789293378591537
CHATHAM LODGING TRUST,4.0,0.07,0.1,transcripts_by_company/Chatham_Lodging_Trust_2016Q4.txt,0.25863027572631836,0.7413697242736816
MANITOWOC INC,3.0,0.17,0.27,transcripts_by_company/Manitowoc_Co_Inc_2012Q3.txt,0.14941073954105377,0.8505892604589462
INFORTE CORPORATION,3.0,0.04,0.01,transcripts_by_company/Inforte_Corporation_2003Q3.txt,0.15859636664390564,0.8414036333560944
TTM TECHNOLOGIES INC,3.0,0.13,0.21,transcripts_by_company/TTM_Technologies_2014Q3.txt,0.12293394654989243,0.8770660534501076
CHINAEDU CORP,1.0,0.03,0.06,transcripts_by_company/ChinaEdu_Corp_2011Q1.txt,0.08835187554359436,0.9116481244564056
ALLISON TRANSMISSION HOLDINGS IN,4.0,0.34,0.28,transcripts_by_company/Allison_Transmission_Holdings_Inc_2014Q4.txt,0.14881137013435364,0.8511886298656464
LIFE TIME FITNESS INC,3.0,0.66,0.65,transcripts_by_company/Life_Time_Fitness_Inc_2011Q3.txt,0.1746578812599182,0.8253421187400818
DELEK LOGISTICS PARTNERS LP,2.0,1.0,1.24,transcripts_by_company/Delek_Logistics_Partners_LP_2021Q2.txt,0.19336329400539398,0.806636705994606
LKQ CORP,3.0,0.86,1.05,transcripts_by_company/LKQ_Corporation_2023Q3.txt,0.11476901173591614,0.8852309882640839
CONN'S INC,4.0,0.17,0.37,transcripts_by_company/Conns_Inc_2007Q4.txt,0.26964032649993896,0.730359673500061
DENTSPLY INTERNATIONAL INC,3.0,0.45,0.47,transcripts_by_company/DENTSPLY_International_Inc_2010Q3.txt,0.24906131625175476,0.7509386837482452
GENERAL FINANCE CORP,1.0,-0.32,0.14,transcripts_by_company/General_Finance_Corporation_2020Q1.txt,0.30852141976356506,0.6914785802364349
PARTNERRE LTD,1.0,2.72,2.37,transcripts_by_company/PartnerRe_Ltd_2009Q1.txt,0.0831238180398941,0.9168761819601059
BANCORP INC,2.0,0.35,0.24,transcripts_by_company/Fifth_Third_Bancorp_2020Q2.txt,0.1970256119966507,0.8029743880033493
NEWMARKET CORP,1.0,5.42,4.7,transcripts_by_company/NewMarket_Corporation_2016Q1.txt,0.09410863369703293,0.9058913663029671
METRO AG,1.0,-0.04,-0.07,transcripts_by_company/METRO_INC_2017Q1.txt,0.3112439811229706,0.6887560188770294
COMMERCIAL VEHICLE GROUP INC,1.0,0.2,0.38,transcripts_by_company/Commercial_Vehicle_Group_2007Q1.txt,0.01587066426873207,0.9841293357312679
COMPOSECURE INC,2.0,0.25,0.28,transcripts_by_company/CompoSecure_Inc_2023Q2.txt,0.11240707337856293,0.8875929266214371
ORBOTECH LTD,1.0,0.46,0.6,transcripts_by_company/Orbotech_Ltd_2017Q1.txt,0.28705838322639465,0.7129416167736053
AVIAT NETWORKS INC,4.0,0.0,0.02,transcripts_by_company/Aviat_Networks_2010Q4.txt,0.11524742096662521,0.8847525790333748
ESSENT GROUP LTD,4.0,1.64,1.39,transcripts_by_company/Essent_Group_Ltd_2021Q4.txt,0.08606185764074326,0.9139381423592567
AEHR TEST SYSTEMS,1.0,0.14,0.03,transcripts_by_company/Aehr_Test_Systems_2022Q1.txt,0.12036561220884323,0.8796343877911568
QAD INC,3.0,0.12,0.13,transcripts_by_company/QAD_2005Q3.txt,0.0793880894780159,0.9206119105219841
RINGCENTRAL INC,4.0,0.07,0.06,transcripts_by_company/RingCentral_Inc_2017Q4.txt,0.21241044998168945,0.7875895500183105
BRIXMOR PROPERTY GROUP INC,4.0,0.21,0.19,transcripts_by_company/Brixmor_Property_Group_Inc_2019Q4.txt,0.10919010639190674,0.8908098936080933
AEROHIVE NETWORKS INC,2.0,0.01,-0.02,transcripts_by_company/Aerohive_Networks_Inc_2017Q2.txt,0.31669923663139343,0.6833007633686066
AB SKF,2.0,0.509,0.26,transcripts_by_company/AB_SKF_publ_2023Q2.txt,0.10677718371152878,0.8932228162884712
NITROMED INC,3.0,-0.45,-0.4,transcripts_by_company/NitroMed_Inc_2006Q3.txt,0.21962125599384308,0.7803787440061569
AMERICAN RAILCAR INDUSTRIES INC,4.0,0.24,0.11,transcripts_by_company/American_Railcar_Industries_Inc_2011Q4.txt,0.26912811398506165,0.7308718860149384
IDEXX LABORATORIES INC,2.0,2.34,1.83,transcripts_by_company/IDEXX_Laboratories_Inc_2021Q2.txt,0.14481323957443237,0.8551867604255676
COGENT COMMUNICATIONS GROUP INC,2.0,0.0,0.04,transcripts_by_company/Cogent_Communications_Group_Inc_2011Q2.txt,0.1195579245686531,0.8804420754313469
CHARGEPOINT HOLDINGS INC,1.0,-0.13,-0.19,transcripts_by_company/ChargePoint_Holdings_Inc_2023Q1.txt,0.19427691400051117,0.8057230859994888
AMERICAN PUBLIC EDUCATION INC,2.0,0.37,0.4,transcripts_by_company/AMERICAN_PUBLIC_EDUCATION_INC_2010Q2.txt,0.20525988936424255,0.7947401106357574
PACKAGING CORP OF AMERICA,1.0,1.08,0.83,transcripts_by_company/Packaging_Corp_of_America_2014Q1.txt,0.19679082930088043,0.8032091706991196
PROASSURANCE CORP,2.0,0.4,0.57,transcripts_by_company/ProAssurance_Corporation_2017Q2.txt,0.24473965167999268,0.7552603483200073
NOKIA CORP,1.0,-0.02,0.05,transcripts_by_company/Kemira_Oyj_2019Q1.txt,0.31329551339149475,0.6867044866085052
SANARA MEDTECH INC,3.0,-0.18,-0.23,transcripts_by_company/Sanara_MedTech_Inc_2022Q3.txt,0.12077458947896957,0.8792254105210304
ACCO BRANDS CORP,1.0,0.08,0.1,transcripts_by_company/ACCO_Brands_Corporation_2019Q1.txt,0.3400294780731201,0.6599705219268799
INGREDION INC,2.0,1.2,1.45,transcripts_by_company/Ingredion_Incorporated_2013Q2.txt,0.09580594301223755,0.9041940569877625
DOT HILL SYSTEMS CORP,2.0,0.15,0.16,transcripts_by_company/Dot_Hill_Systems_Corp_2004Q2.txt,0.11588162183761597,0.884118378162384
SPX CORP,3.0,1.21,1.42,transcripts_by_company/SPX_Corp_2011Q3.txt,0.2559717893600464,0.7440282106399536
LDK SOLAR CO LTD,3.0,0.37,0.3,transcripts_by_company/LDK_Solar_Co_Ltd_2007Q3.txt,0.1198473647236824,0.8801526352763176
CINER RESOURCES LP,2.0,0.83,0.46,transcripts_by_company/Ciner_Resources_LP_2018Q2.txt,0.21286723017692566,0.7871327698230743
RECRO PHARMA INC,1.0,-0.23,-0.2,transcripts_by_company/Recro_Pharma_Inc_2021Q1.txt,0.1986609697341919,0.8013390302658081
K-SEA TRANSPORTATION PARTNERS LP,1.0,0.24,0.54,transcripts_by_company/K-Sea_Transportation_Partners_LP_2009Q1.txt,0.3211599290370941,0.6788400709629059
TRANSACTION SYSTEMS ARCHITECTS,2.0,0.26,0.25,transcripts_by_company/Transaction_Systems_Architect_2005Q2.txt,0.12282036244869232,0.8771796375513077
ON SEMICONDUCTOR CORP,1.0,0.43,0.43,transcripts_by_company/ON_Semiconductor_Corporation_2019Q1.txt,0.3585231900215149,0.6414768099784851
PANTRY INC.,3.0,0.5,0.84,transcripts_by_company/The_Pantry_Inc_2010Q3.txt,0.14525829255580902,0.854741707444191
CONSOLIDATED GRAPHICS INC,3.0,0.66,0.64,transcripts_by_company/Consolidated_Graphics_2005Q3.txt,0.1278802901506424,0.8721197098493576
SHELL MIDSTREAM PARTNERS LP,3.0,0.28,0.42,transcripts_by_company/Shell_Midstream_Partners_LP_2016Q3.txt,0.08383448421955109,0.9161655157804489
NEXTIER OILFIELD SOLUTIONS INC,3.0,-0.11,-0.17,transcripts_by_company/NexTier_Oilfield_Solutions_Inc_2021Q3.txt,0.22512978315353394,0.7748702168464661
LEXAR MEDIA,4.0,0.21,0.1,transcripts_by_company/Lexar_Media_Inc_2003Q4.txt,0.14894527196884155,0.8510547280311584
BIOMED REALTY TRUST INC,2.0,0.2,0.07,transcripts_by_company/BioMed_Realty_Trust_Inc_2009Q2.txt,0.19495677947998047,0.8050432205200195
KE HOLDINGS INC,4.0,0.04,1.83,transcripts_by_company/KE_Holdings_Inc_2021Q4.txt,0.14789754152297974,0.8521024584770203
VENATOR MATERIALS PLC,1.0,0.11,0.17,transcripts_by_company/Venator_Materials_PLC_2020Q1.txt,0.17488060891628265,0.8251193910837173
COBRA ELECTRONICS,4.0,0.47,0.3,transcripts_by_company/Cobra_Electronics_Corporation_2011Q4.txt,0.2908886671066284,0.7091113328933716
CREE INC,4.0,0.32,0.33,transcripts_by_company/Cree_Inc_2012Q4.txt,0.22235122323036194,0.7776487767696381
HYTHIAM INC,3.0,-0.13,-0.12,transcripts_by_company/Hythiam_Inc_2008Q3.txt,0.28763920068740845,0.7123607993125916
MURPHY USA INC,3.0,1.9,1.54,transcripts_by_company/Murphy_USA_Inc_2017Q3.txt,0.15290558338165283,0.8470944166183472
TYME TECHNOLOGIES INC,4.0,-0.06,-0.09,transcripts_by_company/Tyme_Technologies_Inc_2017Q4.txt,0.276447057723999,0.723552942276001
KFORCE INC,3.0,0.3,0.35,transcripts_by_company/Kforce_Inc_2014Q3.txt,0.12853188812732697,0.871468111872673
COVANCE INC,2.0,0.66,0.67,transcripts_by_company/Covance_Inc_2011Q2.txt,0.21586169302463531,0.7841383069753647
MERIDIANLINK INC,2.0,0.03,0.09,transcripts_by_company/MeridianLink_Inc_2023Q2.txt,0.1001487597823143,0.8998512402176857
CONEXANT SYSTEMS INC-W/I,3.0,0.03,-0.06,transcripts_by_company/Conexant_Systems_2003Q3.txt,0.23194368183612823,0.7680563181638718
WHEELS UP EXPERIENCE INC,2.0,-0.25,-0.31,transcripts_by_company/Wheels_Up_Experience_Inc_2022Q2.txt,0.13152587413787842,0.8684741258621216
RESPONSE GENETICS INC,1.0,-0.03,-0.04,transcripts_by_company/Response_Genetics_Inc_2013Q1.txt,0.2337164729833603,0.7662835270166397
LOVESAC CO,3.0,0.45,0.27,transcripts_by_company/The_Lovesac_Company_2022Q3.txt,0.16113069653511047,0.8388693034648895
INTEL CORP,3.0,0.64,0.6,transcripts_by_company/Intel_Corporation_2015Q3.txt,0.04208880662918091,0.9579111933708191
LEMAITRE VASCULAR INC,4.0,0.11,0.07,transcripts_by_company/LeMaitre_Vascular_2010Q4.txt,0.2736125886440277,0.7263874113559723
REPLIGEN CORP,1.0,-0.06,-0.04,transcripts_by_company/Repligen_Corporation_2011Q1.txt,0.1390025019645691,0.8609974980354309
AMBRX BIOPHARMA INC,3.0,-0.37,-0.11,transcripts_by_company/Ambrx_Biopharma_Inc_2023Q3.txt,0.18393199145793915,0.8160680085420609
MWI VETERINARY SUPPLY INC,2.0,0.44,0.43,transcripts_by_company/MWI_Veterinary_Supply_2008Q2.txt,0.1985386312007904,0.8014613687992096
SONIC AUTOMOTIVE INC,1.0,0.53,0.42,transcripts_by_company/Sonic_Corporation_2002Q1.txt,0.2487240880727768,0.7512759119272232
CLEAN ENERGY FUELS CORP,4.0,-0.21,-0.03,transcripts_by_company/Clean_Energy_Fuels_Corp_2011Q4.txt,0.35318654775619507,0.6468134522438049
GATX CORP,3.0,1.12,1.43,transcripts_by_company/GATX_Corporation_2022Q3.txt,0.20078277587890625,0.7992172241210938
PRECISION BIOSCIENCES INC,2.0,-0.46,-0.56,transcripts_by_company/Precision_BioSciences_Inc_2022Q2.txt,0.09793826937675476,0.9020617306232452
GLOBAL BRASS AND COPPER HOLDINGS,4.0,0.28,0.28,transcripts_by_company/Global_Brass_and_Copper_Holdings_Inc_2015Q4.txt,0.15305177867412567,0.8469482213258743
PAYCOR HCM INC,3.0,0.07,0.06,transcripts_by_company/Paycor_HCM_Inc_2023Q3.txt,0.14412140846252441,0.8558785915374756
HD SUPPLY HOLDINGS INC,2.0,0.33,0.35,transcripts_by_company/HD_Supply_Holdings_Inc_2015Q2.txt,0.14146141707897186,0.8585385829210281
MSA SAFETY INC,1.0,1.36,1.22,transcripts_by_company/MSA_Safety_Incorporated_2023Q1.txt,0.09264220297336578,0.9073577970266342
GLG PARTNERS INC,1.0,0.1,0.08,transcripts_by_company/GLG_Partners_Inc_2008Q1.txt,0.25377991795539856,0.7462200820446014
NOVO NORDISK A/S,1.0,0.58,0.53,transcripts_by_company/Novo_Nordisk_AS_2017Q1.txt,0.3188970685005188,0.6811029314994812
DICE HOLDINGS INC,2.0,0.05,0.04,transcripts_by_company/Dice_Holdings_Inc_2010Q2.txt,0.2755172848701477,0.7244827151298523
AAR CORP,1.0,0.79,0.71,transcripts_by_company/AAR_Corp_2019Q1.txt,0.24889706075191498,0.751102939248085
GENWORTH FINANCIAL INC,4.0,0.38,0.3,transcripts_by_company/Genworth_Financial_Inc_2013Q4.txt,0.15798956155776978,0.8420104384422302
APELLIS PHARMACEUTICALS INC,4.0,-1.5,-1.41,transcripts_by_company/Apellis_Pharmaceuticals_Inc_2022Q4.txt,0.2225496917963028,0.7774503082036972
ASTRONICS CORP,1.0,0.31,0.19,transcripts_by_company/Astronics_Corporation_2010Q1.txt,0.1478428691625595,0.8521571308374405
COST PLUS,3.0,-0.35,-0.22,transcripts_by_company/Cost_Plus_Inc_2011Q3.txt,0.35008761286735535,0.6499123871326447
NANOSPHERE INC,3.0,-0.39,-0.32,transcripts_by_company/Nanosphere_Inc_2010Q3.txt,0.20245866477489471,0.7975413352251053
UNITIL CORP,2.0,0.3,0.19,transcripts_by_company/Unitil_Corporation_2022Q2.txt,0.18748025596141815,0.8125197440385818
MEDNAX INC,1.0,0.89,0.8,transcripts_by_company/MEDNAX_Inc_2018Q1.txt,0.2128889560699463,0.7871110439300537
BANK OF HAWAII CORP,4.0,1.3,1.37,transcripts_by_company/Bank_of_Hawaii_Corporation_2018Q4.txt,0.22301197052001953,0.7769880294799805
MCGRATH RENTCORP,1.0,0.81,0.77,transcripts_by_company/McGrath_RentCorp_2020Q1.txt,0.1898103952407837,0.8101896047592163
SANOFI SA,1.0,0.737,0.78,transcripts_by_company/Sanofi_SA_2016Q1.txt,0.11254121363162994,0.8874587863683701
PARK-OHIO HOLDINGS CORP,4.0,0.33,0.38,transcripts_by_company/Park-Ohio_2004Q4.txt,0.17182475328445435,0.8281752467155457
CASCADE CORP,3.0,0.47,0.4,transcripts_by_company/Cascades_2003Q3.txt,0.17082206904888153,0.8291779309511185
TEXAS INSTRUMENTS INC,4.0,0.69,0.61,transcripts_by_company/Texas_Instruments_Incorporated_2014Q4.txt,0.2754772901535034,0.7245227098464966
MSCI INC,4.0,0.49,0.55,transcripts_by_company/MSCI_Incorporated_2014Q4.txt,0.11760026961565018,0.8823997303843498
HANGER INC,4.0,0.54,0.58,transcripts_by_company/Hanger_Orthopedic_Group_2011Q4.txt,0.1524280607700348,0.8475719392299652
TRACON PHARMACEUTICALS INC,3.0,-0.53,-0.19,transcripts_by_company/TRACON_Pharmaceuticals_2015Q3.txt,0.08488170057535172,0.9151182994246483
APOGEE ENTERPRISES INC,3.0,0.6,0.91,transcripts_by_company/Apogee_Enterprises_Inc_2017Q3.txt,0.13953213393688202,0.860467866063118
M/I HOMES INC,4.0,0.9,1.01,transcripts_by_company/MI_Homes_Inc_2017Q4.txt,0.2985343039035797,0.7014656960964203
ABBOTT LABORATORIES,1.0,1.73,1.05,transcripts_by_company/Abbott_Laboratories_2022Q1.txt,0.25376617908477783,0.7462338209152222
DUCOMMUN INC DEL,4.0,0.51,0.38,transcripts_by_company/Ducommun_Inc_2007Q4.txt,0.1424633264541626,0.8575366735458374
NEWELL BRANDS INC,2.0,0.87,0.85,transcripts_by_company/Newell_Brands_Inc_2017Q2.txt,0.2196221500635147,0.7803778499364853
REGENCY CENTERS CORP,1.0,0.14,0.12,transcripts_by_company/Regency_Centers_Corporation_2012Q1.txt,0.11065027862787247,0.8893497213721275
ERESEARCHTECHNOLOGY INC.,3.0,0.13,0.11,transcripts_by_company/eResearch_Technology_2008Q3.txt,0.10506142675876617,0.8949385732412338
EAGLE MATERIALS INC,1.0,0.82,1.13,transcripts_by_company/Eagle_Materials_Inc_2018Q1.txt,0.3397270739078522,0.6602729260921478
REC SILICON ASA,2.0,-0.03,-0.01,transcripts_by_company/REC_Silicon_ASA_2017Q2.txt,0.18944673240184784,0.8105532675981522
HOST HOTELS  RESORTS INC,3.0,-0.44,-0.02,transcripts_by_company/Host_Hotels_and_Resorts_Inc_2020Q3.txt,0.260975182056427,0.739024817943573
CHIQUITA BRANDS INTERNATIONAL IN,2.0,0.69,1.6,transcripts_by_company/Chiquita_Brands_International_Inc_2011Q2.txt,0.07740797847509384,0.9225920215249062
AIRCASTLE LTD,2.0,0.67,0.38,transcripts_by_company/Aircastle_Limited_2013Q2.txt,0.21976378560066223,0.7802362143993378
UNITED COMMUNITY BANKS INC,1.0,0.3,0.45,transcripts_by_company/United_Community_Banks_2004Q1.txt,0.19815796613693237,0.8018420338630676
L BRANDS INC,2.0,1.25,-0.2,transcripts_by_company/Premium_Brands_Holdings_Corporation_2021Q2.txt,0.20624715089797974,0.7937528491020203
CYMABAY THERAPEUTICS INC,3.0,-0.28,-0.33,transcripts_by_company/CymaBay_Therapeutics_Inc_2022Q3.txt,0.12539967894554138,0.8746003210544586
HEALTH NET INC,4.0,0.65,0.65,transcripts_by_company/Health_Net_Inc_2005Q4.txt,0.3411101698875427,0.6588898301124573
SOFTBANK CORP,4.0,89.62,116.6,transcripts_by_company/SoftBank_Group_Corp_2016Q4.txt,0.1851501762866974,0.8148498237133026
QWEST COMMUNICATIONS INTL,3.0,-0.13,-0.08,transcripts_by_company/Qwest_Communications_2003Q3.txt,0.40140366554260254,0.5985963344573975
GW PHARMACEUTICALS PLC,3.0,-0.89,-1.76,transcripts_by_company/GW_Pharmaceuticals_plc_2016Q3.txt,0.26929906010627747,0.7307009398937225
REGENERON PHARMACEUTICALS INC,2.0,-0.41,-0.21,transcripts_by_company/Regeneron_Pharmaceuticals_Inc_2007Q2.txt,0.20554368197917938,0.7944563180208206
PAPA MURPHYS HOLDINGS INC,2.0,0.07,0.07,transcripts_by_company/Papa_Murphys_Holdings_Inc_2017Q2.txt,0.12323383241891861,0.8767661675810814
NPS PHARMACEUTICALS INCORPORATED,4.0,0.07,0.01,transcripts_by_company/NPS_Pharmaceuticals_2013Q4.txt,0.26140204071998596,0.738597959280014
COLDWATER CREEK INC,3.0,-0.06,0.0,transcripts_by_company/Coldwater_Creek_2003Q3.txt,0.3365216851234436,0.6634783148765564
MUELLER WATER PRODUCTS INC,3.0,0.14,0.17,transcripts_by_company/Mueller_Water_Products_Inc_2015Q3.txt,0.1376013159751892,0.8623986840248108
ENACT HOLDINGS INC,4.0,0.98,0.8,transcripts_by_company/Enact_Holdings_Inc_CurrentQ4.txt,0.11086885631084442,0.8891311436891556
BOINGO WIRELESS INC,3.0,-0.11,-0.06,transcripts_by_company/Boingo_Wireless_Inc_2014Q3.txt,0.11081849038600922,0.8891815096139908
SSR MINING INC,4.0,0.12,0.45,transcripts_by_company/SSR_Mining_Inc_2022Q4.txt,0.10567931830883026,0.8943206816911697
VASCULAR SOLUTIONS INC,1.0,-0.06,0.08,transcripts_by_company/Vascular_Solutions_2006Q1.txt,0.09230410307645798,0.907695896923542
CINEMARK HOLDINGS INC,1.0,0.37,0.26,transcripts_by_company/Cinemark_USA_Inc_2012Q1.txt,0.1778586059808731,0.8221413940191269
BOWNE & CO,4.0,0.08,0.1,transcripts_by_company/Bowne_and_Company_2007Q4.txt,0.22391824424266815,0.7760817557573318
THERMO ELECTRON CORP,4.0,0.57,0.51,transcripts_by_company/Thermo_Electron_Corporation_2006Q4.txt,0.2146267592906952,0.7853732407093048
AMERICAN CAPITAL AGENCY CORP,1.0,2.13,1.31,transcripts_by_company/American_Capital_Ltd_2010Q1.txt,0.14629878103733063,0.8537012189626694
TYME TECHNOLOGIES INC,4.0,-0.08,-0.08,transcripts_by_company/Tyme_Technologies_Inc_2018Q4.txt,0.3365856409072876,0.6634143590927124
"GARTNER, INC.",2.0,0.49,0.52,transcripts_by_company/Gartner_Inc_2013Q2.txt,0.16700462996959686,0.8329953700304031
ASPEN TECHNOLOGY INC,4.0,-0.09,-0.19,transcripts_by_company/Aspen_Technology_2010Q4.txt,0.14453287422657013,0.8554671257734299
CENTERPOINT PROPERTIES CORP.,3.0,0.76,0.08,transcripts_by_company/CenterPoint_Properties_Trust_2005Q3.txt,0.18351328372955322,0.8164867162704468
BRIDGEPOINT EDUCATION INC,1.0,0.49,0.28,transcripts_by_company/Bridgepoint_Education_Inc_2010Q1.txt,0.2041533887386322,0.7958466112613678
HASBRO BRADLEY I,3.0,1.09,1.03,transcripts_by_company/Hasbro_Inc_2010Q3.txt,0.21415315568447113,0.7858468443155289
SHENANDOAH TELECOMMUNICATIONS CO,3.0,-0.16,0.25,transcripts_by_company/Shenandoah_Telecommunications_Company_2016Q3.txt,0.2801653742790222,0.7198346257209778
ROBERT HALF INC,1.0,0.8,0.66,transcripts_by_company/Robert_Half_International_Inc_2018Q1.txt,0.2786409258842468,0.7213590741157532
RENAISSANCERE HOLDINGS LTD,2.0,4.06,4.27,transcripts_by_company/RenaissanceRe_Holdings_Ltd_2020Q2.txt,0.19277402758598328,0.8072259724140167
UNOVA INCORPORATED,4.0,0.06,0.0,transcripts_by_company/UNOVA_Inc_2003Q4.txt,0.20663121342658997,0.79336878657341
LEGGETT  PLATT INC,2.0,0.39,0.3,transcripts_by_company/Leggett_and_Platt_2004Q2.txt,0.31815725564956665,0.6818427443504333
WESTLAKE CHEMICAL CORP,3.0,2.2,2.72,transcripts_by_company/Westlake_Chemical_Partners_LP_2023Q3.txt,0.16092807054519653,0.8390719294548035
POTBELLY CORP,2.0,-0.63,0.02,transcripts_by_company/Potbelly_Corporation_2020Q2.txt,0.17596358060836792,0.8240364193916321
BOARDWALK PIPELINE PARTNERS LP,1.0,0.45,0.46,transcripts_by_company/Boardwalk_Pipeline_Partners_LP_2012Q1.txt,0.1863812506198883,0.8136187493801117
GLADSTONE COMMERCIAL CORP,4.0,-0.03,-0.01,transcripts_by_company/Gladstone_Commercial_Corporation_2022Q4.txt,0.15416932106018066,0.8458306789398193
ATLANTIC CAPITAL BANCSHARES INC,1.0,0.14,0.17,transcripts_by_company/Atlantic_Capital_Bancshares_Inc_2016Q1.txt,0.1795903891324997,0.8204096108675003
DURECT CORP,1.0,-0.03,-0.05,transcripts_by_company/DUET_Group_2014Q1.txt,0.17845764756202698,0.821542352437973
CADENCE DESIGN SYSTEMS INC,1.0,0.15,0.15,transcripts_by_company/Cadence_Design_Systems_2005Q1.txt,0.2518552541732788,0.7481447458267212
AMERICA'S CAR-MART INC,3.0,2.83,2.29,transcripts_by_company/Americas_Car-Mart_Inc_2020Q3.txt,0.10231857001781464,0.8976814299821854
RESMED INC,4.0,0.65,0.65,transcripts_by_company/ResMed_Inc_2014Q4.txt,0.24103058874607086,0.7589694112539291
MASTERCARD INC,1.0,6.23,6.25,transcripts_by_company/MasterCard_Inc_2013Q1.txt,0.14817477762699127,0.8518252223730087
CSG SYSTEMS INTERNATIONAL INC,2.0,0.62,0.68,transcripts_by_company/CSG_Systems_International_Inc_2017Q2.txt,0.12091930210590363,0.8790806978940964
DRUGSTORE.COM INC,2.0,-0.05,-0.07,transcripts_by_company/drugstorecom_Inc_2005Q2.txt,0.10034490376710892,0.8996550962328911
ODYSSEY RE HOLDINGS CORP,2.0,0.57,0.66,transcripts_by_company/Odyssey_Re_Holdings_Corp_2005Q2.txt,0.1967185139656067,0.8032814860343933
JONES LANG LASALLE INC,3.0,1.42,2.28,transcripts_by_company/Jones_Lang_LaSalle_Incorporated_2016Q3.txt,0.12864497303962708,0.8713550269603729
MBIA INC,3.0,2.26,0.4,transcripts_by_company/MBIA_Inc_2011Q3.txt,0.23947536945343018,0.7605246305465698
ALLEGHENY TECHNOLOGIES INC,2.0,2.0,1.71,transcripts_by_company/Allegheny_Technologies_2007Q2.txt,0.3505886495113373,0.6494113504886627
NEUROMETRIX INC,2.0,-0.1,0.11,transcripts_by_company/NeuroMetrix_2007Q2.txt,0.3158192038536072,0.6841807961463928
ACM RESEARCH INC,1.0,0.35,0.29,transcripts_by_company/ACM_Research_Inc_2021Q1.txt,0.15309670567512512,0.8469032943248749
SUMMIT WIRELESS TECHNOLOGIES INC,4.0,-3.6,-0.17,transcripts_by_company/Summit_Wireless_Technologies_Inc_2019Q4.txt,0.14600731432437897,0.853992685675621
YATRA ONLINE INC,1.0,-0.011,0.02,transcripts_by_company/Yatra_Online_Inc_2022Q1.txt,0.16450348496437073,0.8354965150356293
SANMINA CORP,2.0,1.55,1.53,transcripts_by_company/Sanmina_Corporation_2023Q2.txt,0.18426205217838287,0.8157379478216171
NORTHERN TRUST CORP,1.0,0.61,1.1,transcripts_by_company/Northern_Trust_2009Q1.txt,0.10048919171094894,0.8995108082890511
PCM INC,4.0,0.05,0.3,transcripts_by_company/PCM_Inc_2015Q4.txt,0.3137784004211426,0.6862215995788574
BIACORE INTERNATIONAL AB,3.0,0.08,0.36,transcripts_by_company/Biacore_International_AB_2003Q3.txt,0.35666730999946594,0.6433326900005341
LANDEC CORP,2.0,0.05,0.28,transcripts_by_company/Landec_Corporation_2020Q2.txt,0.2835962176322937,0.7164037823677063
PLANAR SYSTEMS INCORPORATED,3.0,-0.02,-0.01,transcripts_by_company/Planar_Systems_Inc_2011Q3.txt,0.0945969894528389,0.9054030105471611
HANSEN MEDICAL INC,2.0,-0.2,-0.12,transcripts_by_company/Hansen_Medical_2013Q2.txt,0.29125291109085083,0.7087470889091492
C-COR INCORPORATED,2.0,0.2,0.13,transcripts_by_company/C-COR_Incorporated_2007Q2.txt,0.256916880607605,0.743083119392395
BUFFALO WILD WINGS INC,4.0,0.55,0.55,transcripts_by_company/Buffalo_Wild_Wings_Inc_2010Q4.txt,0.1973716914653778,0.8026283085346222
CARBON BLACK INC,2.0,-0.13,-0.2,transcripts_by_company/Carbon_Black_Inc_2019Q2.txt,0.2439001500606537,0.7560998499393463
DARLING INTERNATIONAL INC.,1.0,0.15,0.3,transcripts_by_company/Darling_International_2014Q1.txt,0.2875980734825134,0.7124019265174866
TETRA TECH INC NEW,3.0,0.46,0.49,transcripts_by_company/Tetra_Tech_Inc_2012Q3.txt,0.15823708474636078,0.8417629152536392
HENRY SCHEIN INC,1.0,0.57,0.57,transcripts_by_company/Henry_Schein_2008Q1.txt,0.32875776290893555,0.6712422370910645
ADA-ES INC,4.0,0.0,0.03,transcripts_by_company/ADA-ES_Inc_2007Q4.txt,0.11623966693878174,0.8837603330612183
ACCELERON PHARMA INC,3.0,-0.25,-0.26,transcripts_by_company/Acceleron_Pharma_Inc_2014Q3.txt,0.15793725848197937,0.8420627415180206
INPUT/OUTPUT INC,3.0,-0.03,0.06,transcripts_by_company/InputOutput_2004Q3.txt,0.40903204679489136,0.5909679532051086
GEMSTAR-TV GUIDE INTERNATIONAL I,1.0,0.07,0.05,transcripts_by_company/Gemstar-TV_Guide_International_2007Q1.txt,0.24123108386993408,0.7587689161300659
MASCO CORP,1.0,0.13,0.12,transcripts_by_company/Masco_Corporation_2013Q1.txt,0.34307077527046204,0.656929224729538
TALEO CORP,1.0,0.14,0.12,transcripts_by_company/Taleo_Corporation_2008Q1.txt,0.2554141879081726,0.7445858120918274
ASTEC INDUSTRIES INC,3.0,0.51,0.61,transcripts_by_company/Astec_Industries_Inc_2007Q3.txt,0.231129452586174,0.768870547413826
SWEETGREEN INC,1.0,-0.29,-0.29,transcripts_by_company/Sweetgreen_Inc_2023Q1.txt,0.21309757232666016,0.7869024276733398
EMERGENT BIOSOLUTIONS INC,2.0,0.13,0.41,transcripts_by_company/Emergent_BioSolutions_Inc_2017Q2.txt,0.2702336013317108,0.7297663986682892
DULUTH HOLDINGS INC,2.0,0.01,0.13,transcripts_by_company/Duluth_Holdings_Inc_2017Q2.txt,0.10704974830150604,0.892950251698494
POST HOLDINGS INC,2.0,1.19,1.4,transcripts_by_company/Post_Holdings_Inc_2019Q2.txt,0.24874243140220642,0.7512575685977936
NXP SEMICONDUCTORS NV,4.0,3.71,3.48,transcripts_by_company/NXP_Semiconductors_NV_2023Q4.txt,0.17281189560890198,0.827188104391098
PINNACLE FINANCIAL PARTNERS INC,1.0,0.62,0.53,transcripts_by_company/Pinnacle_Financial_Partners_Inc_2015Q1.txt,0.25783517956733704,0.742164820432663
EMPIRE DISTRICT ELECTRIC CO,3.0,0.58,0.5,transcripts_by_company/Empire_District_Electric_Company_2015Q3.txt,0.25413399934768677,0.7458660006523132
HCA HOLDINGS INC,1.0,1.74,1.73,transcripts_by_company/HCA_Holdings_Inc_2017Q1.txt,0.16226884722709656,0.8377311527729034
KINDRED BIOSCIENCES INC,1.0,-0.53,-0.33,transcripts_by_company/Kindred_Biosciences_Inc_2020Q1.txt,0.3232935070991516,0.6767064929008484
DECIPHERA PHARMACEUTICALS INC,3.0,-1.13,-1.33,transcripts_by_company/Deciphera_Pharmaceuticals_Inc_2020Q3.txt,0.190895676612854,0.809104323387146
UNITED STATES STEEL CORP,4.0,0.76,0.69,transcripts_by_company/United_States_Steel_Corporation_2017Q4.txt,0.10153845697641373,0.8984615430235863
SPOTIFY TECHNOLOGY SA,4.0,-1.4,-0.21,transcripts_by_company/Spotify_Technology_SA_2022Q4.txt,0.20800946652889252,0.7919905334711075
LASERCARD CORP,1.0,-0.59,0.17,transcripts_by_company/LaserCard_Corporation_2007Q1.txt,0.18319866061210632,0.8168013393878937
KLA-TENCOR CORP,4.0,-0.12,0.55,transcripts_by_company/KLA-Tencor_Corporation_2008Q4.txt,0.28480055928230286,0.7151994407176971
FERRELLGAS PARTNERS LP,1.0,0.31,1.18,transcripts_by_company/Ferrellgas_Partners_LP_2011Q1.txt,0.29059040546417236,0.7094095945358276
ARQULE INC,3.0,-0.04,-0.2,transcripts_by_company/ArQule_Inc_2011Q3.txt,0.2771042585372925,0.7228957414627075
SHORETEL INC,1.0,0.01,0.07,transcripts_by_company/ShoreTel_2008Q1.txt,0.23052352666854858,0.7694764733314514
COMFORT SYSTEMS USA INC,4.0,0.32,0.29,transcripts_by_company/Comfort_Systems_USA_2008Q4.txt,0.15959885716438293,0.8404011428356171
CAMBREX CORPORATION,4.0,1.01,0.67,transcripts_by_company/Cambrex_Corporation_2015Q4.txt,0.18045616149902344,0.8195438385009766
SPECTRUM BRANDS HOLDINGS INC,2.0,1.71,1.94,transcripts_by_company/Spectrum_Brands_Holdings_Inc_2017Q2.txt,0.20295211672782898,0.797047883272171
WHITESTONE REIT,1.0,0.11,0.06,transcripts_by_company/Whitestone_REIT_2014Q1.txt,0.13360530138015747,0.8663946986198425
FIRST COMMONWEALTH FINANCIAL COR,2.0,0.07,0.1,transcripts_by_company/First_Commonwealth_Financial_2011Q2.txt,0.25548839569091797,0.744511604309082
PUBLIC SERVICE ENTERPRISE GROUP,1.0,1.39,1.21,transcripts_by_company/Public_Service_Enterprise_Group_Incorporated_2023Q1.txt,0.20937997102737427,0.7906200289726257
AEGERION PHARMACEUTICALS INC,3.0,-0.43,-0.57,transcripts_by_company/Aegerion_Pharmaceuticals_Inc_2013Q3.txt,0.273066908121109,0.726933091878891
CYNOSURE INC,2.0,0.29,0.25,transcripts_by_company/Cynosure_Inc_2013Q2.txt,0.15393468737602234,0.8460653126239777
NEURONETICS INC,2.0,-0.29,-0.21,transcripts_by_company/Neuronetics_Inc_2021Q2.txt,0.29907041788101196,0.700929582118988
BRT APARTMENTS CORP,2.0,0.58,-0.33,transcripts_by_company/BRT_Apartments_Corp_2023Q2.txt,0.18129917979240417,0.8187008202075958
BROOKFIELD ASSET MANAGEMENT INC,1.0,0.41,0.35,transcripts_by_company/Brookfield_Asset_Management_Inc_2011Q1.txt,0.10958032310009003,0.89041967689991
ANHEUSER-BUSCH INBEV NV,1.0,0.56,0.63,transcripts_by_company/Anheuser-Busch_InBev_2010Q1.txt,0.2741142809391022,0.7258857190608978
DOMINION DIAMOND CORP,4.0,0.05,0.2,transcripts_by_company/Dominion_Diamond_Corporation_2015Q4.txt,0.3570622205734253,0.6429377794265747
MF GLOBAL HOLDINGS LTD,4.0,0.03,0.07,transcripts_by_company/MF_Global_2010Q4.txt,0.0690942257642746,0.9309057742357254
CALITHERA BIOSCIENCES INC,4.0,-0.31,-0.25,transcripts_by_company/Calithera_Biosciences_Inc_2017Q4.txt,0.06485302001237869,0.9351469799876213
CHECKPOINT SYS,3.0,0.33,0.46,transcripts_by_company/Checkpoint_2006Q3.txt,0.32883453369140625,0.6711654663085938
EQUINIX INC,2.0,-0.05,0.49,transcripts_by_company/Equinix_Inc_2010Q2.txt,0.19371797144412994,0.8062820285558701
CIVISTA BANCSHARES INC,4.0,0.47,0.49,transcripts_by_company/Civista_Bancshares_Inc_2019Q4.txt,0.2099067121744156,0.7900932878255844
HOLLYSYS AUTOMATION TECHNOLOGIES,4.0,0.18,0.58,transcripts_by_company/Hollysys_Automation_Technologies_Ltd_2016Q4.txt,0.26825448870658875,0.7317455112934113
NATIONAL OILWELL VARCO INC,3.0,0.04,0.06,transcripts_by_company/National_Oilwell_Varco_Inc_2019Q3.txt,0.17027691006660461,0.8297230899333954
MARINEMAX INC,1.0,0.11,0.49,transcripts_by_company/MarineMax_Inc_2007Q1.txt,0.2774863541126251,0.7225136458873749
BANK OF HAWAII CORP,3.0,0.92,0.75,transcripts_by_company/Bank_Of_Hawaii_Corp_2011Q3.txt,0.15905451774597168,0.8409454822540283
DIRECTV GROUP INC.,2.0,0.12,0.08,transcripts_by_company/The_DIRECTV_Group_Inc_2005Q2.txt,0.10727809369564056,0.8927219063043594
GENWORTH FINANCIAL INC,4.0,0.52,0.54,transcripts_by_company/Genworth_Financial_Inc_2004Q4.txt,0.23892350494861603,0.761076495051384
ABSCI CORP,1.0,-0.26,-0.24,transcripts_by_company/Absci_Corporation_2023Q1.txt,0.03980844095349312,0.9601915590465069
AMERICAN WATER WORKS COMPANY INC,3.0,1.33,1.27,transcripts_by_company/American_Water_Works_Company_Inc_2019Q3.txt,0.2618822455406189,0.7381177544593811
AMICUS THERAPEUTICS INC,3.0,-0.34,-0.2,transcripts_by_company/Amicus_Therapeutics_Inc_2012Q3.txt,0.28700771927833557,0.7129922807216644
BOSTON SCIENTIFIC CORP,4.0,0.41,0.49,transcripts_by_company/Boston_Scientific_Corporation_2005Q4.txt,0.21826431155204773,0.7817356884479523
INDUSTRIAL LOGISTICS PROPERTIES,2.0,0.29,0.23,transcripts_by_company/Industrial_Logistics_Properties_Trust_2021Q2.txt,0.31667983531951904,0.683320164680481
ASX LTD,2.0,2.537,2.758,transcripts_by_company/ASX_Limited_2023Q2.txt,0.13262341916561127,0.8673765808343887
ABSOLUTE SOFTWARE CORP,4.0,-0.13,0.09,transcripts_by_company/Absolute_Software_Corp_2022Q4.txt,0.1759146749973297,0.8240853250026703
TRIMBLE INC,4.0,0.46,0.33,transcripts_by_company/Trimble_Navigation_2010Q4.txt,0.1720811426639557,0.8279188573360443
DELEK LOGISTICS PARTNERS LP,4.0,0.46,0.45,transcripts_by_company/Delek_Logistics_Partners_LP_2013Q4.txt,0.20708337426185608,0.7929166257381439
HASBRO BRADLEY I,4.0,0.65,0.49,transcripts_by_company/Hasbro_Inc_2003Q4.txt,0.12474139034748077,0.8752586096525192
AETRIUM INCORPORATED,1.0,-0.07,-0.04,transcripts_by_company/Aetrium_2009Q1.txt,0.08911359310150146,0.9108864068984985
INSTEEL INDUSTRIES INC,4.0,0.36,0.36,transcripts_by_company/Insteel_Industries_Inc_2015Q4.txt,0.3237607777118683,0.6762392222881317
BWX TECHNOLOGIES INC,2.0,0.65,0.69,transcripts_by_company/BWX_Technologies_Inc_2023Q2.txt,0.22257100045681,0.77742899954319
SILICON MOTION TECHNOLOGY CORP,3.0,0.4,0.34,transcripts_by_company/Silicon_Motion_Technology_Corp_2007Q3.txt,0.2279449701309204,0.7720550298690796
AGL RESOURCES INC,3.0,0.17,0.35,transcripts_by_company/Birch_Mountain_Resources_Ltd_2007Q3.txt,0.20305834710597992,0.7969416528940201
CERUS CORP,1.0,-0.11,-0.12,transcripts_by_company/Cerus_Corporation_2018Q1.txt,0.23915019631385803,0.760849803686142
"NUTRI/SYSTEM, INC.",4.0,0.19,0.2,transcripts_by_company/Nutrisystem_Inc_2015Q4.txt,0.19412164390087128,0.8058783560991287
SEASPINE HOLDINGS CORP,2.0,-0.16,-0.25,transcripts_by_company/SeaSpine_Holdings_Corporation_2021Q2.txt,0.28804802894592285,0.7119519710540771
FLY LEASING LTD,4.0,-1.98,0.42,transcripts_by_company/FLY_Leasing_Limited_2016Q4.txt,0.32797521352767944,0.6720247864723206
ADVOCAT INC,1.0,0.31,0.24,transcripts_by_company/Advocat_Inc_2008Q1.txt,0.31500720977783203,0.684992790222168
JD.COM INC,2.0,-0.01,0.0,transcripts_by_company/JDcom_Inc_2015Q2.txt,0.14345014095306396,0.856549859046936
SAPIENT CORP,3.0,0.15,0.17,transcripts_by_company/Sapient_Corp_2012Q3.txt,0.13586021959781647,0.8641397804021835
BLOCK H&R INCORPORATED,4.0,-0.42,-0.37,transcripts_by_company/HandR_Block_Inc_2007Q4.txt,0.28048980236053467,0.7195101976394653
WINDSTREAM CORP,1.0,0.18,0.21,transcripts_by_company/Windstream_Communications_2011Q1.txt,0.2177864909172058,0.7822135090827942
TYSON FOODS INC,3.0,1.58,1.78,transcripts_by_company/Tyson_Foods_Inc_2018Q3.txt,0.17410194873809814,0.8258980512619019
FIDUS INVESTMENT CORP,3.0,0.68,0.56,transcripts_by_company/Fidus_Investment_Corporation_2023Q3.txt,0.14002275466918945,0.8599772453308105
ULTRA PETROLEUM CORP,1.0,0.26,0.77,transcripts_by_company/Ultra_Petroleum_Corp_2009Q1.txt,0.14823415875434875,0.8517658412456512
JONES SODA CO,4.0,-0.39,0.05,transcripts_by_company/Jones_Soda_Co_2007Q4.txt,0.23348413407802582,0.7665158659219742
DIEBOLD INC,4.0,0.44,0.52,transcripts_by_company/Diebold_Nixdorf_Incorporated_2020Q4.txt,0.09255313873291016,0.9074468612670898
CYBERONICS INC,2.0,0.46,0.42,transcripts_by_company/Cyberonics_Inc_2013Q2.txt,0.2673663794994354,0.7326336205005646
WGL HOLDING INC,2.0,-0.08,-0.11,transcripts_by_company/WGL_Holdings_2004Q2.txt,0.24713429808616638,0.7528657019138336
ABM INDUSTRIES INC,2.0,0.27,0.31,transcripts_by_company/ABM_Industries_2008Q2.txt,0.2927132844924927,0.7072867155075073
SANDISK CORP,4.0,1.18,-0.03,transcripts_by_company/Skanska_2009Q4.txt,0.4103084206581116,0.5896915793418884
CONCERT PHARMACEUTICALS INC,2.0,0.16,-0.82,transcripts_by_company/Concert_Pharmaceuticals_Inc_2021Q2.txt,0.18069419264793396,0.819305807352066
IDEXX LABORATORIES INC,4.0,0.44,0.44,transcripts_by_company/Idexx_Laboratories_2008Q4.txt,0.3661099970340729,0.6338900029659271
NEXEN INC,4.0,0.95,1.45,transcripts_by_company/Nexen_2005Q4.txt,0.12609991431236267,0.8739000856876373
CANCER GENETICS INC,2.0,-0.13,-0.07,transcripts_by_company/Cancer_Genetics_Inc_2018Q2.txt,0.20322749018669128,0.7967725098133087
DUSA PHARMACEUTICALS INC,1.0,-0.01,0.1,transcripts_by_company/Dusa_Pharmaceuticals_Inc_2012Q1.txt,0.1681673377752304,0.8318326622247696
LIMELIGHT NETWORKS INC,1.0,0.06,0.02,transcripts_by_company/Limelight_Networks_Inc_2018Q1.txt,0.22273395955562592,0.7772660404443741
HEARTWARE INTERNATIONAL INC,2.0,-0.73,-0.52,transcripts_by_company/HeartWare_International_Inc_2010Q2.txt,0.2764297127723694,0.7235702872276306
POLYPORE INTERNATIONAL INC,2.0,0.51,0.72,transcripts_by_company/Polypore_International_Inc_2012Q2.txt,0.3350187838077545,0.6649812161922455
COINSTAR INC,3.0,0.66,0.49,transcripts_by_company/Coinstar_Inc_2010Q3.txt,0.08797819167375565,0.9120218083262444
COLGATE-PALMOLIVE CO,4.0,0.76,0.79,transcripts_by_company/Colgate-Palmolive_Co_2014Q4.txt,0.24908125400543213,0.7509187459945679
FIRST BUSEY CORP,2.0,0.53,0.52,transcripts_by_company/First_Busey_Corporation_2022Q2.txt,0.15823321044445038,0.8417667895555496
CATAMARAN CORP,2.0,0.49,0.44,transcripts_by_company/Catamaran_Corporation_2013Q2.txt,0.30024415254592896,0.699755847454071
"EAST WEST BANCORP, INC.",1.0,0.69,0.6,transcripts_by_company/West_Corporation_2015Q1.txt,0.10737550258636475,0.8926244974136353
IDEC PHARMACEUTICALS CORP,4.0,0.26,0.24,transcripts_by_company/IDEC_Pharmaceuticals_Corporation_2002Q4.txt,0.21123354136943817,0.7887664586305618
DEXCOM INC,4.0,0.54,0.06,transcripts_by_company/DexCom_Inc_2018Q4.txt,0.0969521701335907,0.9030478298664093
1ST MIDWEST BANC,2.0,0.59,0.63,transcripts_by_company/Midwest_Banc_Holdings_2007Q2.txt,0.33186542987823486,0.6681345701217651
ASIAINFO HOLDINGS INC,4.0,-0.86,0.03,transcripts_by_company/AsiaInfo_Holdings_Inc_2005Q4.txt,0.30856961011886597,0.691430389881134
BOISE CASCADE CO,1.0,0.19,0.46,transcripts_by_company/Boise_Cascade_Company_2015Q1.txt,0.27249130606651306,0.7275086939334869
SWISS REINSURANCE CO,4.0,0.51,8.88,transcripts_by_company/Swiss_Reinsurance_Company_2007Q4.txt,0.25138989090919495,0.748610109090805
STEPAN CO,1.0,1.37,1.49,transcripts_by_company/Stepan_Company_2018Q1.txt,0.25464197993278503,0.745358020067215
G&K SERVICES INC,2.0,0.37,0.54,transcripts_by_company/G_and_K_Services_2003Q2.txt,0.138823002576828,0.861176997423172
UNITED THERAPEUTICS CORP,1.0,-0.09,0.05,transcripts_by_company/United_Therapeutics_2004Q1.txt,0.2517158091068268,0.7482841908931732
RANGE RESOURCES CORP,3.0,-0.07,0.08,transcripts_by_company/Range_Resources_Corporation_2019Q3.txt,0.08705750852823257,0.9129424914717674
CABELAS INC,4.0,1.26,1.34,transcripts_by_company/Cabelas_Incorporated_2015Q4.txt,0.24657109379768372,0.7534289062023163
GYMBOREE CORPORATION,3.0,0.41,0.19,transcripts_by_company/The_Gymboree_Corporation_2009Q3.txt,0.15446723997592926,0.8455327600240707
BM TECHNOLOGIES INC,1.0,-0.43,0.18,transcripts_by_company/Parade_Technologies_Ltd_2023Q1.txt,0.29199010133743286,0.7080098986625671
MAIN STREET CAPITAL CORP,3.0,0.44,0.35,transcripts_by_company/Main_Street_Capital_Corporation_2011Q3.txt,0.1125127300620079,0.8874872699379921
CORNING INC,4.0,0.33,0.55,transcripts_by_company/Owens_Corning_2011Q4.txt,0.17474140226840973,0.8252585977315903
INTEGRATED DEVICE TECHNOLOGY INC,3.0,-0.01,-0.06,transcripts_by_company/Integrated_Device_Technology_Inc_2003Q3.txt,0.2267654687166214,0.7732345312833786
HOLOGIC INC,1.0,0.5,0.52,transcripts_by_company/Hologic_Inc_2017Q1.txt,0.3730255961418152,0.6269744038581848
NASDAQ INC,2.0,0.47,0.52,transcripts_by_company/The_NASDAQ_OMX_Group_Inc_2009Q2.txt,0.26804107427597046,0.7319589257240295
SBA COMMUNICATIONS CORP,4.0,-0.23,-0.06,transcripts_by_company/SBA_Communications_2006Q4.txt,0.11571038514375687,0.8842896148562431
AMERISOURCEBERGEN CORP,2.0,1.76,1.67,transcripts_by_company/AmerisourceBergen_Corporation_2019Q2.txt,0.06713906675577164,0.9328609332442284
SIMPSON MANUFACTURING CO,2.0,0.43,0.53,transcripts_by_company/Simpson_Manufacturing_Company_Inc_2015Q2.txt,0.15712395310401917,0.8428760468959808
CURO GROUP HOLDINGS CORP,4.0,-0.29,0.28,transcripts_by_company/Curo_Group_Holdings_Corp_2021Q4.txt,0.141804039478302,0.858195960521698
SUMMIT BANCSHARES INC,3.0,0.27,0.26,transcripts_by_company/Summit_Bancshares_Incorporated_2005Q3.txt,0.1345258504152298,0.8654741495847702
NISOURCE INC,2.0,0.13,0.09,transcripts_by_company/NiSource_Inc_2020Q2.txt,0.2794817388057709,0.7205182611942291
ALNYLAM PHARMACEUTICALS INC,1.0,-1.25,-1.22,transcripts_by_company/Alnylam_Pharmaceuticals_Inc_2017Q1.txt,0.15420900285243988,0.8457909971475601
STRAYER EDUCATION,2.0,1.85,2.0,transcripts_by_company/Strayer_Education_Inc_2012Q2.txt,0.31440508365631104,0.685594916343689
SENDAS DISTRIBUIDORA SA,2.0,0.55,0.38,transcripts_by_company/Dimed_SA_Distribuidora_de_Medicamentos_2023Q2.txt,0.2571573257446289,0.7428426742553711
ALIBABA GROUP HOLDING LTD,3.0,5.26,4.72,transcripts_by_company/Alibaba_Group_Holding_Limited_2016Q3.txt,0.06483853608369827,0.9351614639163017
QUANTA SERVICES INC,2.0,0.17,0.26,transcripts_by_company/Quanta_Services_2009Q2.txt,0.13903400301933289,0.8609659969806671
SYMETRA FINANCIAL CORP,4.0,0.52,0.45,transcripts_by_company/Symetra_Financial_Corporation_2014Q4.txt,0.21718832850456238,0.7828116714954376
RENTRAK CORP,4.0,-0.03,0.0,transcripts_by_company/Rentrak_Corporation_2013Q4.txt,0.33645930886268616,0.6635406911373138
SARATOGA INVESTMENT CORP,1.0,1.62,0.56,transcripts_by_company/Saratoga_Investment_Corp_2023Q1.txt,0.20560312271118164,0.7943968772888184
MERCANTILE BANK CORP,4.0,0.3,0.16,transcripts_by_company/Mercantile_Bank_Corporation_2011Q4.txt,0.21233658492565155,0.7876634150743484
ADVANTA CORP,2.0,0.1,0.31,transcripts_by_company/Advanta_Corporation_2008Q2.txt,0.14956453442573547,0.8504354655742645
INTEGRATED SILICON SOLUTION INC,3.0,0.2,0.3,transcripts_by_company/Integrated_Silicon_Solution_Inc_2013Q3.txt,0.3516806960105896,0.6483193039894104
CSX CORP,2.0,0.52,0.5,transcripts_by_company/CSX_Corporation_2013Q2.txt,0.149729385972023,0.850270614027977
ALLSTATE CORP,3.0,0.99,0.89,transcripts_by_company/The_Allstate_Corporation_2009Q3.txt,0.20560050010681152,0.7943994998931885
ALTRIA GROUP INC,4.0,1.27,1.24,transcripts_by_company/Altria_Group_Inc_2006Q4.txt,0.2630792260169983,0.7369207739830017
PROTO LABS INC,4.0,0.63,0.79,transcripts_by_company/Proto_Labs_Inc_2019Q4.txt,0.29540568590164185,0.7045943140983582
CREE INC,2.0,-0.18,-0.03,transcripts_by_company/Cree_Inc_2020Q2.txt,0.3631385266780853,0.6368614733219147
ALLERGAN INC,2.0,0.96,0.93,transcripts_by_company/Allergan_2011Q2.txt,0.1564507782459259,0.8435492217540741
PIXELWORKS INC,3.0,-0.01,0.06,transcripts_by_company/Pixelworks_2015Q3.txt,0.30690938234329224,0.6930906176567078
MERIT MEDICAL SYSTEMS INC,4.0,0.71,0.54,transcripts_by_company/Merit_Medical_Systems_Inc_2021Q4.txt,0.09437564015388489,0.9056243598461151
VENTAS INC,4.0,0.66,0.34,transcripts_by_company/Ventas_Inc_2011Q4.txt,0.2203606367111206,0.7796393632888794
SANDISK CORP,2.0,-0.1,0.45,transcripts_by_company/Skanska_2008Q2.txt,0.27537623047828674,0.7246237695217133
GREEN DOT CORP,1.0,0.42,0.38,transcripts_by_company/Green_Dot_Corporation_2013Q1.txt,0.10039564967155457,0.8996043503284454
DIAMEDICA THERAPEUTICS INC,1.0,-0.2,-0.19,transcripts_by_company/DiaMedica_Therapeutics_Inc_2023Q1.txt,0.21926937997341156,0.7807306200265884
SHOTSPOTTER INC,4.0,-0.26,-0.07,transcripts_by_company/ShotSpotter_Inc_2017Q4.txt,0.30617213249206543,0.6938278675079346
MENS WEARHOUSE INC,4.0,0.79,0.65,transcripts_by_company/Mens_Warehouse_2011Q4.txt,0.2610335052013397,0.7389664947986603
MONTROSE ENVIRONMENTAL GROUP INC,4.0,-0.5,-0.12,transcripts_by_company/Montrose_Environmental_Group_Inc_2022Q4.txt,0.088079072535038,0.911920927464962
BENEFITFOCUS INC,4.0,-0.06,0.0,transcripts_by_company/Benefitfocus_Inc_2017Q4.txt,0.1304066926240921,0.8695933073759079
TEREX CORP,2.0,1.07,1.3,transcripts_by_company/Terex_Corporation_2022Q2.txt,0.15685449540615082,0.8431455045938492
PENNYMAC MORTGAGE INVESTMENT TRU,3.0,0.62,0.37,transcripts_by_company/PennyMac_Mortgage_Investment_Trust_2018Q3.txt,0.2896882891654968,0.7103117108345032
VECTOR GROUP LTD,4.0,0.26,0.24,transcripts_by_company/Vector_Group_Ltd_2021Q4.txt,0.10258768498897552,0.8974123150110245
EPIZYME INC,3.0,-0.55,-0.6,transcripts_by_company/Epizyme_Inc_2020Q3.txt,0.1641693264245987,0.8358306735754013
CANADIAN PACIFIC RAILWAY LTD,4.0,2.68,2.49,transcripts_by_company/Canadian_Pacific_Railway_Limited_2014Q4.txt,0.10405024886131287,0.8959497511386871
M/I HOMES INC,4.0,0.35,0.56,transcripts_by_company/MI_Homes_Inc_2014Q4.txt,0.11753003299236298,0.882469967007637
USANA HEALTH SCIENCES INC,1.0,0.9,0.81,transcripts_by_company/USANA_Health_Sciences_2012Q1.txt,0.14947980642318726,0.8505201935768127
CAE INC,3.0,0.23,0.27,transcripts_by_company/CAE_Inc_2018Q3.txt,0.18546010553836823,0.8145398944616318
SIGNATURE BANK,1.0,4.63,3.77,transcripts_by_company/Signature_Bank_2022Q1.txt,0.17145082354545593,0.8285491764545441
CITI TRENDS INC,1.0,0.31,0.22,transcripts_by_company/Citi_Trends_Inc_2015Q1.txt,0.29816311597824097,0.701836884021759
MILLIPORE CORP,1.0,1.21,1.12,transcripts_by_company/Millipore_Corp_2010Q1.txt,0.13271407783031464,0.8672859221696854
ALLIANCE FINANCIAL CORPORATION,2.0,0.73,0.66,transcripts_by_company/Industrial_Alliance_Insurance_and_Financial_Services_Inc_2011Q2.txt,0.061543405055999756,0.9384565949440002
SEASPINE HOLDINGS CORP,4.0,-0.37,-0.24,transcripts_by_company/SeaSpine_Holdings_Corporation_2020Q4.txt,0.2641143202781677,0.7358856797218323
UTI WORLDWIDE INC,4.0,0.16,0.32,transcripts_by_company/UTi_Worldwide_Inc_2012Q4.txt,0.14337190985679626,0.8566280901432037
BANKUNITED FINANCIAL CORP - A,1.0,0.37,0.37,transcripts_by_company/BankUnited_Financial_2004Q1.txt,0.3394424617290497,0.6605575382709503
RENTRAK CORP,1.0,0.02,0.19,transcripts_by_company/Rentrak_Corporation_2010Q1.txt,0.3207119405269623,0.6792880594730377
HARMONY GOLD MINING COMPANY LTD,3.0,-0.17,0.05,transcripts_by_company/Harmony_Gold_Mining_Company_2004Q3.txt,0.37293872237205505,0.627061277627945
ELLIE MAE INC,4.0,0.38,0.31,transcripts_by_company/Ellie_Mae_Inc_2014Q4.txt,0.1261206865310669,0.8738793134689331
ACUSHNET HOLDINGS CORP,4.0,0.1499,0.22,transcripts_by_company/Acushnet_Holdings_Corp_2018Q4.txt,0.3811790943145752,0.6188209056854248
TRAVELPORT WORLDWIDE LTD,1.0,0.24,0.33,transcripts_by_company/Travelport_Worldwide_Ltd_2015Q1.txt,0.16076438128948212,0.8392356187105179
FREEPORT-MCMORAN INC,4.0,0.02,0.09,transcripts_by_company/Freeport-McMoRan_Inc_2019Q4.txt,0.32693636417388916,0.6730636358261108
BOARDWALK REAL ESTATE INVESTMENT,4.0,1.53,-1.18,transcripts_by_company/Boardwalk_Real_Estate_Investment_Trust_2017Q4.txt,0.14214858412742615,0.8578514158725739
JINKOSOLAR HOLDING CO LTD,3.0,0.856,0.69,transcripts_by_company/JinkoSolar_Holding_Co_Ltd_2019Q3.txt,0.12012994289398193,0.8798700571060181
NETSCOUT SYSTEMS INC,1.0,0.06,0.08,transcripts_by_company/NetScout_Systems_2007Q1.txt,0.23296603560447693,0.7670339643955231
MERCANTILE BANK CORP,3.0,0.4,0.34,transcripts_by_company/Mercantile_Bank_Corporation_2013Q3.txt,0.15231317281723022,0.8476868271827698
TELECOMMUNICATION SYSTEMS INC,3.0,0.05,0.09,transcripts_by_company/TeleCommunications_Systems_Inc_2013Q3.txt,0.4490247070789337,0.5509752929210663
BRUNSWICK CORP,4.0,0.7,0.81,transcripts_by_company/Brunswick_Corporation_2017Q4.txt,0.2544400691986084,0.7455599308013916
CORE-MARK HOLDING COMPANY INC,2.0,1.01,1.16,transcripts_by_company/Core-Mark_Holding_Company_Inc_2013Q2.txt,0.19717641174793243,0.8028235882520676
WOODWARD GOVERNO,1.0,0.65,0.73,transcripts_by_company/Woodward_Inc_2016Q1.txt,0.21648891270160675,0.7835110872983932
ALEXANDRIA REAL ESTATE EQUITIES,1.0,0.36,0.38,transcripts_by_company/Alexandria_Real_Estate_Equities_Inc_2013Q1.txt,0.11632519960403442,0.8836748003959656
ATMI INC,3.0,0.22,0.23,transcripts_by_company/ATMI_Inc_2005Q3.txt,0.13565494120121002,0.86434505879879
THERAPEUTICSMD INC,1.0,-0.11,-0.07,transcripts_by_company/TherapeuticsMD_Inc_2017Q1.txt,0.02343170717358589,0.9765682928264141
SANGAMO THERAPEUTICS INC,2.0,-0.66,-0.37,transcripts_by_company/Sangamo_Therapeutics_Inc_2023Q2.txt,0.27307194471359253,0.7269280552864075
INTERSTATE HOTELS & RESORTS INC,4.0,0.24,0.16,transcripts_by_company/Interstate_Hotels_and_Resorts_Inc_2004Q4.txt,0.14647722244262695,0.853522777557373
SCHLUMBERGER LTD,2.0,1.02,0.9,transcripts_by_company/Schlumberger_2007Q2.txt,0.14650484919548035,0.8534951508045197
KIRKLAND'S INC,2.0,-0.85,-0.5,transcripts_by_company/Kirklands_Inc_2023Q2.txt,0.3416321277618408,0.6583678722381592
CONFORMIS INC,1.0,-0.12,-0.15,transcripts_by_company/Conformis_Inc_2019Q1.txt,0.26660600304603577,0.7333939969539642
STEIN MART INC,2.0,0.31,0.36,transcripts_by_company/Stein_Mart_Inc_2015Q2.txt,0.2345535308122635,0.7654464691877365
HUNTINGTON BANCSHARES INC,2.0,0.17,0.15,transcripts_by_company/Huntington_Bancshares_Inc_2012Q2.txt,0.26318874955177307,0.7368112504482269
SUMMIT HOTEL PROPERTIES INC,2.0,0.06,0.09,transcripts_by_company/Summit_Hotel_Properties_Inc_2014Q2.txt,0.15223336219787598,0.847766637802124
KKR REAL ESTATE FINANCE TRUST IN,4.0,0.48,0.39,transcripts_by_company/KKR_Real_Estate_Finance_Trust_Inc_2020Q4.txt,0.12438271194696426,0.8756172880530357
RINGCENTRAL INC,4.0,-0.09,-0.1,transcripts_by_company/RingCentral_Inc_2014Q4.txt,0.32005172967910767,0.6799482703208923
WHITEWAVE FOODS CO,2.0,0.32,0.32,transcripts_by_company/The_WhiteWave_Foods_Company_2016Q2.txt,0.24376723170280457,0.7562327682971954
SKULLCANDY INC,3.0,0.06,0.06,transcripts_by_company/Skullcandy_Inc_2013Q3.txt,0.1570798009634018,0.8429201990365982
DECKERS OUTDOOR CORP,4.0,4.97,4.19,transcripts_by_company/Deckers_Outdoor_Corporation_2017Q4.txt,0.19642899930477142,0.8035710006952286
BALDWIN TECHNOLOGY INC,4.0,-0.03,0.02,transcripts_by_company/Baldwin_Technology_2009Q4.txt,0.271726131439209,0.728273868560791
SPECTRUM PHARMACEUTICALS INC,1.0,-0.22,-0.06,transcripts_by_company/Spectrum_Pharmaceuticals_Inc_2015Q1.txt,0.20864339172840118,0.7913566082715988
PRGX GLOBAL INC,3.0,-0.01,0.1,transcripts_by_company/PRGX_Global_Inc_2014Q3.txt,0.43143242597579956,0.5685675740242004
OILTANKING PARTNERS LP,3.0,0.34,0.73,transcripts_by_company/Oiltanking_Partners_2014Q3.txt,0.07151594758033752,0.9284840524196625
INFINERA CORP,1.0,-0.1,-0.06,transcripts_by_company/Infinera_Corporation_2012Q1.txt,0.33261287212371826,0.6673871278762817
ENTEGRIS INC,1.0,0.12,0.14,transcripts_by_company/Entegris_Inc_2014Q1.txt,0.20620431005954742,0.7937956899404526
EUROSEAS LTD,4.0,2.86,3.67,transcripts_by_company/Euroseas_Ltd_2022Q4.txt,0.23818905651569366,0.7618109434843063
ANAPTYSBIO INC,4.0,-1.59,-1.83,transcripts_by_company/AnaptysBio_Inc_2023Q4.txt,0.21433000266551971,0.7856699973344803
AMYRIS INC,1.0,-0.41,-0.19,transcripts_by_company/Amyris_Inc_2015Q1.txt,0.09510093182325363,0.9048990681767464
SEABRIGHT INSURANCE HOLDINGS INC,1.0,0.19,0.47,transcripts_by_company/SeaBright_Insurance_Holdings_2009Q1.txt,0.06859713047742844,0.9314028695225716
AVANEX CORPORATION,4.0,-0.11,-0.11,transcripts_by_company/Avanex_Corporation_2004Q4.txt,0.3725658655166626,0.6274341344833374
AASTROM BIOSCIENCES INC,2.0,-0.04,-0.05,transcripts_by_company/Aastrom_Biosciences_2007Q2.txt,0.248398557305336,0.751601442694664
ZAYO GROUP HOLDINGS INC,3.0,0.06,0.02,transcripts_by_company/Zayo_Group_Holdings_Inc_2016Q3.txt,0.18162542581558228,0.8183745741844177
PORTMAN RIDGE FINANCE CORP,2.0,0.06,0.07,transcripts_by_company/Portman_Ridge_Finance_Corporation_2020Q2.txt,0.08462143689393997,0.91537856310606
VISIONCHINA MEDIA INC,4.0,0.08,0.25,transcripts_by_company/VisionChina_Media_2009Q4.txt,0.09169746935367584,0.9083025306463242
BANK OF THE OZARKS INC,3.0,0.53,0.52,transcripts_by_company/Bank_of_the_Ozarks_Inc_2008Q3.txt,0.1603674292564392,0.8396325707435608
LIFELOCK INC,2.0,0.05,0.06,transcripts_by_company/LifeLock_Inc_2014Q2.txt,0.09221687912940979,0.9077831208705902
BANK OF HAWAII CORP,4.0,0.86,0.84,transcripts_by_company/Bank_of_Hawaii_Corporation_2005Q4.txt,0.11684010922908783,0.8831598907709122
IMMUNOGEN INC,3.0,-0.15,-0.12,transcripts_by_company/ImmunoGen_Inc_2006Q3.txt,0.1470087319612503,0.8529912680387497
MONOLITHIC POWER SYSTEMS INC,2.0,0.37,0.34,transcripts_by_company/Monolithic_Power_Systems_Inc_2014Q2.txt,0.2614067494869232,0.7385932505130768
CORELOGIC INC,2.0,0.72,0.67,transcripts_by_company/CoreLogic_Inc_2017Q2.txt,0.22211460769176483,0.7778853923082352
SELECTA BIOSCIENCES INC,4.0,-0.77,-0.41,transcripts_by_company/Selecta_Biosciences_Inc_2016Q4.txt,0.3274519443511963,0.6725480556488037
IGATE CAPITAL CORPORATION,1.0,0.38,0.28,transcripts_by_company/iGATE_Corporation_2012Q1.txt,0.17535392940044403,0.824646070599556
PITNEY BOWES INC,1.0,0.69,0.67,transcripts_by_company/Pitney_Bowes_Inc_2006Q1.txt,0.2167167365550995,0.7832832634449005
PIERIS PHARMACEUTICALS INC,2.0,0.05,-0.15,transcripts_by_company/Pieris_Pharmaceuticals_Inc_2023Q2.txt,0.19177667796611786,0.8082233220338821
ADVANCED MICRO DEVICES INC,2.0,-0.95,0.12,transcripts_by_company/Advanced_Micro_Devices_2007Q2.txt,0.3595026135444641,0.6404973864555359
HUNTSMAN CORP,3.0,0.45,0.43,transcripts_by_company/Huntsman_Corporation_2011Q3.txt,0.18619923293590546,0.8138007670640945
MERCURY GENERAL CORP,2.0,1.86,0.94,transcripts_by_company/Mercury_General_Corporation_2020Q2.txt,0.13612647354602814,0.8638735264539719
"PAPA JOHN'S INTERNATIONAL, INC.",1.0,0.69,0.64,transcripts_by_company/Papa_Johns_International_Inc_2012Q1.txt,0.11922622472047806,0.8807737752795219
NU SKIN ENTERPRISES INC,2.0,1.22,0.93,transcripts_by_company/Nu_Skin_Enterprises_Inc_2013Q2.txt,0.15644435584545135,0.8435556441545486
BRINKS CO,2.0,0.25,0.18,transcripts_by_company/The_Brinks_Company_2004Q2.txt,0.2333870679140091,0.7666129320859909
QUICKSILVER RESOURCES INC,2.0,0.18,0.21,transcripts_by_company/Quicksilver_Resources_2010Q2.txt,0.17073069512844086,0.8292693048715591
PRINTRONIX INC,3.0,-0.26,0.12,transcripts_by_company/Printronix_Incorporated_2005Q3.txt,0.33644193410873413,0.6635580658912659
IONIS PHARMACEUTICALS INC,1.0,0.62,-0.02,transcripts_by_company/Ionis_Pharmaceuticals_Inc_2019Q1.txt,0.20600606501102448,0.7939939349889755
HYATT HOTELS CORP,4.0,0.23,0.15,transcripts_by_company/Hyatt_Hotels_Corporation_2017Q4.txt,0.31735309958457947,0.6826469004154205
AMDOCS LTD,1.0,1.08,1.14,transcripts_by_company/Amdocs_Limited_2020Q1.txt,0.2968496084213257,0.7031503915786743
CROSSFIRST BANKSHARES INC,4.0,0.36,0.35,transcripts_by_company/CrossFirst_Bankshares_Inc_2022Q4.txt,0.17587462067604065,0.8241253793239594
INTERSECT ENT INC,4.0,-0.16,-0.3,transcripts_by_company/Intersect_ENT_Inc_2014Q4.txt,0.341127872467041,0.658872127532959
DONNELLEY FINANCIAL SOLUTIONS IN,1.0,0.06,0.39,transcripts_by_company/Donnelley_Financial_Solutions_Inc_2019Q1.txt,0.15852445363998413,0.8414755463600159
FRUTAROM INDUSTRIES LTD,4.0,0.66,2.59,transcripts_by_company/Frutarom_Industries_Ltd_2017Q4.txt,0.3873107433319092,0.6126892566680908
RETAILMENOT INC,3.0,0.12,0.19,transcripts_by_company/RetailMeNot_Inc_2015Q3.txt,0.3844519853591919,0.6155480146408081
MURPHY USA INC,1.0,4.8,3.75,transcripts_by_company/Murphy_USA_Inc_2023Q1.txt,0.1920752376317978,0.8079247623682022
CTS CORP,4.0,0.11,0.1,transcripts_by_company/CTS_2003Q4.txt,0.09694303572177887,0.9030569642782211
INTELIQUENT INC,1.0,0.28,0.17,transcripts_by_company/Inteliquent_2014Q1.txt,0.14606420695781708,0.8539357930421829
PGT INC,2.0,0.2,0.19,transcripts_by_company/PGT_Innovations_Inc_2017Q2.txt,0.23724526166915894,0.7627547383308411
SIERRA METALS INC,2.0,0.0,0.07,transcripts_by_company/Sierra_Metals_Inc_2019Q2.txt,0.11636759340763092,0.8836324065923691
CHATHAM LODGING TRUST,3.0,-0.03,0.25,transcripts_by_company/Chatham_Lodging_Trust_2010Q3.txt,0.250173956155777,0.749826043844223
BIO IMAGING TECHNOLOGIES INC,2.0,0.01,0.0,transcripts_by_company/Bio-Imaging_Technologies_2006Q2.txt,0.19167348742485046,0.8083265125751495
APARTMENT INVESTMENT& MANAGEMENT,2.0,0.0,-0.3,transcripts_by_company/Apartment_Investment_and_Management_2012Q2.txt,0.29409050941467285,0.7059094905853271
ARGO GROUP INTERNATIONAL HOLDING,1.0,0.71,1.05,transcripts_by_company/Argo_Group_International_Holdings_Ltd_2017Q1.txt,0.10272393375635147,0.8972760662436485
BIOSPHERE MEDICAL INC,1.0,-0.1,-0.05,transcripts_by_company/BioSphere_Inc_2009Q1.txt,0.2505677342414856,0.7494322657585144
AUTOMATIC DATA PROCESSING INC,1.0,0.8,0.84,transcripts_by_company/Automatic_Data_Processing_2009Q1.txt,0.11678732931613922,0.8832126706838608
RESEARCH IN MOTION LTD,4.0,1.27,1.72,transcripts_by_company/Research_In_Motion_Ltd_2011Q4.txt,0.029837407171726227,0.9701625928282738
CORE-MARK HOLDING COMPANY INC,4.0,0.5,0.66,transcripts_by_company/Core-Mark_Holding_Company_Inc_2010Q4.txt,0.14615966379642487,0.8538403362035751
INTERVAL LEISURE GROUP INC,4.0,0.27,0.25,transcripts_by_company/Interval_Leisure_Group_2015Q4.txt,0.11489243060350418,0.8851075693964958
GTSI CORP,2.0,-0.38,-0.21,transcripts_by_company/GTSI_Corp_2007Q2.txt,0.22551308572292328,0.7744869142770767
IDENIX PHARMACEUTICALS INC,4.0,-0.42,-0.14,transcripts_by_company/Idenix_Pharmaceuticals_2006Q4.txt,0.092872254550457,0.907127745449543
TORONTO-DOMINION BANK,4.0,2.18,2.0,transcripts_by_company/The_Toronto-Dominion_Bank_2022Q4.txt,0.15879295766353607,0.8412070423364639
LHC GROUP INC,2.0,0.52,0.55,transcripts_by_company/LHC_Group_Inc_2016Q2.txt,0.17352905869483948,0.8264709413051605
ALIGNMENT HEALTHCARE INC,3.0,-0.26,-0.13,transcripts_by_company/Alignment_Healthcare_Inc_2021Q3.txt,0.23314066231250763,0.7668593376874924
"URBAN OUTFITTERS, INC.",2.0,0.32,0.3,transcripts_by_company/Urban_Outfitters_Inc_2013Q2.txt,0.06422089040279388,0.9357791095972061
MICROVISION INC,3.0,-0.13,-0.12,transcripts_by_company/Microvision_Inc_2010Q3.txt,0.2449388951063156,0.7550611048936844
OMNICELL INC,3.0,0.62,0.55,transcripts_by_company/Omnicell_Inc_2023Q3.txt,0.20843763649463654,0.7915623635053635
TD AMERITRADE HOLDING CORP,2.0,0.28,0.31,transcripts_by_company/TD_Ameritrade_Holding_Corp_2012Q2.txt,0.16553674638271332,0.8344632536172867
TELLABS INC,3.0,0.15,0.08,transcripts_by_company/Tellabs_Inc_2005Q3.txt,0.209284707903862,0.790715292096138
VINTAGE WINE ESTATES INC,4.0,0.17,0.17,transcripts_by_company/Treasury_Wine_Estates_Limited_2021Q4.txt,0.16437959671020508,0.8356204032897949
AMAG PHARMACEUTICALS INC,2.0,-0.58,-0.32,transcripts_by_company/AMAG_Pharmaceuticals_Inc_2018Q2.txt,0.2576187252998352,0.7423812747001648
INTUITIVE SURGICAL INC,4.0,3.75,3.12,transcripts_by_company/Intuitive_Surgical_Inc_2011Q4.txt,0.13988269865512848,0.8601173013448715
POWERDSINE LTD,1.0,-0.09,0.08,transcripts_by_company/PowerDsine_Ltd_2006Q1.txt,0.12141850590705872,0.8785814940929413
COGENT COMMUNICATIONS GROUP INC,1.0,-0.19,-0.18,transcripts_by_company/Cogent_Communications_2007Q1.txt,0.09587661176919937,0.9041233882308006
SOUTHWEST GAS CORP,2.0,0.43,0.49,transcripts_by_company/Southwest_Gas_Holdings_Inc_2021Q2.txt,0.2515532374382019,0.7484467625617981
ALPHA AND OMEGA SEMICONDUCTOR LT,1.0,0.23,0.22,transcripts_by_company/Alpha_and_Omega_Semiconductor_Limited_2018Q1.txt,0.23953846096992493,0.7604615390300751
ABERCROMBIE  FITCH CO,1.0,1.34,1.98,transcripts_by_company/Abercrombie_and_Fitch_Company_2014Q1.txt,0.06956405937671661,0.9304359406232834
WILLIAMS-SONOMA INC,2.0,0.18,0.14,transcripts_by_company/Williams-Sonoma_Inc_2004Q2.txt,0.24634620547294617,0.7536537945270538
"DAKTRONICS, INC.",4.0,0.3,0.23,transcripts_by_company/Daktronics_Inc_2008Q4.txt,0.2513146996498108,0.7486853003501892
"WEB.COM GROUP, INC",4.0,0.66,0.64,transcripts_by_company/Webcom_Group_Inc_2015Q4.txt,0.1637478619813919,0.8362521380186081
AMERICAN AXLE & MANUFACTURING HO,3.0,0.78,0.69,transcripts_by_company/American_Axle_and_Manufacturing_Holdings_Inc_2015Q3.txt,0.09247393161058426,0.9075260683894157
MOTORCAR PARTS OF AMERICA INC,3.0,0.28,0.19,transcripts_by_company/Motorcar_Parts_of_America_Inc_2009Q3.txt,0.1832907497882843,0.8167092502117157
BCE INC,1.0,0.85,0.88,transcripts_by_company/BCE_Inc_2016Q1.txt,0.20093350112438202,0.799066498875618
SYNCHRONOSS TECHNOLOGIES INC,4.0,0.21,0.2,transcripts_by_company/Synchronoss_Technologies_Inc_2010Q4.txt,0.1699221283197403,0.8300778716802597
TEXTAINER GROUP HOLDINGS LTD,3.0,0.08,0.35,transcripts_by_company/Textainer_Group_Holdings_Limited_2018Q3.txt,0.19629041850566864,0.8037095814943314
NEW FOCUS,3.0,-0.04,-0.04,transcripts_by_company/New_Focus_2003Q3.txt,0.16982132196426392,0.8301786780357361
STANDARD REGISTER CO,2.0,-0.05,0.1,transcripts_by_company/The_Standard_Register_Company_2004Q2.txt,0.35448363423347473,0.6455163657665253
DISCOVER FINANCIAL SERVICES,4.0,0.12,-0.42,transcripts_by_company/Discover_Financial_Services_2009Q4.txt,0.2192135751247406,0.7807864248752594
GRAFTECH INTERNATIONAL LTD,3.0,0.28,0.33,transcripts_by_company/Graftech_International_Ltd_2011Q3.txt,0.15943190455436707,0.8405680954456329
WEYERHAEUSER CO,4.0,0.26,0.15,transcripts_by_company/Weyerhaeuser_Co_2012Q4.txt,0.21162627637386322,0.7883737236261368
GLADSTONE CAPITAL CORP,1.0,0.25,0.22,transcripts_by_company/Gladstone_Capital_Corporation_2012Q1.txt,0.16757266223430634,0.8324273377656937
BANK OF COMMERCE HOLDINGS,4.0,0.3,0.23,transcripts_by_company/Canadian_Imperial_Bank_of_Commerce_2020Q4.txt,0.15127769112586975,0.8487223088741302
BAIDU INC,3.0,0.84,0.71,transcripts_by_company/Baidu_2011Q3.txt,0.1240750402212143,0.8759249597787857
CONSOL ENERGY INC,1.0,1.21,0.87,transcripts_by_company/CONSOL_Energy_Inc_2019Q1.txt,0.1599273532629013,0.8400726467370987
POST HOLDINGS INC,3.0,1.08,1.22,transcripts_by_company/Post_Holdings_Inc_2018Q3.txt,0.15610119700431824,0.8438988029956818
CLIFFS NATURAL RESOURCES INC,3.0,2.18,2.11,transcripts_by_company/Cliffs_Natural_Resources_Inc_2010Q3.txt,0.382243812084198,0.617756187915802
INNOSPEC INC,2.0,1.16,1.04,transcripts_by_company/Innospec_Inc_2017Q2.txt,0.07273336499929428,0.9272666350007057
VALE SA,2.0,0.33,0.18,transcripts_by_company/PT_Vale_Indonesia_Tbk_2015Q2.txt,0.3081110417842865,0.6918889582157135
GEORGIA GULF CORP,4.0,-0.7,-0.67,transcripts_by_company/Georgia_Gulf_Corporation_2009Q4.txt,0.2062828093767166,0.7937171906232834
"HARLAND, JOHN",3.0,0.63,0.71,transcripts_by_company/John_H_Harland_Company_2006Q3.txt,0.15215560793876648,0.8478443920612335
PROTAGONIST THERAPEUTICS INC,1.0,-0.54,-0.64,transcripts_by_company/Protagonist_Therapeutics_Inc_2021Q1.txt,0.22827662527561188,0.7717233747243881
METHANEX CORP,1.0,0.41,0.9,transcripts_by_company/Methanex_Corp_2012Q1.txt,0.059303682297468185,0.9406963177025318
HUNTSMAN CORP,3.0,0.34,0.16,transcripts_by_company/Huntsman_Corporation_2010Q3.txt,0.22705979645252228,0.7729402035474777
BORGWARNER INC,3.0,0.77,1.04,transcripts_by_company/BorgWarner_2006Q3.txt,0.09520623087882996,0.90479376912117
MARSH  MCLENNAN COMPANIES INC,3.0,0.56,0.54,transcripts_by_company/Marsh_and_McLennan_Companies_Inc_2014Q3.txt,0.2873077690601349,0.7126922309398651
APPROACH RESOURCES INC,1.0,0.04,0.09,transcripts_by_company/Approach_Resources_Inc_2011Q1.txt,0.35617899894714355,0.6438210010528564
VALMONT INDUSTRIES INC,2.0,2.1,2.2,transcripts_by_company/Valmont_Industries_Inc_2019Q2.txt,0.15091384947299957,0.8490861505270004
CIBUS INC,4.0,-12.59,-1.58,transcripts_by_company/Cibus_Nordic_Real_Estate_AB_CurrentQ4.txt,0.33103853464126587,0.6689614653587341
ELECTRONICS FOR IMAGING INC,4.0,0.36,0.24,transcripts_by_company/Electronics_for_Imaging_Inc_2005Q4.txt,0.17183178663253784,0.8281682133674622
MEDAREX INC,3.0,-0.68,-0.46,transcripts_by_company/Medarex_2004Q3.txt,0.14224888384342194,0.8577511161565781
JOHN B SANFILIPPO & SON INC,2.0,0.75,0.69,transcripts_by_company/John_B_Sanfilippo_and_Son_Inc_2015Q2.txt,0.0906076431274414,0.9093923568725586
SUCAMPO PHARMACEUTICALS INC,3.0,0.03,0.07,transcripts_by_company/Sucampo_Pharmaceuticals_Inc_2013Q3.txt,0.24930693209171295,0.750693067908287
DIRECT GENERAL CORP,1.0,0.61,0.77,transcripts_by_company/Direct_General_Corporation_2005Q1.txt,0.2563055157661438,0.7436944842338562
FORWARD AIR CORP,3.0,1.14,0.86,transcripts_by_company/Forward_Air_Corporation_2021Q3.txt,0.28003910183906555,0.7199608981609344
STERIS CORP,1.0,0.61,0.6,transcripts_by_company/STERIS_Corporation_2011Q1.txt,0.2714836001396179,0.7285163998603821
DIEBOLD INC,2.0,0.6,0.66,transcripts_by_company/Diebold_2004Q2.txt,0.18330977857112885,0.8166902214288712
NATIONAL INSTRUMENTS CORP,2.0,0.12,0.21,transcripts_by_company/National_Instruments_2013Q2.txt,0.3314506411552429,0.6685493588447571
ALLISON TRANSMISSION HOLDINGS IN,1.0,1.3,1.22,transcripts_by_company/Allison_Transmission_Holdings_Inc_2022Q1.txt,0.2716120481491089,0.7283879518508911
ACCURAY INC,3.0,0.04,0.08,transcripts_by_company/Accuray_Incorporated_2007Q3.txt,0.3266060948371887,0.6733939051628113
GOLD RESOURCE CORP,1.0,-0.05,0.13,transcripts_by_company/Gold_Resource_Corporation_2020Q1.txt,0.29844462871551514,0.7015553712844849
VICAL INCORPORATED,2.0,-0.21,-0.23,transcripts_by_company/Vical_Inc_2008Q2.txt,0.11710148304700851,0.8828985169529915
CMS ENERGY CORP,3.0,0.33,0.27,transcripts_by_company/CMS_Energy_Corporation_2008Q3.txt,0.09101962298154831,0.9089803770184517
NOVAN INC,4.0,-0.51,-0.51,transcripts_by_company/Novan_Inc_2017Q4.txt,0.30612725019454956,0.6938727498054504
CLEVELAND BIOLABS INC,1.0,-0.24,-0.19,transcripts_by_company/Cleveland_BioLabs_Inc_2009Q1.txt,0.10902808606624603,0.890971913933754
SANDERSON FARMS INC,1.0,-0.14,0.23,transcripts_by_company/Sanderson_Farms_Inc_2007Q1.txt,0.22505523264408112,0.7749447673559189
GREAT ELM CAPITAL CORP,2.0,0.57,0.31,transcripts_by_company/Great_Elm_Capital_Corporation_2018Q2.txt,0.18006667494773865,0.8199333250522614
"KRAFT FOODS, INC.",2.0,0.58,0.53,transcripts_by_company/Kraft_Foods_2008Q2.txt,0.23425331711769104,0.765746682882309
GRAND CANYON EDUCATION INC,2.0,0.45,0.39,transcripts_by_company/Grand_Canyon_Education_Inc_2013Q2.txt,0.1823168396949768,0.8176831603050232
FOREST CITY ENTERPRISES INC,2.0,-0.1,-0.1,transcripts_by_company/Forest_City_Enterprises_Inc_2010Q2.txt,0.15800753235816956,0.8419924676418304
CARDIAC SCIENCE CORP,3.0,0.08,0.05,transcripts_by_company/Cardiac_Science_2007Q3.txt,0.14303390681743622,0.8569660931825638
TELMEX INTERNACIONAL SAB DE CV,2.0,0.13,0.16,transcripts_by_company/Telmex_Internacional_SAB_DE_CV_2010Q2.txt,0.18682889640331268,0.8131711035966873
"NETEASE, INC",2.0,13.88,8.3,transcripts_by_company/NetEase_Inc_2023Q2.txt,0.3254625201225281,0.6745374798774719
MORGAN STANLEY DEAN WITTER,2.0,0.75,0.78,transcripts_by_company/Morgan_Stanley_2016Q2.txt,0.21533219516277313,0.7846678048372269
WATSON WYATT & CO HOLDINGS,1.0,0.44,0.44,transcripts_by_company/Watson_Wyatt_2005Q1.txt,0.3177664875984192,0.6822335124015808
WORTHINGTON INDUSTRIES INC,1.0,0.57,0.65,transcripts_by_company/Worthington_Industries_Inc_2017Q1.txt,0.019943997263908386,0.9800560027360916
EXAR CORP,4.0,-0.04,0.05,transcripts_by_company/Exar_Corp_2011Q4.txt,0.31063076853752136,0.6893692314624786
WD 40 CO,3.0,0.53,0.69,transcripts_by_company/WD-40_Company_2004Q3.txt,0.19487112760543823,0.8051288723945618
PTC INC,3.0,1.2,1.22,transcripts_by_company/PTC_Inc_2023Q3.txt,0.3532220721244812,0.6467779278755188
PHARMERICA CORP,3.0,0.31,0.2,transcripts_by_company/PharMerica_Corp_2011Q3.txt,0.17523811757564545,0.8247618824243546
PENNANTPARK FLOATING RATE CAPITA,1.0,0.29,0.28,transcripts_by_company/PennantPark_Floating_Rate_Capital_Ltd_2022Q1.txt,0.18609406054019928,0.8139059394598007
PFIZER INC,3.0,0.54,0.48,transcripts_by_company/Pfizer_Inc_2006Q3.txt,0.1657687872648239,0.8342312127351761
ARGOSY GAMING CORP,4.0,0.63,0.55,transcripts_by_company/Argosy_Gaming_Company_2004Q4.txt,0.12912927567958832,0.8708707243204117
BLACKBAUD INC,1.0,0.72,0.63,transcripts_by_company/Blackbaud_Inc_2023Q1.txt,0.11472614854574203,0.885273851454258
ZEBRA TECHNOLOGIES CORP,3.0,0.46,0.36,transcripts_by_company/Zebra_Technologies_2010Q3.txt,0.29389140009880066,0.7061085999011993
SERVICESOURCE INTERNATIONAL INC,4.0,0.05,0.04,transcripts_by_company/ServiceSource_International_Inc_2012Q4.txt,0.2976527512073517,0.7023472487926483
CALGON CARBON CORP,1.0,0.14,0.25,transcripts_by_company/Calgon_Carbon_Corporation_2016Q1.txt,0.24853220582008362,0.7514677941799164
EXPRESS INC,4.0,0.17,-0.26,transcripts_by_company/PetMed_Express_Inc_2021Q4.txt,0.29348254203796387,0.7065174579620361
ONESPAWORLD HOLDINGS LTD,2.0,-0.16,-0.12,transcripts_by_company/OneSpaWorld_Holdings_Limited_2021Q2.txt,0.03653183579444885,0.9634681642055511
DUCKWALL-ALCO STORES INC,3.0,0.9,0.36,transcripts_by_company/Duckwall-ALCO_Stores_2008Q3.txt,0.28129908442497253,0.7187009155750275
OSI SYSTEMS INC,3.0,0.53,0.7,transcripts_by_company/OSI_Systems_Inc_2015Q3.txt,0.10969498753547668,0.8903050124645233
AGNC INVESTMENT CORP,3.0,0.61,0.59,transcripts_by_company/AGNC_Investment_Corp_2018Q3.txt,0.22978711128234863,0.7702128887176514
PRESTIGE BRANDS HOLDINGS INC,2.0,0.35,0.28,transcripts_by_company/Prestige_Brands_Holdings_Inc_2012Q2.txt,0.28623467683792114,0.7137653231620789
NATIONAL FUEL GAS CO N J,1.0,1.15,1.02,transcripts_by_company/National_Fuel_Gas_Company_2014Q1.txt,0.2575281262397766,0.7424718737602234
SVB FINANCIAL GROUP,2.0,6.08,5.04,transcripts_by_company/SVB_Financial_Group_2019Q2.txt,0.1912357211112976,0.8087642788887024
NOKIA CORP,3.0,0.09,0.08,transcripts_by_company/Kemira_Oyj_2015Q3.txt,0.3690537214279175,0.6309462785720825
MCCORMICK  COMPANY INC,2.0,1.16,1.13,transcripts_by_company/McCormick_and_Company_Incorporated_2019Q2.txt,0.2819342315196991,0.7180657684803009
VF CORP,4.0,2.32,2.0,transcripts_by_company/VF_Corporation_2011Q4.txt,0.0959133729338646,0.9040866270661354
INFINERA CORP,4.0,-0.16,-0.09,transcripts_by_company/Infinera_Corporation_2008Q4.txt,0.12412744760513306,0.8758725523948669
ARCH COAL INC,2.0,-0.11,1.05,transcripts_by_company/Arch_Coal_Inc_2009Q2.txt,0.3724907338619232,0.6275092661380768
CROCS INC,4.0,-0.58,-0.25,transcripts_by_company/Crocs_Inc_2016Q4.txt,0.19567811489105225,0.8043218851089478
ARRIS GROUP INC,1.0,0.21,0.15,transcripts_by_company/ARRIS_Group_Inc_2006Q1.txt,0.25935134291648865,0.7406486570835114
CALPINE CORPORATION,2.0,-0.3,-0.05,transcripts_by_company/Calpine_Corporation_2004Q2.txt,0.10413265973329544,0.8958673402667046
INSPIRE MEDICAL SYSTEMS INC,1.0,-0.53,-0.81,transcripts_by_company/Inspire_Medical_Systems_Inc_2023Q1.txt,0.410235732793808,0.589764267206192
MODINE MANUFACTURING CO,1.0,0.18,0.22,transcripts_by_company/Modine_Manufacturing_Company_2013Q1.txt,0.20463773608207703,0.795362263917923
DANAHER CORP,1.0,1.08,1.11,transcripts_by_company/Danaher_Corporation_2016Q1.txt,0.1252826303243637,0.8747173696756363
SIGNET JEWELERS LTD,1.0,1.09,3.08,transcripts_by_company/Signet_Jewelers_Limited_2009Q1.txt,0.15663395822048187,0.8433660417795181
IPG PHOTONICS CORP,2.0,1.91,1.35,transcripts_by_company/IPG_Photonics_Corporation_2017Q2.txt,0.29583337903022766,0.7041666209697723
OIL STATES INTERNATIONAL INC,1.0,-0.22,-0.15,transcripts_by_company/Oil_States_International_Inc_2022Q1.txt,0.148252472281456,0.851747527718544
MARATHON OIL CORP,1.0,0.18,-0.06,transcripts_by_company/Marathon_Oil_Corporation_2018Q1.txt,0.24257896840572357,0.7574210315942764
CLICKSOFTWARE TECHNOLOGIES,4.0,0.11,0.1,transcripts_by_company/ClickSoftware_Technologies_Ltd_2014Q4.txt,0.2534317672252655,0.7465682327747345
NOODLES & CO,3.0,0.0,0.12,transcripts_by_company/Noodles_and_Company_2015Q3.txt,0.14140045642852783,0.8585995435714722
UNIT CORPORATION,4.0,1.55,1.75,transcripts_by_company/Unit_Corp_2007Q4.txt,0.06741348654031754,0.9325865134596825
SMITH MICRO SOFTWARE INC,1.0,0.1,0.19,transcripts_by_company/Smith_Micro_Software_Inc_2008Q1.txt,0.13853102922439575,0.8614689707756042
CAPITAL SENIOR LIVING CORP,3.0,-7.0,-0.36,transcripts_by_company/Capital_Senior_Living_Corporation_2020Q3.txt,0.3676894009113312,0.6323105990886688
NEOGEN CORP,3.0,0.29,0.26,transcripts_by_company/Neogen_2009Q3.txt,0.11075291782617569,0.8892470821738243
ALLIANT TECHSYSTEMS INC,1.0,2.1,2.17,transcripts_by_company/Alliant_Techsystems_Inc_2011Q1.txt,0.2625923156738281,0.7374076843261719
STELLUS CAPITAL INVESTMENT CORP,4.0,0.49,0.46,transcripts_by_company/Stellus_Capital_Investment_Corporation_CurrentQ4.txt,0.11613501608371735,0.8838649839162827
REYNOLDS CONSUMER PRODUCTS INC,4.0,0.53,0.62,transcripts_by_company/Reynolds_Consumer_Products_Inc_2022Q4.txt,0.25728124380111694,0.7427187561988831
TERNIUM SA,3.0,0.99,0.63,transcripts_by_company/Terumo_Corporation_2017Q3.txt,0.22071751952171326,0.7792824804782867
DIGITAL REALTY TRUST INC,4.0,0.36,0.45,transcripts_by_company/Digital_Realty_Trust_Inc_2012Q4.txt,0.21527999639511108,0.7847200036048889
KINDRED HEALTHCARE INC,2.0,0.33,0.33,transcripts_by_company/Kindred_Healthcare_Inc_2008Q2.txt,0.4129314720630646,0.5870685279369354
NATIONAL CINEMEDIA INC,1.0,-0.05,0.01,transcripts_by_company/National_CineMedia_2014Q1.txt,0.1585865169763565,0.8414134830236435
KADANT INC,4.0,0.59,0.63,transcripts_by_company/Kadant_Inc_2011Q4.txt,0.2193380445241928,0.7806619554758072
BIOGEN IDEC INC,2.0,5.04,5.18,transcripts_by_company/Biogen_Inc_2017Q2.txt,0.20651856064796448,0.7934814393520355
DYNAMIC MATERIALS CORP,2.0,0.29,0.17,transcripts_by_company/Dynamic_Materials_Corporation_2011Q2.txt,0.22792935371398926,0.7720706462860107
BIONTECH SE,2.0,6.45,7.55,transcripts_by_company/BioNTech_SE_2022Q2.txt,0.13300780951976776,0.8669921904802322
FORTUNE BRANDS HOME & SECURITY I,1.0,0.81,0.71,transcripts_by_company/Fortune_Brands_Home_and_Security_Inc_2020Q1.txt,0.14243420958518982,0.8575657904148102
GALMED PHARMACEUTICALS LTD,2.0,-0.33,-0.34,transcripts_by_company/Galmed_Pharmaceuticals_Ltd_2021Q2.txt,0.2819286286830902,0.7180713713169098
TEEKAY CORP,3.0,0.04,0.21,transcripts_by_company/Teekay_Offshore_Partners_LP_2015Q3.txt,0.13117638230323792,0.8688236176967621
OREXIGEN THERAPEUTICS INC,1.0,-0.21,-0.34,transcripts_by_company/Orexigen_Therapeutics_Inc_2013Q1.txt,0.15695585310459137,0.8430441468954086
PERKINELMER INC,1.0,0.34,0.35,transcripts_by_company/PerkinElmer_2011Q1.txt,0.04413623362779617,0.9558637663722038
BANK OF COMMERCE HOLDINGS,1.0,0.21,0.25,transcripts_by_company/Canadian_Imperial_Bank_of_Commerce_2019Q1.txt,0.11439500004053116,0.8856049999594688
HNI CORP,2.0,0.42,0.71,transcripts_by_company/HNI_Corporation_2017Q2.txt,0.05512157827615738,0.9448784217238426
DESPEGAR.COM CORP,1.0,0.24,0.21,transcripts_by_company/DespegarcomCorp_2018Q1.txt,0.0895092710852623,0.9104907289147377
RESIDEO TECHNOLOGIES INC,4.0,0.49,0.6,transcripts_by_company/Resideo_Technologies_Inc_2022Q4.txt,0.17113271355628967,0.8288672864437103
IEC ELECTRONICS CORP,3.0,0.07,0.14,transcripts_by_company/IEC_Electronics_Corp_2017Q3.txt,0.3447418212890625,0.6552581787109375
CBS CORP,2.0,1.04,1.06,transcripts_by_company/CBS_Corporation_2017Q2.txt,0.18908283114433289,0.8109171688556671
FAIRFAX FINANCIAL HOLDINGS LTD,3.0,46.73,9.35,transcripts_by_company/Fairfax_Financial_Holdings_Ltd_2011Q3.txt,0.2207096368074417,0.7792903631925583
PARK-OHIO HOLDINGS CORP,3.0,0.33,0.41,transcripts_by_company/Park-Ohio_Holdings_Corp_2006Q3.txt,0.19670601189136505,0.803293988108635
FLEXSHOPPER INC,4.0,0.0,0.09,transcripts_by_company/FlexShopper_Inc_2021Q4.txt,0.15674395859241486,0.8432560414075851
WHIRLPOOL CORP,4.0,1.24,1.14,transcripts_by_company/Whirlpool_Corporation_2009Q4.txt,0.10557074844837189,0.8944292515516281
AMERICAN DENTAL PARTNERS INC,2.0,0.28,0.31,transcripts_by_company/American_Dental_Partners_Inc_2011Q2.txt,0.21766114234924316,0.7823388576507568
LEGG MASON INC,3.0,1.23,1.33,transcripts_by_company/Legg_Mason_2007Q3.txt,0.12204410135746002,0.87795589864254
MELLON FINANCIAL CORP,1.0,0.58,0.58,transcripts_by_company/Mellon_Financial_Corporation_2007Q1.txt,0.19702473282814026,0.8029752671718597
TETRA TECH INC,1.0,1.17,1.08,transcripts_by_company/Terra_Tech_Corp_2023Q1.txt,0.2543964385986328,0.7456035614013672
CYBERARK SOFTWARE LTD,4.0,0.41,0.27,transcripts_by_company/CyberArk_2016Q4.txt,0.01954617351293564,0.9804538264870644
REVANCE THERAPEUTICS INC,4.0,-1.14,-0.95,transcripts_by_company/Revance_Therapeutics_Inc_2017Q4.txt,0.20290003716945648,0.7970999628305435
REGIONS FINANCIAL CORP,2.0,0.21,0.21,transcripts_by_company/Regions_Financial_Corporation_2014Q2.txt,0.15753011405467987,0.8424698859453201
MCDONALD'S CORP,4.0,0.87,0.82,transcripts_by_company/McDonalds_Corporation_2008Q4.txt,0.09602261334657669,0.9039773866534233
KIRBY CORP,2.0,1.04,1.27,transcripts_by_company/Kirby_Corporation_2015Q2.txt,0.1000053659081459,0.8999946340918541
STMICROELECTRONICS NV,2.0,0.14,0.17,transcripts_by_company/STMicroelectronics_NV_2011Q2.txt,0.21560755372047424,0.7843924462795258
VENTAS INC,3.0,0.07,0.41,transcripts_by_company/Ventas_Inc_2015Q3.txt,0.32807934284210205,0.671920657157898
ADVANCIS PHARMACEUTICAL CORP,1.0,-0.25,-0.28,transcripts_by_company/Advancis_Pharmaceutical_Corp_2006Q1.txt,0.18961623311042786,0.8103837668895721
RAYONIER ADVANCED MATERIALS INC,3.0,-0.21,0.01,transcripts_by_company/Rayonier_Inc_2021Q3.txt,0.12219551205635071,0.8778044879436493
EMERSON ELECTRIC CO,1.0,0.74,0.84,transcripts_by_company/Emerson_Electric_Co_2012Q1.txt,0.22162088751792908,0.7783791124820709
GENCORP INC,1.0,0.06,0.04,transcripts_by_company/GenCorp_Inc_2008Q1.txt,0.10050282627344131,0.8994971737265587
TARGA RESOURCES CORP,1.0,-0.03,0.0,transcripts_by_company/Targa_Resources_Corp_2018Q1.txt,0.11298093944787979,0.8870190605521202
"NUTRI/SYSTEM, INC.",2.0,0.96,0.78,transcripts_by_company/NutriSystem_Inc_2007Q2.txt,0.14936082065105438,0.8506391793489456
RPM INTERNATIONAL INC,4.0,0.52,0.75,transcripts_by_company/RPM_International_Inc_2018Q4.txt,0.3770308494567871,0.6229691505432129
FORTIS INC,4.0,0.56,0.66,transcripts_by_company/Fortis_Healthcare_Limited_2018Q4.txt,0.25352564454078674,0.7464743554592133
RAMBUS INC,4.0,0.29,-0.1,transcripts_by_company/Rambus_Inc_2010Q4.txt,0.20611169934272766,0.7938883006572723
GFI GROUP INC,2.0,0.06,0.06,transcripts_by_company/GFI_Group_Inc_2013Q2.txt,0.14882422983646393,0.8511757701635361
"KRAFT FOODS, INC.",4.0,0.44,0.47,transcripts_by_company/Kraft_Foods_2007Q4.txt,0.22638659179210663,0.7736134082078934
"WESBANCO, INC.",2.0,0.71,0.72,transcripts_by_company/WesBanco_Inc_2018Q2.txt,0.3135387599468231,0.6864612400531769
SHIP FINANCE INTERNATIONAL LTD,1.0,0.25,0.27,transcripts_by_company/Ship_Finance_International_Limited_2018Q1.txt,0.09416189789772034,0.9058381021022797
LOUISIANA-PACIFIC CORP,2.0,-0.03,0.39,transcripts_by_company/Louisiana-Pacific_Corporation_2014Q2.txt,0.1436139941215515,0.8563860058784485
CPI CARD GROUP INC,4.0,0.0,0.16,transcripts_by_company/CPI_Card_Group_Inc_2016Q4.txt,0.1153547391295433,0.8846452608704567
CHESAPEAKE CORP,3.0,0.13,0.07,transcripts_by_company/Chesapeake_Energy_2006Q3.txt,0.2101598083972931,0.7898401916027069
NEOSE TECHNOLOGIES INC,2.0,-0.47,-0.57,transcripts_by_company/Neose_Technologies_Inc_2004Q2.txt,0.23169371485710144,0.7683062851428986
ENDURANCE INTERNATIONAL GROUP HO,1.0,-0.02,0.0,transcripts_by_company/Endurance_International_Group_Holdings_Inc_2019Q1.txt,0.04445395618677139,0.9555460438132286
NEXPOINT REAL ESTATE FINANCE INC,2.0,0.56,0.64,transcripts_by_company/NexPoint_Real_Estate_Finance_Inc_2022Q2.txt,0.18326979875564575,0.8167302012443542
NORTHFIELD LABORATORIES INC,2.0,-0.31,-0.27,transcripts_by_company/Northfield_Laboratories_2006Q2.txt,0.2466735690832138,0.7533264309167862
LUMENTUM HOLDINGS INC,4.0,1.52,1.81,transcripts_by_company/Lumentum_Holdings_Inc_2022Q4.txt,0.15729746222496033,0.8427025377750397
TURKCELL ILETISIM HIZMETLERI AS,2.0,0.28,0.28,transcripts_by_company/Turkcell_Iletisim_Hizmetleri_AS_2009Q2.txt,0.09870436042547226,0.9012956395745277
COLUMBIA SPORTSWEAR CO,2.0,-0.21,-0.2,transcripts_by_company/Columbia_Sportswear_Company_2013Q2.txt,0.20802709460258484,0.7919729053974152
NAVTEQ CORPORATION,4.0,0.29,0.28,transcripts_by_company/NAVTEQ_Corp_2005Q4.txt,0.13499139249324799,0.865008607506752
SAPPI LTD,1.0,0.66,0.26,transcripts_by_company/Sappi_Limited_2008Q1.txt,0.15965938568115234,0.8403406143188477
AGERE SYSTEMS INC,2.0,-0.12,-0.13,transcripts_by_company/Agere_Systems_2002Q2.txt,0.17440108954906464,0.8255989104509354
APPLIED OPTOELECTRONICS INC,4.0,-0.02,0.69,transcripts_by_company/Applied_Optoelectronics_Inc_2018Q4.txt,0.11018040776252747,0.8898195922374725
CUBESMART,1.0,0.19,0.19,transcripts_by_company/CubeSmart_2019Q1.txt,0.0983271524310112,0.9016728475689888
AKAMAI TECHNOLOGIES INC,4.0,0.4,0.38,transcripts_by_company/Akamai_Technologies_Inc_2010Q4.txt,0.074315644800663,0.925684355199337
PANERA BREAD CO,1.0,1.55,1.83,transcripts_by_company/Panera_Bread_Company_2014Q1.txt,0.09769462794065475,0.9023053720593452
EXPEDIA GROUP INC,2.0,0.89,1.12,transcripts_by_company/Expedia_Inc_2015Q2.txt,0.13826274871826172,0.8617372512817383
DYAX CORP,3.0,-0.25,-0.16,transcripts_by_company/Dyax_Corporation_2003Q3.txt,0.26871827244758606,0.7312817275524139
VERISK ANALYTICS INC,1.0,1.34,1.4,transcripts_by_company/Verisk_Analytics_Inc_2022Q1.txt,0.20991908013820648,0.7900809198617935
PACIFIC BIOSCIENCES OF CALIFORNI,1.0,-0.27,-0.26,transcripts_by_company/Pacific_Biosciences_of_California_2015Q1.txt,0.17926530539989471,0.8207346946001053
SANGAMO BIOSCIENCES INC,1.0,-0.09,-0.12,transcripts_by_company/Sangamo_BioSciences_2015Q1.txt,0.16451840102672577,0.8354815989732742
CELLCOM ISRAEL LTD,1.0,3.51,0.68,transcripts_by_company/Cellcom_Israel_Ltd_2009Q1.txt,0.23964440822601318,0.7603555917739868
JABIL CIRCUIT INC,3.0,0.62,0.59,transcripts_by_company/Jabil_Circuit_Inc_2011Q3.txt,0.18122676014900208,0.8187732398509979
ACCELERATE DIAGNOSTICS INC,2.0,-0.23,-0.29,transcripts_by_company/Accelerate_Diagnostics_Inc_2022Q2.txt,0.23363175988197327,0.7663682401180267
HEALTHCARE TRUST OF AMERICA INC,2.0,0.01,0.04,transcripts_by_company/Healthcare_Trust_of_America_Inc_2014Q2.txt,0.13389553129673004,0.86610446870327
LIZ CLAIBORNE INC,2.0,0.46,0.44,transcripts_by_company/Liz_Claiborne_Inc_2004Q2.txt,0.14800943434238434,0.8519905656576157
INTERNAP CORP,3.0,-0.02,0.01,transcripts_by_company/Internap_Network_Services_Corporation_2009Q3.txt,0.059229686856269836,0.9407703131437302
PRUDENTIAL FINANCIAL INC,2.0,0.91,1.38,transcripts_by_company/Prudential_Financial_Inc_2010Q2.txt,0.33206337690353394,0.6679366230964661
TEXTAINER GROUP HOLDINGS LTD,1.0,1.16,0.27,transcripts_by_company/Textainer_Group_Holdings_Limited_2021Q1.txt,0.15301728248596191,0.8469827175140381
EFJOHNSON TECHNOLOGIES INC,2.0,0.04,0.04,transcripts_by_company/EFJohnson_Technologies_Inc_2009Q2.txt,0.35667237639427185,0.6433276236057281
SEACUBE CONTAINER LEASING LTD,4.0,0.63,0.69,transcripts_by_company/SeaCube_Container_Leasing_Ltd_2012Q4.txt,0.3164371848106384,0.6835628151893616
B2GOLD CORP,4.0,0.14,0.12,transcripts_by_company/B2Gold_Corp_2020Q4.txt,0.1378864198923111,0.8621135801076889
EXPONENT INC,4.0,0.41,0.49,transcripts_by_company/Exponent_Inc_2023Q4.txt,0.22054645419120789,0.7794535458087921
TALBOTS INC.,3.0,-0.51,0.04,transcripts_by_company/Talbots_2011Q3.txt,0.14188484847545624,0.8581151515245438
WR BERKLEY CORP,1.0,1.1,0.8,transcripts_by_company/WR_Berkley_2003Q1.txt,0.19608630239963531,0.8039136976003647
MATERION CORP,3.0,0.51,0.55,transcripts_by_company/Materion_Corporation_2014Q3.txt,0.24944591522216797,0.750554084777832
KIRBY CORP,2.0,0.47,0.52,transcripts_by_company/Kirby_Corporation_2022Q2.txt,0.21560247242450714,0.7843975275754929
GOLAR LNG LTD,2.0,-1.66,-0.01,transcripts_by_company/Golar_LNG_Limited_2020Q2.txt,0.24997968971729279,0.7500203102827072
KARYOPHARM THERAPEUTICS INC,3.0,-0.85,-0.75,transcripts_by_company/Karyopharm_Therapeutics_Inc_2015Q3.txt,0.11313339322805405,0.886866606771946
"NUTRI/SYSTEM, INC.",3.0,0.54,0.59,transcripts_by_company/Nutrisystem_Inc_2018Q3.txt,0.18555796146392822,0.8144420385360718
MARKETO INC,2.0,-0.17,-0.22,transcripts_by_company/Marketo_Inc_2014Q2.txt,0.1104033887386322,0.8895966112613678
LEGACY HOUSING CORP,1.0,0.37,0.37,transcripts_by_company/Legacy_Housing_Corporation_2021Q1.txt,0.3000629246234894,0.6999370753765106
AEGERION PHARMACEUTICALS INC,3.0,-0.48,-0.49,transcripts_by_company/Aegerion_Pharmaceuticals_Inc_2011Q3.txt,0.14308284223079681,0.8569171577692032
ABM INDUSTRIES INC,2.0,0.27,0.23,transcripts_by_company/ABM_Industries_2007Q2.txt,0.1950901299715042,0.8049098700284958
DEL FRISCO'S RESTAURANT GROUP IN,2.0,0.2,0.2,transcripts_by_company/Del_Friscos_Restaurant_Group_Inc_2013Q2.txt,0.1718325912952423,0.8281674087047577
WATSCO INC,1.0,0.48,0.47,transcripts_by_company/Watsco_Inc_2014Q1.txt,0.1368705779314041,0.8631294220685959
COMPUTER PROGRAMS AND SYSTEMS IN,2.0,0.75,0.65,transcripts_by_company/Computer_Programs_and_Systems_Inc_2021Q2.txt,0.13655135035514832,0.8634486496448517
PINDUODUO INC,2.0,-0.06,0.33,transcripts_by_company/Pinduoduo_Inc_2020Q2.txt,0.2839246988296509,0.7160753011703491
CORNING INC,1.0,0.52,0.33,transcripts_by_company/Corning_Incorporated_2010Q1.txt,0.11809581518173218,0.8819041848182678
COREPOINT LODGING INC,3.0,0.28,-0.54,transcripts_by_company/CorePoint_Lodging_Inc_2021Q3.txt,0.1626579910516739,0.8373420089483261
IROBOT CORP,2.0,0.21,0.13,transcripts_by_company/iRobot_Corp_2013Q2.txt,0.16576538980007172,0.8342346101999283
NATIONAL HEALTH INVESTORS INC,3.0,0.89,0.89,transcripts_by_company/National_Health_Investors_Inc_2015Q3.txt,0.24205933511257172,0.7579406648874283
PLUM CREEK TIMBER COMPANY INC,2.0,0.28,0.32,transcripts_by_company/Plum_Creek_Timber_Company_Inc_2013Q2.txt,0.22028814256191254,0.7797118574380875
MOLEX INC,1.0,-0.14,0.35,transcripts_by_company/Molex_Inc_2009Q1.txt,0.12912456691265106,0.8708754330873489
RIMAGE CORP,4.0,0.45,0.44,transcripts_by_company/Rimage_Corporation_2007Q4.txt,0.13845910131931305,0.861540898680687
TOTAL SA,3.0,1.75,1.9,transcripts_by_company/Total_System_Services_Inc_2011Q3.txt,0.0842665508389473,0.9157334491610527
LGI HOMES INC,2.0,1.39,1.03,transcripts_by_company/LGI_Homes_Inc_2017Q2.txt,0.14486519992351532,0.8551348000764847
CELESTICA INC,4.0,0.25,0.26,transcripts_by_company/Celestica_Inc_2012Q4.txt,0.2756093144416809,0.7243906855583191
WATSCO INC,4.0,0.39,0.46,transcripts_by_company/Watsco_Inc_2011Q4.txt,0.2087797075510025,0.7912202924489975
ACHAOGEN INC,1.0,-0.34,-0.93,transcripts_by_company/Achaogen_Inc_2015Q1.txt,0.22271853685379028,0.7772814631462097
DESTINATION XL GROUP INC,2.0,-0.04,0.02,transcripts_by_company/XL_Group_plc_2014Q2.txt,0.17410071194171906,0.825899288058281
AV HOMES INC,3.0,0.49,0.34,transcripts_by_company/AV_Homes_Inc_2016Q3.txt,0.15784156322479248,0.8421584367752075
FAIRFAX FINANCIAL HOLDINGS LTD,2.0,3.85,5.75,transcripts_by_company/Fairfax_Financial_Holdings_Ltd_2012Q2.txt,0.3010212182998657,0.6989787817001343
NRX PHARMACEUTICALS INC,1.0,-0.16,-0.14,transcripts_by_company/NRx_Pharmaceuticals_Inc_2023Q1.txt,0.182137593626976,0.817862406373024
PITNEY BOWES INC,2.0,0.21,0.27,transcripts_by_company/Pitney_Bowes_Inc_2019Q2.txt,0.08474932610988617,0.9152506738901138
CVB FINANCIAL CORP,1.0,0.23,0.27,transcripts_by_company/CVB_Financial_Corporation_2016Q1.txt,0.2378653883934021,0.7621346116065979
AMGEN INC,4.0,1.17,1.24,transcripts_by_company/Amgen_2010Q4.txt,0.20447969436645508,0.7955203056335449
HARLEY-DAVIDSON INC,1.0,1.36,1.43,transcripts_by_company/Harley-Davidson_Inc_2016Q1.txt,0.16924196481704712,0.8307580351829529
MELLANOX TECHNOLOGIES LTD,1.0,0.15,0.25,transcripts_by_company/Mellanox_Technologies_Ltd_2009Q1.txt,0.2087468057870865,0.7912531942129135
SANDISK CORP,4.0,1.29,1.25,transcripts_by_company/Skanska_AB_2011Q4.txt,0.2596544623374939,0.7403455376625061
TOWERS WATSON & CO,3.0,0.93,0.84,transcripts_by_company/Towers_Watson_and_Co_2010Q3.txt,0.1883544623851776,0.8116455376148224
AMETEK INC,3.0,0.72,0.56,transcripts_by_company/AMETEK_Inc_2010Q3.txt,0.1305369734764099,0.8694630265235901
ALK-ABELLO A/S,2.0,-1.9,0.1,transcripts_by_company/ALK-Abelló_AS_2021Q2.txt,0.34822723269462585,0.6517727673053741
CATABASIS PHARMACEUTICALS INC,1.0,-0.41,-0.6,transcripts_by_company/Catabasis_Pharmaceuticals_Inc_2017Q1.txt,0.2627902626991272,0.7372097373008728
ALLIANCE RESOURCE PARTNERS LP,2.0,1.83,2.07,transcripts_by_company/Alliance_Resource_Partners_LP_2012Q2.txt,0.02400665357708931,0.9759933464229107
DOMINION RESOURCES BLACK WARR TR,4.0,0.68,3.88,transcripts_by_company/Dominion_Resources_Inc_2006Q4.txt,0.3326520323753357,0.6673479676246643
ACTELION LTD,2.0,1.8,1.31,transcripts_by_company/Actelion_Ltd_2014Q2.txt,0.3933112621307373,0.6066887378692627
COGENT COMMUNICATIONS HOLDINGS I,4.0,0.06,0.12,transcripts_by_company/Cogent_Communications_Holdings_Inc_2015Q4.txt,0.1017514020204544,0.8982485979795456
BOSTON BEER CO INC,4.0,0.17,0.23,transcripts_by_company/Boston_Beer_Company_2006Q4.txt,0.20156563818454742,0.7984343618154526
CERNER CORP,1.0,0.36,0.36,transcripts_by_company/Cerner_Corporation_2007Q1.txt,0.10910192131996155,0.8908980786800385
MENS WEARHOUSE INC,3.0,0.83,0.75,transcripts_by_company/Mens_Wearhouse_2010Q3.txt,0.17079786956310272,0.8292021304368973
WHITING PETROLEUM CORP,3.0,0.73,1.11,transcripts_by_company/Whiting_Petroleum_Corporation_2012Q3.txt,0.2013975977897644,0.7986024022102356
RAMBUS INC,2.0,-0.11,-0.27,transcripts_by_company/Rambus_Inc_2010Q2.txt,0.22021295130252838,0.7797870486974716
U-STORE-IT TRUST,1.0,-0.04,-0.06,transcripts_by_company/U-Store-It_Trust_2009Q1.txt,0.280923992395401,0.719076007604599
LIFETIME BRANDS INC,4.0,0.75,0.82,transcripts_by_company/Lifetime_Brands_Inc_2015Q4.txt,0.2713060677051544,0.7286939322948456
ADVERUM BIOTECHNOLOGIES INC,1.0,-0.23,-0.33,transcripts_by_company/Adverum_Biotechnologies_Inc_2019Q1.txt,0.2648838460445404,0.7351161539554596
CORINTHIAN COLLEGES INC,1.0,0.15,0.08,transcripts_by_company/Corinthian_Colleges_Inc_2012Q1.txt,0.10431242734193802,0.895687572658062
RAYONIER ADVANCED MATERIALS INC,1.0,-0.49,-0.23,transcripts_by_company/Rayonier_Inc_2020Q1.txt,0.08153228461742401,0.918467715382576
KAMAN CORP,4.0,0.38,0.53,transcripts_by_company/Kaman_Corporation_2011Q4.txt,0.06882262229919434,0.9311773777008057
ZUMIEZ INC,1.0,0.39,0.32,transcripts_by_company/ZUMIEZ_INC_2007Q1.txt,0.11910025775432587,0.8808997422456741
SYSTEMAX INC,2.0,0.4,0.14,transcripts_by_company/Systemax_Inc_2017Q2.txt,0.36000972986221313,0.6399902701377869
HIBBETT INC,3.0,1.86,2.53,transcripts_by_company/Hibbett_Inc_2022Q3.txt,0.33341896533966064,0.6665810346603394
ZIX CORP,2.0,-0.28,-0.12,transcripts_by_company/Zix_Corporation_2005Q2.txt,0.3444229066371918,0.6555770933628082
CBIZ INC,3.0,0.08,0.08,transcripts_by_company/CBIZ_Inc_2009Q3.txt,0.16081503033638,0.83918496966362
AXCELIS TECHNOLOGIES INC,2.0,-0.06,0.04,transcripts_by_company/Axcelis_Technologies_Inc_2014Q2.txt,0.1479714810848236,0.8520285189151764
KUBIENT INC,3.0,-0.12,-0.16,transcripts_by_company/Kubient_Inc_2022Q3.txt,0.2995370328426361,0.7004629671573639
HELIOS TECHNOLOGIES INC,4.0,0.78,1.03,transcripts_by_company/Helios_Technologies_Inc_2022Q4.txt,0.15648368000984192,0.8435163199901581
JABIL CIRCUIT INC,4.0,0.51,0.67,transcripts_by_company/Jabil_Circuit_Inc_2013Q4.txt,0.3173849880695343,0.6826150119304657
SCHWEITZER-MAUDUIT INTERNATIONAL,1.0,0.82,0.75,transcripts_by_company/Schweitzer-Mauduit_International_Inc_2018Q1.txt,0.21256737411022186,0.7874326258897781
SCANSOURCE INC,2.0,0.49,0.94,transcripts_by_company/ScanSource_Inc_2003Q2.txt,0.11209644377231598,0.887903556227684
UNITEDGLOBALCOM INC,4.0,-1.54,-1.01,transcripts_by_company/UnitedGlobalCom_2002Q4.txt,0.20714110136032104,0.792858898639679
OPENDOOR TECHNOLOGIES INC,4.0,-0.51,-0.11,transcripts_by_company/Opendoor_Technologies_Inc_2022Q4.txt,0.27536025643348694,0.7246397435665131
ADVISORY BOARD CO.,3.0,0.3,0.39,transcripts_by_company/Telsey_Advisory_Group_2011Q3.txt,0.2083960324525833,0.7916039675474167
DIGITAL GENERATION INC,2.0,0.09,0.16,transcripts_by_company/Digital_Generation_Inc_2013Q2.txt,0.04522086679935455,0.9547791332006454
SOUTHERN CO,4.0,0.36,0.37,transcripts_by_company/Southern_Cross_Media_Group_Limited_2021Q4.txt,0.11005212366580963,0.8899478763341904
CINCINNATI FINANCIAL CORP,4.0,0.89,0.83,transcripts_by_company/Cincinnati_Financial_Corporation_2014Q4.txt,0.06130773574113846,0.9386922642588615
ALLSTATE CORP,3.0,1.39,1.18,transcripts_by_company/The_Allstate_Corporation_2014Q3.txt,0.3816077709197998,0.6183922290802002
BLACK HILLS CORP,2.0,0.34,0.37,transcripts_by_company/Black_Hills_Corporation_2012Q2.txt,0.2104494571685791,0.7895505428314209
HEIDRICK & STRUGGLES INT'L,2.0,0.15,0.18,transcripts_by_company/Heidrick_and_Struggles_2010Q2.txt,0.1673402190208435,0.8326597809791565
FREEPORT-MCMORAN INC,1.0,1.4,0.63,transcripts_by_company/Freeport-McMoRan_Copper_and_Gold_2006Q1.txt,0.31367775797843933,0.6863222420215607
DONALDSON COMPANY INC,2.0,0.56,0.52,transcripts_by_company/Donaldson_Company_Inc_2003Q2.txt,0.13493432104587555,0.8650656789541245
MYRIAD GENETICS INC,1.0,0.34,0.32,transcripts_by_company/Myriad_Genetics_Inc_2012Q1.txt,0.18374492228031158,0.8162550777196884
GRAFTECH INTERNATIONAL LTD,2.0,-0.05,0.05,transcripts_by_company/GrafTech_International_Ltd_2014Q2.txt,0.11806724965572357,0.8819327503442764
CUTERA INC,2.0,-0.18,-0.12,transcripts_by_company/Cutera_Inc_2011Q2.txt,0.32597997784614563,0.6740200221538544
US CONCRETE INC,1.0,-0.15,-0.11,transcripts_by_company/US_Concrete_Inc_2004Q1.txt,0.11977067589759827,0.8802293241024017
FBL FINANCIAL GROUP - CLASS A,2.0,0.86,0.63,transcripts_by_company/FBL_Financial_Group_Inc_2009Q2.txt,0.11789314448833466,0.8821068555116653
AIR METHODS CORP,4.0,0.99,0.42,transcripts_by_company/Air_Methods_Corporation_2010Q4.txt,0.2924320101737976,0.7075679898262024
BOOT BARN HOLDINGS INC,4.0,0.66,0.62,transcripts_by_company/Boot_Barn_Holdings_Inc_2018Q4.txt,0.2825930118560791,0.7174069881439209
GFI GROUP INC,4.0,0.03,0.1,transcripts_by_company/GFI_Group_Inc_2010Q4.txt,0.1740080863237381,0.8259919136762619
EQUITY BANCSHARES INC,1.0,0.93,0.67,transcripts_by_company/Equity_Bancshares_Inc_2022Q1.txt,0.1119089126586914,0.8880910873413086
OMEGA HEALTHCARE INVESTORS INC,2.0,0.2,0.27,transcripts_by_company/Omega_HealthCare_Investors_Inc_2007Q2.txt,0.265700101852417,0.734299898147583
OCCAM NETWORKS INC,4.0,-0.09,-0.07,transcripts_by_company/Occam_Networks_2007Q4.txt,0.16285701096057892,0.8371429890394211
GENERAL ELECTRIC CO,4.0,0.31,0.45,transcripts_by_company/General_Electric_2002Q4.txt,0.19581107795238495,0.804188922047615
VULCAN MATERIALS CO,2.0,0.98,0.84,transcripts_by_company/Vulcan_Materials_Co_2005Q2.txt,0.2705186903476715,0.7294813096523285
VERA BRADLEY INC,2.0,-0.19,-0.02,transcripts_by_company/Vera_Bradley_Inc_2022Q2.txt,0.05702309310436249,0.9429769068956375
HERSHEY CO,3.0,2.17,2.26,transcripts_by_company/The_Hershey_Company_2022Q3.txt,0.2571282982826233,0.7428717017173767
API GROUP CORP,3.0,0.37,0.41,transcripts_by_company/APi_Group_Corporation_2022Q3.txt,0.09498296678066254,0.9050170332193375
LINKTONE LTD,4.0,0.07,0.17,transcripts_by_company/Linktone_Ltd_2005Q4.txt,0.13042183220386505,0.869578167796135
METTLER-TOLEDO INTERNATIONAL INC,4.0,2.88,2.83,transcripts_by_company/Mettler-Toledo_International_Inc_2011Q4.txt,0.33645275235176086,0.6635472476482391
3M CO,3.0,1.29,1.24,transcripts_by_company/3M_2007Q3.txt,0.4180980622768402,0.5819019377231598
"BIOCRYST PHARMACEUTICALS, INC.",2.0,-0.24,-0.3,transcripts_by_company/BioCryst_Pharmaceuticals_Inc_2020Q2.txt,0.22791650891304016,0.7720834910869598
SYCAMORE NETWORKS INC.,2.0,-0.03,-0.04,transcripts_by_company/Sycamore_Networks_2004Q2.txt,0.1634519249200821,0.8365480750799179
