ticker,period,eps_actual,eps_forecast,transcript_path,cosine,nnw
ITC HOLDINGS CORP,1.0,0.44,1.27,transcripts_by_company/ITC_Holdings_Corp_2014Q1.txt,0.33573994040489197,0.664260059595108
DSP GROUP INC,3.0,0.26,0.38,transcripts_by_company/DSP_Group_Inc_2007Q3.txt,0.19987471401691437,0.8001252859830856
51JOB INC,4.0,0.61,0.58,transcripts_by_company/51job_Inc_2011Q4.txt,0.10525920987129211,0.8947407901287079
1ST UNITED BANCORP INC,4.0,0.03,0.05,transcripts_by_company/1st_United_Bancorp_Inc_2011Q4.txt,0.2565637528896332,0.7434362471103668
MDU RESOURCES GROUP INC,1.0,0.17,0.23,transcripts_by_company/MDU_Resources_Group_Inc_2016Q1.txt,0.07792497426271439,0.9220750257372856
INTERSIL CORPORATION,4.0,0.2,0.18,transcripts_by_company/Intersil_Corporation_2015Q4.txt,0.19707649946212769,0.8029235005378723
HENRY JACK & ASSOCIATES,2.0,0.35,0.37,transcripts_by_company/Jack_Henry_and_Associates_2010Q2.txt,0.2640911638736725,0.7359088361263275
WIND RIVER SYSTEMS INC,3.0,0.07,0.05,transcripts_by_company/Wind_River_Systems_2005Q3.txt,0.22712796926498413,0.7728720307350159
ECOPETROL SA,4.0,0.03,0.33,transcripts_by_company/Ecopetrol_SA_2016Q4.txt,0.3577236235141754,0.6422763764858246
DYCOM INDUSTRIES INC,4.0,0.15,0.19,transcripts_by_company/Dycom_Industries_Inc_2009Q4.txt,0.08324763178825378,0.9167523682117462
AVALONBAY COMMUNITIES INC,1.0,0.6,0.67,transcripts_by_company/Avalonbay_Communities_2008Q1.txt,0.0783659964799881,0.9216340035200119
MSA SAFETY INC,2.0,1.22,1.2,transcripts_by_company/MSA_Safety_Incorporated_2019Q2.txt,0.16949957609176636,0.8305004239082336
HUMANA INC,2.0,0.51,0.52,transcripts_by_company/Humana_Inc_2005Q2.txt,0.1569325476884842,0.8430674523115158
MEDIACOM COMMUNICATIONS CORP,4.0,0.06,-0.2,transcripts_by_company/Mediacom_Communications_2003Q4.txt,0.23322919011116028,0.7667708098888397
ABM INDUSTRIES INC,3.0,0.51,0.54,transcripts_by_company/ABM_Industries_Incorporated_2017Q3.txt,0.2719746232032776,0.7280253767967224
OMNICELL INC,3.0,0.6,0.82,transcripts_by_company/Omnicell_Inc_2020Q3.txt,0.2873271703720093,0.7126728296279907
MANHATTAN ASSOCIATES INC,4.0,0.46,0.35,transcripts_by_company/Manhattan_Associates_Inc_2018Q4.txt,0.14547866582870483,0.8545213341712952
HIMS & HERS HEALTH INC,2.0,-0.1,-0.03,transcripts_by_company/Hims_and_Hers_Health_Inc_2022Q2.txt,0.20522405207157135,0.7947759479284286
AMERICAN VANGUARD CORP,1.0,0.03,0.12,transcripts_by_company/American_Vanguard_2009Q1.txt,0.3367864191532135,0.6632135808467865
CASH SYSTEMS INC,1.0,-0.07,-0.02,transcripts_by_company/Cash_Systems_Inc_2006Q1.txt,0.30878105759620667,0.6912189424037933
UNDER ARMOUR INC,3.0,0.41,0.42,transcripts_by_company/Under_Armour_Inc_2014Q3.txt,0.22283439338207245,0.7771656066179276
LEAR CORP,1.0,3.73,2.97,transcripts_by_company/Lear_Corporation_2021Q1.txt,0.35217806696891785,0.6478219330310822
HUB GROUP INC,1.0,0.58,0.41,transcripts_by_company/Hub_Group_Inc_2016Q1.txt,0.17253459990024567,0.8274654000997543
TECHNE CORP,2.0,0.88,0.87,transcripts_by_company/Techne_Corporation_2014Q2.txt,0.16509214043617249,0.8349078595638275
SVB FINANCIAL GROUP,2.0,1.06,0.88,transcripts_by_company/SVB_Financial_Group_2013Q2.txt,0.2592093348503113,0.7407906651496887
CEPHEID INC,3.0,-0.32,-0.12,transcripts_by_company/Cepheid_2015Q3.txt,0.1968189775943756,0.8031810224056244
JABIL CIRCUIT INC,3.0,0.62,0.59,transcripts_by_company/Jabil_Circuit_Inc_2011Q3.txt,0.18122676014900208,0.8187732398509979
ESSENTIAL PROPERTIES REALTY TRUS,4.0,0.05,0.15,transcripts_by_company/Essential_Properties_Realty_Trust_Inc_2020Q4.txt,0.32942038774490356,0.6705796122550964
TRICON RESIDENTIAL INC,2.0,0.16,0.12,transcripts_by_company/Tricon_Residential_Inc_2023Q2.txt,0.16616465151309967,0.8338353484869003
ECOLAB INC,2.0,0.56,0.56,transcripts_by_company/Ecolab_Inc_2010Q2.txt,0.18045173585414886,0.8195482641458511
US UNWIRED INC,4.0,-0.07,-0.04,transcripts_by_company/US_Unwired_2004Q4.txt,0.1749984323978424,0.8250015676021576
TRIPLE-S MANAGEMENT CORP,2.0,-1.62,0.38,transcripts_by_company/Triple-S_Management_Corporation_2018Q2.txt,0.1002274602651596,0.8997725397348404
CHUBB CORP,3.0,0.89,1.94,transcripts_by_company/Chubb_Corporation_2005Q3.txt,0.22779062390327454,0.7722093760967255
CHRISTOPHER & BANKS CORP,1.0,-0.26,-0.12,transcripts_by_company/Christopher_and_Banks_Corporation_2019Q1.txt,0.3247734606266022,0.6752265393733978
PIEDMONT OFFICE REALTY TRUST INC,3.0,-0.09,0.08,transcripts_by_company/Piedmont_Office_Realty_Trust_Inc_2016Q3.txt,0.15602360665798187,0.8439763933420181
COMMUNITY HEALTHCARE TRUST INC,1.0,0.21,0.27,transcripts_by_company/Community_Healthcare_Trust_Incorporated_2022Q1.txt,0.29223161935806274,0.7077683806419373
CENTRAL EUROPEAN MEDIA ENTERPRIS,4.0,0.64,1.25,transcripts_by_company/Central_European_Media_Enterprises_Ltd_2006Q4.txt,0.09293536841869354,0.9070646315813065
HUMANA INC,2.0,0.37,0.32,transcripts_by_company/Humana_2003Q2.txt,0.23045487701892853,0.7695451229810715
PENSON WORLDWIDE INC,1.0,-0.94,0.02,transcripts_by_company/Penson_Worldwide_Inc_2012Q1.txt,0.43211591243743896,0.567884087562561
MAXLINEAR INC,4.0,0.86,0.57,transcripts_by_company/MaxLinear_Inc_2021Q4.txt,0.268842488527298,0.731157511472702
MICROTUNE,4.0,0.02,-0.01,transcripts_by_company/Microtune_Inc_2009Q4.txt,0.17403312027454376,0.8259668797254562
NXSTAGE MEDICAL INC,1.0,-0.09,-0.09,transcripts_by_company/NxStage_Medical_Inc_2015Q1.txt,0.2965147793292999,0.7034852206707001
RETAIL OPPORTUNITY INVESTMENTS C,3.0,0.06,0.08,transcripts_by_company/Retail_Opportunity_Investments_Corp_2020Q3.txt,0.5144553780555725,0.4855446219444275
CRYOLIFE INC,1.0,0.04,0.1,transcripts_by_company/CryoLife_Inc_2014Q1.txt,0.12372371554374695,0.876276284456253
ENTEGRIS INC,4.0,-0.14,0.1,transcripts_by_company/Entegris_2008Q4.txt,0.14372658729553223,0.8562734127044678
RESMED INC,2.0,0.41,0.45,transcripts_by_company/ResMed_Inc_2007Q2.txt,0.20852653682231903,0.791473463177681
MARCHEX INC,3.0,0.11,0.08,transcripts_by_company/Marchex_Inc_2008Q3.txt,0.23959986865520477,0.7604001313447952
AIMMUNE THERAPEUTICS INC,4.0,-0.95,-0.91,transcripts_by_company/Aimmune_Therapeutics_Inc_2018Q4.txt,0.11576064676046371,0.8842393532395363
RELIANCE INC,1.0,2.14,1.06,transcripts_by_company/Reliance_Steel_2006Q1.txt,0.33317628502845764,0.6668237149715424
FIVERR INTERNATIONAL LTD,4.0,0.56,0.41,transcripts_by_company/Fiverr_International_Ltd_CurrentQ4.txt,0.19490265846252441,0.8050973415374756
PVH CORP,1.0,1.18,1.0,transcripts_by_company/PVH_Corp_2012Q1.txt,0.36995217204093933,0.6300478279590607
SAPIENT CORP,1.0,0.06,0.11,transcripts_by_company/Sapient_Corporation_2013Q1.txt,0.279670774936676,0.720329225063324
MASTEC INC,4.0,1.07,0.9,transcripts_by_company/Mastek_Limited_2018Q4.txt,0.0745352953672409,0.9254647046327591
SEMTECH CORP,3.0,0.35,0.3,transcripts_by_company/Semtech_Corporation_2016Q3.txt,0.22731733322143555,0.7726826667785645
MICROSEMI CORP,2.0,0.34,0.34,transcripts_by_company/MTI_MicroFuel_Cells_2008Q2.txt,0.3521716594696045,0.6478283405303955
CBS CORP,3.0,0.25,0.24,transcripts_by_company/CBS_Corporation_2009Q3.txt,0.20145952701568604,0.798540472984314
NETGEAR INC,3.0,0.76,0.68,transcripts_by_company/NETGEAR_Inc_2016Q3.txt,0.11030864715576172,0.8896913528442383
TERRAN ORBITAL CORP,1.0,-0.24,-0.13,transcripts_by_company/Terran_Orbital_Corporation_2023Q1.txt,0.16854986548423767,0.8314501345157623
GIBRALTAR INDUSTRIES INC,2.0,0.66,0.69,transcripts_by_company/Gibraltar_Industries_Inc_2006Q2.txt,0.2322641909122467,0.7677358090877533
ORION SA,4.0,0.4,0.24,transcripts_by_company/Orion_Oyj_2020Q4.txt,0.29995331168174744,0.7000466883182526
COGENT COMMUNICATIONS HOLDINGS I,2.0,0.02,0.1,transcripts_by_company/Cogent_Communications_Holdings_Inc_2015Q2.txt,0.23280873894691467,0.7671912610530853
ANAREN INC,1.0,0.22,0.14,transcripts_by_company/Anaren_Inc_2006Q1.txt,0.16083788871765137,0.8391621112823486
CORVEL CORPORATION,3.0,0.62,0.63,transcripts_by_company/CorVel_Corporation_2010Q3.txt,0.31809598207473755,0.6819040179252625
SYNOVUS FINANCIAL CORP,1.0,0.84,0.64,transcripts_by_company/Synovus_Financial_Corp_2018Q1.txt,0.31343623995780945,0.6865637600421906
GLOBALSTAR INC,3.0,-0.06,-0.06,transcripts_by_company/Globalstar_Inc_2011Q3.txt,0.3699394166469574,0.6300605833530426
AEHR TEST SYSTEMS,3.0,0.09,0.07,transcripts_by_company/Aehr_Test_Systems_2006Q3.txt,0.28805816173553467,0.7119418382644653
VUZIX CORP,4.0,-0.17,-0.15,transcripts_by_company/Vuzix_Corporation_2022Q4.txt,0.12611770629882812,0.8738822937011719
TRAFFIC.COM INC,3.0,-0.31,-0.28,transcripts_by_company/Trafficcom_2006Q3.txt,0.09921526163816452,0.9007847383618355
"PENNEY, JC",3.0,0.75,0.55,transcripts_by_company/JC_Penney_Corporation_Inc_2006Q3.txt,0.1795036494731903,0.8204963505268097
MID-AMERICA APARTMENT COMMUNITIE,2.0,0.65,0.59,transcripts_by_company/Mid-America_Apartment_Communities_Inc_2020Q2.txt,0.20228861272335052,0.7977113872766495
MCGRATH RENTCORP,1.0,0.31,0.42,transcripts_by_company/McGrath_Rentcorp_2006Q1.txt,0.1838362216949463,0.8161637783050537
DOVER CORP,4.0,1.54,1.53,transcripts_by_company/Dover_Motorsports_Inc_2019Q4.txt,0.4032946825027466,0.5967053174972534
CHIMERIX INC,1.0,-0.28,-0.28,transcripts_by_company/Chimerix_Inc_2022Q1.txt,0.3244929015636444,0.6755070984363556
SYMYX TECHNOLOGIES INC,4.0,-0.1,0.08,transcripts_by_company/Symyx_Technologies_Inc_2007Q4.txt,0.12475322186946869,0.8752467781305313
PLANAR SYSTEMS INCORPORATED,1.0,0.05,0.29,transcripts_by_company/Planar_Systems_2004Q1.txt,0.43554219603538513,0.5644578039646149
EXACT SCIENCES CORP,4.0,-0.08,-0.07,transcripts_by_company/EXACT_Sciences_Corporation_2010Q4.txt,0.23441147804260254,0.7655885219573975
RYANAIR HOLDINGS PLC,4.0,0.33,0.28,transcripts_by_company/Ryanair_2002Q4.txt,0.062278080731630325,0.9377219192683697
CHECKPOINT SYSTEMS INC,1.0,0.1,0.02,transcripts_by_company/Checkpoint_Systems_2010Q1.txt,0.27621784806251526,0.7237821519374847
SCANSOURCE INC,2.0,0.52,0.46,transcripts_by_company/ScanSource_Inc_2010Q2.txt,0.12360736727714539,0.8763926327228546
TEXAS CAPITAL BANCSHARES INC,2.0,0.22,0.33,transcripts_by_company/Texas_Capital_Bancshares_Inc_2008Q2.txt,0.14021152257919312,0.8597884774208069
KULICKE & SOFFA INDS INC,4.0,0.38,0.09,transcripts_by_company/Kulicke_and_Soffa_2005Q4.txt,0.1910005658864975,0.8089994341135025
MRC GLOBAL INC,3.0,0.42,0.27,transcripts_by_company/MRC_Global_Inc_2022Q3.txt,0.1534917801618576,0.8465082198381424
RESMED INC,2.0,0.68,0.71,transcripts_by_company/ResMed_Inc_2015Q2.txt,0.22447410225868225,0.7755258977413177
JOINT CORP,2.0,-0.26,-0.27,transcripts_by_company/The_Joint_Corp_2016Q2.txt,0.1588687300682068,0.8411312699317932
ENGINEERED SUPPORT SYS INC,3.0,0.72,0.49,transcripts_by_company/Engineered_Support_Systems_2003Q3.txt,0.1305423527956009,0.8694576472043991
POST HOLDINGS INC,3.0,1.39,1.4,transcripts_by_company/Post_Holdings_Inc_2019Q3.txt,0.3505053222179413,0.6494946777820587
MARATHON OIL CORP,3.0,0.61,0.67,transcripts_by_company/Marathon_Oil_Corporation_2009Q3.txt,0.17868070304393768,0.8213192969560623
CORE SCIENTIFIC INC,2.0,-0.02,0.2,transcripts_by_company/Sequent_Scientific_Limited_2022Q2.txt,0.11376602947711945,0.8862339705228806
INVESCO HOLDING COMPANY LTD,2.0,0.63,0.67,transcripts_by_company/Invesco_Ltd_2015Q2.txt,0.17610377073287964,0.8238962292671204
CORNING INC,2.0,0.53,0.43,transcripts_by_company/Owens_Corning_2021Q2.txt,0.3122745156288147,0.6877254843711853
EVEREST GROUP LTD,4.0,9.12,7.52,transcripts_by_company/Everest_Re_Group_Ltd_2021Q4.txt,0.23710621893405914,0.7628937810659409
GEOPARK HOLDINGS LTD,1.0,0.51,1.1,transcripts_by_company/GeoPark_Limited_2022Q1.txt,0.3200206458568573,0.6799793541431427
EVERI HOLDINGS INC,4.0,0.12,0.27,transcripts_by_company/Everi_Holdings_Inc_CurrentQ4.txt,0.30270203948020935,0.6972979605197906
CLOUD PEAK ENERGY INC,1.0,0.38,0.35,transcripts_by_company/Cloud_Peak_Energy_Inc_2010Q1.txt,0.19574154913425446,0.8042584508657455
HUMAN GENOME SCIENCES INCORPORAT,2.0,-0.47,-0.47,transcripts_by_company/Human_Genome_Sciences_Inc_2006Q2.txt,0.17728163301944733,0.8227183669805527
AMERICAN STATES WATER CO,4.0,0.3,0.41,transcripts_by_company/Amica_Mature_Lifestyles_Inc_2013Q4.txt,0.1994064897298813,0.8005935102701187
RSP PERMIAN INC,3.0,0.15,0.14,transcripts_by_company/RSP_Permian_Inc_2015Q3.txt,0.22651387751102448,0.7734861224889755
COGO GROUP INC,2.0,0.19,0.17,transcripts_by_company/Cogo_Group_Inc_2010Q2.txt,0.09809249639511108,0.9019075036048889
SERVICENOW INC,1.0,1.05,0.9,transcripts_by_company/ServiceNow_Inc_2020Q1.txt,0.1329142302274704,0.8670857697725296
DENTSPLY INTERNATIONAL INC,2.0,0.69,0.68,transcripts_by_company/DENTSPLY_International_Inc_2005Q2.txt,0.15485042333602905,0.845149576663971
AMERICAN ELECTRIC POWER COMPANY,3.0,1.43,1.48,transcripts_by_company/American_Electric_Power_Company_Inc_2021Q3.txt,0.1821874976158142,0.8178125023841858
CEVA INC,3.0,0.2,0.23,transcripts_by_company/CEVA_Logistics_AG_2022Q3.txt,0.11992155760526657,0.8800784423947334
NETSCOUT SYSTEMS INC,3.0,0.39,0.44,transcripts_by_company/NetScout_Systems_Inc_2016Q3.txt,0.28662389516830444,0.7133761048316956
TEXTAINER GROUP HOLDINGS LTD,3.0,0.22,0.37,transcripts_by_company/Textainer_Group_Holdings_Limited_2019Q3.txt,0.08591072261333466,0.9140892773866653
RADIOSHACK CORPORATION,1.0,0.3,0.32,transcripts_by_company/RadioShack_Corporation_2008Q1.txt,0.13684077560901642,0.8631592243909836
INTERCONTINENTAL EXCHANGE INC,2.0,3.43,3.53,transcripts_by_company/Intercontinental_Exchange_Inc_2016Q2.txt,0.20818735659122467,0.7918126434087753
ALIGHT INC,3.0,0.12,0.14,transcripts_by_company/Elsight_Limited_2022Q3.txt,0.18037286400794983,0.8196271359920502
FORRESTER RESEARCH INC,3.0,0.31,0.32,transcripts_by_company/Forrester_Research_2008Q3.txt,0.23142430186271667,0.7685756981372833
OPENTV CORPORATION,3.0,-0.24,-0.04,transcripts_by_company/OpenTV_2002Q3.txt,0.25892189145088196,0.741078108549118
SFL CORPORATION LTD,3.0,0.39,0.26,transcripts_by_company/Scales_Corporation_Limited_2022Q3.txt,0.394700288772583,0.605299711227417
SEPRACOR INC,4.0,0.92,0.52,transcripts_by_company/Sepracor_2008Q4.txt,0.3437364399433136,0.6562635600566864
BANK OF NOVA SCOTIA,3.0,0.98,1.08,transcripts_by_company/Bank_of_Nova_Scotia_2008Q3.txt,0.19301292300224304,0.806987076997757
SPLUNK INC,4.0,0.83,0.01,transcripts_by_company/Splunk_Inc_2022Q4.txt,0.3567003607749939,0.6432996392250061
ALLERGAN INC,2.0,0.86,0.95,transcripts_by_company/Allergan_2006Q2.txt,0.16689859330654144,0.8331014066934586
AFFILIATED MANAGERS GROUP INC,4.0,1.79,1.66,transcripts_by_company/Affiliated_Managers_Group_Inc_2006Q4.txt,0.12473592162132263,0.8752640783786774
VICOR CORP,1.0,0.25,0.26,transcripts_by_company/Vicor_Corporation_2023Q1.txt,0.17831206321716309,0.8216879367828369
TESSERA TECHNOLOGIES INC.,1.0,0.05,0.27,transcripts_by_company/Tessera_Technologies_Inc_2008Q1.txt,0.3487238883972168,0.6512761116027832
STERLING CONSTRUCTION COMPANY IN,1.0,0.12,0.24,transcripts_by_company/Sterling_Construction_Company_Inc_2020Q1.txt,0.19869950413703918,0.8013004958629608
SUPERNUS PHARMACEUTICALS INC,3.0,0.52,0.51,transcripts_by_company/Supernus_Pharmaceuticals_Inc_2018Q3.txt,0.195168137550354,0.804831862449646
VF CORP,1.0,0.67,0.75,transcripts_by_company/VF_Corporation_2015Q1.txt,0.22781246900558472,0.7721875309944153
HUMANA INC,1.0,0.41,0.38,transcripts_by_company/Humana_2004Q1.txt,0.1853455901145935,0.8146544098854065
ASTEC INDUSTRIES INC,2.0,0.49,0.35,transcripts_by_company/Astec_Industrie_2005Q2.txt,0.33919239044189453,0.6608076095581055
SAP A.G.,3.0,0.91,1.03,transcripts_by_company/SAP_SE_2016Q3.txt,0.15662649273872375,0.8433735072612762
AEGERION PHARMACEUTICALS INC,2.0,-0.33,-0.08,transcripts_by_company/Aegerion_Pharmaceuticals_Inc_2014Q2.txt,0.3020489513874054,0.6979510486125946
HIMAX TECHNOLOGIES INC,3.0,0.795,0.28,transcripts_by_company/Himax_Technologies_Inc_2021Q3.txt,0.11483530700206757,0.8851646929979324
VOLT INFORMATION SCIENCES INC,4.0,1.03,0.54,transcripts_by_company/Volt_Information_Sciences_2007Q4.txt,0.1740967482328415,0.8259032517671585
MEMSIC INC,3.0,0.0,-0.03,transcripts_by_company/MEMSIC_Inc_2009Q3.txt,0.33825594186782837,0.6617440581321716
MILLENNIUM PHARMACEUTICALS INC,1.0,-0.09,-0.13,transcripts_by_company/Millennium_Pharmaceuticals_Inc_2005Q1.txt,0.2101259082555771,0.7898740917444229
ANGIODYNAMICS INC,4.0,0.12,0.16,transcripts_by_company/AngioDynamics_2008Q4.txt,0.28926050662994385,0.7107394933700562
DEUTSCHE TELEKOM AG,4.0,0.998,0.8,transcripts_by_company/Deutsche_Telekom_2015Q4.txt,0.16308438777923584,0.8369156122207642
1-800 CONTACTS INC,1.0,-0.16,0.01,transcripts_by_company/1-800_CONTACTS_INC_2004Q1.txt,0.29153960943222046,0.7084603905677795
PRICELINE GROUP INC,2.0,12.45,14.24,transcripts_by_company/Priceline_Group_2015Q2.txt,0.10617398470640182,0.8938260152935982
HALOZYME THERAPEUTICS INC,1.0,-0.12,-0.12,transcripts_by_company/Halozyme_Therapeutics_Inc_2015Q1.txt,0.2778657078742981,0.7221342921257019
CALIFORNIA WATER SERVICE CO,3.0,0.59,0.74,transcripts_by_company/California_Water_Service_Group_2004Q3.txt,0.04963820427656174,0.9503617957234383
BF GOODRICH COMPANY,3.0,0.41,0.31,transcripts_by_company/Goodrich_Corporation_2004Q3.txt,0.1678779125213623,0.8321220874786377
VIASAT INC,2.0,0.22,0.2,transcripts_by_company/ViaSat_2005Q2.txt,0.21429306268692017,0.7857069373130798
CLECO CORPORATE HOLDINGS LLC,2.0,0.64,0.58,transcripts_by_company/Cleco_Corporation_2012Q2.txt,0.16325624287128448,0.8367437571287155
ATHENE HOLDING LTD,1.0,-0.6,1.88,transcripts_by_company/Athene_Holding_Ltd_2020Q1.txt,0.16958719491958618,0.8304128050804138
D.R. HORTON INC,2.0,-0.45,-0.17,transcripts_by_company/DR_Horton_2009Q2.txt,0.21198540925979614,0.7880145907402039
VIEWRAY INC,4.0,-0.15,-0.14,transcripts_by_company/ViewRay_Inc_2022Q4.txt,0.11461275815963745,0.8853872418403625
ALBANY MOLECULAR RESEARCH,2.0,0.23,0.14,transcripts_by_company/Albany_Molecular_Research_2005Q2.txt,0.2941944897174835,0.7058055102825165
CVR ENERGY INC,1.0,-0.25,0.2,transcripts_by_company/CVR_ENERGY_INC_2010Q1.txt,0.30422621965408325,0.6957737803459167
STATE AUTO FINANCIAL CORP,2.0,-0.08,0.12,transcripts_by_company/State_Auto_Financial_Corporation_2018Q2.txt,0.3025968074798584,0.6974031925201416
DESCARTES SYSTEMS GROUP (THE),1.0,0.08,0.08,transcripts_by_company/The_Descartes_Systems_Group_2010Q1.txt,0.1669674515724182,0.8330325484275818
GYMBOREE CORPORATION,4.0,0.27,0.32,transcripts_by_company/Gymboree_Corp_2003Q4.txt,0.2282627820968628,0.7717372179031372
MASTERCARD INC,2.0,1.66,1.34,transcripts_by_company/Mastercard_Incorporated_2018Q2.txt,0.15375103056430817,0.8462489694356918
RADIOSHACK CORPORATION,4.0,-1.23,-1.27,transcripts_by_company/RadioShack_Corporation_2014Q4.txt,0.30400776863098145,0.6959922313690186
PATTERSON COMPANIES INC,4.0,0.58,0.56,transcripts_by_company/Patterson_Companies_Inc_2021Q4.txt,0.23937757313251495,0.760622426867485
MONTPELIER RE HOLDING,3.0,-0.65,0.62,transcripts_by_company/Montpelier_Re_Holdings_Ltd_2008Q3.txt,0.11692364513874054,0.8830763548612595
CONTAINER STORE GROUP INC,2.0,0.21,0.21,transcripts_by_company/The_Container_Store_Group_Inc_2022Q2.txt,0.13818323612213135,0.8618167638778687
HARLEY-DAVIDSON INC,2.0,-0.6,1.42,transcripts_by_company/Harley-Davidson_Inc_2020Q2.txt,0.18611882627010345,0.8138811737298965
GEN-PROBE INC,3.0,0.57,0.6,transcripts_by_company/Gen-Probe_2011Q3.txt,0.16981416940689087,0.8301858305931091
NEWELL RUBBERMAID INC,2.0,0.64,0.65,transcripts_by_company/Newell_Rubbermaid_Inc_2015Q2.txt,0.16219019889831543,0.8378098011016846
EXACT SCIENCES CORP,1.0,-0.08,-0.1,transcripts_by_company/Exact_Sciences_Corporation_2011Q1.txt,0.18688033521175385,0.8131196647882462
TREMOR VIDEO INC,1.0,-0.14,-0.12,transcripts_by_company/Tremor_Video_Inc_2017Q1.txt,0.23559239506721497,0.764407604932785
CAMBREX CORPORATION,2.0,0.68,0.61,transcripts_by_company/Cambrex_Corporation_2016Q2.txt,0.10662174969911575,0.8933782503008842
AUGUST TECHNOLOGY,3.0,-0.14,-0.01,transcripts_by_company/August_Technology_Corp_2002Q3.txt,0.18013502657413483,0.8198649734258652
ZEBRA TECHNOLOGIES CORP,2.0,0.61,0.47,transcripts_by_company/Zebra_Technologies_2011Q2.txt,0.3145778179168701,0.6854221820831299
U.S. PHYSICAL THERAPY INC,1.0,0.13,0.17,transcripts_by_company/US_Physical_Therapy_Inc_2004Q1.txt,0.1664256602525711,0.8335743397474289
SIRIUS XM RADIO INC,3.0,0.02,0.01,transcripts_by_company/SIRIUS_XM_Radio_Inc_2011Q3.txt,0.18073566257953644,0.8192643374204636
BILL BARRETT CORP,3.0,-0.1,-0.27,transcripts_by_company/Bill_Barrett_Corporation_2016Q3.txt,0.4121577739715576,0.5878422260284424
SEI CORP,2.0,0.32,0.34,transcripts_by_company/SEI_Investments_2003Q2.txt,0.20170146226882935,0.7982985377311707
CELGENE CORP,2.0,1.23,1.16,transcripts_by_company/Celgene_Corp_2015Q2.txt,0.1136622503399849,0.8863377496600151
CBOE GLOBAL MARKETS INC,4.0,1.7,1.29,transcripts_by_company/Cboe_Global_Markets_Inc_2021Q4.txt,0.23041056096553802,0.769589439034462
COLE KENNETH PRODUCTIONS,2.0,-0.11,0.13,transcripts_by_company/Kenneth_Cole_2008Q2.txt,0.33976811170578003,0.66023188829422
DOUGLAS EMMETT INC,2.0,0.14,0.14,transcripts_by_company/Douglas_Emmett_Inc_2022Q2.txt,0.14923176169395447,0.8507682383060455
CINCINNATI FINANCIAL CORP,4.0,0.57,0.65,transcripts_by_company/Cincinnati_Financial_Corporation_2008Q4.txt,0.3614268898963928,0.6385731101036072
HNI CORP,2.0,0.42,0.71,transcripts_by_company/HNI_Corporation_2017Q2.txt,0.05512157827615738,0.9448784217238426
CIMAREX ENERGY CO,1.0,2.0,0.99,transcripts_by_company/Cimarex_Energy_Co_2010Q1.txt,0.2367863804101944,0.7632136195898056
FEDERAL AGRICULTURAL MORTGAGE CO,4.0,1.22,1.12,transcripts_by_company/Federal_Agricultural_Mortgage_Corporation_2012Q4.txt,0.1116492971777916,0.8883507028222084
TUNIU CORP,3.0,-0.65,-0.63,transcripts_by_company/Tuniu_Corporation_2015Q3.txt,0.2654959559440613,0.7345040440559387
INFOSYS LTD,3.0,0.15,0.13,transcripts_by_company/Infosys_Limited_2020Q3.txt,0.15086910128593445,0.8491308987140656
ROADRUNNER TRANSPORTATION SYSTEM,2.0,0.24,0.22,transcripts_by_company/Roadrunner_Transportation_Systems_Inc_2011Q2.txt,0.06815849989652634,0.9318415001034737
ELEVATE CREDIT INC,2.0,-0.21,-0.03,transcripts_by_company/Elevate_Credit_Inc_2022Q2.txt,0.17017263174057007,0.8298273682594299
BG GROUP PLC,1.0,1.5,2.1,transcripts_by_company/Standard_Bank_Group_Ltd_2009Q1.txt,0.18950164318084717,0.8104983568191528
MRI INTERVENTIONS INC,4.0,-0.02,-0.02,transcripts_by_company/MRI_Interventions_Inc_2015Q4.txt,0.12601767480373383,0.8739823251962662
TRIMBLE INC,3.0,0.66,0.75,transcripts_by_company/Trimble_Inc_2022Q3.txt,0.16001185774803162,0.8399881422519684
VERA BRADLEY INC,1.0,0.5,0.47,transcripts_by_company/Vera_Bradley_Inc_2012Q1.txt,0.13718555867671967,0.8628144413232803
GENUS INC,3.0,-0.1,0.02,transcripts_by_company/Genus_Inc_2004Q3.txt,0.16371022164821625,0.8362897783517838
"O'REILLY AUTOMOTIVE, INC.",4.0,9.26,8.94,transcripts_by_company/OReilly_Automotive_Inc_2023Q4.txt,0.29096487164497375,0.7090351283550262
NETFLIX INC,1.0,-0.03,0.1,transcripts_by_company/NetFlixcom_2004Q1.txt,0.09507495164871216,0.9049250483512878
DARLING INTERNATIONAL INC.,1.0,0.27,0.33,transcripts_by_company/Darling_International_2013Q1.txt,0.19077852368354797,0.809221476316452
BOSTON BEER CO INC,1.0,0.35,0.37,transcripts_by_company/Boston_Beer_Company_2008Q1.txt,0.2208516001701355,0.7791483998298645
AMERICAN EXPRESS CO,2.0,0.68,0.65,transcripts_by_company/American_Express_Company_2004Q2.txt,0.19351595640182495,0.806484043598175
FURNITURE BRANDS INTL INC,1.0,0.51,0.45,transcripts_by_company/Furniture_Brands_2006Q1.txt,0.2271592915058136,0.7728407084941864
BRAVO BRIO RESTAURANT GROUP INC,3.0,0.11,0.17,transcripts_by_company/Bravo_Brio_Restaurant_Group_Inc_2013Q3.txt,0.1527894288301468,0.8472105711698532
TD AMERITRADE HOLDING CORP,2.0,0.36,0.42,transcripts_by_company/TD_Ameritrade_Holding_Corporation_2015Q2.txt,0.1646624356508255,0.8353375643491745
WESTERN ALLIANCE BANCORPORATION,1.0,0.25,0.19,transcripts_by_company/Western_Alliance_Bancorporation_2013Q1.txt,0.19498077034950256,0.8050192296504974
MOSYS INC,3.0,-0.14,-0.11,transcripts_by_company/MoSys_Inc_2015Q3.txt,0.05368487536907196,0.946315124630928
PAYCHEX INC,3.0,1.14,1.11,transcripts_by_company/Paychex_Inc_2023Q3.txt,0.1469784826040268,0.8530215173959732
EMCOR GROUP INC,3.0,0.45,0.47,transcripts_by_company/EMCOR_Group_Inc_2010Q3.txt,0.18610285222530365,0.8138971477746964
MOODY'S CORP,2.0,2.81,2.32,transcripts_by_company/Moodys_Corporation_2020Q2.txt,0.13127847015857697,0.868721529841423
HCP INC,2.0,0.48,0.48,transcripts_by_company/HCP_Inc_2014Q2.txt,0.19359607994556427,0.8064039200544357
SHERWINWILLIAMS CO,2.0,2.65,7.98,transcripts_by_company/The_Sherwin-Williams_Company_2021Q2.txt,0.1854216605424881,0.8145783394575119
ORCHIDS PAPER PRODUCTS CO,1.0,0.42,0.32,transcripts_by_company/Orchids_Paper_Products_Company_2009Q1.txt,0.12575973570346832,0.8742402642965317
CHECKPOINT SYSTEMS INC,3.0,0.27,0.22,transcripts_by_company/Checkpoint_Systems_2003Q3.txt,0.3248704969882965,0.6751295030117035
RETALIX LTD,1.0,0.2,0.22,transcripts_by_company/Retalix_Ltd_2012Q1.txt,0.2803204357624054,0.7196795642375946
NEW YORK TIMES CO,4.0,0.4,0.3,transcripts_by_company/The_New_York_Times_Company_2020Q4.txt,0.18456055223941803,0.815439447760582
SALLY BEAUTY HOLDINGS INC,2.0,-0.11,0.63,transcripts_by_company/Sally_Beauty_Holdings_Inc_2020Q2.txt,0.28855976462364197,0.711440235376358
CHAMPION ENTERPRISES INC,1.0,-0.09,0.13,transcripts_by_company/Champion_Enterprise_2007Q1.txt,0.22017928957939148,0.7798207104206085
INFINITY PROPERTY AND CASUALTY C,3.0,1.23,0.94,transcripts_by_company/Infinity_Property_and_Casualty_Corporation_2014Q3.txt,0.18057416379451752,0.8194258362054825
GMX RESOURCES INC.,1.0,-0.07,0.17,transcripts_by_company/GMX_Resources_Inc_2011Q1.txt,0.14903844892978668,0.8509615510702133
HILTON GRAND VACATIONS INC,4.0,0.68,0.98,transcripts_by_company/Hilton_Grand_Vacations_Inc_2022Q4.txt,0.25884559750556946,0.7411544024944305
CBEYOND COMMUNICATIONS INC,4.0,-0.17,0.01,transcripts_by_company/Cbeyond_Inc_2011Q4.txt,0.1994324028491974,0.8005675971508026
TUPPERWARE BRANDS CORP,1.0,0.36,0.45,transcripts_by_company/Tupperware_Brands_Corporation_2007Q1.txt,0.05970621481537819,0.9402937851846218
MCDONALD'S CORP,3.0,0.38,0.42,transcripts_by_company/McDonalds_2002Q3.txt,0.2034400999546051,0.7965599000453949
BIONANO GENOMICS INC,2.0,-0.09,-0.09,transcripts_by_company/Bionano_Genomics_Inc_2020Q2.txt,0.34429311752319336,0.6557068824768066
ADTALEM GLOBAL EDUCATION INC,1.0,0.87,1.22,transcripts_by_company/Adtalem_Global_Education_Inc_2022Q1.txt,0.25832659006118774,0.7416734099388123
GLADSTONE LAND CORP,4.0,-0.03,-0.03,transcripts_by_company/Gladstone_Land_Corporation_2019Q4.txt,0.2810910642147064,0.7189089357852936
CRESCO LABS INC,2.0,0.067,0.03,transcripts_by_company/Cresco_Labs_Inc_2022Q2.txt,0.2905844748020172,0.7094155251979828
GIVEN IMAGING LTD,2.0,0.07,0.13,transcripts_by_company/Given_Imaging_Ltd_2011Q2.txt,0.3970559239387512,0.6029440760612488
NATIONAL FUEL GAS CO N J,3.0,1.19,1.16,transcripts_by_company/National_Fuel_Gas_Company_2022Q3.txt,0.22688986361026764,0.7731101363897324
PROSPECT CAPITAL CORP,3.0,0.22,0.26,transcripts_by_company/Prospect_Capital_Corporation_2016Q3.txt,0.21907778084278107,0.7809222191572189
SIGMA-ALDRICH CORP,2.0,1.05,1.04,transcripts_by_company/Sigma-Aldrich_Corp_2013Q2.txt,0.16533127427101135,0.8346687257289886
ACCURAY INC,3.0,-0.06,0.07,transcripts_by_company/Accuray_Incorporated_2008Q3.txt,0.047245413064956665,0.9527545869350433
GT SOLAR INTERNATIONAL INC,4.0,0.3,0.27,transcripts_by_company/GT_SOLAR_INTERNATIONAL_INC_2008Q4.txt,0.3012758493423462,0.6987241506576538
CASTLE BIOSCIENCES INC,2.0,-0.34,-0.06,transcripts_by_company/Castle_Biosciences_Inc_2021Q2.txt,0.22410422563552856,0.7758957743644714
TEREX CORP,3.0,1.1,0.93,transcripts_by_company/Terex_Corporation_2005Q3.txt,0.232642263174057,0.767357736825943
WATTS WATER TECHNOLOGIES INC,2.0,0.57,0.39,transcripts_by_company/Watts_Water_Technologies_2010Q2.txt,0.21948584914207458,0.7805141508579254
MARRONE BIO INNOVATIONS INC,2.0,-0.25,-0.18,transcripts_by_company/Marrone_Bio_Innovations_Inc_2017Q2.txt,0.06125296652317047,0.9387470334768295
HARMONIC INC,1.0,0.17,0.11,transcripts_by_company/Harmonic_2008Q1.txt,0.14864476025104523,0.8513552397489548
GLOBAL-E ONLINE LTD,2.0,-0.31,-0.01,transcripts_by_company/Global-e_Online_Ltd_2022Q2.txt,0.10434956848621368,0.8956504315137863
HARVARD BIOSCIENCE INC,4.0,0.08,0.11,transcripts_by_company/Harvard_Bioscience_Inc_2020Q4.txt,0.23097409307956696,0.769025906920433
TRINITY INDUSTRIES INC,2.0,0.33,0.29,transcripts_by_company/Trinity_Industries_Inc_2017Q2.txt,0.10698430985212326,0.8930156901478767
ANGLOGOLD ASHANTI LIMITED,4.0,-2.85,0.7,transcripts_by_company/AngloGold_Ashanti_Limited_2008Q4.txt,0.2870160937309265,0.7129839062690735
GP STRATEGIES CORP,1.0,0.09,0.21,transcripts_by_company/GP_Strategies_Corporation_2009Q1.txt,0.35599061846733093,0.6440093815326691
VIACOMCBS INC,3.0,0.91,0.91,transcripts_by_company/ViacomCBS_Inc_2020Q3.txt,0.19666162133216858,0.8033383786678314
BROWN-FORMAN CORP,1.0,0.54,0.49,transcripts_by_company/Brown-Forman_Corporation_2022Q1.txt,0.12522105872631073,0.8747789412736893
ANALOG DEVICES INC,1.0,1.94,1.65,transcripts_by_company/Analog_Devices_Inc_2022Q1.txt,0.26142391562461853,0.7385760843753815
AEROPOSTALE INC,3.0,0.31,0.23,transcripts_by_company/Aeropostale_Inc_2008Q3.txt,0.44136419892311096,0.558635801076889
"URBAN OUTFITTERS, INC.",3.0,0.52,0.55,transcripts_by_company/Urban_Outfitters_Inc_2015Q3.txt,0.14658105373382568,0.8534189462661743
FOREST CITY ENTERPRISES INC,4.0,-0.33,-0.07,transcripts_by_company/Forest_City_Enterprises_Inc_2010Q4.txt,0.13813923299312592,0.8618607670068741
WINNEBAGO IND,1.0,0.64,0.56,transcripts_by_company/Winnebago_2003Q1.txt,0.25447094440460205,0.745529055595398
INCYTE CORP,2.0,0.99,0.88,transcripts_by_company/Incyte_Corporation_2023Q2.txt,0.21530020236968994,0.7846997976303101
CHC GROUP LTD,4.0,-0.31,-0.28,transcripts_by_company/CandC_Group_plc_2014Q4.txt,0.25959599018096924,0.7404040098190308
TJX COMPANIES INC,2.0,0.76,0.74,transcripts_by_company/The_TJX_Companies_Inc_2023Q2.txt,0.2530532777309418,0.7469467222690582
STANLEY FURNITURE CO,3.0,0.44,0.89,transcripts_by_company/Stanley_Furniture_2005Q3.txt,0.17351624369621277,0.8264837563037872
NIKON CORP,3.0,-0.461,0.07,transcripts_by_company/Nikon_Corporation_2020Q3.txt,0.23318582773208618,0.7668141722679138
CELESTICA INC,3.0,-0.04,0.13,transcripts_by_company/Celestica_Inc_2003Q3.txt,0.3375152349472046,0.6624847650527954
DIGENE CORP,3.0,0.11,0.15,transcripts_by_company/Digene_2004Q3.txt,0.28529220819473267,0.7147077918052673
NAVTEQ CORPORATION,4.0,0.17,0.17,transcripts_by_company/NAVTEQ_Corporation_2004Q4.txt,0.3844236135482788,0.6155763864517212
NUWELLIS INC,1.0,-0.42,-0.69,transcripts_by_company/Nuwellis_Inc_2022Q1.txt,0.14928486943244934,0.8507151305675507
GLOBUS MEDICAL INC,1.0,0.24,0.24,transcripts_by_company/Globus_Medical_Inc_2014Q1.txt,0.356312096118927,0.643687903881073
LA-Z-BOY CHAIR,2.0,0.22,0.36,transcripts_by_company/La-Z-Boy_Inc_2006Q2.txt,0.24820102751255035,0.7517989724874496
LUMBER LIQUIDATORS HOLDINGS INC,2.0,0.16,-0.15,transcripts_by_company/Lumber_Liquidators_Holdings_Inc_2017Q2.txt,0.20755444467067719,0.7924455553293228
ANAREN INC,1.0,0.09,0.13,transcripts_by_company/Anaren_Inc_2005Q1.txt,0.1744687855243683,0.8255312144756317
AMICUS THERAPEUTICS INC,4.0,-0.48,-0.59,transcripts_by_company/Amicus_Therapeutics_Inc_2010Q4.txt,0.16773441433906555,0.8322655856609344
ALTISOURCE PORTFOLIO SOLUTIONS S,4.0,0.54,0.39,transcripts_by_company/Altisource_Portfolio_Solutions_SA_2017Q4.txt,0.10304608941078186,0.8969539105892181
MEDICAL STAFFING NETWORK INC.,4.0,0.05,0.05,transcripts_by_company/Medical_Staffing_Network_2007Q4.txt,0.2897683084011078,0.7102316915988922
RETROPHIN INC,3.0,-0.86,0.35,transcripts_by_company/Retrophin_Inc_2016Q3.txt,0.26334744691848755,0.7366525530815125
MCGRATH RENTCORP,3.0,0.46,0.55,transcripts_by_company/McGrath_RentCorp_2007Q3.txt,0.13567772507667542,0.8643222749233246
TRUEBLUE INC,1.0,0.27,0.32,transcripts_by_company/TrueBlue_Inc_2019Q1.txt,0.12335555255413055,0.8766444474458694
CAMBIUM NETWORKS CORP,4.0,0.16,0.34,transcripts_by_company/Cambium_Networks_Corporation_2021Q4.txt,0.19509373605251312,0.8049062639474869
ADOLPH COORS COMPANY,4.0,0.98,0.85,transcripts_by_company/Adolph_Coors_2003Q4.txt,0.16022735834121704,0.839772641658783
JUMEI INTERNATIONAL HOLDING LTD,3.0,0.14,0.15,transcripts_by_company/Jumei_International_Holding_Limited_2014Q3.txt,0.09671097248792648,0.9032890275120735
TREND MICRO INC.,1.0,0.346,0.45,transcripts_by_company/Trend_Micro_Incorporated_2023Q1.txt,0.14335623383522034,0.8566437661647797
AMERICAN FINANCE TRUST INC,1.0,-0.04,0.27,transcripts_by_company/American_Finance_Trust_Inc_2020Q1.txt,0.17619702219963074,0.8238029778003693
LCI INDUSTRIES,3.0,2.5,2.52,transcripts_by_company/LCI_Industries_2021Q3.txt,0.3553733825683594,0.6446266174316406
LANDAUER INC,1.0,0.58,0.61,transcripts_by_company/Landauer_2006Q1.txt,0.14603359997272491,0.8539664000272751
SENDGRID INC,1.0,0.02,-0.06,transcripts_by_company/SendGrid_Inc_2018Q1.txt,0.3003905713558197,0.6996094286441803
AMSOUTH BANCORPORATION,3.0,0.48,0.48,transcripts_by_company/AmSouth_Bancorporation_2004Q3.txt,0.31602567434310913,0.6839743256568909
INDEPENDENCE CONTRACT DRILLING I,2.0,-0.13,-0.09,transcripts_by_company/Independence_Contract_Drilling_Inc_2017Q2.txt,0.2112584114074707,0.7887415885925293
SUMMER INFANT INC,3.0,0.13,0.15,transcripts_by_company/Summer_Infant_2010Q3.txt,0.3496078848838806,0.6503921151161194
GREAT-WEST LIFECO INC,3.0,0.74,0.98,transcripts_by_company/Great-West_Lifeco_Inc_2022Q3.txt,0.21600818634033203,0.783991813659668
D.R. HORTON INC,3.0,0.76,0.74,transcripts_by_company/DR_Horton_Inc_2016Q3.txt,0.14054596424102783,0.8594540357589722
MEDLEY MANAGEMENT INC,3.0,0.01,0.29,transcripts_by_company/Medley_Management_Inc_2015Q3.txt,0.25566399097442627,0.7443360090255737
X-RITE INC,4.0,0.1,0.1,transcripts_by_company/X-Rite_Inc_2011Q4.txt,0.14882047474384308,0.8511795252561569
QUALITY DISTRIBUTION INC.,1.0,0.17,0.16,transcripts_by_company/Quality_Distribution_Inc_2012Q1.txt,0.2287607342004776,0.7712392657995224
"DAKTRONICS, INC.",2.0,0.09,0.2,transcripts_by_company/Daktronics_2007Q2.txt,0.2813722491264343,0.7186277508735657
BILL BARRETT CORP,1.0,-0.16,-0.26,transcripts_by_company/Bill_Barrett_Corporation_2017Q1.txt,0.22620578110218048,0.7737942188978195
USANA HEALTH SCIENCES INC,1.0,1.77,1.93,transcripts_by_company/USANA_Health_Sciences_2016Q1.txt,0.18616192042827606,0.8138380795717239
WIDEPOINT CORP,2.0,0.01,0.02,transcripts_by_company/WidePoint_2010Q2.txt,0.2816201150417328,0.7183798849582672
IRADIMED CORP,4.0,0.11,0.24,transcripts_by_company/IRADIMED_CORPORATION_2016Q4.txt,0.09871692210435867,0.9012830778956413
FORMFACTOR INC,1.0,0.16,0.36,transcripts_by_company/FormFactor_Inc_2023Q1.txt,0.37082117795944214,0.6291788220405579
ROUNDYS INC,3.0,0.2,0.36,transcripts_by_company/Roundys_Inc_2012Q3.txt,0.1423310488462448,0.8576689511537552
CHECKPOINT SYSTEMS INC,3.0,0.32,0.47,transcripts_by_company/Checkpoint_Systems_2008Q3.txt,0.23139053583145142,0.7686094641685486
CASTLE  A M,2.0,0.02,0.16,transcripts_by_company/A_M_Castle_and_Co_2013Q2.txt,0.31354281306266785,0.6864571869373322
ORIC PHARMACEUTICALS INC,4.0,-0.58,-0.59,transcripts_by_company/ORIC_Pharmaceuticals_Inc_2021Q4.txt,0.15328234434127808,0.8467176556587219
TERADYNE INC,3.0,0.53,0.44,transcripts_by_company/Teradyne_Inc_2012Q3.txt,0.16650357842445374,0.8334964215755463
ROSETTA RESOURCES INC,2.0,0.58,0.84,transcripts_by_company/Rosetta_Resources_Inc_2012Q2.txt,0.14342078566551208,0.8565792143344879
LOWELL FARMS INC,4.0,-0.09,0.1,transcripts_by_company/Lowell_Farms_Inc_2021Q4.txt,0.12166067212820053,0.8783393278717995
RAMBUS INC,1.0,0.06,0.06,transcripts_by_company/Rambus_Inc_2006Q1.txt,0.17050448060035706,0.8294955193996429
SENSIENT TECHNOLOGIES CORP,3.0,0.89,0.87,transcripts_by_company/Sensient_Technologies_Corporation_2017Q3.txt,0.0959499254822731,0.9040500745177269
MIPS TECHNOLOGIES INC,1.0,0.09,0.12,transcripts_by_company/MIPS_Technologies_2011Q1.txt,0.11445686221122742,0.8855431377887726
FIRST MERCURY FINANCIAL CORP,4.0,0.43,0.63,transcripts_by_company/First_Mercury_2008Q4.txt,0.14673998951911926,0.8532600104808807
AG MORTGAGE INVESTMENT TRUST INC,4.0,1.16,-0.01,transcripts_by_company/AG_Mortgage_Investment_Trust_Inc_2020Q4.txt,0.1893547922372818,0.8106452077627182
CROSS COUNTRY HEALTHCARE INC,3.0,0.22,0.22,transcripts_by_company/Cross_Country_Healthcare_2007Q3.txt,0.4012937843799591,0.5987062156200409
FGX INTERNATIONAL HOLDINGS LTD,4.0,0.31,0.37,transcripts_by_company/FGX_International_Holdings_Limited_2008Q4.txt,0.17595863342285156,0.8240413665771484
DONEGAL GROUP INC,1.0,0.26,0.22,transcripts_by_company/Donegal_Group_Inc_2012Q1.txt,0.0900401622056961,0.9099598377943039
GIVEN IMAGING LTD,4.0,0.13,0.19,transcripts_by_company/Given_Imaging_Ltd_2010Q4.txt,0.39490649104118347,0.6050935089588165
ELECTRONIC ARTS INC,3.0,0.15,0.28,transcripts_by_company/Electronic_Arts_2005Q3.txt,0.06609459966421127,0.9339054003357887
ACADIA PHARMACEUTICALS INC,4.0,-0.46,-0.44,transcripts_by_company/ACADIA_PHARMACEUTICALS_INC_2007Q4.txt,0.14755991101264954,0.8524400889873505
HCP INC,1.0,0.5,0.49,transcripts_by_company/HCP_Inc_2014Q1.txt,0.27820613980293274,0.7217938601970673
PAYSIGN INC,4.0,0.01,0.07,transcripts_by_company/PaySign_Inc_2020Q4.txt,0.42064160108566284,0.5793583989143372
RMR GROUP INC,3.0,0.57,0.48,transcripts_by_company/The_RMR_Group_Inc_2022Q3.txt,0.09415395557880402,0.905846044421196
NEW YORK TIMES CO,2.0,0.25,0.28,transcripts_by_company/The_New_York_Times_Company_2008Q2.txt,0.21402838826179504,0.785971611738205
OUTOTEC OYJ,4.0,-0.46,0.06,transcripts_by_company/Outotec_Oyj_2016Q4.txt,0.18911731243133545,0.8108826875686646
LIMELIGHT NETWORKS INC,4.0,0.02,0.03,transcripts_by_company/Limelight_Networks_Inc_2021Q4.txt,0.04491598531603813,0.9550840146839619
COLGATE-PALMOLIVE CO,2.0,0.77,0.78,transcripts_by_company/Colgate-Palmolive_Company_2018Q2.txt,0.26476675271987915,0.7352332472801208
TIMKEN CO,2.0,0.73,0.72,transcripts_by_company/Timken_Co_2007Q2.txt,0.10898417234420776,0.8910158276557922
NATUS MEDICAL INC,4.0,0.29,0.27,transcripts_by_company/Natus_Medical_Inc_2012Q4.txt,0.24425402283668518,0.7557459771633148
"GARTNER, INC.",2.0,0.24,0.2,transcripts_by_company/Gartner_Inc_2010Q2.txt,0.17375178635120392,0.8262482136487961
KLA-TENCOR CORP,2.0,0.8,1.24,transcripts_by_company/KLA-Tencor_Corp_2014Q2.txt,0.18222862482070923,0.8177713751792908
QUESTCOR PHARMACEUTICALS,2.0,0.23,0.22,transcripts_by_company/Questcor_Pharmaceuticals_Inc_2011Q2.txt,0.150381401181221,0.849618598818779
AMETEK INC,1.0,0.56,0.66,transcripts_by_company/AMETEK_Inc_2011Q1.txt,0.11717076599597931,0.8828292340040207
NEVRO CORP,3.0,-0.14,-0.55,transcripts_by_company/Nevro_Corp_2016Q3.txt,0.38504278659820557,0.6149572134017944
FIRST INTERSTATE BANCSYSTEM INC,2.0,0.74,0.71,transcripts_by_company/First_Interstate_BancSystem_Inc_2018Q2.txt,0.29561084508895874,0.7043891549110413
BEST BUY CO INC,2.0,0.47,0.38,transcripts_by_company/Best_Buy_Co_Inc_2006Q2.txt,0.21515002846717834,0.7848499715328217
"UNIVERSAL FOREST PRODUCTS, INC.",4.0,0.34,0.3,transcripts_by_company/Universal_Forest_Products_2003Q4.txt,0.1084197536110878,0.8915802463889122
VERIZON COMMUNICATION,2.0,0.64,0.6,transcripts_by_company/Verizon_2004Q2.txt,0.13976727426052094,0.8602327257394791
MOMENTA PHARMACEUTICALS INC,3.0,-0.51,-0.22,transcripts_by_company/Momenta_Pharmaceuticals_Inc_2012Q3.txt,0.1765711009502411,0.8234288990497589
COLLAGENEX PHARMACEUTICALS INC,4.0,-0.28,-0.39,transcripts_by_company/CollaGenex_Pharmaceuticals_Incorporated_2006Q4.txt,0.1598406285047531,0.8401593714952469
UNITED THERAPEUTICS CORP,2.0,0.18,0.04,transcripts_by_company/United_Therapeutics_2004Q2.txt,0.23485609889030457,0.7651439011096954
WATSCO INC,1.0,0.47,0.38,transcripts_by_company/Watsco_Incorporated_2006Q1.txt,0.1303914338350296,0.8696085661649704
EMPIRE DISTRICT ELECTRIC CO,4.0,0.23,0.24,transcripts_by_company/The_Empire_District_Electric_Company_2012Q4.txt,0.15772776305675507,0.8422722369432449
MAXCYTE INC,2.0,-0.1,-0.08,transcripts_by_company/MaxCyte_Inc_2023Q2.txt,0.10234883427619934,0.8976511657238007
APPLIED OPTOELECTRONICS INC,2.0,-0.15,-0.17,transcripts_by_company/Applied_Optoelectronics_Inc_2021Q2.txt,0.11006779968738556,0.8899322003126144
ENDURANCE SPECIALTY HOLDINGS,4.0,1.33,0.82,transcripts_by_company/Endurance_Specialty_Holdings_2003Q4.txt,0.16384205222129822,0.8361579477787018
CTC MEDIA INC,4.0,-0.02,0.09,transcripts_by_company/CTC_Media_Inc_2015Q4.txt,0.11969450861215591,0.8803054913878441
WSFS FINANCIAL CORP,1.0,1.38,1.32,transcripts_by_company/WSFS_Financial_Corporation_2015Q1.txt,0.21792694926261902,0.782073050737381
GREENHILL & CO INC,4.0,0.5,0.64,transcripts_by_company/Greenhill_and_Co_Inc_2012Q4.txt,-0.004803180694580078,1.00480318069458
MDU RESOURCES GROUP INC,3.0,0.44,0.53,transcripts_by_company/MDU_Resources_Group_Inc_2014Q3.txt,0.17683911323547363,0.8231608867645264
CAMBREX CORPORATION,1.0,0.13,0.17,transcripts_by_company/Cambrex_Corp_2007Q1.txt,0.18172764778137207,0.8182723522186279
NETWORK EQUIPMENT TECHNOLOGI,1.0,0.09,0.09,transcripts_by_company/Network_Equipment_Technologies_2008Q1.txt,0.3336814045906067,0.6663185954093933
BRIGGS & STRATTON CORP,4.0,-0.2,0.29,transcripts_by_company/Briggs_and_Stratton_Corporation_2019Q4.txt,0.2806957960128784,0.7193042039871216
ANI PHARMACEUTICALS INC,1.0,1.3,1.22,transcripts_by_company/ANI_Pharmaceuticals_Inc_2019Q1.txt,0.08148971945047379,0.9185102805495262
ZEBRA TECHNOLOGIES CORP,3.0,0.48,0.73,transcripts_by_company/Zebra_Technologies_Corporation_2003Q3.txt,0.2612253427505493,0.7387746572494507
NORD ANGLIA EDUCATION INC,1.0,0.27,0.35,transcripts_by_company/Nord_Anglia_Education_Inc_2016Q1.txt,0.13665305078029633,0.8633469492197037
ESTEE LAUDER COMPANIES INC,2.0,0.4,0.53,transcripts_by_company/The_Estee_Lauder_Companies_Inc_2015Q2.txt,0.24326826632022858,0.7567317336797714
AIR METHODS CORP,3.0,1.44,1.32,transcripts_by_company/Air_Methods_2011Q3.txt,0.20633424818515778,0.7936657518148422
MANULIFE FINANCIAL CORP,3.0,0.76,0.75,transcripts_by_company/Manulife_Financial_Corporation_2019Q3.txt,0.33554866909980774,0.6644513309001923
AMETEK INC,2.0,0.63,0.54,transcripts_by_company/AMETEK_Inc_2010Q2.txt,0.07021350413560867,0.9297864958643913
ONYX PHARMACEUTICALS INC,1.0,0.07,0.34,transcripts_by_company/Onyx_Pharmaceuticals_2009Q1.txt,0.22682857513427734,0.7731714248657227
FLOWERS FOODS INC,1.0,0.46,0.39,transcripts_by_company/Flowers_Foods_2005Q1.txt,0.19321338832378387,0.8067866116762161
NEW SENIOR INVESTMENT GROUP INC,4.0,-0.15,-0.16,transcripts_by_company/New_Senior_Investment_Group_Inc_2017Q4.txt,0.1328241527080536,0.8671758472919464
ARDMORE SHIPPING CORP,3.0,0.004,0.06,transcripts_by_company/Ardmore_Shipping_2014Q3.txt,0.11069557070732117,0.8893044292926788
HEADWATERS,4.0,0.23,0.45,transcripts_by_company/Headwaters_Inc_2007Q4.txt,0.2841680645942688,0.7158319354057312
ADVANCED PHOTONIX INC,4.0,-0.03,0.01,transcripts_by_company/Advanced_Photonix_Inc_2011Q4.txt,0.35649970173835754,0.6435002982616425
DEXCOM INC,2.0,-0.16,-0.1,transcripts_by_company/DexCom_Inc_2017Q2.txt,0.30167198181152344,0.6983280181884766
EASTMAN KODAK CO,2.0,-0.62,-0.32,transcripts_by_company/Eastman_Kodak_Co_2011Q2.txt,0.33410194516181946,0.6658980548381805
PG&E CORP,2.0,0.69,0.89,transcripts_by_company/PGandE_Corporation_2014Q2.txt,0.28824687004089355,0.7117531299591064
ARTHUR J GALLAGHER & CO,4.0,0.53,0.53,transcripts_by_company/Arthur_J_Gallagher_2003Q4.txt,0.0921517014503479,0.9078482985496521
INFUSYSTEM HOLDINGS INC,4.0,0.49,0.05,transcripts_by_company/InfuSystem_Holdings_Inc_2020Q4.txt,0.17259420454502106,0.8274057954549789
HUMANA INC,4.0,2.65,2.82,transcripts_by_company/Humana_Inc_2018Q4.txt,0.16186973452568054,0.8381302654743195
CHILDREN'S PLACE INC,2.0,0.21,0.52,transcripts_by_company/The_Childrens_Place_Retail_Stores_Inc_2003Q2.txt,0.42733052372932434,0.5726694762706757
CARMAX INC,4.0,0.47,0.45,transcripts_by_company/CarMax_Inc_2013Q4.txt,0.23445075750350952,0.7655492424964905
ARGO GROUP INTERNATIONAL HOLDING,1.0,1.2,1.1,transcripts_by_company/Argo_Group_International_Holdings_Ltd_2008Q1.txt,0.13733550906181335,0.8626644909381866
OPTIONSXPRESS HOLDINGS INC,2.0,0.37,0.37,transcripts_by_company/optionsXpress_Holdings_Inc_2007Q2.txt,0.3747636079788208,0.6252363920211792
WEYERHAEUSER CO,1.0,0.18,0.18,transcripts_by_company/Weyerhaeuser_Company_2020Q1.txt,0.27580976486206055,0.7241902351379395
CORIUM INTERNATIONAL INC,3.0,-0.42,-0.33,transcripts_by_company/Corium_International_Inc_2016Q3.txt,0.31000661849975586,0.6899933815002441
UMPQUA HOLDINGS CORP,2.0,0.32,0.35,transcripts_by_company/Umpqua_Holdings_Corp_2004Q2.txt,0.2730787694454193,0.7269212305545807
TUCOWS INC,2.0,0.01,0.02,transcripts_by_company/Tucows_Inc_2012Q2.txt,0.4448075294494629,0.5551924705505371
SINGULAR GENOMICS SYSTEMS INC,3.0,-0.33,-0.4,transcripts_by_company/Singular_Genomics_Systems_Inc_2022Q3.txt,0.12932470440864563,0.8706752955913544
ASANKO GOLD INC,2.0,0.0,-0.01,transcripts_by_company/San_Gold_Corporation_2014Q2.txt,0.21276481449604034,0.7872351855039597
CELLEBRITE DI LTD,1.0,0.01,0.01,transcripts_by_company/Cellebrite_DI_Ltd_2022Q1.txt,0.2954956889152527,0.7045043110847473
PACKAGING CORP OF AMERICA,1.0,0.09,0.08,transcripts_by_company/Packaging_Corporation_of_America_2006Q1.txt,0.13063234090805054,0.8693676590919495
VIASAT INC,3.0,0.35,0.37,transcripts_by_company/ViaSat_Inc_2007Q3.txt,0.1942252665758133,0.8057747334241867
POLYCOM INC,4.0,0.42,0.39,transcripts_by_company/Polycom_Incorporated_2007Q4.txt,0.04754975810647011,0.9524502418935299
QUOVADX INC,1.0,-0.06,-0.04,transcripts_by_company/Quovadx_Inc_2007Q1.txt,0.202279195189476,0.797720804810524
CARRIZO OIL & GAS INC,2.0,0.24,0.46,transcripts_by_company/Carrizo_Oil_and_Gas_2011Q2.txt,0.03291911259293556,0.9670808874070644
POLYONE CORPORATION,1.0,0.64,0.75,transcripts_by_company/PolyOne_Corporation_2019Q1.txt,0.41348642110824585,0.5865135788917542
GREAT PANTHER SILVER LTD,2.0,-0.02,0.01,transcripts_by_company/Great_Panther_Silver_Limited_2018Q2.txt,0.30500951409339905,0.694990485906601
BERRY PLASTICS GROUP INC,4.0,0.35,0.35,transcripts_by_company/Berry_Plastics_Group_Inc_2015Q4.txt,0.1392115205526352,0.8607884794473648
"GLATFELTER, PH",2.0,0.06,0.02,transcripts_by_company/Glatfelter_2008Q2.txt,0.17379450798034668,0.8262054920196533
DUCOMMUN INC,2.0,0.16,0.14,transcripts_by_company/Ducommun_Incorporated_2018Q2.txt,0.2547350525856018,0.7452649474143982
FLEETCOR TECHNOLOGIES INC,1.0,1.96,1.89,transcripts_by_company/Fleetcor_Technologies_Inc_2017Q1.txt,0.139256551861763,0.860743448138237
FORTINET INC,4.0,0.32,0.31,transcripts_by_company/Fortinet_Inc_2017Q4.txt,0.31908175349235535,0.6809182465076447
BLOCK H&R INCORPORATED,3.0,-0.41,-0.13,transcripts_by_company/HandR_Block_Inc_2006Q3.txt,0.011384481564164162,0.9886155184358358
WESTERN ASSET MORTGAGE CAPITAL C,3.0,0.83,0.89,transcripts_by_company/Western_Asset_Mortgage_Capital_Corp_2013Q3.txt,0.25342246890068054,0.7465775310993195
CROCS INC,4.0,0.04,0.1,transcripts_by_company/Crocs_Inc_2012Q4.txt,0.24581733345985413,0.7541826665401459
THIRD POINT REINSURANCE LTD,4.0,0.41,0.47,transcripts_by_company/Third_Point_Reinsurance_Ltd_2017Q4.txt,0.05375305935740471,0.9462469406425953
FGL HOLDINGS INC,4.0,0.44,0.36,transcripts_by_company/FGL_Holdings_2019Q4.txt,0.1463816910982132,0.8536183089017868
RESMED INC,3.0,0.34,0.42,transcripts_by_company/ResMed_Inc_2007Q3.txt,0.26060613989830017,0.7393938601016998
AMERICAN VANGUARD CORP,2.0,0.12,0.13,transcripts_by_company/American_Vanguard_2006Q2.txt,0.31922486424446106,0.6807751357555389
PENNICHUCK CORP,1.0,-0.02,0.07,transcripts_by_company/Pennichuck_Corporation_2009Q1.txt,0.2356920838356018,0.7643079161643982
JOHN BEAN TECHNOLOGIES CORP,1.0,0.27,0.13,transcripts_by_company/John_Bean_Technologies_Corporation_2015Q1.txt,0.1785704642534256,0.8214295357465744
ASTRONOVA INC,4.0,0.01,0.1,transcripts_by_company/AstroNova_Inc_2021Q4.txt,0.15046492218971252,0.8495350778102875
MARCHEX INC,2.0,0.08,0.05,transcripts_by_company/Marchex_Inc_2011Q2.txt,0.18518182635307312,0.8148181736469269
TARGETED GENETICS CORP,4.0,-0.04,-0.06,transcripts_by_company/Targeted_Genetics_2005Q4.txt,0.13353519141674042,0.8664648085832596
ROYAL BANK OF CANADA,2.0,3.0,2.72,transcripts_by_company/Royal_Bank_of_Canada_2022Q2.txt,0.13982009887695312,0.8601799011230469
BOOT BARN HOLDINGS INC,2.0,1.13,1.23,transcripts_by_company/Boot_Barn_Holdings_Inc_2023Q2.txt,0.24253715574741364,0.7574628442525864
ZOOM COMMUNICATIONS INC,3.0,1.05,1.08,transcripts_by_company/Zoom_Video_Communications_Inc_2022Q3.txt,0.16399797797203064,0.8360020220279694
AM CASTLE & CO,1.0,0.29,0.28,transcripts_by_company/AM_Castle_and_Co_2012Q1.txt,0.16098134219646454,0.8390186578035355
AMEDISYS INC,3.0,0.36,0.83,transcripts_by_company/Amedisys_Inc_2011Q3.txt,0.26557838916778564,0.7344216108322144
PLBY GROUP INC,1.0,0.12,0.07,transcripts_by_company/PLBY_Group_Inc_2022Q1.txt,0.18407103419303894,0.8159289658069611
NOVELLUS SYSTEMS,2.0,0.45,0.46,transcripts_by_company/Novellus_Systems_Inc_2007Q2.txt,0.2264561802148819,0.7735438197851181
NATIONAL FUEL GAS CO N J,3.0,0.52,0.49,transcripts_by_company/National_Fuel_Gas_Company_2008Q3.txt,0.23239761590957642,0.7676023840904236
MAGELLAN MIDSTREAM PARTNERS LP,4.0,1.04,1.03,transcripts_by_company/Magellan_Midstream_Partners_LP_2017Q4.txt,0.3410312235355377,0.6589687764644623
TRUECAR INC,1.0,-0.02,-0.06,transcripts_by_company/TrueCar_Inc_2021Q1.txt,0.18926188349723816,0.8107381165027618
WESTERN GAS RESOURCES INCORP,3.0,0.47,0.69,transcripts_by_company/Western_Gas_Resources_Inc_2004Q3.txt,0.26385951042175293,0.7361404895782471
ELLIE MAE INC,3.0,0.53,0.63,transcripts_by_company/Ellie_Mae_Inc_2017Q3.txt,0.32756853103637695,0.672431468963623
HOT TOPIC,3.0,-0.14,-0.06,transcripts_by_company/Hot_Topic_2010Q3.txt,0.3228253126144409,0.6771746873855591
CELLEBRITE DI LTD,3.0,0.104,0.05,transcripts_by_company/Cellebrite_DI_Ltd_2023Q3.txt,0.24926842749118805,0.750731572508812
PEAK RESORTS INC,3.0,-0.64,-0.55,transcripts_by_company/Peak_Resorts_Inc_2017Q3.txt,0.2946504056453705,0.7053495943546295
BROOKS AUTOMATION INC,4.0,0.32,0.27,transcripts_by_company/Brooks_Automation_Inc_2017Q4.txt,0.18379956483840942,0.8162004351615906
VALIDUS HOLDINGS LTD,3.0,0.82,0.84,transcripts_by_company/Validus_Holdings_Ltd_2014Q3.txt,0.3470994532108307,0.6529005467891693
AZZ INC,1.0,0.73,0.76,transcripts_by_company/AZZ_incorporated_2011Q1.txt,0.27034369111061096,0.729656308889389
FLUOR CORP,3.0,0.58,0.54,transcripts_by_company/Fluor_Corporation_2002Q3.txt,0.09236794710159302,0.907632052898407
PORTMAN RIDGE FINANCE CORP,3.0,0.06,0.09,transcripts_by_company/Portman_Ridge_Finance_Corporation_2019Q3.txt,0.1492859125137329,0.8507140874862671
COINSTAR INC,2.0,0.39,0.38,transcripts_by_company/Coinstar_Inc_2010Q2.txt,0.22672560811042786,0.7732743918895721
NETFLIX INC,4.0,0.56,0.39,transcripts_by_company/Netflix_2009Q4.txt,0.08200650662183762,0.9179934933781624
CEDAR FAIR LP,2.0,0.79,1.01,transcripts_by_company/Cedar_Fair_LP_2014Q2.txt,0.44730058312416077,0.5526994168758392
AGL RESOURCES INC,2.0,0.4,0.39,transcripts_by_company/AGL_Resources_2007Q2.txt,0.04801043123006821,0.9519895687699318
AUXILIUM PHARMACEUTICALS INC,3.0,-0.08,-0.17,transcripts_by_company/Auxilium_Pharmaceuticals_Inc_2011Q3.txt,0.22949549555778503,0.770504504442215
NPS PHARMACEUTICALS INCORPORATED,3.0,-0.01,-0.04,transcripts_by_company/NPS_Pharmaceuticals_Inc_2013Q3.txt,0.20941485464572906,0.7905851453542709
AMERIS BANCORP,3.0,0.91,0.92,transcripts_by_company/Ameris_Bancorp_2018Q3.txt,0.18209147453308105,0.817908525466919
ROFIN-SINAR TECHNOLOGY INC,2.0,0.82,0.7,transcripts_by_company/Rofin-Sinar_2006Q2.txt,0.10848294198513031,0.8915170580148697
MIDWESTONE FINANCIAL GROUP INC (,1.0,0.53,0.35,transcripts_by_company/MidWestOne_Financial_Group_Inc_2012Q1.txt,0.19480440020561218,0.8051955997943878
BANK OF THE OZARKS INC,3.0,0.4,0.74,transcripts_by_company/Bank_of_the_Ozarks_Inc_2014Q3.txt,0.3577585518360138,0.6422414481639862
OVERSTOCK.COM INC,1.0,-1.21,-0.36,transcripts_by_company/Overstockcom_Inc_2019Q1.txt,0.1853272169828415,0.8146727830171585
LESCO INC,4.0,-1.72,-0.54,transcripts_by_company/Lesco_Inc_2006Q4.txt,0.42056015133857727,0.5794398486614227
ARKANSAS BEST CORP,4.0,0.38,0.16,transcripts_by_company/Arkansas_Best_Corporation_2013Q4.txt,0.12623177468776703,0.873768225312233
DANAHER CORP,2.0,0.94,0.93,transcripts_by_company/Danaher_Corporation_2007Q2.txt,0.1783067286014557,0.8216932713985443
INTERNATIONAL PAPER CO,3.0,1.05,1.22,transcripts_by_company/International_Paper_Co_2013Q3.txt,0.13394571840763092,0.8660542815923691
ARTERIS INC,4.0,-0.18,-0.12,transcripts_by_company/Arteris_Inc_CurrentQ4.txt,0.3664965331554413,0.6335034668445587
WATSON PHARMACEUTICALS INC,4.0,1.59,1.38,transcripts_by_company/Watson_Pharmaceuticals_Inc_2012Q4.txt,0.11514370143413544,0.8848562985658646
WOODWARD GOVERNO,3.0,0.77,0.75,transcripts_by_company/Woodward_Inc_2014Q3.txt,0.1711256057024002,0.8288743942975998
WELLS FARGO  CO,2.0,0.53,0.69,transcripts_by_company/Wells_Fargo_2008Q2.txt,0.04505016654729843,0.9549498334527016
MARINEMAX INC,2.0,0.18,0.45,transcripts_by_company/MarineMax_Inc_2008Q2.txt,0.345329225063324,0.654670774936676
CARDINAL HEALTH INC,3.0,0.86,0.91,transcripts_by_company/Cardinal_Health_2007Q3.txt,0.09785252064466476,0.9021474793553352
FIRSTSERVICE CORP,1.0,0.06,0.09,transcripts_by_company/FirstService_Corporation_2006Q1.txt,0.25193333625793457,0.7480666637420654
BED BATH  BEYOND INC,3.0,0.46,0.55,transcripts_by_company/Bed_Bath_and_Beyond_Inc_2008Q3.txt,0.29258230328559875,0.7074176967144012
HEALTHCARE REALTY TRUST INC,4.0,0.07,0.05,transcripts_by_company/Healthcare_Realty_Trust_2009Q4.txt,0.15399397909641266,0.8460060209035873
FORTRESS INVESTMENT GROUP LLC,2.0,0.09,0.15,transcripts_by_company/Fortress_Investment_Group_2011Q2.txt,0.19248172640800476,0.8075182735919952
CAPITAL PRODUCT PARTNERS LP,2.0,0.04,0.1,transcripts_by_company/Capital_Product_Partners_LP_2014Q2.txt,0.2454594373703003,0.7545405626296997
FIBRIA CELULOSE SA,1.0,1.76,1.16,transcripts_by_company/Fibria_Celulose_SA_2016Q1.txt,0.28418365120887756,0.7158163487911224
CYTOMX THERAPEUTICS INC,3.0,-0.32,-0.57,transcripts_by_company/CytomX_Therapeutics_Inc_2020Q3.txt,0.24973313510417938,0.7502668648958206
SANGAMO BIOSCIENCES INC,2.0,-0.2,-0.23,transcripts_by_company/Sangamo_Biosciences_Inc_2011Q2.txt,0.12146805971860886,0.8785319402813911
OSI SYSTEMS INC,3.0,1.16,1.19,transcripts_by_company/OSI_Systems_Inc_2021Q3.txt,0.26968997716903687,0.7303100228309631
PAYCHEX INC,3.0,0.23,0.24,transcripts_by_company/Paychex_Inc_2004Q3.txt,0.1800699084997177,0.8199300915002823
BRADY CORP,1.0,0.43,0.43,transcripts_by_company/Brady_Corporation_2006Q1.txt,0.102394238114357,0.897605761885643
AMYRIS INC,1.0,-0.66,-0.4,transcripts_by_company/Lyris_Inc_2011Q1.txt,0.32471615076065063,0.6752838492393494
ENDEAVOUR SILVER CORP,4.0,0.09,0.09,transcripts_by_company/ENDEAVOUR_SILVER_CORP_2010Q4.txt,0.2033417969942093,0.7966582030057907
KOPPERS HOLDINGS INC,4.0,0.13,0.51,transcripts_by_company/Koppers_Holdings_Inc_2015Q4.txt,0.38293278217315674,0.6170672178268433
LOOPNET INC,3.0,0.09,0.1,transcripts_by_company/LoopNet_2009Q3.txt,0.17803740501403809,0.8219625949859619
PROS HOLDINGS INC,4.0,0.08,0.07,transcripts_by_company/PROS_Holdings_Inc_2010Q4.txt,0.2023337334394455,0.7976662665605545
METABASIS THERAPEUTICS INC,1.0,-0.3,-0.5,transcripts_by_company/Metabasis_Therapeutics_Incorporated_2006Q1.txt,0.17139406502246857,0.8286059349775314
IPC THE HOSPITALIST COMPANY INC,2.0,0.53,0.62,transcripts_by_company/IPC_The_Hospitalist_Company_Inc_2015Q2.txt,0.20557357370853424,0.7944264262914658
OIL STATES INTERNATIONAL INC,3.0,1.44,1.84,transcripts_by_company/Oil_States_International_2013Q3.txt,0.2120199352502823,0.7879800647497177
DIAMONDROCK HOSPITALITY CO,3.0,0.04,0.08,transcripts_by_company/DiamondRock_Hospitality_Company_2013Q3.txt,0.13934287428855896,0.860657125711441
ELKCORP,3.0,0.51,0.74,transcripts_by_company/ELKCORP_2005Q3.txt,0.1305309683084488,0.8694690316915512
NISOURCE INC,2.0,0.07,0.14,transcripts_by_company/NiSource_Inc_2018Q2.txt,0.08022399246692657,0.9197760075330734
CABLE ONE INC,4.0,4.23,4.74,transcripts_by_company/Cable_One_Inc_2016Q4.txt,0.18796133995056152,0.8120386600494385
ELANCO ANIMAL HEALTH INC,3.0,0.18,0.16,transcripts_by_company/Elanco_Animal_Health_Incorporated_2023Q3.txt,0.32816702127456665,0.6718329787254333
CEMEX SAB DE CV,1.0,0.02,0.09,transcripts_by_company/Mexichem_SAB_de_CV_2018Q1.txt,0.2833728492259979,0.7166271507740021
CRACKER BARREL OLD COUNTRY STORE,3.0,-0.85,2.63,transcripts_by_company/Cracker_Barrel_Old_Country_Store_Inc_2020Q3.txt,0.37349623441696167,0.6265037655830383
HYTHIAM INC,3.0,-0.13,-0.12,transcripts_by_company/Hythiam_Inc_2008Q3.txt,0.28763920068740845,0.7123607993125916
MTS SYSTEMS CORP,4.0,0.47,0.55,transcripts_by_company/MTS_Systems_2007Q4.txt,0.19794334471225739,0.8020566552877426
PHYSICIANS FORMULA HOLDINGS INC,2.0,-0.01,0.19,transcripts_by_company/Physicians_Formula_Holdings_Inc_2007Q2.txt,0.38246583938598633,0.6175341606140137
NEKTAR THERAPEUTICS,3.0,-0.7,-0.77,transcripts_by_company/Nektar_Therapeutics_2021Q3.txt,0.23668530583381653,0.7633146941661835
CBIZ INC,1.0,0.45,0.45,transcripts_by_company/CBIZ_Inc_2017Q1.txt,0.14369675517082214,0.8563032448291779
IMATION CORPORATION,1.0,0.33,0.38,transcripts_by_company/Imation_Corp_2008Q1.txt,0.18644797801971436,0.8135520219802856
CHOICE HOTELS INTERNATIONAL INC,4.0,0.32,0.63,transcripts_by_company/Choice_Hotels_International_Inc_2005Q4.txt,0.22570118308067322,0.7742988169193268
ENDOLOGIX INC,4.0,-0.08,-0.14,transcripts_by_company/Endologix_Inc_2015Q4.txt,0.356049507856369,0.643950492143631
WHIRLPOOL CORP,1.0,2.11,1.9,transcripts_by_company/Whirlpool_Corporation_2011Q1.txt,0.1018356904387474,0.8981643095612526
AFFILIATED MANAGERS GROUP INC,3.0,3.02,3.2,transcripts_by_company/Affiliated_Managers_Group_Inc_2016Q3.txt,0.1693459004163742,0.8306540995836258
SS&C TECHNOLOGIES HOLDINGS INC,4.0,1.08,1.04,transcripts_by_company/SSandC_Technologies_Holdings_Inc_2019Q4.txt,0.20734798908233643,0.7926520109176636
CORIXA CORP,2.0,-0.15,-0.49,transcripts_by_company/Corixa_2003Q2.txt,0.3040502071380615,0.6959497928619385
STANTEC INC,4.0,0.29,0.22,transcripts_by_company/Stantec_Inc_2006Q4.txt,0.2249668538570404,0.7750331461429596
NOVARTIS AG,3.0,0.92,0.98,transcripts_by_company/Novartis_Corporation_2008Q3.txt,0.10054163634777069,0.8994583636522293
HOLOGIC INC,1.0,0.29,0.31,transcripts_by_company/Hologic_2011Q1.txt,0.27495887875556946,0.7250411212444305
DIAMOND OFFSHORE DRILLING INC,1.0,0.93,1.14,transcripts_by_company/Diamond_Offshore_Drilling_Inc_2014Q1.txt,0.09206264466047287,0.9079373553395271
TECHTARGET INC,4.0,0.03,0.15,transcripts_by_company/TechTarget_2008Q4.txt,0.0814228504896164,0.9185771495103836
PEERLESS SYSTEMS CP,2.0,-0.26,-0.2,transcripts_by_company/Peerless_Systems_Corporation_2004Q2.txt,0.29117095470428467,0.7088290452957153
INNATE PHARMA SA,4.0,-0.81,0.45,transcripts_by_company/NattoPharma_ASA_2020Q4.txt,0.15013960003852844,0.8498603999614716
KLA-TENCOR CORP,3.0,0.5,0.5,transcripts_by_company/KLA-Tencor_2005Q3.txt,0.24956029653549194,0.7504397034645081
STEALTHGAS INC,4.0,0.03,0.06,transcripts_by_company/StealthGas_Inc_2020Q4.txt,0.2558055520057678,0.7441944479942322
GRAHAM CORP,4.0,0.11,0.12,transcripts_by_company/Graham_Corporation_2020Q4.txt,0.22906598448753357,0.7709340155124664
RINGCENTRAL INC,2.0,-0.14,-0.14,transcripts_by_company/RingCentral_Inc_2014Q2.txt,0.10534832626581192,0.8946516737341881
HOLOGIC INC,3.0,1.61,1.59,transcripts_by_company/Hologic_Inc_2021Q3.txt,0.33581864833831787,0.6641813516616821
"URBAN OUTFITTERS, INC.",4.0,0.56,0.68,transcripts_by_company/Urban_Outfitters_Inc_2019Q4.txt,0.17156805098056793,0.8284319490194321
CACI INTERNATIONAL INC,2.0,5.74,3.98,transcripts_by_company/CACI_International_Inc_2021Q2.txt,0.12025950849056244,0.8797404915094376
KBR INC,1.0,-0.29,0.72,transcripts_by_company/KBR_Inc_2014Q1.txt,0.1646866500377655,0.8353133499622345
BUSINESS OBJECTS SA,4.0,0.42,0.38,transcripts_by_company/Business_Objects_2005Q4.txt,0.13635484874248505,0.863645151257515
DASSAULT SYSTEMES SE,2.0,0.56,0.64,transcripts_by_company/Dassault_Systemes_2008Q2.txt,0.18185566365718842,0.8181443363428116
MCDONALD'S CORP,3.0,1.62,1.47,transcripts_by_company/McDonalds_Corporation_2016Q3.txt,0.27479198575019836,0.7252080142498016
LIVENT CORP,4.0,-0.02,0.04,transcripts_by_company/Livent_Corporation_2020Q4.txt,0.29378068447113037,0.7062193155288696
IMMUNOCORE HOLDINGS PLC,3.0,12.0,-85.01,transcripts_by_company/Immunocore_Holdings_PLC_2022Q3.txt,0.2226974219083786,0.7773025780916214
BALLARD POWER SYSTEMS INC,3.0,-0.04,-0.04,transcripts_by_company/Ballard_Power_Systems_Inc_2019Q3.txt,0.1447494626045227,0.8552505373954773
RADIANT LOGISTICS INC,4.0,0.17,0.13,transcripts_by_company/Radiant_Logistics_Inc_2020Q4.txt,0.3340664505958557,0.6659335494041443
ACCURAY INC,2.0,-0.02,0.04,transcripts_by_company/Accuray_Incorporated_2019Q2.txt,0.15795066952705383,0.8420493304729462
HARRIS CORP,2.0,1.24,1.29,transcripts_by_company/Harris_Interactive_2011Q2.txt,0.19142386317253113,0.8085761368274689
ELANCO ANIMAL HEALTH INC,3.0,0.3,0.29,transcripts_by_company/Elanco_Animal_Health_Incorporated_2019Q3.txt,0.30294305086135864,0.6970569491386414
EVE HOLDING INC,3.0,-0.11,-0.13,transcripts_by_company/Eve_Holding_Inc_2023Q3.txt,0.101523257791996,0.898476742208004
ILLINOIS TOOL WORKS INC,2.0,0.9,0.87,transcripts_by_company/Illinois_Tool_Works_Inc_2007Q2.txt,0.2164960354566574,0.7835039645433426
KAMADA LTD,4.0,0.05,0.03,transcripts_by_company/Kamada_Ltd_2014Q4.txt,0.2817385792732239,0.7182614207267761
ONCONOVA THERAPEUTICS INC,3.0,-0.26,-0.62,transcripts_by_company/Onconova_Therapeutics_Inc_2015Q3.txt,0.27299827337265015,0.7270017266273499
MYLAN INC,1.0,0.33,0.24,transcripts_by_company/Mylan_Inc_2009Q1.txt,0.26746952533721924,0.7325304746627808
ALTERYX INC,3.0,0.02,-0.09,transcripts_by_company/Alteryx_Inc_2017Q3.txt,0.1881013661623001,0.8118986338376999
NOVOSTE CORP,3.0,-0.2,0.29,transcripts_by_company/Novoste_2002Q3.txt,0.28816595673561096,0.711834043264389
CYTYC CORPORATION,3.0,0.21,0.2,transcripts_by_company/Cytyc_Corporation_2004Q3.txt,0.1900070309638977,0.8099929690361023
UNIVERSAL TECHNICAL INSTITUTE IN,3.0,0.02,0.09,transcripts_by_company/Universal_Technical_Institute_Inc_2008Q3.txt,0.12941592931747437,0.8705840706825256
INVESCO HOLDING COMPANY LTD,4.0,0.72,0.43,transcripts_by_company/Invesco_Ltd_2020Q4.txt,0.3599978983402252,0.6400021016597748
SINA CORP,3.0,0.42,0.25,transcripts_by_company/Sina_Corporation_2013Q3.txt,0.16234815120697021,0.8376518487930298
O2MICRO INTERNATIONAL LTD,4.0,-0.11,0.17,transcripts_by_company/02Micro_International_Limited_2008Q4.txt,0.10223017632961273,0.8977698236703873
INTEGRATED DEVICE TECHNOLOGY INC,3.0,0.01,0.03,transcripts_by_company/Integrated_Device_Technology_Inc_2002Q3.txt,0.2536258399486542,0.7463741600513458
LAM RESEARCH CORP,3.0,6.85,5.88,transcripts_by_company/Lam_Research_Corporation_2023Q3.txt,0.07582753896713257,0.9241724610328674
ACRES COMMERCIAL REALTY CORP,1.0,-0.25,0.38,transcripts_by_company/ACRES_Commercial_Realty_Corp_2022Q1.txt,0.4289882481098175,0.5710117518901825
KILROY REALTY CORP,1.0,0.36,0.33,transcripts_by_company/Kilroy_Realty_Corporation_2018Q1.txt,0.12326830625534058,0.8767316937446594
CADENCE DESIGN SYSTEMS INC,2.0,1.08,0.86,transcripts_by_company/Cadence_Design_Systems_Inc_2022Q2.txt,0.102708600461483,0.897291399538517
TRINITY INDUSTRIES INC,2.0,0.48,0.36,transcripts_by_company/Trinity_Industries_Inc_2018Q2.txt,0.1715991199016571,0.8284008800983429
ESSEX CORP,2.0,0.03,0.01,transcripts_by_company/Superior_Essex_Inc_2004Q2.txt,0.18944017589092255,0.8105598241090775
MACROGENICS INC,2.0,-0.67,-0.48,transcripts_by_company/MacroGenics_Inc_2022Q2.txt,0.0928211659193039,0.9071788340806961
CHEESECAKE FACTORY INC,4.0,0.57,0.58,transcripts_by_company/The_Cheesecake_Factory_Inc_2013Q4.txt,0.36217156052589417,0.6378284394741058
NVIDIA CORP,1.0,1.57,0.83,transcripts_by_company/NVIDIA_Corporation_2018Q1.txt,0.17411327362060547,0.8258867263793945
CAREER EDUCATION CORP,2.0,0.36,0.56,transcripts_by_company/Career_Education_2006Q2.txt,0.24369817972183228,0.7563018202781677
J M SMUCKER CO,1.0,2.35,2.39,transcripts_by_company/The_J_M_Smucker_Company_2020Q1.txt,0.25096338987350464,0.7490366101264954
WORLDGATE COMMUNICATIONS INC,2.0,-0.05,0.01,transcripts_by_company/WorldGate_Communications_2008Q2.txt,0.31178519129753113,0.6882148087024689
CORELOGIC INC,4.0,0.77,0.55,transcripts_by_company/CoreLogic_Inc_2019Q4.txt,0.2555248439311981,0.7444751560688019
STAG INDUSTRIAL INC,3.0,0.07,0.08,transcripts_by_company/STAG_Industrial_Inc_2019Q3.txt,0.16226455569267273,0.8377354443073273
PACKAGING CORP OF AMERICA,3.0,0.42,0.41,transcripts_by_company/Packaging_Corporation_of_America_2006Q3.txt,0.16981634497642517,0.8301836550235748
LEXMARK INTERNATIONAL GROUP INC,4.0,0.86,0.74,transcripts_by_company/Lexmark_2002Q4.txt,0.11659291386604309,0.8834070861339569
MASIMO CORP,3.0,0.52,0.39,transcripts_by_company/Masimo_Corp_2016Q3.txt,0.2920359671115875,0.7079640328884125
MOBILE TELESYSTEMS,1.0,16.26,13.85,transcripts_by_company/Public_Joint-Stock_Company_Mobile_TeleSystems_2018Q1.txt,0.21709299087524414,0.7829070091247559
MEDIFAST INC,1.0,0.45,0.52,transcripts_by_company/Medifast_Inc_2014Q1.txt,0.16705313324928284,0.8329468667507172
MONROE CAPITAL CORP,3.0,0.29,0.25,transcripts_by_company/Monroe_Capital_Corporation_2022Q3.txt,0.2004132717847824,0.7995867282152176
IMPAX LABORATORIES INC,1.0,0.43,0.51,transcripts_by_company/Impax_Laboratories_Inc_2016Q1.txt,0.12950807809829712,0.8704919219017029
UNITED ONLINE INC,3.0,0.29,0.28,transcripts_by_company/United_Online_Inc_2007Q3.txt,0.16330695152282715,0.8366930484771729
EBIX INC,3.0,0.46,0.4,transcripts_by_company/Ebix_Inc_2012Q3.txt,0.11628199368715286,0.8837180063128471
NORTHERN BORDER PARTNERS LP,3.0,0.69,0.62,transcripts_by_company/Northern_Border_Partners_2004Q3.txt,0.09788395464420319,0.9021160453557968
TILE SHOP HOLDINGS INC,1.0,0.08,0.13,transcripts_by_company/Tile_Shop_Holdings_Inc_2015Q1.txt,0.1816633939743042,0.8183366060256958
CAVIUM INC,1.0,0.58,0.53,transcripts_by_company/Cavium_Inc_2017Q1.txt,0.11750997602939606,0.8824900239706039
STEVEN MADDEN LTD,1.0,0.52,0.58,transcripts_by_company/Steven_Madden_Ltd_2013Q1.txt,0.0940929427742958,0.9059070572257042
EXPRO GROUP HOLDINGS NV,1.0,0.01,-0.05,transcripts_by_company/Expro_Group_Holdings_NV_2022Q1.txt,0.18475662171840668,0.8152433782815933
EVEREST GROUP LTD,2.0,4.25,3.4,transcripts_by_company/Everest_Re_Group_Ltd_2012Q2.txt,0.20333518087863922,0.7966648191213608
SAP A.G.,3.0,0.59,0.54,transcripts_by_company/SAP_AG_2009Q3.txt,0.21385809779167175,0.7861419022083282
NATIONAL INTERSTATE CORP,3.0,0.31,0.45,transcripts_by_company/National_Interstate_Corporation_2011Q3.txt,0.34625670313835144,0.6537432968616486
TEXAS ROADHOUSE INC,3.0,0.15,0.13,transcripts_by_company/Texas_Roadhouse_Inc_2009Q3.txt,0.07227764278650284,0.9277223572134972
NEUTRAL TANDEM INC,1.0,0.25,0.33,transcripts_by_company/Neutral_Tandem_Inc_2010Q1.txt,0.26078805327415466,0.7392119467258453
"DAKTRONICS, INC.",2.0,-0.24,-0.01,transcripts_by_company/Daktronics_Inc_2019Q2.txt,0.30285128951072693,0.6971487104892731
AMERICAN WOODMARK CORP,2.0,0.44,0.71,transcripts_by_company/American_Woodmark_Corporation_2005Q2.txt,0.44923534989356995,0.55076465010643
CONCEPTUS INC,4.0,0.17,0.12,transcripts_by_company/Conceptus_Inc_2012Q4.txt,0.24159808456897736,0.7584019154310226
FAMOUS DAVE'S OF AMERICA,2.0,0.26,0.17,transcripts_by_company/Famous_Daves_of_America_Inc_2009Q2.txt,0.3163488209247589,0.6836511790752411
TRUEBLUE INC,2.0,0.31,0.26,transcripts_by_company/TrueBlue_Inc_2013Q2.txt,0.1214834526181221,0.8785165473818779
EAGLE MATERIALS INC,4.0,0.83,1.16,transcripts_by_company/Eagle_Materials_2006Q4.txt,0.1985112875699997,0.8014887124300003
PACKAGING CORP OF AMERICA,4.0,1.16,1.17,transcripts_by_company/Packaging_Corporation_of_America_2014Q4.txt,0.33954471349716187,0.6604552865028381
GENTIVA HEALTH SERVICES,4.0,0.15,0.13,transcripts_by_company/Gentiva_Health_Services_2003Q4.txt,0.0832783430814743,0.9167216569185257
EDISON INTERNATIONAL,2.0,1.07,0.85,transcripts_by_company/Edison_International_2014Q2.txt,0.14281314611434937,0.8571868538856506
UNIVERSAL LOGISTICS HOLDINGS INC,1.0,0.45,0.63,transcripts_by_company/Universal_Logistics_Holdings_Inc_2020Q1.txt,0.11048969626426697,0.889510303735733
QUOTIENT LTD,1.0,-0.39,-0.32,transcripts_by_company/Quotient_Technology_Inc_2021Q1.txt,0.011602208949625492,0.9883977910503745
MILLENNIUM CELL INC,1.0,-0.05,-0.06,transcripts_by_company/Millennium_Cell_Inc_2007Q1.txt,0.3486984372138977,0.6513015627861023
ORCHIDS PAPER PRODUCTS CO,1.0,0.33,0.43,transcripts_by_company/Orchids_Paper_Products_Company_2014Q1.txt,0.03850415349006653,0.9614958465099335
ARMOR HOLDINGS INC,4.0,0.74,0.47,transcripts_by_company/Armor_Holdings_Inc_2004Q4.txt,0.17244720458984375,0.8275527954101562
MAGELLAN MIDSTREAM PARTNERS LP,3.0,0.65,0.65,transcripts_by_company/Magellan_Midstream_Partners_LP_2007Q3.txt,0.1606350839138031,0.8393649160861969
DYNAVOX INC,2.0,0.0,0.14,transcripts_by_company/DynaVox_Inc_2012Q2.txt,0.15383288264274597,0.846167117357254
ANIXTER INTERNATIONAL INC,1.0,0.92,1.05,transcripts_by_company/Anixter_International_Inc_2016Q1.txt,0.22495950758457184,0.7750404924154282
UNIT CORPORATION,2.0,1.41,1.63,transcripts_by_company/Unit_Corporation_2007Q2.txt,0.2725215256214142,0.7274784743785858
HORMEL FOODS CORP,3.0,0.63,0.57,transcripts_by_company/Hormel_Foods_Corporation_2010Q3.txt,0.3965626657009125,0.6034373342990875
NICE LTD,3.0,0.83,0.8,transcripts_by_company/NICE_2016Q3.txt,0.23303867876529694,0.7669613212347031
SHISEIDO CO LTD,3.0,0.231,0.21,transcripts_by_company/Schibsted_ASA_2022Q3.txt,0.42716798186302185,0.5728320181369781
INPHI CORP,2.0,0.05,0.08,transcripts_by_company/Inphi_Corporation_2012Q2.txt,0.24926654994487762,0.7507334500551224
ENTEGRIS INC,3.0,0.4,0.29,transcripts_by_company/Entegris_Inc_2017Q3.txt,0.22748002409934998,0.77251997590065
ENERSYS INC,4.0,1.09,1.17,transcripts_by_company/EnerSys_2014Q4.txt,0.2917838990688324,0.7082161009311676
SIRTRIS PHARMACEUTICALS INC,4.0,-0.32,-0.26,transcripts_by_company/Sirtris_Pharmaceuticals_2007Q4.txt,0.19984126091003418,0.8001587390899658
FIRST INTERSTATE BANCSYSTEM INC,4.0,0.8,0.82,transcripts_by_company/First_Interstate_BancSystem_Inc_2019Q4.txt,0.22590377926826477,0.7740962207317352
TESLA INC,3.0,-2.92,-0.62,transcripts_by_company/Tesla_Inc_2017Q3.txt,0.1580333560705185,0.8419666439294815
"CITIZENS FINANCIAL GROUP, INC",3.0,0.68,0.59,transcripts_by_company/Citizens_Financial_Group_Inc_2017Q3.txt,0.12944836914539337,0.8705516308546066
AEROVIRONMENT INC,3.0,0.22,0.23,transcripts_by_company/AeroVironment_Inc_2008Q3.txt,0.24371437728405,0.75628562271595
"DAKTRONICS, INC.",1.0,-0.2,0.04,transcripts_by_company/Daktronics_2010Q1.txt,0.3053126335144043,0.6946873664855957
ONESPAWORLD HOLDINGS LTD,1.0,-0.03,-0.03,transcripts_by_company/OneSpaWorld_Holdings_Limited_2022Q1.txt,0.420291930437088,0.579708069562912
USD PARTNERS LP,1.0,0.24,0.31,transcripts_by_company/USD_Partners_LP_2018Q1.txt,0.22690173983573914,0.7730982601642609
WORLD FUEL SERVICES CORP,1.0,0.48,0.46,transcripts_by_company/World_Fuel_Services_Corporation_2003Q1.txt,0.12617400288581848,0.8738259971141815
SYPRIS SOLUTIONS INCORPORATED,4.0,-0.01,0.05,transcripts_by_company/Sypris_Solutions_Inc_2018Q4.txt,0.21862852573394775,0.7813714742660522
AMERICAN DENTAL PARTNERS INC,4.0,0.23,0.26,transcripts_by_company/American_Dental_Partners_Inc_2010Q4.txt,0.1980673372745514,0.8019326627254486
"PENNEY, JC",1.0,2.0,1.83,transcripts_by_company/JCPenney_2007Q1.txt,0.16044406592845917,0.8395559340715408
DIGITAL IMPACT INC,1.0,-0.02,-0.01,transcripts_by_company/Digital_Impact_Inc_2003Q1.txt,0.09862225502729416,0.9013777449727058
DUOLINGO INC,4.0,-0.46,-0.46,transcripts_by_company/Duolingo_Inc_2021Q4.txt,-0.031735844910144806,1.0317358449101448
CUMMINS ENG,3.0,4.59,4.6,transcripts_by_company/Cummins_Inc_2023Q3.txt,0.375406950712204,0.624593049287796
GENOPTIX INC,3.0,0.52,0.26,transcripts_by_company/Genoptix_2008Q3.txt,0.19451940059661865,0.8054805994033813
CHEFS WAREHOUSE INC,2.0,0.18,0.26,transcripts_by_company/The_Chefs_Warehouse_Inc_2014Q2.txt,0.24117323756217957,0.7588267624378204
FLOWERS FOODS INC,3.0,0.21,0.24,transcripts_by_company/Flowers_Foods_2014Q3.txt,0.31171345710754395,0.688286542892456
HENRY SCHEIN INC,3.0,1.68,1.72,transcripts_by_company/Henry_Schein_Inc_2016Q3.txt,0.14011773467063904,0.859882265329361
ARCELORMITTAL SA,1.0,-0.21,0.38,transcripts_by_company/ArcelorMittal_2013Q1.txt,0.106661356985569,0.893338643014431
ALFA CORPORATION,2.0,0.43,0.38,transcripts_by_company/Alfa_Laval_AB_2007Q2.txt,0.07440778613090515,0.9255922138690948
"ARBOR REALTY TRUST, INC",3.0,0.47,0.38,transcripts_by_company/Arbor_Realty_Trust_2004Q3.txt,0.1618262529373169,0.8381737470626831
PREVAIL THERAPEUTICS INC,2.0,-0.66,-0.7,transcripts_by_company/Prevail_Therapeutics_Inc_2020Q2.txt,0.16059277951717377,0.8394072204828262
FRANKLIN RESOURCES INC,3.0,0.76,0.66,transcripts_by_company/Franklin_Resources_Inc_2017Q3.txt,0.25369083881378174,0.7463091611862183
DEALERTRACK HOLDINGS INC,1.0,0.04,0.21,transcripts_by_company/DealerTrack_Holdings_Inc_2009Q1.txt,0.08107886463403702,0.918921135365963
L BRANDS INC,4.0,0.42,0.57,transcripts_by_company/L_Brands_Inc_2016Q4.txt,0.03833473101258278,0.9616652689874172
DREW INDUSTRIES INC,4.0,0.43,0.58,transcripts_by_company/Drew_Industries_Inc_2005Q4.txt,0.3035658895969391,0.6964341104030609
KULR TECHNOLOGY GROUP INC,2.0,-0.05,-0.05,transcripts_by_company/KULR_Technology_Group_Inc_2023Q2.txt,0.1702534705400467,0.8297465294599533
QUALCOMM INC,2.0,0.55,0.52,transcripts_by_company/QUALCOMM_Inc_2008Q2.txt,0.1759638637304306,0.8240361362695694
ABGENIX INC,2.0,-0.49,-0.48,transcripts_by_company/Abgenix_2005Q2.txt,0.239836186170578,0.760163813829422
MARLIN BUSINESS SERVICES CORP,2.0,0.36,0.41,transcripts_by_company/Marlin_Business_Services_Corp_2017Q2.txt,0.12849241495132446,0.8715075850486755
GRAND CANYON EDUCATION INC,4.0,1.63,1.56,transcripts_by_company/Grand_Canyon_Education_Inc_2019Q4.txt,0.18641754984855652,0.8135824501514435
AMERICAN EXPRESS CO,1.0,0.66,0.6,transcripts_by_company/American_Express_2004Q1.txt,0.3107214868068695,0.6892785131931305
TEMPUR-PEDIC INTERNATIONAL,1.0,0.29,0.32,transcripts_by_company/Tempur-Pedic_International_2006Q1.txt,0.34330496191978455,0.6566950380802155
SCIENTIFIC GAMES CORP,1.0,-0.26,-0.04,transcripts_by_company/Scientific_Games_Corporation_2019Q1.txt,0.39317741990089417,0.6068225800991058
BRISTOW GROUP INC,4.0,-0.29,-0.11,transcripts_by_company/Bristow_Group_Inc_2016Q4.txt,0.1663127988576889,0.8336872011423111
PDL BIOPHARMA INC,1.0,0.52,0.52,transcripts_by_company/PDL_BioPharma_Inc_2016Q1.txt,0.3189544677734375,0.6810455322265625
CARDIOTECH INTERNATIONAL,3.0,-0.02,-0.03,transcripts_by_company/CardioTech_Intl_2006Q3.txt,0.217136949300766,0.782863050699234
10X GENOMICS INC,1.0,-0.2,-0.14,transcripts_by_company/10x_Genomics_Inc_2020Q1.txt,0.16274143755435944,0.8372585624456406
ULTRALIFE BATTERIES INC,2.0,0.03,0.11,transcripts_by_company/Ultralife_Corporation_2011Q2.txt,0.16861623525619507,0.8313837647438049
"VERISIGN, INC",4.0,0.96,1.01,transcripts_by_company/VeriSign_Inc_2017Q4.txt,0.248900905251503,0.751099094748497
EBIX INC,2.0,0.73,0.6,transcripts_by_company/Ebix_Inc_2009Q2.txt,0.46539613604545593,0.5346038639545441
EXPRESSJET HOLDINGS INC,2.0,0.41,0.43,transcripts_by_company/ExpressJet_Holdings_Inc_2005Q2.txt,0.21398937702178955,0.7860106229782104
FREQUENCY THERAPEUTICS INC,1.0,-0.6,-0.29,transcripts_by_company/Frequency_Therapeutics_2021Q1.txt,0.18137072026729584,0.8186292797327042
BOOT BARN HOLDINGS INC,1.0,1.47,0.62,transcripts_by_company/Boot_Barn_Holdings_Inc_2022Q1.txt,0.3024638891220093,0.6975361108779907
HUNTSMAN CORP,3.0,0.26,0.4,transcripts_by_company/Huntsman_Corporation_2007Q3.txt,0.15841902792453766,0.8415809720754623
FIRST HORIZON CORP,3.0,0.27,0.23,transcripts_by_company/First_Horizon_National_Corporation_2016Q3.txt,0.04870051518082619,0.9512994848191738
EOG RESOURCES INC,2.0,2.1,1.41,transcripts_by_company/EOG_Resources_Inc_2013Q2.txt,0.2890776991844177,0.7109223008155823
ARISTA NETWORKS INC,2.0,1.93,1.52,transcripts_by_company/Arista_Networks_Inc_2018Q2.txt,0.25283193588256836,0.7471680641174316
DISCOVERY INC,4.0,0.86,0.68,transcripts_by_company/Discovery_Laboratories_2011Q4.txt,0.27134743332862854,0.7286525666713715
COMPASS MINERALS INTERNATIONAL I,2.0,0.42,0.69,transcripts_by_company/Mercator_Minerals_Ltd_2011Q2.txt,0.10858523845672607,0.8914147615432739
CNX COAL RESOURCES LP,2.0,0.11,0.38,transcripts_by_company/CNX_Coal_Resources_LP_2016Q2.txt,0.16493640840053558,0.8350635915994644
SEITEL INC,3.0,0.08,0.02,transcripts_by_company/Seitel_2006Q3.txt,0.18225988745689392,0.8177401125431061
LENNAR CORP,1.0,0.26,0.17,transcripts_by_company/Lennar_Corp_2013Q1.txt,0.2210978865623474,0.7789021134376526
TELENAV INC,3.0,-0.17,-0.12,transcripts_by_company/Telenav_Inc_2015Q3.txt,0.08971507847309113,0.9102849215269089
NETAPP INC,4.0,0.6,0.57,transcripts_by_company/NetApp_Inc_2016Q4.txt,0.18463367223739624,0.8153663277626038
ATRICURE INC,3.0,-0.02,-0.23,transcripts_by_company/AtriCure_Inc_2014Q3.txt,0.21584424376487732,0.7841557562351227
KELLOGG CO,4.0,0.91,0.93,transcripts_by_company/Kellogg_Company_2019Q4.txt,0.20379891991615295,0.796201080083847
MELLANOX TECHNOLOGIES LTD,3.0,1.33,0.94,transcripts_by_company/Mellanox_Technologies_Ltd_2018Q3.txt,0.27684715390205383,0.7231528460979462
HUMANA INC,4.0,1.62,2.73,transcripts_by_company/Humana_Inc_2022Q4.txt,0.07315356284379959,0.9268464371562004
ARADIGM CORP,4.0,-0.1,-0.08,transcripts_by_company/Aradigm_Corp_2004Q4.txt,0.3510405123233795,0.6489594876766205
WEYERHAEUSER CO,3.0,-0.01,0.36,transcripts_by_company/Weyerhaeuser_Company_2008Q3.txt,0.29922255873680115,0.7007774412631989
DELTA APPAREL INC,1.0,0.22,0.42,transcripts_by_company/Delta_Apparel_Inc_2012Q1.txt,0.2777421772480011,0.7222578227519989
MEDNAX INC,3.0,1.09,1.15,transcripts_by_company/MEDNAX_Inc_2016Q3.txt,0.21093164384365082,0.7890683561563492
ANADIGICS INC,1.0,-0.2,-0.18,transcripts_by_company/ANADIGICS_Inc_2013Q1.txt,0.16156427562236786,0.8384357243776321
SOUTHERN CO,2.0,0.63,0.58,transcripts_by_company/Southern_Union_Company_2008Q2.txt,0.12051916867494583,0.8794808313250542
AVNET INC,3.0,1.12,1.06,transcripts_by_company/Avnet_Inc_2015Q3.txt,0.12358355522155762,0.8764164447784424
HAVERTY FURNITURE COMPANIES INC,2.0,0.16,0.2,transcripts_by_company/Haverty_Furniture_2004Q2.txt,0.1557159125804901,0.8442840874195099
BLUELINX HOLDINGS INC,1.0,-0.42,-0.26,transcripts_by_company/BlueLinx_Holdings_Inc_2011Q1.txt,0.16970878839492798,0.830291211605072
F5 INC,2.0,1.14,1.12,transcripts_by_company/F5_Networks_Inc_2012Q2.txt,0.1890408992767334,0.8109591007232666
MEMC ELECTRONIC MATERIALS INC,3.0,0.03,0.36,transcripts_by_company/MEMC_Electronic_Materials_Inc_2011Q3.txt,0.12163389474153519,0.8783661052584648
PIERIS PHARMACEUTICALS INC,3.0,-0.16,-0.23,transcripts_by_company/Pieris_Pharmaceuticals_Inc_2017Q3.txt,0.18466906249523163,0.8153309375047684
EMBARCADERO TECHNOLOGIES,2.0,0.08,0.08,transcripts_by_company/Embarcadero_Technologies_Inc_2006Q2.txt,0.3677433729171753,0.6322566270828247
OPEN TEXT CORP (PRE-REINCORPORAT,3.0,0.97,0.81,transcripts_by_company/Open_Text_Corporation_2014Q3.txt,0.10432242602109909,0.8956775739789009
INOGEN INC,1.0,0.27,0.12,transcripts_by_company/Inogen_Inc_2017Q1.txt,0.1649116575717926,0.8350883424282074
SYNOPSYS INC,4.0,0.33,0.39,transcripts_by_company/Synopsys_Inc_2009Q4.txt,0.31792759895324707,0.6820724010467529
ADVANCED ENERGY INDUSTRIES INC,3.0,0.54,0.76,transcripts_by_company/Advanced_Energy_Industries_Inc_2019Q3.txt,0.17060105502605438,0.8293989449739456
MENS WEARHOUSE INC,2.0,0.41,0.37,transcripts_by_company/Mens_Wearhouse_2004Q2.txt,0.24973025918006897,0.750269740819931
SAFLINK CORP,4.0,-0.04,-0.06,transcripts_by_company/Saflink_Corporation_2006Q4.txt,0.1300009936094284,0.8699990063905716
PRETIUM RESOURCES INC,3.0,0.14,0.17,transcripts_by_company/Pretium_Resources_Inc_2018Q3.txt,0.06847304850816727,0.9315269514918327
ASSERTIO THERAPEUTICS INC,1.0,0.23,0.17,transcripts_by_company/Assertio_Therapeutics_Inc_2019Q1.txt,0.19069065153598785,0.8093093484640121
WASHINGTON POST CO,4.0,8.71,7.46,transcripts_by_company/The_Washington_Post_2009Q4.txt,0.14811623096466064,0.8518837690353394
INOVIO PHARMACEUTICALS INC,3.0,-0.27,-0.3,transcripts_by_company/Inovio_Pharmaceuticals_Inc_2018Q3.txt,0.28203925490379333,0.7179607450962067
DUKE ENERGY CORP,1.0,1.13,1.2,transcripts_by_company/Duke_Energy_Corporation_2016Q1.txt,0.18312394618988037,0.8168760538101196
ISUN INC,3.0,-0.07,-0.05,transcripts_by_company/iSun_Inc_2023Q3.txt,0.14360077679157257,0.8563992232084274
TEVA PHARMACEUTICAL INDUSTRIES L,4.0,0.77,0.74,transcripts_by_company/Teva_Pharmaceutical_Industries_Limited_2021Q4.txt,0.1395534873008728,0.8604465126991272
INSPERITY INC,2.0,0.24,0.29,transcripts_by_company/Insperity_Inc_2013Q2.txt,0.15303409099578857,0.8469659090042114
BLACK HILLS CORP,2.0,0.56,0.53,transcripts_by_company/Black_Hills_Corporation_2015Q2.txt,0.12363997101783752,0.8763600289821625
PDF SOLUTIONS INC,1.0,-0.02,0.17,transcripts_by_company/PDF_Solutions_2008Q1.txt,0.2977852523326874,0.7022147476673126
ORBOTECH LTD,2.0,0.16,0.24,transcripts_by_company/Orbotech_2008Q2.txt,0.42309531569480896,0.576904684305191
TOLL BROTHERS IN,2.0,1.01,1.04,transcripts_by_company/Toll_Brothers_Inc_2021Q2.txt,0.27189019322395325,0.7281098067760468
EAGLE MATERIALS INC,4.0,0.26,0.32,transcripts_by_company/Eagle_Materials_Inc_2008Q4.txt,0.230233296751976,0.769766703248024
GLASS HOUSE BRANDS INC,2.0,-0.33,-0.22,transcripts_by_company/Glass_House_Brands_Inc_2023Q2.txt,0.12051477283239365,0.8794852271676064
NETEASE.COM,1.0,0.29,0.29,transcripts_by_company/NetEasecom_2007Q1.txt,0.22826837003231049,0.7717316299676895
MATINAS BIOPHARMA HOLDINGS INC,2.0,-0.03,-0.04,transcripts_by_company/Matinas_BioPharma_Holdings_Inc_2022Q2.txt,0.19436895847320557,0.8056310415267944
TTM TECHNOLOGIES INC,2.0,0.08,0.18,transcripts_by_company/TTM_Technologies_Inc_2005Q2.txt,0.308969110250473,0.691030889749527
CHINA SUNERGY CO LTD,3.0,-0.78,0.12,transcripts_by_company/China_Sunergy_Co_Ltd_2011Q3.txt,0.2689753770828247,0.7310246229171753
ENVISTA HOLDINGS CORP,3.0,0.45,0.43,transcripts_by_company/Envista_Holdings_Corporation_2021Q3.txt,0.265054315328598,0.734945684671402
MID-AMERICA APARTMENT COMMUNITIE,4.0,1.6,0.68,transcripts_by_company/Mid-America_Apartment_Communities_Inc_2021Q4.txt,0.3187093436717987,0.6812906563282013
WERNER ENTERS,2.0,0.35,0.36,transcripts_by_company/Fertilizantes_Heringer_SA_2014Q2.txt,0.24599383771419525,0.7540061622858047
ENERGY CONVERSION DEVICES,2.0,-0.16,0.02,transcripts_by_company/Energy_Conversion_Devices_Inc_2007Q2.txt,0.19053466618061066,0.8094653338193893
KROGER CO,1.0,0.46,0.48,transcripts_by_company/The_Kroger_Co_2011Q1.txt,0.23123563826084137,0.7687643617391586
WHIRLPOOL CORP,1.0,1.41,1.57,transcripts_by_company/Whirlpool_Corporation_2012Q1.txt,0.12812520563602448,0.8718747943639755
BRISTOL-MYERS SQUIBB CO,2.0,0.47,0.36,transcripts_by_company/Bristol-Myers_Squibb_2005Q2.txt,0.26770082116127014,0.7322991788387299
LEGGETT  PLATT INC,1.0,0.63,0.54,transcripts_by_company/Leggett_and_Platt_Inc_2016Q1.txt,0.1656249463558197,0.8343750536441803
FTI CONSULTING INC,4.0,0.27,0.34,transcripts_by_company/FTI_Consulting_Inc_2004Q4.txt,0.12532339990139008,0.8746766000986099
ANAPLAN INC,3.0,-0.09,-0.08,transcripts_by_company/Anaplan_Inc_2021Q3.txt,0.24769288301467896,0.752307116985321
ARCUS BIOSCIENCES INC,4.0,-1.08,-1.19,transcripts_by_company/Arcus_Biosciences_Inc_CurrentQ4.txt,0.14271129667758942,0.8572887033224106
"VIVUS, INC.",3.0,-0.22,-0.21,transcripts_by_company/VIVUS_Inc_2010Q3.txt,0.1804642528295517,0.8195357471704483
ARGOSY GAMING CORP,4.0,0.46,0.48,transcripts_by_company/Argosy_Gaming_2003Q4.txt,0.20624350011348724,0.7937564998865128
ASHANTI GOLDFIELDS,3.0,0.15,0.11,transcripts_by_company/Ashanti_Goldfields_Ltd_2003Q3.txt,0.15108367800712585,0.8489163219928741
HUMANA INC,1.0,8.04,7.12,transcripts_by_company/Humana_Inc_2022Q1.txt,0.24541082978248596,0.754589170217514
TELENET GROUP HOLDING NV,4.0,0.31,0.51,transcripts_by_company/Telenet_Group_Holding_NV_2015Q4.txt,0.08138450980186462,0.9186154901981354
TENARIS SA,1.0,0.75,0.72,transcripts_by_company/Tenaris_SA_2012Q1.txt,0.1847415268421173,0.8152584731578827
TETRA TECH INC NEW,1.0,0.48,0.5,transcripts_by_company/Tetra_Tech_Inc_2017Q1.txt,0.19863714277744293,0.8013628572225571
BCD SEMICONDUCTOR MANUFACTURING,2.0,0.28,0.23,transcripts_by_company/Taiwan_Semiconductor_Manufacturing_Co_Ltd_2011Q2.txt,0.17251437902450562,0.8274856209754944
FALCONSTOR SOFTWARE INC,4.0,0.14,0.14,transcripts_by_company/FalconStor_Software_Inc_2007Q4.txt,0.2984854578971863,0.7015145421028137
RE/MAX HOLDINGS INC,3.0,0.65,0.65,transcripts_by_company/REMAX_Holdings_Inc_2018Q3.txt,0.35844266414642334,0.6415573358535767
WATTS WATER TECHNOLOGIES INC,2.0,0.69,0.78,transcripts_by_company/Watts_Water_Technologies_Inc_2015Q2.txt,0.21631059050559998,0.7836894094944
GENERAL DYNAMICS CORP,2.0,1.27,1.19,transcripts_by_company/General_Dynamics_2007Q2.txt,0.2995064854621887,0.7004935145378113
CAPITAL ONE FINANCIAL CORP,1.0,1.56,1.54,transcripts_by_company/Capital_One_Financial_Corporation_2012Q1.txt,0.3823257088661194,0.6176742911338806
PUBLIC STORAGE INC,2.0,1.25,1.29,transcripts_by_company/Public_Storage_2014Q2.txt,0.057227764278650284,0.9427722357213497
PACKAGING CORP OF AMERICA,2.0,0.39,0.52,transcripts_by_company/Packaging_Corporation_of_America_2011Q2.txt,0.12692402303218842,0.8730759769678116
DRYSHIPS INC,4.0,4.5,2.26,transcripts_by_company/DryShips_Inc_2007Q4.txt,0.23227638006210327,0.7677236199378967
SCIPLAY CORP,2.0,0.24,0.24,transcripts_by_company/Cipla_Limited_2021Q2.txt,0.3819199502468109,0.6180800497531891
22ND CENTURY GROUP INC,2.0,-0.03,-0.03,transcripts_by_company/22nd_Century_Group_Inc_2021Q2.txt,0.1573302149772644,0.8426697850227356
WCI COMMUNITIES INC,4.0,-10.96,-0.54,transcripts_by_company/WCI_Communities_Inc_2007Q4.txt,0.14275851845741272,0.8572414815425873
OPUS BANK,1.0,0.59,0.64,transcripts_by_company/Opus_Bank_2016Q1.txt,0.11417543143033981,0.8858245685696602
CDC CORPORATION,3.0,0.05,0.02,transcripts_by_company/CDC_Corporation_2009Q3.txt,0.1250125616788864,0.8749874383211136
CABOT CORP,4.0,0.51,0.53,transcripts_by_company/Cabot_Corporation_2004Q4.txt,0.19117069244384766,0.8088293075561523
VIASYS HEALTHCARE INC,1.0,0.23,0.27,transcripts_by_company/VIASYS_Healthcare_Inc_2007Q1.txt,0.20447738468647003,0.79552261531353
CHARLOTTE'S WEB HOLDINGS INC,4.0,-0.11,0.01,transcripts_by_company/Charlottes_Web_Holdings_Inc_2020Q4.txt,0.28226298093795776,0.7177370190620422
"BARRETT BUSINESS SERVICES, INC.",3.0,2.68,2.88,transcripts_by_company/Barrett_Business_Services_Inc_2023Q3.txt,0.2940777540206909,0.7059222459793091
ORIENT-EXPRESS HOTELS LTD,2.0,0.14,0.14,transcripts_by_company/Orient-Express_Hotels_Ltd_2012Q2.txt,0.1543228030204773,0.8456771969795227
PRIORITY TECHNOLOGY HOLDINGS INC,3.0,-0.09,0.01,transcripts_by_company/Priority_Technology_Holdings_Inc_2021Q3.txt,0.28283485770225525,0.7171651422977448
GOOGLE INC,1.0,10.08,9.76,transcripts_by_company/Google_Inc_2012Q1.txt,0.15613390505313873,0.8438660949468613
"INSIGHT ENTERPRISES, INC.",2.0,0.34,0.37,transcripts_by_company/Insight_Enterprises_Inc_2006Q2.txt,0.19263431429862976,0.8073656857013702
SILICON IMAGE INC,4.0,0.09,0.07,transcripts_by_company/Silicon_Image_Inc_2014Q4.txt,0.12764914333820343,0.8723508566617966
CASELLA WASTE SYSTEMS INC,2.0,0.22,0.26,transcripts_by_company/Casella_Waste_Systems_Inc_2018Q2.txt,0.022268647328019142,0.9777313526719809
NOVAGOLD RESOURCES INC,2.0,-0.03,-0.01,transcripts_by_company/NovaGold_Resources_Inc_2018Q2.txt,0.24489495158195496,0.755105048418045
DIGITAL REALTY TRUST INC,2.0,0.33,0.25,transcripts_by_company/Digital_Realty_Trust_Inc_2011Q2.txt,0.1327044516801834,0.8672955483198166
PENNYMAC FINANCIAL SERVICES INC,1.0,0.47,0.65,transcripts_by_company/PennyMac_Financial_Services_Inc_2017Q1.txt,0.11371961236000061,0.8862803876399994
HERMAN  MILLER INC,4.0,0.61,0.68,transcripts_by_company/Herman_Miller_2008Q4.txt,0.2805792987346649,0.7194207012653351
SPERO THERAPEUTICS INC,4.0,-0.68,-0.83,transcripts_by_company/Spero_Therapeutics_Inc_2020Q4.txt,0.1441337764263153,0.8558662235736847
I-MANY INC,3.0,-0.02,-0.04,transcripts_by_company/I-many_Inc_2007Q3.txt,0.26331406831741333,0.7366859316825867
COHERUS BIOSCIENCES INC,3.0,-1.09,-1.3,transcripts_by_company/Coherus_BioSciences_Inc_2017Q3.txt,0.24850714206695557,0.7514928579330444
STILLWATER MINING CO,4.0,0.18,0.42,transcripts_by_company/Stillwater_Mining_Co_2011Q4.txt,0.10123839974403381,0.8987616002559662
ADC THERAPEUTICS SA,4.0,-0.45,-1.01,transcripts_by_company/ADC_Therapeutics_SA_2021Q4.txt,0.27732396125793457,0.7226760387420654
CEDAR FAIR LP,4.0,-0.39,-0.04,transcripts_by_company/Cedar_Fair_LP_2009Q4.txt,0.11925793439149857,0.8807420656085014
OWENS & MINOR INC,3.0,0.41,0.87,transcripts_by_company/Owens_and_Minor_Inc_2022Q3.txt,0.10016043484210968,0.8998395651578903
RITHM CAPITAL CORP,2.0,0.34,0.53,transcripts_by_company/TH_Capital_LLC_2020Q2.txt,0.10980421304702759,0.8901957869529724
ROYAL GOLD INC,3.0,0.21,0.22,transcripts_by_company/Royal_Gold_Inc_2006Q3.txt,0.14624899625778198,0.853751003742218
OMEGA HEALTHCARE INVESTORS INC,4.0,0.11,0.14,transcripts_by_company/Omega_HealthCare_Investors_Inc_2005Q4.txt,0.24909916520118713,0.7509008347988129
AETNA INC,4.0,1.32,1.15,transcripts_by_company/Aetna_Inc_2003Q4.txt,0.2775695323944092,0.7224304676055908
TRW AUTOMOTIVE HOLDINGS CORP,3.0,1.52,1.53,transcripts_by_company/TRW_Automotive_Holdings_Corp_2013Q3.txt,0.2928540110588074,0.7071459889411926
KROLL INC,3.0,0.18,0.13,transcripts_by_company/Kroll_2002Q3.txt,0.1848723143339157,0.8151276856660843
PINNACLE WEST CAPITAL CORP,2.0,1.48,1.49,transcripts_by_company/Pinnacle_West_Capital_Corporation_2018Q2.txt,0.34422051906585693,0.6557794809341431
KORN/FERRY INTERNATIONAL,3.0,0.24,0.16,transcripts_by_company/KornFerry_International_2010Q3.txt,0.25173795223236084,0.7482620477676392
EXTREME NETWORKS INC,1.0,0.06,-0.01,transcripts_by_company/Extreme_Networks_2010Q1.txt,0.3189612030982971,0.6810387969017029
SUPERIOR INDUSTRIES INTERNATIONA,2.0,0.1,0.14,transcripts_by_company/Superior_Industries_International_Inc_2022Q2.txt,0.16045857965946198,0.839541420340538
HOST HOTELS  RESORTS INC,4.0,0.19,0.38,transcripts_by_company/Host_Hotels_and_Resorts_Inc_2008Q4.txt,0.35872915387153625,0.6412708461284637
RENASANT CORP,1.0,0.44,0.43,transcripts_by_company/Renasant_Corporation_2007Q1.txt,0.20114223659038544,0.7988577634096146
NANOMETRICS INC,4.0,0.53,0.46,transcripts_by_company/Nanometrics_Incorporated_2018Q4.txt,0.09881439059972763,0.9011856094002724
MONMOUTH REAL ESTATE INVESTMENT,2.0,0.07,0.1,transcripts_by_company/Monmouth_Real_Estate_Investment_Corporation_2017Q2.txt,0.10475358366966248,0.8952464163303375
VERTEX INC,4.0,0.08,0.06,transcripts_by_company/Vertex_Pharmaceuticals_Incorporated_2022Q4.txt,0.16585609316825867,0.8341439068317413
BEACHBODY COMPANY INC,1.0,-0.09,-0.09,transcripts_by_company/The_Beachbody_Company_Inc_2023Q1.txt,0.31734418869018555,0.6826558113098145
CULP INC,1.0,0.32,0.25,transcripts_by_company/CULP_Inc_2013Q1.txt,0.139506533741951,0.860493466258049
FORTINET INC,2.0,0.38,0.31,transcripts_by_company/Fortinet_Inc_2023Q2.txt,0.21196691691875458,0.7880330830812454
UNITED MICROELECTRONICS CORP,4.0,0.051,0.04,transcripts_by_company/United_Microelectronics_Corporation_UMC_2006Q4.txt,0.19158846139907837,0.8084115386009216
CARS.COM INC,1.0,0.07,0.2,transcripts_by_company/Carscom_Inc_2018Q1.txt,0.1428065150976181,0.8571934849023819
TETRA TECH INC NEW,2.0,0.14,0.18,transcripts_by_company/Tetra_Tech_2006Q2.txt,0.052717484533786774,0.9472825154662132
CON-WAY INC,3.0,0.87,1.13,transcripts_by_company/Con-Way_2007Q3.txt,0.10208681225776672,0.8979131877422333
CHEFS WAREHOUSE INC,1.0,0.14,0.14,transcripts_by_company/The_Chefs_Warehouse_Inc_2013Q1.txt,0.3272962272167206,0.6727037727832794
NEWELL BRANDS INC,1.0,0.34,0.32,transcripts_by_company/Newell_Brands_Inc_2017Q1.txt,0.18227270245552063,0.8177272975444794
LIFEPOINT HOSPITALS INC,1.0,0.65,0.9,transcripts_by_company/LifePoint_Hospitals_Inc_2014Q1.txt,0.19397203624248505,0.806027963757515
NATIONAL OILWELL VARCO INC,2.0,0.02,0.2,transcripts_by_company/National_Oilwell_Varco_Inc_2020Q2.txt,0.18909688293933868,0.8109031170606613
ZAFGEN INC,3.0,-0.73,-0.83,transcripts_by_company/Zafgen_Inc_2015Q3.txt,0.15711353719234467,0.8428864628076553
"HEARTLAND FINANCIAL USA, INC.",4.0,0.93,1.01,transcripts_by_company/Heartland_Financial_USA_Inc_2018Q4.txt,0.24293646216392517,0.7570635378360748
CONSOLIDATED WATER CO LTD,2.0,0.15,0.19,transcripts_by_company/Consolidated_Water_Co_Ltd_2022Q2.txt,0.21859577298164368,0.7814042270183563
BORGWARNER INC,1.0,0.77,1.01,transcripts_by_company/BorgWarner_Inc_2020Q1.txt,0.15648983418941498,0.843510165810585
CYNERGISTEK INC,1.0,-0.07,-0.13,transcripts_by_company/CynergisTek_Inc_2022Q1.txt,0.2999424934387207,0.7000575065612793
ALASKA AIR GROUP INC,3.0,2.16,2.09,transcripts_by_company/Alaska_Air_Group_Inc_2015Q3.txt,0.09794707596302032,0.9020529240369797
UMB FINANCIAL CORP,1.0,1.9,2.19,transcripts_by_company/UMB_Financial_Corporation_2023Q1.txt,0.16101345419883728,0.8389865458011627
CROSS COUNTRY HEALTHCARE INC,3.0,0.05,0.04,transcripts_by_company/Cross_Country_Healthcare_Inc_2019Q3.txt,0.31208452582359314,0.6879154741764069
COACH INC,3.0,0.34,0.28,transcripts_by_company/Monaco_Coach_Corporation_2004Q3.txt,0.09536570310592651,0.9046342968940735
MAIDEN HOLDINGS LTD,4.0,0.23,0.38,transcripts_by_company/MAIDEN_HOLDINGS_LTD_2009Q4.txt,0.20683515071868896,0.793164849281311
NETSUITE INC,3.0,0.05,0.05,transcripts_by_company/NetSuite_Inc_2011Q3.txt,0.33137598633766174,0.6686240136623383
ADAPTIVE BIOTECHNOLOGIES CORP,2.0,-0.26,-0.2,transcripts_by_company/Adaptive_Biotechnologies_Corporation_2020Q2.txt,0.004895161837339401,0.9951048381626606
GERON CORP,4.0,-0.19,-0.2,transcripts_by_company/Geron_2011Q4.txt,0.19852995872497559,0.8014700412750244
GRAINGER W W INC,1.0,3.18,3.3,transcripts_by_company/Grainger_PLC_2016Q1.txt,0.28862252831459045,0.7113774716854095
TEREX CORP,1.0,0.32,0.39,transcripts_by_company/Terex_Corporation_2003Q1.txt,0.11010033637285233,0.8898996636271477
CALERES INC,4.0,0.8,0.94,transcripts_by_company/Caleres_Inc_2017Q4.txt,0.11845368891954422,0.8815463110804558
AGROFRESH SOLUTIONS INC,1.0,-0.26,-0.05,transcripts_by_company/AgroFresh_Solutions_Inc_2018Q1.txt,0.4042220115661621,0.5957779884338379
KELLY SERVICES INC,3.0,0.29,0.45,transcripts_by_company/Kelly_Services_Inc_2020Q3.txt,0.2726711332798004,0.7273288667201996
MERIT MEDICAL SYSTEMS INC,1.0,0.12,0.14,transcripts_by_company/Merit_Medical_Systems_2014Q1.txt,0.31465044617652893,0.6853495538234711
INTER PARFUMS INC,1.0,0.41,0.25,transcripts_by_company/Inter_Parfums_Inc_2011Q1.txt,0.1942865252494812,0.8057134747505188
UNIFI INC,2.0,-0.14,-0.01,transcripts_by_company/Unifi_Inc_2005Q2.txt,0.17920450866222382,0.8207954913377762
CORVEL CORPORATION,1.0,0.33,0.27,transcripts_by_company/CorVel_Corporation_2006Q1.txt,0.279217004776001,0.720782995223999
DISH NETWORK CORP,1.0,0.76,0.72,transcripts_by_company/DISH_Network_Corporation_2017Q1.txt,0.19491823017597198,0.805081769824028
DAIICHI SANKYO COMPANY LIMITED,2.0,9.84,20.4,transcripts_by_company/Daiichi_Sankyo_Company_Limited_2022Q2.txt,0.13454844057559967,0.8654515594244003
HOVNANIAN ENTERPRISES INC,1.0,-0.17,-0.03,transcripts_by_company/Hovnanian_Enterprises_Inc_2014Q1.txt,0.14451447129249573,0.8554855287075043
MRC GLOBAL INC,1.0,0.14,0.23,transcripts_by_company/MRC_Global_Inc_2019Q1.txt,0.03527709096670151,0.9647229090332985
ELECTRONIC ARTS INC,1.0,0.48,0.16,transcripts_by_company/Electronic_Arts_Inc_2014Q1.txt,0.15144234895706177,0.8485576510429382
AVON PRODUCTS INC,2.0,0.48,0.52,transcripts_by_company/Avon_Products_Inc_2010Q2.txt,0.12626400589942932,0.8737359941005707
PERFICIENT INC,1.0,0.26,0.32,transcripts_by_company/Perficient_Inc_2015Q1.txt,0.2248300164937973,0.7751699835062027
PENSKE AUTOMOTIVE GROUP INC,1.0,1.25,1.34,transcripts_by_company/Penske_Automotive_Group_Inc_2019Q1.txt,0.12361875176429749,0.8763812482357025
ENERGEN CORP,4.0,0.63,0.36,transcripts_by_company/Energen_Corporation_2017Q4.txt,0.2835445702075958,0.7164554297924042
REPLIGEN CORP,2.0,0.26,-0.01,transcripts_by_company/Repligen_Corporation_2008Q2.txt,0.25601285696029663,0.7439871430397034
BUCKEYE TECHNOLOGIES INC,2.0,0.24,0.29,transcripts_by_company/Buckeye_Technologies_Inc_2008Q2.txt,0.225803941488266,0.774196058511734
SWS GROUP INC,2.0,-0.11,0.09,transcripts_by_company/SWS_Group_Inc_2012Q2.txt,0.15216611325740814,0.8478338867425919
SHIP FINANCE INTERNATIONAL LTD,3.0,0.31,0.26,transcripts_by_company/Ship_Finance_International_Limited_2017Q3.txt,0.03761478513479233,0.9623852148652077
NATIONWIDE HEALTH PROPERTYS,1.0,0.47,0.29,transcripts_by_company/Nationwide_Health_Properties_Inc_2009Q1.txt,0.24162648618221283,0.7583735138177872
AMERICAN EQUITY INVESTMENT LIFE,2.0,0.98,1.19,transcripts_by_company/American_Equity_Investment_Life_Holding_Company_2022Q2.txt,0.16837330162525177,0.8316266983747482
THE VALSPAR CORP,3.0,0.49,0.5,transcripts_by_company/Valspar_2006Q3.txt,0.10446747392416,0.89553252607584
NOVELL INC,2.0,0.03,0.04,transcripts_by_company/Novell_Inc_2004Q2.txt,0.2980881333351135,0.7019118666648865
INTERACTIVE BROKERS GROUP INC,1.0,0.3,0.55,transcripts_by_company/Interactive_Brokers_Group_Inc_2009Q1.txt,0.08870083093643188,0.9112991690635681
UIPATH INC,3.0,0.01,-0.06,transcripts_by_company/UiPath_Inc_2021Q3.txt,0.1563599705696106,0.8436400294303894
MARLIN BUSINESS SERVICES CORP,4.0,0.04,0.05,transcripts_by_company/Marlin_Business_Services_Corp_2009Q4.txt,0.33111682534217834,0.6688831746578217
LCC INTERNATIONAL INC,4.0,-0.06,0.04,transcripts_by_company/LCC_International_2006Q4.txt,0.263621985912323,0.736378014087677
INTERPUBLIC GROUP OF COMPANIES I,1.0,0.0,0.01,transcripts_by_company/The_Interpublic_Group_of_Companies_Inc_2016Q1.txt,0.1762578785419464,0.8237421214580536
BALLY TECHNOLOGIES INC,4.0,0.58,0.55,transcripts_by_company/Bally_Technologies_Inc_2009Q4.txt,0.10380764305591583,0.8961923569440842
ARRAY BIOPHARMA INC,4.0,-0.1,-0.17,transcripts_by_company/Array_BioPharma_Inc_2012Q4.txt,0.2721199095249176,0.7278800904750824
FLOWERS FOODS INC,4.0,0.34,0.27,transcripts_by_company/Flowers_Foods_2008Q4.txt,0.27635493874549866,0.7236450612545013
CONAGRA FOODS INC,3.0,0.26,0.3,transcripts_by_company/ConAgra_Foods_Inc_2006Q3.txt,0.18167948722839355,0.8183205127716064
OVERSTOCK.COM INC,1.0,-0.35,-0.58,transcripts_by_company/Overstockcom_Inc_2020Q1.txt,0.29713141918182373,0.7028685808181763
ADECCO GROUP AG,4.0,1.2,1.11,transcripts_by_company/Adecco_SA_2014Q4.txt,0.1082264855504036,0.8917735144495964
CHURCHILL DOWNS INC,4.0,0.14,0.19,transcripts_by_company/Churchill_Downs_Inc_2012Q4.txt,0.014031816273927689,0.9859681837260723
HASBRO BRADLEY I,2.0,0.33,0.36,transcripts_by_company/Hasbro_Inc_2011Q2.txt,0.17475922405719757,0.8252407759428024
PATNI COMPUTER SYSTEMS LTD,4.0,0.36,0.36,transcripts_by_company/Patni_Computer_Systems_Ltd_2007Q4.txt,0.2917269170284271,0.7082730829715729
EQUIFAX INC,3.0,0.57,0.58,transcripts_by_company/Equifax_Inc_2009Q3.txt,0.1776195764541626,0.8223804235458374
ADVANCE AUTO PARTS INC,1.0,3.34,2.19,transcripts_by_company/Advance_Auto_Parts_Inc_2021Q1.txt,0.275052934885025,0.724947065114975
RESPIRONICS INC,3.0,0.25,0.55,transcripts_by_company/Respironics_Inc_2005Q3.txt,0.1024976596236229,0.8975023403763771
BOTTOMLINE TECHNOLOGIES (DE) INC,3.0,0.22,0.33,transcripts_by_company/Bottomline_Technologies_de_Inc_2021Q3.txt,0.13624350726604462,0.8637564927339554
TOROMONT INDUSTRIES LTD,4.0,1.93,1.4,transcripts_by_company/Toromont_Industries_Ltd_2022Q4.txt,0.14507947862148285,0.8549205213785172
HELIX TECHNOLOGY CORP,4.0,0.1,0.32,transcripts_by_company/Helix_Technology_Corporation_2004Q4.txt,0.30030128359794617,0.6996987164020538
HANOVER CAPITAL MORTGAGE-HLD,1.0,0.31,0.3,transcripts_by_company/Hanover_Capital_Mortgage_Holdings_2004Q1.txt,0.2768400013446808,0.7231599986553192
EDISON INTERNATIONAL,4.0,0.81,0.82,transcripts_by_company/Edison_International_2013Q4.txt,0.10701392590999603,0.892986074090004
ENERNOC INC,2.0,-0.51,0.12,transcripts_by_company/EnerNOC_Inc_2011Q2.txt,0.24717557430267334,0.7528244256973267
MASTEC INC,2.0,0.18,0.14,transcripts_by_company/MasTec_Inc_2006Q2.txt,0.27160874009132385,0.7283912599086761
FLEETCOR TECHNOLOGIES INC,1.0,3.8,3.91,transcripts_by_company/FLEETCOR_Technologies_Inc_2023Q1.txt,0.1762024313211441,0.8237975686788559
ALLIQUA BIOMEDICAL INC,1.0,-0.28,-0.24,transcripts_by_company/Alliqua_BioMedical_Inc_2016Q1.txt,0.22198724746704102,0.778012752532959
POWER INTEGRATIONS INC,2.0,0.16,0.15,transcripts_by_company/Power_Integrations_2005Q2.txt,0.25503331422805786,0.7449666857719421
CIVISTA BANCSHARES INC,1.0,0.68,0.51,transcripts_by_company/Civista_Bancshares_Inc_2021Q1.txt,0.12682726979255676,0.8731727302074432
EDWARDS LIFESCIENCES CORP,4.0,0.62,0.6,transcripts_by_company/Edwards_Lifesciences_2011Q4.txt,0.2953137159347534,0.7046862840652466
PRECIGEN INC,4.0,-0.13,-0.13,transcripts_by_company/Precigen_Inc_2021Q4.txt,0.2248377799987793,0.7751622200012207
TEXTRON INC,4.0,1.6,1.56,transcripts_by_company/Textron_Inc_2023Q4.txt,0.13087430596351624,0.8691256940364838
DISH NETWORK CORP,2.0,0.88,0.54,transcripts_by_company/DISH_Network_Corporation_2016Q2.txt,0.16726365685462952,0.8327363431453705
"URBAN OUTFITTERS, INC.",2.0,0.31,0.23,transcripts_by_company/Urban_Outfitters_Inc_2010Q2.txt,0.25547105073928833,0.7445289492607117
CALPINE CORPORATION,3.0,-0.17,0.05,transcripts_by_company/Calpine_Corporation_2005Q3.txt,0.22409047186374664,0.7759095281362534
BRAINSWAY LTD,2.0,0.616,-0.12,transcripts_by_company/Rai_Way_SpA_2019Q2.txt,0.2932126224040985,0.7067873775959015
LOWE'S COMPANIES INC,4.0,0.81,0.76,transcripts_by_company/Lowes_Companies_2005Q4.txt,0.3102271854877472,0.6897728145122528
SOLERA HOLDINGS INC,4.0,0.64,0.71,transcripts_by_company/Solera_Holdings_Inc_2013Q4.txt,0.22277013957500458,0.7772298604249954
TASKUS INC,3.0,0.32,0.33,transcripts_by_company/TaskUs_Inc_2023Q3.txt,0.1828497350215912,0.8171502649784088
QUESTCOR PHARMACEUTICALS,2.0,0.12,0.1,transcripts_by_company/Questcor_Pharmaceuticals_Inc_2008Q2.txt,0.16581861674785614,0.8341813832521439
PETSMART INC,3.0,0.54,0.49,transcripts_by_company/PetSmart_Inc_2011Q3.txt,0.371609091758728,0.628390908241272
GENERAL CABLE CORP,1.0,1.21,1.06,transcripts_by_company/General_Cable_Corp_2008Q1.txt,0.1290089637041092,0.8709910362958908
MATRIX SERVICE CO,3.0,-0.6,0.1,transcripts_by_company/Matrix_Service_Company_2021Q3.txt,0.11653246730566025,0.8834675326943398
LOGAN RIDGE FINANCE CORP,1.0,-0.32,0.03,transcripts_by_company/Logan_Ridge_Finance_Corporation_2022Q1.txt,0.14505286514759064,0.8549471348524094
HARLEY-DAVIDSON INC,4.0,0.09,0.36,transcripts_by_company/Harley-Davidson_Inc_2019Q4.txt,0.13323834538459778,0.8667616546154022
RENASANT CORP,3.0,0.24,0.35,transcripts_by_company/Renasant_Corporation_2013Q3.txt,0.14759477972984314,0.8524052202701569
COST PLUS,1.0,1.03,1.01,transcripts_by_company/Cost_Plus_2003Q1.txt,0.3226090371608734,0.6773909628391266
NIU TECHNOLOGIES,3.0,1.28,1.72,transcripts_by_company/Niu_Technologies_2021Q3.txt,0.11130958795547485,0.8886904120445251
GLOBE SPECIALTY METALS INC,1.0,0.31,0.26,transcripts_by_company/Globe_Specialty_Metals_2011Q1.txt,0.13147008419036865,0.8685299158096313
BLACK BOX CORPORATION,4.0,0.85,0.8,transcripts_by_company/Black_Box_Network_Services_2010Q4.txt,0.251137912273407,0.748862087726593
BADGER METER INC,1.0,0.55,0.4,transcripts_by_company/Badger_Meter_Inc_2016Q1.txt,0.3105814754962921,0.6894185245037079
VIKING THERAPEUTICS INC,3.0,-0.08,-0.12,transcripts_by_company/Viking_Therapeutics_Inc_2019Q3.txt,0.22563980519771576,0.7743601948022842
NGAS RESOURCES INC,4.0,-0.11,-0.01,transcripts_by_company/NGAS_Resources_Inc_2009Q4.txt,0.16036303341388702,0.839636966586113
ARQULE INC,1.0,0.12,-0.16,transcripts_by_company/ArQule_Inc_2006Q1.txt,0.26154595613479614,0.7384540438652039
HERON THERAPEUTICS INC,3.0,-0.63,-0.73,transcripts_by_company/Heron_Therapeutics_Inc_2015Q3.txt,0.25080856680870056,0.7491914331912994
RYDER SYSTEM INC,1.0,1.12,1.21,transcripts_by_company/Ryder_System_Inc_2016Q1.txt,0.213627427816391,0.786372572183609
HISTOGENICS CORP,2.0,-0.58,-0.51,transcripts_by_company/Histogenics_Corp_2015Q2.txt,0.2517404556274414,0.7482595443725586
PROGENICS PHARMACEUTICALS INC,4.0,-0.2,-0.18,transcripts_by_company/Progenics_Pharmaceuticals_Inc_2017Q4.txt,0.1523265689611435,0.8476734310388565
MARCUS CORP,2.0,0.19,0.17,transcripts_by_company/Neiman_Marcus_Group_Inc_2007Q2.txt,0.1313418596982956,0.8686581403017044
WI-LAN INC,2.0,0.04,0.04,transcripts_by_company/Wi-Lan_Inc_2017Q2.txt,0.20148955285549164,0.7985104471445084
PENNANTPARK INVESTMENT CORP,3.0,0.18,0.22,transcripts_by_company/PennantPark_Investment_Corporation_2017Q3.txt,0.1898788958787918,0.8101211041212082
VALUEVISION MEDIA INC,3.0,-0.03,0.03,transcripts_by_company/ValueVision_Media_2002Q3.txt,0.2449142187833786,0.7550857812166214
ARROW ELECTRONICS INC,1.0,0.76,0.44,transcripts_by_company/Arrow_Electronics_Inc_2010Q1.txt,0.14447754621505737,0.8555224537849426
KUSHCO HOLDINGS INC,1.0,-0.04,-0.03,transcripts_by_company/KushCo_Holdings_Inc_2021Q1.txt,0.14019493758678436,0.8598050624132156
AVON PRODUCTS INC,1.0,0.26,0.15,transcripts_by_company/Avon_Products_Inc_2013Q1.txt,0.33357203006744385,0.6664279699325562
MAGNETEK INC,4.0,0.05,0.07,transcripts_by_company/Magnetek_2007Q4.txt,0.27162426710128784,0.7283757328987122
APARTMENT INCOME REIT CORP,2.0,-0.01,0.14,transcripts_by_company/Killam_Apartment_REIT_2023Q2.txt,0.11952385306358337,0.8804761469364166
ASPEN TECHNOLOGY INC,4.0,0.36,0.3,transcripts_by_company/Aspen_Technology_Inc_2014Q4.txt,0.28687354922294617,0.7131264507770538
FLOWERS FOODS INC,2.0,0.33,0.27,transcripts_by_company/Flowers_Foods_Inc_2020Q2.txt,0.16570346057415009,0.8342965394258499
SYKES ENTERPRISES INC,1.0,0.42,0.45,transcripts_by_company/Sykes_Enterprises_Incorporated_2016Q1.txt,0.1917686015367508,0.8082313984632492
LIFEPOINT HOSPITALS INC,1.0,0.6,0.77,transcripts_by_company/LifePoint_Hospitals_Inc_2006Q1.txt,0.14292745292186737,0.8570725470781326
BJ SERVICES CO,4.0,0.54,0.52,transcripts_by_company/BJ_Services_Company_2004Q4.txt,0.26590394973754883,0.7340960502624512
PHARMERICA CORP,1.0,0.46,0.33,transcripts_by_company/PharMerica_Corporation_2013Q1.txt,0.1382923573255539,0.8617076426744461
LANTHEUS HOLDINGS INC,4.0,0.34,0.32,transcripts_by_company/Lantheus_Holdings_Inc_2019Q4.txt,0.17441456019878387,0.8255854398012161
FULGENT GENETICS INC,3.0,0.0,-0.02,transcripts_by_company/Fulgent_Genetics_Inc_2018Q3.txt,0.2910081446170807,0.7089918553829193
GUITAR CENTER INC,1.0,0.57,0.66,transcripts_by_company/Guitar_Center_Inc_2007Q1.txt,0.4662023186683655,0.5337976813316345
LAMB WESTON HOLDINGS INC,2.0,0.65,0.51,transcripts_by_company/Lamb_Weston_Holdings_Inc_2022Q2.txt,0.12215559184551239,0.8778444081544876
TELVENT GIT SA,1.0,0.19,0.14,transcripts_by_company/Telvent_GIT_SA_2006Q1.txt,0.22995474934577942,0.7700452506542206
MOLINA HEALTHCARE INC,2.0,-0.17,0.59,transcripts_by_company/Molina_Healthcare_2005Q2.txt,0.2797786593437195,0.7202213406562805
RHODIA SA,4.0,-0.75,-0.16,transcripts_by_company/Rhodia_SA_2005Q4.txt,0.14027772843837738,0.8597222715616226
MKS INSTRUMENTS INC,4.0,0.4,0.37,transcripts_by_company/MKS_Instruments_Inc_2013Q4.txt,0.09971649944782257,0.9002835005521774
SIGNET JEWELERS LTD,1.0,1.55,1.36,transcripts_by_company/Signet_Jewelers_Ltd_2011Q1.txt,0.08257529139518738,0.9174247086048126
ALBANY INTERNATIONAL CORP,2.0,0.32,0.46,transcripts_by_company/Albany_International_2011Q2.txt,0.2924960255622864,0.7075039744377136
ACACIA COMMUNICATIONS INC,2.0,-0.08,0.36,transcripts_by_company/Acacia_Communications_Inc_2018Q2.txt,0.16097915172576904,0.839020848274231
CVRX INC,2.0,-0.56,-0.63,transcripts_by_company/CVRx_Inc_2023Q2.txt,0.13674233853816986,0.8632576614618301
VIASAT INC,3.0,-0.11,0.16,transcripts_by_company/ViaSat_2002Q3.txt,0.19866733253002167,0.8013326674699783
SPRAGUE RESOURCES LP,4.0,0.28,0.57,transcripts_by_company/Sprague_Resources_LP_2020Q4.txt,0.35547199845314026,0.6445280015468597
CORNING INC,1.0,0.4,0.42,transcripts_by_company/Corning_Incorporated_2019Q1.txt,0.16041859984397888,0.8395814001560211
MIRAGEN THERAPEUTICS INC,4.0,-0.33,-0.3,transcripts_by_company/Miragen_Therapeutics_Inc_2018Q4.txt,0.29513242840766907,0.7048675715923309
CEMEX SAB DE CV,4.0,0.06,-0.01,transcripts_by_company/Bolsa_Mexicana_de_Valores_SAB_de_CV_2020Q4.txt,0.22140224277973175,0.7785977572202682
LOGITECH INTERNATIONAL SA,4.0,0.22,0.64,transcripts_by_company/Logitech_International_2008Q4.txt,0.11330225318670273,0.8866977468132973
RELIANCE INC,4.0,1.05,0.63,transcripts_by_company/Reliance_Steel_and_Aluminum_Co_2009Q4.txt,0.17161825299263,0.82838174700737
SCHNITZER STEEL INDUSTRIES INC,2.0,0.0,0.28,transcripts_by_company/Schnitzer_Steel_Industries_Inc_2015Q2.txt,0.10416588932275772,0.8958341106772423
DYNAMICS RESEARCH CORP,2.0,0.24,0.27,transcripts_by_company/Dynamics_Research_Corporation_2004Q2.txt,0.20974165201187134,0.7902583479881287
TJX COMPANIES INC,3.0,1.17,1.06,transcripts_by_company/The_TJX_Companies_Inc_2018Q3.txt,0.20953169465065002,0.79046830534935
EXTREME NETWORKS INC,2.0,0.1,0.12,transcripts_by_company/Extreme_Networks_Inc_2015Q2.txt,0.09757767617702484,0.9024223238229752
MANHATTAN ASSOCIATES INC,2.0,0.61,0.37,transcripts_by_company/Manhattan_Associates_Inc_2021Q2.txt,0.2185893952846527,0.7814106047153473
ARGO GROUP INTERNATIONAL HOLDING,2.0,0.14,0.8,transcripts_by_company/Argo_Group_International_Holdings_Ltd_2011Q2.txt,0.18790407478809357,0.8120959252119064
BRANDYWINE REALTY TRUST,4.0,0.12,0.04,transcripts_by_company/Brandywine_Realty_Trust_2013Q4.txt,0.15834669768810272,0.8416533023118973
BLACKBAUD INC,2.0,0.85,0.61,transcripts_by_company/Blackbaud_Inc_2020Q2.txt,0.1726292073726654,0.8273707926273346
ACUITY BRANDS INC,2.0,1.37,1.28,transcripts_by_company/Acuity_Brands_Inc_2015Q2.txt,0.2350342571735382,0.7649657428264618
QUALSTAR,4.0,-0.02,-0.07,transcripts_by_company/Qualstar_Corporation_2010Q4.txt,0.3006455898284912,0.6993544101715088
HERC HOLDINGS INC,4.0,1.16,0.75,transcripts_by_company/Herc_Holdings_Inc_2018Q4.txt,0.16187304258346558,0.8381269574165344
ZIX CORP,3.0,-0.07,-0.1,transcripts_by_company/ZIX_Corporation_2006Q3.txt,0.27694836258888245,0.7230516374111176
MYERS INDUSTRIES INC,3.0,0.14,0.16,transcripts_by_company/Myers_Industries_2005Q3.txt,0.1655762493610382,0.8344237506389618
PDF SOLUTIONS INC,3.0,0.21,0.19,transcripts_by_company/PDF_Solutions_2012Q3.txt,0.2957550585269928,0.7042449414730072
AAC HOLDINGS INC,1.0,0.12,0.23,transcripts_by_company/AAC_Technologies_Holdings_Inc_2017Q1.txt,0.032559409737586975,0.967440590262413
BIODELIVERY SCIENCES INTERNATION,2.0,-0.75,1.21,transcripts_by_company/BioDelivery_Sciences_International_Inc_2009Q2.txt,0.22331291437149048,0.7766870856285095
SANDISK CORP,4.0,1.29,1.25,transcripts_by_company/Skanska_AB_2011Q4.txt,0.2596544623374939,0.7403455376625061
PROTHENA CORPORATION PLC,1.0,-0.81,-0.8,transcripts_by_company/Prothena_Corporation_PLC_2016Q1.txt,0.23635521531105042,0.7636447846889496
MERIT MEDICAL SYSTEMS INC,4.0,0.79,0.75,transcripts_by_company/Merit_Medical_Systems_Inc_2022Q4.txt,0.09976054728031158,0.9002394527196884
AMERICAN WATER WORKS COMPANY INC,1.0,0.44,0.41,transcripts_by_company/American_Water_Works_Company_Inc_2015Q1.txt,0.25932979583740234,0.7406702041625977
ARROWHEAD PHARMACEUTICALS INC,3.0,-0.12,-0.2,transcripts_by_company/Arrowhead_Pharmaceuticals_Inc_2018Q3.txt,0.19518251717090607,0.8048174828290939
US UNWIRED INC,4.0,-0.25,-0.36,transcripts_by_company/US_Unwired_2003Q4.txt,0.2502968907356262,0.7497031092643738
INPHI CORP,3.0,0.12,0.1,transcripts_by_company/Inphi_Corporation_2014Q3.txt,0.0868430882692337,0.9131569117307663
NUCOR CORP,3.0,6.5,4.42,transcripts_by_company/Nucor_Corporation_2022Q3.txt,0.2632003128528595,0.7367996871471405
INNERWORKINGS INC,3.0,0.1,0.11,transcripts_by_company/InnerWorkings_Inc_2012Q3.txt,0.09786350280046463,0.9021364971995354
DXP ENTERPRISES INC,4.0,0.61,0.49,transcripts_by_company/DXP_Enterprises_Inc_2011Q4.txt,0.13722538948059082,0.8627746105194092
TRUPANION INC,3.0,0.01,-0.03,transcripts_by_company/Trupanion_Inc_2017Q3.txt,0.25330257415771484,0.7466974258422852
AUTOMATIC DATA PROCESSING INC,2.0,0.42,0.46,transcripts_by_company/Automatic_Data_Processing_2010Q2.txt,0.09768717736005783,0.9023128226399422
ESSENDANT INC,3.0,1.0,1.0,transcripts_by_company/Essendant_Inc_2015Q3.txt,0.3311935067176819,0.6688064932823181
TELENAV INC,3.0,0.29,0.22,transcripts_by_company/TeleNav_Inc_2010Q3.txt,0.13228395581245422,0.8677160441875458
TEXAS INSTRUMENTS INC,2.0,1.48,1.2,transcripts_by_company/Texas_Instruments_Incorporated_2020Q2.txt,0.35223355889320374,0.6477664411067963
JIVE SOFTWARE INC,2.0,-0.14,-0.08,transcripts_by_company/Jive_Software_Inc_2013Q2.txt,0.1306246817111969,0.8693753182888031
STR HOLDINGS INC,4.0,-0.09,0.11,transcripts_by_company/STR_Holdings_Inc_2012Q4.txt,0.1407570093870163,0.8592429906129837
CF INDUSTRIES HOLDINGS INC,4.0,3.27,1.09,transcripts_by_company/CF_Industries_Holdings_Inc_2021Q4.txt,0.19478219747543335,0.8052178025245667
AGIOS PHARMACEUTICALS INC,1.0,-0.13,-0.59,transcripts_by_company/Agios_Pharmaceuticals_Inc_2015Q1.txt,0.2558828294277191,0.7441171705722809
M/I HOMES INC,1.0,1.09,0.71,transcripts_by_company/MI_Homes_Inc_2020Q1.txt,0.37579065561294556,0.6242093443870544
GALP ENERGIA SGPS SA,2.0,0.18,0.16,transcripts_by_company/Galp_Energia_SGPS_SA_2017Q2.txt,0.10830871015787125,0.8916912898421288
TRAEGER INC,2.0,0.04,0.02,transcripts_by_company/Traeger_Inc_2023Q2.txt,0.24445557594299316,0.7555444240570068
OMEGA HEALTHCARE INVESTORS INC,2.0,-0.05,0.09,transcripts_by_company/Omega_HealthCare_Investors_2005Q2.txt,0.3375056982040405,0.6624943017959595
HARVARD BIOSCIENCE INC,4.0,0.07,0.35,transcripts_by_company/Harvard_Bioscience_Inc_2008Q4.txt,0.31391164660453796,0.686088353395462
LIBBEY INC,4.0,-0.02,0.35,transcripts_by_company/Libbey_Inc_2017Q4.txt,0.2303989827632904,0.7696010172367096
ADVANCE AUTO PARTS INC,2.0,2.27,2.38,transcripts_by_company/Advance_Auto_Parts_Inc_2015Q2.txt,0.2708876430988312,0.7291123569011688
MANTECH INTERNATIONAL CORP,1.0,0.81,0.59,transcripts_by_company/ManTech_International_Corporation_2020Q1.txt,0.31475719809532166,0.6852428019046783
ONESPAWORLD HOLDINGS LTD,4.0,0.09,0.12,transcripts_by_company/OneSpaWorld_Holdings_Limited_2019Q4.txt,0.299696147441864,0.700303852558136
PALL CORP,1.0,0.26,0.31,transcripts_by_company/Pall_Corp_2004Q1.txt,0.21280762553215027,0.7871923744678497
BANK OF NOVA SCOTIA,4.0,0.95,0.94,transcripts_by_company/Bank_of_Nova_Scotia_2007Q4.txt,0.26697614789009094,0.7330238521099091
TEREX CORP,3.0,0.82,1.11,transcripts_by_company/Terex_Corporation_2019Q3.txt,0.11580371856689453,0.8841962814331055
SIMULATIONS PLUS INC,4.0,0.11,0.11,transcripts_by_company/Simulations_Plus_Inc_2019Q4.txt,0.322355180978775,0.677644819021225
ADAPTIVE BIOTECHNOLOGIES CORP,1.0,-0.4,-0.44,transcripts_by_company/Adaptive_Biotechnologies_Corporation_2023Q1.txt,0.24848482012748718,0.7515151798725128
SCOTTS CO,3.0,0.02,0.03,transcripts_by_company/The_Scotts_Miracle-Gro_Company_2006Q3.txt,0.14915554225444794,0.8508444577455521
MANHATTAN ASSOCIATES INC,2.0,0.88,0.69,transcripts_by_company/Manhattan_Associates_Inc_2023Q2.txt,0.2630653977394104,0.7369346022605896
BROADMARK REALTY CAPITAL INC,3.0,0.18,0.29,transcripts_by_company/Broadmark_Realty_Capital_Inc_2020Q3.txt,0.06290654093027115,0.9370934590697289
PORTOLA PHARMACEUTICALS INC,1.0,-0.88,-0.8,transcripts_by_company/Portola_Pharmaceuticals_Inc_2020Q1.txt,0.22278352081775665,0.7772164791822433
NATIONAL RETAIL PROPERTIES INC,4.0,0.26,0.24,transcripts_by_company/National_Retail_Properties_Inc_2011Q4.txt,0.1343717724084854,0.8656282275915146
"POSEIDA THERAPEUTICS, INC.",3.0,-0.35,-0.51,transcripts_by_company/Poseida_Therapeutics_2023Q3.txt,0.13094331324100494,0.8690566867589951
ROKU INC,1.0,0.54,-0.35,transcripts_by_company/Roku_Inc_2021Q1.txt,0.22102463245391846,0.7789753675460815
VALUECLICK INC,2.0,0.15,0.15,transcripts_by_company/ValueClick_Inc_2010Q2.txt,0.3254566192626953,0.6745433807373047
PAXSON COMMUNICATIONS,2.0,-0.25,-0.83,transcripts_by_company/Paxson_Communications_2003Q2.txt,0.19141560792922974,0.8085843920707703
ANSYS INC,2.0,1.55,1.62,transcripts_by_company/ANSYS_Inc_2020Q2.txt,0.3071458339691162,0.6928541660308838
ROSLYN BANCORP,1.0,0.5,0.47,transcripts_by_company/Roslyn_2003Q1.txt,0.21851402521133423,0.7814859747886658
TIMKEN CO,4.0,0.84,1.17,transcripts_by_company/The_Timken_Company_2019Q4.txt,0.20925074815750122,0.7907492518424988
MENS WEARHOUSE INC,1.0,0.67,0.56,transcripts_by_company/Mens_Wearhouse_2006Q1.txt,0.26186084747314453,0.7381391525268555
GRUPO MODELO SA,3.0,0.07,0.07,transcripts_by_company/Grupo_Modelo_2006Q3.txt,0.10098667442798615,0.8990133255720139
DISH NETWORK CORP,1.0,0.7,0.61,transcripts_by_company/DISH_Network_Corporation_2009Q1.txt,0.13384057581424713,0.8661594241857529
MORGAN STANLEY DEAN WITTER,4.0,-2.34,1.52,transcripts_by_company/Stanley_Inc_2008Q4.txt,0.3151840269565582,0.6848159730434418
CRAWFORD  CO,3.0,0.21,0.19,transcripts_by_company/Crawford_and_Company_2019Q3.txt,0.16662535071372986,0.8333746492862701
SILICOM LIMITED,2.0,0.42,0.36,transcripts_by_company/Silicom_Ltd_2021Q2.txt,0.22341188788414001,0.77658811211586
QWEST COMMUNICATIONS INTL,2.0,0.13,0.1,transcripts_by_company/Qwest_2007Q2.txt,0.11677159368991852,0.8832284063100815
CATERPILLAR INC,1.0,2.37,2.09,transcripts_by_company/Caterpillar_Inc_2012Q1.txt,0.22430744767189026,0.7756925523281097
CRONOS GROUP INC,1.0,1.58,0.48,transcripts_by_company/Cronos_Group_Inc_2019Q1.txt,0.1811312735080719,0.8188687264919281
LARIMAR THERAPEUTICS INC,4.0,-0.3,-0.25,transcripts_by_company/Larimar_Therapeutics_Inc_CurrentQ4.txt,0.09489279985427856,0.9051072001457214
AMERICAN WATER WORKS COMPANY INC,4.0,0.32,0.4,transcripts_by_company/American_Water_Works_Company_Inc_2012Q4.txt,0.13359543681144714,0.8664045631885529
ALLSTATE CORP,4.0,0.5,1.11,transcripts_by_company/The_Allstate_Corporation_2010Q4.txt,0.2682349979877472,0.7317650020122528
BLUCORA INC,3.0,-0.12,-0.19,transcripts_by_company/Blucora_Inc_2017Q3.txt,0.08549070358276367,0.9145092964172363
EBIX INC,3.0,0.92,0.95,transcripts_by_company/Ebix_Inc_2018Q3.txt,0.1955212652683258,0.8044787347316742
DESARROLLADORA HOMEX SA DE CV,2.0,1.26,0.91,transcripts_by_company/Desarrolladora_Homex_2008Q2.txt,0.11976422369480133,0.8802357763051987
ASLAN PHARMACEUTICALS LTD,3.0,-0.12,-0.12,transcripts_by_company/Basilea_Pharmaceutica_AG_2021Q3.txt,0.3345092833042145,0.6654907166957855
ORMAT TECHNOLOGIES INC,3.0,0.52,0.46,transcripts_by_company/ORMAT_Technologies_Inc_2009Q3.txt,0.2050148993730545,0.7949851006269455
MET-PRO CORP,1.0,0.16,0.17,transcripts_by_company/Met-Pro_Corporation_2013Q1.txt,0.08165708929300308,0.9183429107069969
HEADWATERS,2.0,0.03,0.04,transcripts_by_company/Headwaters_Inc_2012Q2.txt,0.2835037410259247,0.7164962589740753
PAYCOM SOFTWARE INC,1.0,1.9,1.83,transcripts_by_company/Paycom_Software_Inc_2022Q1.txt,0.23651213943958282,0.7634878605604172
FISERV INC,4.0,0.42,0.41,transcripts_by_company/Fiserv_Inc_2003Q4.txt,0.12493707239627838,0.8750629276037216
MONMOUTH REAL ESTATE INVESTMENT,2.0,0.07,0.05,transcripts_by_company/Monmouth_Real_Estate_Investment_Corporation_2014Q2.txt,0.12805376946926117,0.8719462305307388
GEOPARK HOLDINGS LTD,1.0,0.3,0.17,transcripts_by_company/GeoPark_Limited_2018Q1.txt,0.2648886442184448,0.7351113557815552
VERSUM MATERIALS INC,4.0,0.55,0.62,transcripts_by_company/Versum_Materials_Inc_2018Q4.txt,0.27828189730644226,0.7217181026935577
MAMMA.COM INC,2.0,-0.07,-0.07,transcripts_by_company/Mammacom_Inc_2007Q2.txt,0.41743534803390503,0.582564651966095
BUCYRUS INTERNATIONAL INC,1.0,1.09,0.95,transcripts_by_company/BUCYRUS_INTERNATIONAL_INC_2008Q1.txt,0.12631432712078094,0.873685672879219
CBIZ INC,4.0,0.04,-0.01,transcripts_by_company/CBIZ_Inc_2017Q4.txt,0.15200047194957733,0.8479995280504227
RETAILMENOT INC,3.0,0.12,0.19,transcripts_by_company/RetailMeNot_Inc_2015Q3.txt,0.3844519853591919,0.6155480146408081
BM TECHNOLOGIES INC,2.0,0.15,0.22,transcripts_by_company/Parade_Technologies_Ltd_2022Q2.txt,0.20870788395404816,0.7912921160459518
ENTEGRIS INC,4.0,0.23,0.17,transcripts_by_company/Entegris_Inc_2010Q4.txt,0.15514206886291504,0.844857931137085
PENNYMAC MORTGAGE INVESTMENT TRU,4.0,0.7,0.57,transcripts_by_company/PennyMac_Mortgage_Investment_Trust_2011Q4.txt,0.2600235641002655,0.7399764358997345
UNITED TECHNOLOGIES CORP,2.0,1.7,1.58,transcripts_by_company/United_Technologies_2013Q2.txt,0.19047503173351288,0.8095249682664871
EVERGREEN SOLAR INC,3.0,-0.4,0.01,transcripts_by_company/Evergreen_Solar_2009Q3.txt,0.27456995844841003,0.72543004155159
ROCKWELL COLLINS INC,1.0,1.34,1.34,transcripts_by_company/Rockwell_Collins_Inc_2017Q1.txt,0.305372416973114,0.694627583026886
ALBANY MOLECULAR RESEARCH,2.0,-0.02,-0.02,transcripts_by_company/Albany_Molecular_Research_Inc_2011Q2.txt,0.1369866579771042,0.8630133420228958
AMIS HOLDINGS INC,2.0,0.16,0.17,transcripts_by_company/AMIS_Holdings_2007Q2.txt,0.09763914346694946,0.9023608565330505
AUDIOCODES LTD,2.0,0.09,0.08,transcripts_by_company/AudioCodes_Ltd_2008Q2.txt,0.05969427525997162,0.9403057247400284
EXAR CORP,3.0,0.1,0.11,transcripts_by_company/Exar_Corporation_2013Q3.txt,0.21262656152248383,0.7873734384775162
CEPHALON INC,3.0,1.61,0.86,transcripts_by_company/Cephalon_Inc_2006Q3.txt,0.15924939513206482,0.8407506048679352
ELECTROGLAS INCORPORATED,3.0,-0.1,-0.21,transcripts_by_company/Electroglas_Inc_2004Q3.txt,0.12313400954008102,0.876865990459919
BIG LOTS INC,3.0,0.48,0.43,transcripts_by_company/Big_Lots_Inc_2010Q3.txt,0.24422487616539001,0.75577512383461
AUTOLIV INC,4.0,1.39,0.2,transcripts_by_company/Autoliv_2009Q4.txt,0.16411517560482025,0.8358848243951797
ALLEGION PLC,2.0,1.11,1.02,transcripts_by_company/Allegion_plc_2017Q2.txt,0.09703604876995087,0.9029639512300491
CORPORATE OFFICE PROPERTIES,4.0,0.16,0.16,transcripts_by_company/Corporate_Office_Properties_Trust_2012Q4.txt,0.1593407243490219,0.8406592756509781
DEUTSCHE TELEKOM AG,4.0,1.73,1.81,transcripts_by_company/Deutsche_Telekom_AG_CurrentQ4.txt,0.22723734378814697,0.772762656211853
AFTERMARKET TECHNOLOGY CORP,4.0,0.56,0.55,transcripts_by_company/Aftermarket_Technology_Corp_2002Q4.txt,0.3558727204799652,0.6441272795200348
CREE INC,1.0,0.03,0.18,transcripts_by_company/Cree_Inc_2007Q1.txt,0.11704041063785553,0.8829595893621445
MONTEREY PASTA COMPANY,2.0,-0.04,0.04,transcripts_by_company/Monterey_Pasta_2004Q2.txt,0.2543419897556305,0.7456580102443695
LOGITECH INTERNATIONAL SA,3.0,1.87,0.53,transcripts_by_company/Logitech_International_SA_2020Q3.txt,0.2649528682231903,0.7350471317768097
SURMODICS INC,1.0,0.08,0.16,transcripts_by_company/SurModics_Inc_2011Q1.txt,0.32096847891807556,0.6790315210819244
FOOT LOCKER INC,1.0,1.37,1.31,transcripts_by_company/Foot_Locker_Inc_2017Q1.txt,0.338479608297348,0.661520391702652
OMNICOM GROUP INC,1.0,1.14,1.05,transcripts_by_company/Omnicom_Group_Inc_2018Q1.txt,0.11330939829349518,0.8866906017065048
BUCA INC,2.0,-0.15,-0.09,transcripts_by_company/BUCA_Inc_2008Q2.txt,0.15393909811973572,0.8460609018802643
INFOSYS LTD,2.0,0.67,0.69,transcripts_by_company/Infosys_Technologies_Ltd_2011Q2.txt,0.1387404054403305,0.8612595945596695
HERCULES CAPITAL INC,3.0,0.3,0.31,transcripts_by_company/Hercules_Technology_Growth_Capital_Inc_2014Q3.txt,0.10401139408349991,0.8959886059165001
AVANT IMMUNOTHERAPEUTICS INC,3.0,-0.08,-0.07,transcripts_by_company/AVANT_Immunotherapeutics_2006Q3.txt,0.31603333353996277,0.6839666664600372
FISERV INC,1.0,0.84,0.83,transcripts_by_company/Fiserv_Inc_2019Q1.txt,0.21576593816280365,0.7842340618371964
ANALOG DEVICES INC,1.0,1.42,1.06,transcripts_by_company/Analog_Devices_Inc_2018Q1.txt,0.34414103627204895,0.655858963727951
CELERA CORP,4.0,0.02,0.03,transcripts_by_company/Celera_Genomics_2009Q4.txt,0.08379068970680237,0.9162093102931976
TTM TECHNOLOGIES INC,4.0,-0.02,0.04,transcripts_by_company/TTM_Technologies_Inc_2002Q4.txt,0.23123836517333984,0.7687616348266602
GAP INC,3.0,0.18,0.68,transcripts_by_company/The_Gap_Inc_2022Q3.txt,0.42246875166893005,0.57753124833107
ADVENT SOFTWARE INC,2.0,0.21,0.2,transcripts_by_company/Advent_Software_Inc_2011Q2.txt,0.2799493372440338,0.7200506627559662
TREX COMPANY INC,2.0,1.07,0.58,transcripts_by_company/Trex_Company_Inc_2010Q2.txt,0.2000865340232849,0.7999134659767151
SVB FINANCIAL GROUP,4.0,5.06,4.96,transcripts_by_company/SVB_Financial_Group_2019Q4.txt,0.16796903312206268,0.8320309668779373
C3.AI INC,1.0,-0.13,-0.16,transcripts_by_company/C3ai_Inc_2021Q1.txt,0.06708963215351105,0.932910367846489
AIR LEASE CORP,4.0,1.24,1.31,transcripts_by_company/Air_Lease_Corporation_2018Q4.txt,0.2108287513256073,0.7891712486743927
ATRICURE INC,4.0,-0.36,-0.2,transcripts_by_company/AtriCure_Inc_2015Q4.txt,0.027524668723344803,0.9724753312766552
NATIONAL INSTRUMENTS CORP,2.0,0.14,0.26,transcripts_by_company/National_Instruments_Corporation_2004Q2.txt,0.28885504603385925,0.7111449539661407
MACK-CALI REALTY CORP,1.0,0.24,0.18,transcripts_by_company/Mack-Cali_Realty_Corporation_2012Q1.txt,0.23628512024879456,0.7637148797512054
ASCENDIS PHARMA A/S,4.0,-2.64,-1.51,transcripts_by_company/Ascendis_Pharma_AS_2020Q4.txt,0.16081607341766357,0.8391839265823364
KARUNA THERAPEUTICS INC,4.0,-3.01,-3.25,transcripts_by_company/Karuna_Therapeutics_Inc_CurrentQ4.txt,0.26616770029067993,0.7338322997093201
DARLING INGREDIENTS INC,2.0,0.06,0.25,transcripts_by_company/Darling_Ingredients_Inc_2015Q2.txt,0.11958332359790802,0.880416676402092
FREDDIE MAC,2.0,-1.63,-0.04,transcripts_by_company/Freddie_Mac_2008Q2.txt,0.08305805176496506,0.9169419482350349
COMSCORE INC,4.0,-0.02,0.11,transcripts_by_company/comScore_2010Q4.txt,0.3770908713340759,0.6229091286659241
VANDA PHARMACEUTICALS INC,3.0,0.11,0.09,transcripts_by_company/Vanda_Pharmaceuticals_Inc_2010Q3.txt,0.1757534146308899,0.8242465853691101
IMPLANT SCIENCES CORP,1.0,-0.08,-0.04,transcripts_by_company/Implant_Sciences_Corporation_2015Q1.txt,0.29427140951156616,0.7057285904884338
EQUITY BANCSHARES INC,2.0,0.34,0.39,transcripts_by_company/Equity_Bancshares_Inc_2016Q2.txt,0.17444252967834473,0.8255574703216553
CONTAINER STORE GROUP INC,4.0,0.42,0.04,transcripts_by_company/The_Container_Store_Group_Inc_2020Q4.txt,0.16263310611248016,0.8373668938875198
NETSCOUT SYSTEMS INC,4.0,0.6,0.63,transcripts_by_company/NetScout_Systems_Inc_2016Q4.txt,0.27110087871551514,0.7288991212844849
MARATHON PETROLEUM CORP,3.0,1.94,2.74,transcripts_by_company/Marathon_Petroleum_Corporation_2015Q3.txt,0.1817929446697235,0.8182070553302765
RENT-A-CENTER INC,3.0,0.51,0.47,transcripts_by_company/Rent-A-Center_2006Q3.txt,0.19679313898086548,0.8032068610191345
DOUBLE EAGLE PETROLEUM CO,4.0,-0.06,0.01,transcripts_by_company/Double_Eagle_Petroleum_Co_2011Q4.txt,0.30992233753204346,0.6900776624679565
"TC PIPELINES, LP",2.0,0.31,0.47,transcripts_by_company/TC_PipeLines_LP_2009Q2.txt,0.20792247354984283,0.7920775264501572
AMERIGROUP CORP,2.0,0.68,0.62,transcripts_by_company/AMERIGROUP_Corporation_2008Q2.txt,0.137960746884346,0.862039253115654
O2MICRO INTERNATIONAL LTD,3.0,-0.05,-0.02,transcripts_by_company/O2Micro_International_Limited_2017Q3.txt,0.34484753012657166,0.6551524698734283
EXTREME NETWORKS INC,4.0,0.03,0.09,transcripts_by_company/Extreme_Networks_2012Q4.txt,0.29065537452697754,0.7093446254730225
REPLIGEN CORP,3.0,1.31,-0.02,transcripts_by_company/Repligen_Corporation_2007Q3.txt,0.19575399160385132,0.8042460083961487
VF CORP,2.0,1.11,1.19,transcripts_by_company/VF_Corporation_2012Q2.txt,0.12708760797977448,0.8729123920202255
ENERGIZER HOLDINGS INC,1.0,1.19,0.87,transcripts_by_company/Energizer_Inc_2007Q1.txt,0.2806333005428314,0.7193666994571686
CAPITAL LEASE FUNDING INC,4.0,0.04,0.16,transcripts_by_company/Capital_Lease_Funding_2005Q4.txt,0.32243216037750244,0.6775678396224976
LEGGETT  PLATT INC,4.0,0.26,0.19,transcripts_by_company/Leggett_and_Platt_Incorporated_2009Q4.txt,0.1732369214296341,0.8267630785703659
SIMULATIONS PLUS INC,2.0,0.2,0.14,transcripts_by_company/Simulations_Plus_Inc_2022Q2.txt,0.2923851013183594,0.7076148986816406
KNOVA SOFTWARE INC,2.0,0.03,-0.01,transcripts_by_company/Knova_Software_Inc_2006Q2.txt,0.15585224330425262,0.8441477566957474
SYMYX TECHNOLOGIES INC,1.0,-0.27,0.11,transcripts_by_company/Symyx_Technologies_Inc_2010Q1.txt,0.31494423747062683,0.6850557625293732
ADVA AG OPTICAL NETWORKING,4.0,-0.34,0.2,transcripts_by_company/ADVA_Optical_Networking_2006Q4.txt,0.2607848048210144,0.7392151951789856
INTEVAC INC,3.0,0.58,0.65,transcripts_by_company/Intevac_Inc_2010Q3.txt,0.2057727724313736,0.7942272275686264
SVB FINANCIAL GROUP,4.0,1.37,1.29,transcripts_by_company/SVB_Financial_Group_2014Q4.txt,0.0938352569937706,0.9061647430062294
NEWMONT CORPORATION,1.0,0.74,1.18,transcripts_by_company/Newmont_Corporation_2021Q1.txt,0.12554249167442322,0.8744575083255768
TRIMAS CORP,1.0,0.3,0.3,transcripts_by_company/TriMas_Corporation_2017Q1.txt,0.1380990743637085,0.8619009256362915
SOUTH STATE CORP,2.0,1.18,1.12,transcripts_by_company/South_State_Corporation_2016Q2.txt,0.082588791847229,0.917411208152771
SERVICENOW INC,3.0,1.55,1.38,transcripts_by_company/ServiceNow_Inc_2021Q3.txt,0.15551453828811646,0.8444854617118835
SLM CORP,4.0,0.41,0.2,transcripts_by_company/SLM_Corporation_2009Q4.txt,0.10422393679618835,0.8957760632038116
TD AMERITRADE HOLDING CORP,1.0,0.4,0.4,transcripts_by_company/TD_Ameritrade_Holding_Corporation_2017Q1.txt,0.13033360242843628,0.8696663975715637
RADIOSHACK CORPORATION,2.0,-0.98,-0.36,transcripts_by_company/RadioShack_Corporation_2014Q2.txt,0.3346408009529114,0.6653591990470886
ALEXANDRIA REAL ESTATE EQUITIES,1.0,0.3,0.46,transcripts_by_company/Alexandria_Real_Estate_Equities_Inc_2012Q1.txt,0.07701213657855988,0.9229878634214401
SEITEL INC,2.0,0.08,0.01,transcripts_by_company/Seitel_2006Q2.txt,0.17373360693454742,0.8262663930654526
KYTHERA BIOPHARMACEUTICALS,1.0,-1.24,-0.62,transcripts_by_company/KYTHERA_Biopharmaceuticals_Inc_2015Q1.txt,0.3055647313594818,0.6944352686405182
NAVARRE CORP,2.0,-0.07,0.01,transcripts_by_company/Navarre_2013Q2.txt,0.303610235452652,0.696389764547348
INTEGRATED SILICON SOLUTION INC,3.0,0.0,0.02,transcripts_by_company/Integrated_Silicon_Solution_Inc_2006Q3.txt,0.3961014747619629,0.6038985252380371
ARCIMOTO INC,1.0,-0.34,-0.17,transcripts_by_company/Arcimoto_Inc_2022Q1.txt,0.15314091742038727,0.8468590825796127
ASPEN INSURANCE HOLDINGS LTD,3.0,0.93,0.51,transcripts_by_company/Aspen_Insurance_Holdings_Limited_2015Q3.txt,0.14496417343616486,0.8550358265638351
NATIONAL FUEL GAS CO N J,2.0,0.72,0.47,transcripts_by_company/National_Fuel_Gas_Company_2008Q2.txt,0.1268780529499054,0.8731219470500946
SFL CORPORATION LTD,2.0,0.45,0.24,transcripts_by_company/Scales_Corporation_Limited_2022Q2.txt,0.2645096480846405,0.7354903519153595
SEARS HOLDINGS CORP,4.0,-1.99,-3.09,transcripts_by_company/Sears_Holdings_Corp_2012Q4.txt,0.25869640707969666,0.7413035929203033
HIGHWOODS PROPERTIES INC,1.0,0.27,0.25,transcripts_by_company/Highwoods_Properties_Inc_2016Q1.txt,0.2080911248922348,0.7919088751077652
COMPUTER TASK GROUP INC,1.0,0.2,0.2,transcripts_by_company/Computer_Task_Group_Inc_2012Q1.txt,0.1315857172012329,0.8684142827987671
"ETHAN ALLEN INTERIORS, INC.",4.0,0.27,0.48,transcripts_by_company/Ethan_Allen_Interiors_Inc_2019Q4.txt,0.11112305521965027,0.8888769447803497
"VAALCO ENERGY, INC.",1.0,0.03,0.12,transcripts_by_company/VAALCO_ENERGY_INC_2008Q1.txt,0.20114091038703918,0.7988590896129608
INTEST CORP,4.0,0.34,0.31,transcripts_by_company/inTEST_Corporation_2022Q4.txt,0.2609279751777649,0.7390720248222351
SIMON PROPERTY GROUP INC,2.0,1.52,1.16,transcripts_by_company/Simon_Property_Group_Inc_2015Q2.txt,0.14560817182064056,0.8543918281793594
CLAYTON WILLIAMS ENERGY INC.,3.0,0.9,0.79,transcripts_by_company/Williams_2013Q3.txt,0.29016977548599243,0.7098302245140076
PLUM CREEK TIMBER COMPANY INC,3.0,0.36,0.33,transcripts_by_company/Plum_Creek_Timber_Company_Inc_2012Q3.txt,0.08785757422447205,0.912142425775528
QUANTERIX CORP,3.0,-0.41,-0.25,transcripts_by_company/Quanterix_Corporation_2018Q3.txt,0.3231622278690338,0.6768377721309662
LIQUIDITY SERVICES INC,2.0,0.31,0.44,transcripts_by_company/Liquidity_Services_Inc_2014Q2.txt,0.05835740268230438,0.9416425973176956
TOWER GROUP INC,1.0,0.6,0.68,transcripts_by_company/Tower_Group_Inc_2008Q1.txt,0.10474619269371033,0.8952538073062897
GROWGENERATION CORP,1.0,-0.1,-0.1,transcripts_by_company/GrowGeneration_Corp_2023Q1.txt,0.42140719294548035,0.5785928070545197
BANCO SANTANDER BRASIL SA,3.0,0.172,0.15,transcripts_by_company/Banco_Santander_SA_2014Q3.txt,0.29029467701911926,0.7097053229808807
CUBIC CORP,4.0,-0.23,0.26,transcripts_by_company/Cubic_Corporation_2018Q4.txt,0.15913456678390503,0.840865433216095
AMERICA MOVIL SA DE CV,4.0,0.39,0.2,transcripts_by_company/America_Movil_2002Q4.txt,0.2034483551979065,0.7965516448020935
SHIRE LTD,1.0,2.84,2.42,transcripts_by_company/Shire_plc_2015Q1.txt,0.17074955999851227,0.8292504400014877
@ROAD,3.0,0.02,0.02,transcripts_by_company/Road_2003Q3.txt,0.3878595232963562,0.6121404767036438
ESTEE LAUDER COMPANIES INC,3.0,0.28,0.47,transcripts_by_company/The_EstÃe_Lauder_Companies_Inc_2005Q3.txt,0.246873140335083,0.753126859664917
PLANTRONICS INC,3.0,0.33,0.47,transcripts_by_company/Plantronics_Inc_2005Q3.txt,0.14637212455272675,0.8536278754472733
NEWPARK RESOURCES INC,4.0,0.1,0.1,transcripts_by_company/Newpark_Resources_Inc_2006Q4.txt,0.33772534132003784,0.6622746586799622
ANADYS PHARMACEUTICALS INC,3.0,-0.16,-0.11,transcripts_by_company/Anadys_Pharmaceuticals_Inc_2011Q3.txt,0.17620645463466644,0.8237935453653336
DARE BIOSCIENCE INC,2.0,0.0,-0.16,transcripts_by_company/Daré_Bioscience_Inc_2022Q2.txt,0.31400275230407715,0.6859972476959229
CARDIONET INC,3.0,-0.12,-0.03,transcripts_by_company/CardioNet_Inc_2012Q3.txt,0.20680023729801178,0.7931997627019882
OCWEN FINANCIAL CORP,4.0,-0.51,-0.05,transcripts_by_company/Ocwen_Financial_Corporation_2018Q4.txt,0.055110156536102295,0.9448898434638977
ENERSYS INC,2.0,0.23,0.37,transcripts_by_company/EnerSys_2009Q2.txt,0.3043520748615265,0.6956479251384735
CRESTWOOD MIDSTREAM PARTNERS LP,2.0,0.09,0.36,transcripts_by_company/Crestwood_Midstream_Partners_2012Q2.txt,0.1977599561214447,0.8022400438785553
FIRST INTERSTATE BANCSYSTEM INC,1.0,0.68,0.64,transcripts_by_company/First_Interstate_BancSystem_Inc_2018Q1.txt,0.2625916600227356,0.7374083399772644
JOUNCE THERAPEUTICS INC,1.0,-0.02,-0.09,transcripts_by_company/Jounce_Therapeutics_Inc_2017Q1.txt,0.1535283625125885,0.8464716374874115
GREAT AJAX CORP,2.0,0.36,0.58,transcripts_by_company/Great_Ajax_Corp_2017Q2.txt,0.11714156717061996,0.88285843282938
SPRINKLR INC,4.0,0.02,-0.05,transcripts_by_company/Sprinklr_Inc_2022Q4.txt,0.13142411410808563,0.8685758858919144
OMNICOM GROUP INC,1.0,0.52,0.53,transcripts_by_company/Omnicom_Group_2010Q1.txt,0.154800683259964,0.845199316740036
NEWTEK BUSINESS SERVICES CORP,1.0,0.51,0.35,transcripts_by_company/Newtek_Business_Services_Corp_2015Q1.txt,0.24293264746665955,0.7570673525333405
ANDINA (PFA),4.0,0.51,0.59,transcripts_by_company/Nipuna_2007Q4.txt,0.15174898505210876,0.8482510149478912
BOMBAY COMPANY,1.0,0.11,0.38,transcripts_by_company/Bombay_Company_2006Q1.txt,0.309658020734787,0.690341979265213
SOLERA HOLDINGS INC,2.0,0.81,0.86,transcripts_by_company/Solera_Holdings_Inc_2015Q2.txt,0.230460062623024,0.769539937376976
CADENCE DESIGN SYSTEMS INC,3.0,1.06,0.92,transcripts_by_company/Cadence_Design_Systems_Inc_2022Q3.txt,0.3721823990345001,0.6278176009654999
AVEPOINT INC,1.0,0.0,-0.02,transcripts_by_company/AvePoint_Inc_2023Q1.txt,0.27024975419044495,0.729750245809555
INCONTACT INC,1.0,-0.05,-0.04,transcripts_by_company/inContact_Inc_2009Q1.txt,0.28241485357284546,0.7175851464271545
TRI POINTE GROUP INC,2.0,0.21,0.24,transcripts_by_company/TRI_Pointe_Group_Inc_2017Q2.txt,0.11710238456726074,0.8828976154327393
ZENDESK INC,2.0,0.14,0.2,transcripts_by_company/Zendesk_Inc_2022Q2.txt,0.2036302238702774,0.7963697761297226
VIVOS THERAPEUTICS INC,4.0,-0.34,-0.15,transcripts_by_company/Vivos_Therapeutics_Inc_2021Q4.txt,0.13739319145679474,0.8626068085432053
XM SATELLITE RADIO HOLD,1.0,-0.4,-0.46,transcripts_by_company/XM_Satellite_Radio_2007Q1.txt,0.2896457016468048,0.7103542983531952
OUTOTEC OYJ,3.0,0.05,0.03,transcripts_by_company/Outokumpu_Oyj_2017Q3.txt,0.14643554389476776,0.8535644561052322
BIO-TECHNE CORP,2.0,1.0,1.43,transcripts_by_company/Bio-Techne_Corporation_2020Q2.txt,0.06970997899770737,0.9302900210022926
U.S. PHYSICAL THERAPY INC,3.0,0.62,0.62,transcripts_by_company/US_Physical_Therapy_Inc_2023Q3.txt,0.1415751576423645,0.8584248423576355
CINERGY CORPORATION,2.0,0.36,0.53,transcripts_by_company/Cinergy_Corp_2005Q2.txt,0.1877816617488861,0.8122183382511139
SYNAPTICS INC,4.0,0.57,0.84,transcripts_by_company/Synaptics_Incorporated_CurrentQ4.txt,0.2510491907596588,0.7489508092403412
TRANS1 INC,1.0,-0.25,-0.28,transcripts_by_company/TranS1_Inc_2010Q1.txt,0.209587961435318,0.790412038564682
CUMBERLAND PHARMACEUTICALS INC,1.0,0.03,0.04,transcripts_by_company/Cumberland_Pharmaceuticals_Inc_2011Q1.txt,0.19745969772338867,0.8025403022766113
CHOICE HOTELS INTERNATIONAL INC,4.0,0.99,0.75,transcripts_by_company/Choice_Hotels_International_Inc_2021Q4.txt,0.21647889912128448,0.7835211008787155
DECIPHERA PHARMACEUTICALS INC,1.0,-1.25,-0.75,transcripts_by_company/Deciphera_Pharmaceuticals_Inc_2019Q1.txt,0.059000562876462936,0.9409994371235371
SILGAN HLDGS INC,3.0,1.2,2.14,transcripts_by_company/Silgan_Holdings_2005Q3.txt,0.26576024293899536,0.7342397570610046
IRONWOOD PHARMACEUTICALS INC,4.0,-0.27,-0.23,transcripts_by_company/Ironwood_Pharmaceuticals_Inc_2014Q4.txt,0.1389027088880539,0.8610972911119461
"GALECTO, INC.",2.0,-0.67,-0.57,transcripts_by_company/Galecto_Inc_2022Q2.txt,0.0772385522723198,0.9227614477276802
RR MEDIA LTD,2.0,0.2,0.21,transcripts_by_company/ProSiebenSat1_Media_AG_2008Q2.txt,0.29653263092041016,0.7034673690795898
SIMPLY GOOD FOODS CO,4.0,0.43,0.3,transcripts_by_company/The_Simply_Good_Foods_Company_2021Q4.txt,0.3006128966808319,0.6993871033191681
KE HOLDINGS INC,1.0,0.02,0.34,transcripts_by_company/KE_Holdings_Inc_2022Q1.txt,0.16417759656906128,0.8358224034309387
ADECCO GROUP AG,2.0,0.02,1.03,transcripts_by_company/Aecon_Group_Inc_2020Q2.txt,0.16661907732486725,0.8333809226751328
BG GROUP PLC,3.0,0.92,0.75,transcripts_by_company/ProStrakan_Group_plc_2006Q3.txt,0.1378072053194046,0.8621927946805954
"WEB.COM GROUP, INC",1.0,0.35,0.28,transcripts_by_company/WebCom_Group_Inc_2012Q1.txt,0.16937381029129028,0.8306261897087097
IROBOT CORP,3.0,0.27,0.07,transcripts_by_company/iRobot_Corp_2010Q3.txt,0.2502126693725586,0.7497873306274414
UMB FINANCIAL CORP,1.0,1.14,0.92,transcripts_by_company/UMB_Financial_Corporation_2018Q1.txt,0.16303865611553192,0.8369613438844681
ARKANSAS BEST CORP,4.0,0.56,1.13,transcripts_by_company/Arkansas_Best_Corporation_2006Q4.txt,0.15889886021614075,0.8411011397838593
ENPRO INC,1.0,0.72,1.08,transcripts_by_company/EnPro_Industries_Inc_2019Q1.txt,0.07033231109380722,0.9296676889061928
PFIZER INC,3.0,0.53,0.58,transcripts_by_company/Pfizer_Inc_2012Q3.txt,0.18030740320682526,0.8196925967931747
BUENAVENTURA,1.0,0.39,0.65,transcripts_by_company/Compania_de_Minas_Buenaventura_2004Q1.txt,0.1556011438369751,0.8443988561630249
SPARTON CORP,3.0,0.15,0.24,transcripts_by_company/Sparton_Corp_2011Q3.txt,0.05440371483564377,0.9455962851643562
ENERSYS INC,4.0,0.35,0.2,transcripts_by_company/EnerSys_2007Q4.txt,0.3183695375919342,0.6816304624080658
DICERNA PHARMACEUTICALS INC,2.0,-0.86,-0.61,transcripts_by_company/Dicerna_Pharmaceuticals_Inc_2015Q2.txt,0.2714534401893616,0.7285465598106384
TRANSCONTINENTAL INC,1.0,0.52,0.64,transcripts_by_company/Transcontinental_Inc_2019Q1.txt,0.1405692994594574,0.8594307005405426
COMMVAULT SYSTEMS INC,3.0,0.57,0.62,transcripts_by_company/Commvault_Systems_Inc_2022Q3.txt,0.1372862458229065,0.8627137541770935
FOSSIL GROUP INC,3.0,1.19,1.65,transcripts_by_company/Fossil_Group_Inc_2015Q3.txt,0.11770552396774292,0.8822944760322571
NOVAVAX INC,3.0,-0.12,-0.13,transcripts_by_company/Novavax_Inc_2018Q3.txt,0.14549753069877625,0.8545024693012238
PERRIGO CO,2.0,1.28,1.25,transcripts_by_company/Perrigo_Corporation_2012Q2.txt,0.17773067951202393,0.8222693204879761
JAKKS PACIFIC INC,4.0,1.06,0.75,transcripts_by_company/JAKKS_Pacific_Inc_2007Q4.txt,0.11158014833927155,0.8884198516607285
PNC FINANCIAL SERVICES GROUP INC,3.0,1.84,1.89,transcripts_by_company/The_PNC_Financial_Services_Group_Inc_2016Q3.txt,0.25249606370925903,0.747503936290741
CASELLA WASTE SYSTEMS INC,4.0,-0.17,-0.02,transcripts_by_company/Casella_Waste_Systems_Inc_2015Q4.txt,0.13473264873027802,0.865267351269722
CARPARTS.COM INC,1.0,0.02,0.02,transcripts_by_company/CarPartscom_Inc_2023Q1.txt,0.4058370292186737,0.5941629707813263
OTELCO INC,4.0,0.04,-0.02,transcripts_by_company/Otelco_Inc_2010Q4.txt,0.25360894203186035,0.7463910579681396
UROGEN PHARMA LTD,2.0,-1.17,-1.24,transcripts_by_company/UroGen_Pharma_Ltd_2021Q2.txt,0.05058584734797478,0.9494141526520252
CHEGG INC,4.0,0.55,0.46,transcripts_by_company/Chegg_Inc_2020Q4.txt,0.12383802980184555,0.8761619701981544
FLOWERS FOODS INC,4.0,0.2,0.25,transcripts_by_company/Flowers_Foods_Inc_2014Q4.txt,0.23122191429138184,0.7687780857086182
KELLY SERVICES INC,1.0,0.35,0.21,transcripts_by_company/Kelly_Services_2017Q1.txt,0.29494619369506836,0.7050538063049316
BIO-TECHNE CORP,1.0,1.39,1.33,transcripts_by_company/Bio-Techne_Corporation_2020Q1.txt,0.20458397269248962,0.7954160273075104
VOLVO A B,4.0,0.34,0.64,transcripts_by_company/Volvo_AB_2014Q4.txt,0.24811892211437225,0.7518810778856277
TRIPLEPOINT VENTURE GROWTH BDC C,1.0,0.48,0.35,transcripts_by_company/TriplePoint_Venture_Growth_BDC_Corp_2015Q1.txt,0.1462164968252182,0.8537835031747818
CINEMARK HOLDINGS INC,4.0,0.82,0.53,transcripts_by_company/Cinemark_Holdings_Inc_2017Q4.txt,0.29196998476982117,0.7080300152301788
TIVITY HEALTH INC,4.0,0.3,0.4,transcripts_by_company/Tivity_Health_Inc_2021Q4.txt,0.09697598963975906,0.9030240103602409
MARKETAXESS HOLDINGS INC,2.0,1.0,0.98,transcripts_by_company/MarketAxess_Holdings_Inc_2017Q2.txt,0.2506227195262909,0.7493772804737091
GREEN DOT CORP,1.0,0.83,1.07,transcripts_by_company/Green_Dot_Corporation_2021Q1.txt,0.09567929804325104,0.904320701956749
F5 INC,4.0,0.52,0.4,transcripts_by_company/F5_Networks_2009Q4.txt,0.15257598459720612,0.8474240154027939
ORIC PHARMACEUTICALS INC,1.0,-0.59,-0.65,transcripts_by_company/ORIC_Pharmaceuticals_Inc_2022Q1.txt,0.13578002154827118,0.8642199784517288
TRIMAS CORP,3.0,0.43,0.3,transcripts_by_company/TriMas_Corporation_2020Q3.txt,0.17384684085845947,0.8261531591415405
RPX CORP,3.0,0.19,0.2,transcripts_by_company/RPX_Corporation_2015Q3.txt,0.1244092658162117,0.8755907341837883
AMBARELLA INC,1.0,0.18,0.12,transcripts_by_company/Ambarella_Inc_2013Q1.txt,0.22227279841899872,0.7777272015810013
INTERSECTIONS INC,3.0,0.15,0.14,transcripts_by_company/Intersections_Inc_2006Q3.txt,0.0714571475982666,0.9285428524017334
AFLAC INC,4.0,1.56,1.43,transcripts_by_company/Aflac_Inc_2015Q4.txt,0.15133506059646606,0.8486649394035339
COHU INC,2.0,0.81,0.8,transcripts_by_company/Cohu_Inc_2022Q2.txt,0.2282627522945404,0.7717372477054596
OAKTREE CAPITAL GROUP LLC,1.0,0.93,0.89,transcripts_by_company/Oaktree_Capital_Group_LLC_2018Q1.txt,0.10105063021183014,0.8989493697881699
ELEDON PHARMACEUTICALS INC,1.0,-0.69,-0.57,transcripts_by_company/Eledon_Pharmaceuticals_Inc_2022Q1.txt,0.1852876842021942,0.8147123157978058
AXSOME THERAPEUTICS INC,1.0,-0.88,-0.39,transcripts_by_company/Axsome_Therapeutics_Inc_2020Q1.txt,0.351367712020874,0.648632287979126
WACKER CHEMIE AG,2.0,3.28,1.59,transcripts_by_company/Wacker_Chemie_AG_2021Q2.txt,0.1775149703025818,0.8224850296974182
ELME COMMUNITIES,1.0,-0.04,0.01,transcripts_by_company/Elme_Communities_2023Q1.txt,0.14913491904735565,0.8508650809526443
WHEATON PRECIOUS METALS CORP,1.0,0.21,0.2,transcripts_by_company/Wheaton_Precious_Metals_Corp_2020Q1.txt,0.1721784621477127,0.8278215378522873
EHEALTH INC,2.0,0.12,0.14,transcripts_by_company/eHealth_Inc_2011Q2.txt,0.14899446070194244,0.8510055392980576
BEIGENE LTD,1.0,-4.24,-4.75,transcripts_by_company/BeiGene_Ltd_2022Q1.txt,0.22263103723526,0.77736896276474
AMERICAN EAGLE OUTFITTERS INC,2.0,0.34,0.1,transcripts_by_company/American_Eagle_Outfitters_Inc_2004Q2.txt,0.2503499388694763,0.7496500611305237
NEURONETICS INC,3.0,-0.18,-0.36,transcripts_by_company/Neuronetics_Inc_2020Q3.txt,0.2979268431663513,0.7020731568336487
ATN INTERNATIONAL INC,4.0,0.07,-0.02,transcripts_by_company/ATN_International_Inc_2018Q4.txt,0.31965991854667664,0.6803400814533234
BADGER METER INC,4.0,0.42,0.44,transcripts_by_company/Badger_Meter_2010Q4.txt,0.3759809136390686,0.6240190863609314
TORONTO-DOMINION BANK,2.0,0.85,1.75,transcripts_by_company/The_Toronto-Dominion_Bank_2020Q2.txt,0.24032770097255707,0.7596722990274429
PANDORA MEDIA INC,3.0,0.1,0.11,transcripts_by_company/PANDORA_AS_2015Q3.txt,0.1968979835510254,0.8031020164489746
CUNO INC.,3.0,0.5,0.49,transcripts_by_company/CUNO_Inc_2004Q3.txt,0.13896818459033966,0.8610318154096603
EMBARCADERO TECHNOLOGIES,3.0,0.09,0.07,transcripts_by_company/Embarcadero_Technologies_2005Q3.txt,0.2847338318824768,0.7152661681175232
SS&C TECHNOLOGIES HOLDINGS INC,4.0,0.72,0.68,transcripts_by_company/SSandC_Technologies_Holdings_Inc_2015Q4.txt,0.3034490942955017,0.6965509057044983
GEN-PROBE INC,1.0,0.51,0.43,transcripts_by_company/Gen-Probe_2009Q1.txt,0.12629777193069458,0.8737022280693054
OMNIVISION TECHNOLOGIES INC,1.0,0.69,0.51,transcripts_by_company/OmniVision_Technologies_Inc_2014Q1.txt,0.25013649463653564,0.7498635053634644
HARDINGE INC,1.0,-0.11,0.01,transcripts_by_company/Hardinge_Inc_2015Q1.txt,0.10791318863630295,0.892086811363697
TWIN DISC INC,4.0,0.05,0.25,transcripts_by_company/Twin_Disc_Inc_2013Q4.txt,0.23494620621204376,0.7650537937879562
LIMITED BRANDS INC,3.0,0.29,0.21,transcripts_by_company/Limited_Brands_Inc_2004Q3.txt,0.15449394285678864,0.8455060571432114
IXYS,3.0,0.18,0.12,transcripts_by_company/IXYS_Corporation_2008Q3.txt,0.28892746567726135,0.7110725343227386
IRIDEX CORP,4.0,-0.21,-0.24,transcripts_by_company/IRIDEX_Corporation_2018Q4.txt,0.2692810297012329,0.7307189702987671
LUMBER LIQUIDATORS HOLDINGS INC,1.0,0.2,0.29,transcripts_by_company/Lumber_Liquidators_2011Q1.txt,0.2547297477722168,0.7452702522277832
DERMTECH INC,2.0,-0.99,-0.74,transcripts_by_company/DermTech_Inc_2022Q2.txt,0.36694830656051636,0.6330516934394836
CENTURYLINK INC,1.0,0.93,0.83,transcripts_by_company/CenturyLink_2010Q1.txt,0.1485634446144104,0.8514365553855896
CALIPER LIFE SCIENCES INC,3.0,-0.13,-0.24,transcripts_by_company/Caliper_Life_Sciences_2004Q3.txt,0.27065548300743103,0.729344516992569
AMERICAN AXLE & MANUFACTURING HO,3.0,0.78,0.75,transcripts_by_company/American_Axle_and_Manufacturing_Holdings_Inc_2016Q3.txt,0.2106599360704422,0.7893400639295578
MTU AERO ENGINES AG,2.0,2.21,2.3,transcripts_by_company/MTU_Aero_Engines_AG_2018Q2.txt,0.19753523170948029,0.8024647682905197
AMN HEALTHCARE SERVICES  INC,4.0,0.21,0.2,transcripts_by_company/AMN_Healthcare_Services_Inc_2005Q4.txt,0.184492290019989,0.815507709980011
CNO FINANCIAL GROUP INC,3.0,0.11,0.18,transcripts_by_company/CNO_Financial_Group_Inc_2012Q3.txt,0.048705849796533585,0.9512941502034664
CARMAX INC,3.0,0.62,0.54,transcripts_by_company/CarMax_Inc_2013Q3.txt,0.25904616713523865,0.7409538328647614
SAVARA INC,3.0,-0.1,-0.07,transcripts_by_company/Savaria_Corporation_2023Q3.txt,0.27608150243759155,0.7239184975624084
CARPENTER TECHNOLOGY CORP,1.0,2.53,2.69,transcripts_by_company/Carpenter_Technology_2007Q1.txt,0.2657758295536041,0.7342241704463959
SYMBOL TECHNOLOGIES INC,2.0,0.12,0.12,transcripts_by_company/Symbol_Technologies_Inc_2004Q2.txt,0.34481388330459595,0.655186116695404
CORECIVIC INC,2.0,0.44,0.23,transcripts_by_company/CoreCivic_Inc_2021Q2.txt,0.2283405214548111,0.7716594785451889
AEROPOSTALE INC,1.0,-0.35,0.34,transcripts_by_company/Aeropostale_Inc_2014Q1.txt,0.25775378942489624,0.7422462105751038
CARPARTS.COM INC,2.0,0.07,0.02,transcripts_by_company/CarPartscom_Inc_2022Q2.txt,0.1421215534210205,0.8578784465789795
DIGI INTERNATIONAL INC,2.0,0.09,0.13,transcripts_by_company/Digi_International_Inc_2021Q2.txt,0.04977642372250557,0.9502235762774944
SFL CORPORATION LTD,3.0,0.23,0.27,transcripts_by_company/Scales_Corporation_Limited_2023Q3.txt,0.3241436779499054,0.6758563220500946
ASML HOLDING NV,2.0,0.91,0.74,transcripts_by_company/ASML_Holding_NV_2012Q2.txt,0.16005980968475342,0.8399401903152466
MI DEVELOPMENTS INC.,4.0,0.24,0.51,transcripts_by_company/MI_Developments_Inc_2007Q4.txt,0.07575344294309616,0.9242465570569038
ROCK-TENN COMPANY,2.0,1.44,0.93,transcripts_by_company/Rock-Tenn_Company_2009Q2.txt,0.1339723765850067,0.8660276234149933
TESCO CORP,2.0,0.19,0.15,transcripts_by_company/Tesco_Plc_2011Q2.txt,0.35721632838249207,0.6427836716175079
PHOENIX TECHNOLOGIES LIMITED,3.0,0.0,0.1,transcripts_by_company/Phoenix_Technologies_2003Q3.txt,0.13737961649894714,0.8626203835010529
GENERAL CABLE CORP,4.0,0.29,0.19,transcripts_by_company/General_Cable_Corporation_2005Q4.txt,0.20976431667804718,0.7902356833219528
MENTOR GRAPHICS CORP,1.0,0.07,0.15,transcripts_by_company/Mentor_Graphics_Corporation_2004Q1.txt,0.15343201160430908,0.8465679883956909
W&T OFFSHORE INC,3.0,0.71,1.12,transcripts_by_company/WandT_2006Q3.txt,0.10956224799156189,0.8904377520084381
HAWAIIAN HOLDINGS INC,4.0,1.0,1.17,transcripts_by_company/Hawaiian_Holdings_Inc_2018Q4.txt,0.13379773497581482,0.8662022650241852
GENMARK DIAGNOSTICS INC,4.0,-0.26,-0.13,transcripts_by_company/GenMark_Diagnostics_Inc_2017Q4.txt,0.25356191396713257,0.7464380860328674
SEATTLE GENETICS INC /WA,3.0,3.5,-0.79,transcripts_by_company/Seattle_Genetics_Inc_2020Q3.txt,0.18291258811950684,0.8170874118804932
NOVAVAX INC,4.0,-0.15,-0.14,transcripts_by_company/Novavax_Inc_2007Q4.txt,0.17637154459953308,0.8236284554004669
NEUSTAR INC,1.0,0.32,0.35,transcripts_by_company/NeuStar_Inc_2009Q1.txt,0.22028030455112457,0.7797196954488754
A SCHULMAN INC,2.0,0.42,0.4,transcripts_by_company/A_Schulman_2008Q2.txt,0.21343539655208588,0.7865646034479141
FIRST INDUSTRIAL REALTY TRUST IN,4.0,0.17,0.04,transcripts_by_company/First_Industrial_Realty_Trust_2014Q4.txt,0.17498165369033813,0.8250183463096619
LANDAUER INC,4.0,0.52,0.72,transcripts_by_company/Landauer_Inc_2012Q4.txt,0.14631126821041107,0.8536887317895889
TENARIS SA,4.0,0.54,0.66,transcripts_by_company/Tenaris_SA_2010Q4.txt,0.18555764853954315,0.8144423514604568
TOWNSQUARE MEDIA INC,4.0,0.78,0.35,transcripts_by_company/Townsquare_Media_Inc_2014Q4.txt,0.1864541918039322,0.8135458081960678
EASTGROUP PROPERTIES INC,2.0,0.21,0.22,transcripts_by_company/EastGroup_Properties_2012Q2.txt,0.20933018624782562,0.7906698137521744
UNITED STATES STEEL CORP,1.0,-3.84,4.32,transcripts_by_company/United_States_Steel_Corporation_2009Q1.txt,0.3260003328323364,0.6739996671676636
HUMANA INC,1.0,0.47,0.57,transcripts_by_company/Humana_Inc_2008Q1.txt,0.180832639336586,0.819167360663414
WEST BANCORPORATION INC,1.0,0.23,0.21,transcripts_by_company/West_Bancorporation_Inc_2013Q1.txt,0.11454224586486816,0.8854577541351318
NASDAQ INC,2.0,1.9,1.53,transcripts_by_company/Nasdaq_Inc_2021Q2.txt,0.21216781437397003,0.78783218562603
INTELLIA THERAPEUTICS INC,2.0,-1.33,-1.03,transcripts_by_company/Intellia_Therapeutics_Inc_2022Q2.txt,0.1425749808549881,0.8574250191450119
INDEPENDENT BANK CORP (MASSACHUS,1.0,0.45,0.48,transcripts_by_company/Independent_Bank_Corp_2004Q1.txt,0.21760378777980804,0.782396212220192
BANCO BRADESCO S/A,1.0,0.173,0.17,transcripts_by_company/Bradesco_Seguros_SA_2019Q1.txt,0.23235255479812622,0.7676474452018738
NW NATURAL GAS,3.0,-0.38,-0.28,transcripts_by_company/NW_Natural_2008Q3.txt,0.13246199488639832,0.8675380051136017
TERADYNE INC,1.0,-0.26,-0.15,transcripts_by_company/Teradyne_2003Q1.txt,0.22096717357635498,0.779032826423645
SWS GROUP INC,1.0,0.0,0.08,transcripts_by_company/SWS_Group_Inc_2012Q1.txt,0.16837812960147858,0.8316218703985214
EQUITY LIFESTYLE PROPERTIES INC,1.0,0.52,0.6,transcripts_by_company/Equity_LifeStyle_Properties_2008Q1.txt,0.19655922055244446,0.8034407794475555
EXTENSITY INC,3.0,-0.11,-0.08,transcripts_by_company/Extensity_Inc_2002Q3.txt,0.2996651232242584,0.7003348767757416
CONAGRA FOODS INC,3.0,0.34,0.29,transcripts_by_company/ConAgra_Foods_Inc_2007Q3.txt,0.28736135363578796,0.712638646364212
HUDSON GLOBAL INC,4.0,-0.01,0.04,transcripts_by_company/Hudson_Global_2012Q4.txt,0.23330989480018616,0.7666901051998138
IMPERVA INC,4.0,0.4,0.21,transcripts_by_company/Imperva_Inc_2017Q4.txt,0.16974273324012756,0.8302572667598724
APPLIED MATERIALS INC,4.0,0.18,0.31,transcripts_by_company/Applied_Materials_2008Q4.txt,0.30390122532844543,0.6960987746715546
SYNAPTICS INC,2.0,1.46,0.92,transcripts_by_company/Synaptics_Inc_2014Q2.txt,0.3274387717247009,0.6725612282752991
JACOBS ENGINEERING GROUP INC,4.0,0.76,0.77,transcripts_by_company/Jacobs_Engineering_Group_Inc_2012Q4.txt,0.2680300176143646,0.7319699823856354
VERICEL CORP,1.0,-0.07,-0.03,transcripts_by_company/Vericel_Corporation_2021Q1.txt,0.24838560819625854,0.7516143918037415
LUCID GROUP INC,1.0,-0.37,-0.24,transcripts_by_company/Lucid_Group_Inc_2022Q1.txt,0.08005591481924057,0.9199440851807594
BROOKDALE SENIOR LIVING INC,1.0,-0.23,-0.44,transcripts_by_company/Brookdale_Senior_Living_Inc_2019Q1.txt,0.17277458310127258,0.8272254168987274
7 DAYS GROUP HOLDINGS LTD,1.0,0.09,0.08,transcripts_by_company/7_Days_Group_Holdings_Limited_2011Q1.txt,0.17023904621601105,0.829760953783989
AVALONBAY COMMUNITIES INC,4.0,1.13,1.03,transcripts_by_company/AvalonBay_Communities_Inc_2015Q4.txt,0.28551337122917175,0.7144866287708282
PLANET PAYMENT INC,1.0,0.03,0.02,transcripts_by_company/Planet_Payment_Inc_2015Q1.txt,0.17544905841350555,0.8245509415864944
FORTINET INC,4.0,0.51,0.42,transcripts_by_company/Fortinet_Inc_CurrentQ4.txt,0.2765309512615204,0.7234690487384796
NEWMONT CORPORATION,1.0,0.44,0.59,transcripts_by_company/Newmont_Mining_Corporation_2009Q1.txt,0.13487553596496582,0.8651244640350342
LITTELFUSE INC,4.0,0.67,1.01,transcripts_by_company/Littelfuse_Inc_2011Q4.txt,0.05184435471892357,0.9481556452810764
MYRIAD GENETICS INC,4.0,-0.27,-0.21,transcripts_by_company/Myriad_Genetics_Inc_2002Q4.txt,0.10883581638336182,0.8911641836166382
NXSTAGE MEDICAL INC,3.0,-0.17,-0.16,transcripts_by_company/NxStage_Medical_Inc_2010Q3.txt,0.1660444289445877,0.8339555710554123
CKE RESTAURANTS INC,2.0,0.23,0.29,transcripts_by_company/CKE_Restaurants_2007Q2.txt,0.23162299394607544,0.7683770060539246
ADVANCED DRAINAGE SYSTEMS INC,4.0,0.62,0.25,transcripts_by_company/Advanced_Drainage_Systems_Inc_2020Q4.txt,0.3820708394050598,0.6179291605949402
CRA INTERNATIONAL INC,2.0,0.48,0.41,transcripts_by_company/CRA_International_Inc_2017Q2.txt,0.13049378991127014,0.8695062100887299
DELUXE CHECK PTR,3.0,0.6,0.52,transcripts_by_company/Deluxe_Corporation_2009Q3.txt,0.23315642774105072,0.7668435722589493
FLOTEK INDUSTRIES INC,1.0,0.18,0.45,transcripts_by_company/Flotek_Industries_Inc_2008Q1.txt,0.22795450687408447,0.7720454931259155
SMITH & WESSON HOLDING CORP,4.0,0.02,0.05,transcripts_by_company/Smith_and_Wesson_Holding_Corp_2005Q4.txt,0.45769616961479187,0.5423038303852081
HERCULES CAPITAL INC,4.0,0.47,0.37,transcripts_by_company/Hercules_Capital_Inc_2022Q4.txt,0.1082550436258316,0.8917449563741684
BIOSCRIP INC,2.0,0.05,0.07,transcripts_by_company/BioScrip_Inc_2011Q2.txt,0.17189432680606842,0.8281056731939316
RMR GROUP INC,1.0,0.5,0.61,transcripts_by_company/The_RMR_Group_Inc_2019Q1.txt,0.1824716329574585,0.8175283670425415
RESOURCES CONNECTION INC,3.0,0.11,0.17,transcripts_by_company/Resources_Connection_Inc_2002Q3.txt,0.07847236096858978,0.9215276390314102
CM FINANCE INC,3.0,0.25,0.26,transcripts_by_company/Shriram_Transport_Finance_Company_Limited_2018Q3.txt,0.17484375834465027,0.8251562416553497
BADGER METER INC,4.0,0.48,0.42,transcripts_by_company/Hagemeyer_2003Q4.txt,0.07921987026929855,0.9207801297307014
G1 THERAPEUTICS INC,1.0,-0.7,-0.55,transcripts_by_company/G1_Therapeutics_Inc_2018Q1.txt,0.12029072642326355,0.8797092735767365
AMERICAN WOODMARK CORP,3.0,-0.34,0.04,transcripts_by_company/American_Woodmark_Corp_2009Q3.txt,0.4001907706260681,0.5998092293739319
CORNING INC,2.0,0.25,0.41,transcripts_by_company/Owens_Corning_Fabwel_LLC_2020Q2.txt,0.16867218911647797,0.831327810883522
SEASPAN CORP,2.0,0.18,0.28,transcripts_by_company/Seaspan_Corporation_2013Q2.txt,0.29738664627075195,0.702613353729248
STARBUCKS CORP,1.0,0.16,0.19,transcripts_by_company/Starbucks_2009Q1.txt,0.18585936725139618,0.8141406327486038
REGENXBIO INC,3.0,0.43,-0.65,transcripts_by_company/REGENXBIO_Inc_2020Q3.txt,0.2683155834674835,0.7316844165325165
GLOBAL PARTNERS LP,1.0,0.51,0.54,transcripts_by_company/Global_Partners_LP_2013Q1.txt,0.1656835377216339,0.8343164622783661
CUBESMART,4.0,0.15,0.01,transcripts_by_company/CubeSmart_2013Q4.txt,0.14878444373607635,0.8512155562639236
REYNOLDS AMERICAN INC,1.0,0.86,0.78,transcripts_by_company/Reynolds_American_Inc_2015Q1.txt,0.04371627792716026,0.9562837220728397
WILLBROS GROUP INCORPORATED,4.0,0.46,0.45,transcripts_by_company/Willbros_Group_Inc_2002Q4.txt,0.1435367912054062,0.8564632087945938
DMC GLOBAL INC,1.0,1.02,0.5,transcripts_by_company/DMC_Global_Inc_2019Q1.txt,0.2459898442029953,0.7540101557970047
TOWN SPORTS INTERNATIONAL HOLDIN,1.0,-0.06,0.2,transcripts_by_company/Town_Sports_International_Holdings_Inc_2014Q1.txt,0.31755122542381287,0.6824487745761871
MFA FINANCIAL INC,1.0,0.19,0.18,transcripts_by_company/MFA_Financial_Inc_2019Q1.txt,0.24419237673282623,0.7558076232671738
OMEGA HEALTHCARE INVESTORS INC,4.0,0.19,0.25,transcripts_by_company/Omega_Healthcare_Investors_Inc_2008Q4.txt,0.37110650539398193,0.6288934946060181
SYMMETRY MEDICAL INC,4.0,0.15,0.3,transcripts_by_company/Symmetry_Medical_Inc_2006Q4.txt,0.37068724632263184,0.6293127536773682
INTUITIVE SURGICAL INC,2.0,5.62,4.93,transcripts_by_company/Intuitive_Surgical_Inc_2016Q2.txt,0.07057840377092361,0.9294215962290764
DOMINO'S PIZZA INC,2.0,0.47,0.46,transcripts_by_company/Dominos_Pizza_Inc_2012Q2.txt,0.22028261423110962,0.7797173857688904
BOEING CO,1.0,-1.53,0.02,transcripts_by_company/The_Boeing_Company_2021Q1.txt,0.12277442216873169,0.8772255778312683
IDACORP INC.,3.0,1.8,1.56,transcripts_by_company/IdaCorp_Inc_2017Q3.txt,0.22403211891651154,0.7759678810834885
LANDEC CORP,3.0,-0.03,-0.03,transcripts_by_company/Landec_Corporation_2004Q3.txt,0.1624528467655182,0.8375471532344818
STANDEX INTERNATIONAL CORP,2.0,1.4,1.09,transcripts_by_company/Standex_International_Corporation_2021Q2.txt,0.11734770983457565,0.8826522901654243
ENERSYS INC,4.0,1.01,1.45,transcripts_by_company/EnerSys_2021Q4.txt,0.10997175425291061,0.8900282457470894
KOPIN CORP,1.0,-0.14,-0.08,transcripts_by_company/Kopin_Corporation_2019Q1.txt,0.307333379983902,0.692666620016098
GREAT LAKES DREDGE & DOCK CORP,1.0,-0.14,0.05,transcripts_by_company/Great_Lakes_Dredge_and_Dock_Corp_2015Q1.txt,0.26873138546943665,0.7312686145305634
MEDIS TECHNOLOGIES,2.0,-0.44,-0.26,transcripts_by_company/Medis_Technologies_Ltd_2008Q2.txt,0.32270488142967224,0.6772951185703278
BP AMOCO PLC,2.0,1.66,1.64,transcripts_by_company/BP_2010Q2.txt,0.12764093279838562,0.8723590672016144
ITURAN LOCATION AND CONTROL LTD,1.0,0.24,0.29,transcripts_by_company/Ituran_Location_and_Control_Ltd_2012Q1.txt,0.21239732205867767,0.7876026779413223
CROSSFIRST BANKSHARES INC,2.0,0.33,0.3,transcripts_by_company/CrossFirst_Bankshares_Inc_2022Q2.txt,0.09190957993268967,0.9080904200673103
FINANCIAL ENGINES INC,4.0,0.17,0.08,transcripts_by_company/Financial_Engines_Inc_2010Q4.txt,0.21742799878120422,0.7825720012187958
METABASIS THERAPEUTICS INC,1.0,-0.28,-0.34,transcripts_by_company/Metabasis_Therapeutics_Inc_2007Q1.txt,0.2793337106704712,0.7206662893295288
ALICO INC,2.0,0.08,0.65,transcripts_by_company/Alibabacom_2009Q2.txt,0.11441989988088608,0.8855801001191139
METHANEX CORP,1.0,2.03,0.76,transcripts_by_company/Methanex_Corporation_2018Q1.txt,0.13344720005989075,0.8665527999401093
JOS A BANK CLOTHIERS INC,4.0,0.63,0.49,transcripts_by_company/Jos_A_Bank_Clothiers_2009Q4.txt,0.4100998640060425,0.5899001359939575
NETFLIX INC,4.0,2.11,2.15,transcripts_by_company/Netflix_Inc_2023Q4.txt,0.22733056545257568,0.7726694345474243
GENERAL GROWTH PROPERTIES INC,3.0,0.13,0.1,transcripts_by_company/General_Growth_Properties_2015Q3.txt,0.16268502175807953,0.8373149782419205
ANTERO RESOURCES CORP,4.0,0.3,0.52,transcripts_by_company/Antero_Resources_Corp_2014Q4.txt,0.09974578768014908,0.9002542123198509
MONGODB INC,2.0,-0.43,-0.45,transcripts_by_company/MongoDB_Inc_2018Q2.txt,0.26689407229423523,0.7331059277057648
ENTERGY CORP,2.0,0.83,1.36,transcripts_by_company/Entergy_Corporation_2015Q2.txt,0.09409681707620621,0.9059031829237938
TEREX CORP,2.0,-0.38,0.96,transcripts_by_company/Terex_Corp_2009Q2.txt,0.3075162470340729,0.6924837529659271
CORESITE REALTY CORP,3.0,0.46,0.41,transcripts_by_company/CoreSite_Realty_Corporation_2017Q3.txt,0.22310411930084229,0.7768958806991577
TRIMAS CORP,3.0,0.51,0.54,transcripts_by_company/TriMas_Corporation_2012Q3.txt,0.19431613385677338,0.8056838661432266
CIRRUS LOGIC INC,1.0,0.41,0.51,transcripts_by_company/Cirrus_Logic_2014Q1.txt,0.24581201374530792,0.7541879862546921
BANCORP INC,2.0,0.22,0.19,transcripts_by_company/Fifth_Third_Bancorp_2006Q2.txt,0.017949743196368217,0.9820502568036318
JACOBS ENGINEERING GROUP INC,2.0,0.68,0.66,transcripts_by_company/Jacobs_Engineering_Group_Inc_2005Q2.txt,0.24732668697834015,0.7526733130216599
INTER PARFUMS INC,1.0,0.22,0.19,transcripts_by_company/Inter_Parfums_Inc_2010Q1.txt,0.20174886286258698,0.798251137137413
BROOKDALE SENIOR LIVING INC,1.0,2.0,-0.17,transcripts_by_company/Brookdale_Senior_Living_Inc_2020Q1.txt,0.17646442353725433,0.8235355764627457
INTERNATIONAL GAME TECHNOLOGY,2.0,0.26,0.22,transcripts_by_company/International_Game_Technology_Management_2011Q2.txt,0.10737253725528717,0.8926274627447128
CENTURYTEL INC,4.0,0.61,0.59,transcripts_by_company/CenturyTel_Inc_2005Q4.txt,0.22965316474437714,0.7703468352556229
COLGATE-PALMOLIVE CO,4.0,0.69,0.68,transcripts_by_company/Colgate-Palmolive_2005Q4.txt,0.13491638004779816,0.8650836199522018
ITEOS THERAPEUTICS INC,3.0,-0.9,-1.14,transcripts_by_company/iTeos_Therapeutics_Inc_2023Q3.txt,0.2762550413608551,0.7237449586391449
PEGASYSTEMS INC,4.0,0.08,0.06,transcripts_by_company/Pegasystems_Inc_2008Q4.txt,0.11694210767745972,0.8830578923225403
CINCINNATI FINANCIAL CORP,4.0,0.7,0.83,transcripts_by_company/Cincinnati_Financial_2006Q4.txt,0.143233984708786,0.856766015291214
ATRICURE INC,1.0,-0.15,-0.24,transcripts_by_company/AtriCure_Inc_2019Q1.txt,0.15151339769363403,0.848486602306366
COVETRUS INC,4.0,0.26,0.23,transcripts_by_company/Covetrus_Inc_2021Q4.txt,0.11087217926979065,0.8891278207302094
STEVANATO GROUP SPA,2.0,0.14,0.13,transcripts_by_company/Stevanato_Group_SpA_2023Q2.txt,0.0812954530119896,0.9187045469880104
VAIL RESORTS INC,1.0,3.14,2.82,transcripts_by_company/Vail_Resorts_Inc_2016Q1.txt,0.22419114410877228,0.7758088558912277
"NETEASE, INC",3.0,0.89,0.59,transcripts_by_company/NetEase_2005Q3.txt,0.09781426936388016,0.9021857306361198
MRO SOFTWARE INC,1.0,0.08,0.06,transcripts_by_company/MRO_Software_Inc_2004Q1.txt,0.06665422767400742,0.9333457723259926
TESLA MOTORS INC,2.0,0.11,0.31,transcripts_by_company/Tesla_Motors_Inc_2014Q2.txt,0.34966832399368286,0.6503316760063171
REGAL-BELOIT,3.0,1.09,1.06,transcripts_by_company/Regal-Beloit_Corporation_2008Q3.txt,0.2891484200954437,0.7108515799045563
COCA-COLA FEMSA SAB DE CV,4.0,1.65,1.66,transcripts_by_company/Coca-Cola_FEMSA_SAB_de_CV_2012Q4.txt,0.21996256709098816,0.7800374329090118
EL POLLO LOCO HOLDINGS INC,3.0,0.18,0.17,transcripts_by_company/El_Pollo_Loco_Holdings_Inc_2015Q3.txt,0.10272745043039322,0.8972725495696068
COGENT COMMUNICATIONS HOLDINGS I,4.0,0.16,0.26,transcripts_by_company/Cogent_Communications_Holdings_Inc_2019Q4.txt,0.21064776182174683,0.7893522381782532
AMERIPRISE FINANCIAL INC,4.0,1.21,0.99,transcripts_by_company/Ameriprise_Financial_Inc_2010Q4.txt,0.20757247507572174,0.7924275249242783
FLEXIBLE SOLUTIONS INTERNATIONAL,1.0,0.02,0.04,transcripts_by_company/Flexible_Solutions_International_Inc_2012Q1.txt,0.3443002998828888,0.6556997001171112
DEALERTRACK HOLDINGS INC,2.0,0.31,0.29,transcripts_by_company/DealerTrack_Holdings_Inc_2012Q2.txt,0.19180205464363098,0.808197945356369
FRANKLIN ELECTRIC CO INC,4.0,0.33,0.66,transcripts_by_company/Franklin_Electric_2007Q4.txt,0.14245368540287018,0.8575463145971298
GLADSTONE CAPITAL CORP,1.0,0.18,0.21,transcripts_by_company/Gladstone_Capital_Corp_2015Q1.txt,0.1816747486591339,0.8183252513408661
STANDEX INTERNATIONAL CORP,4.0,1.74,1.65,transcripts_by_company/Standex_International_Corporation_2022Q4.txt,0.2220717966556549,0.7779282033443451
KIRKLAND'S INC,3.0,-0.11,0.01,transcripts_by_company/Kirklands_Inc_2012Q3.txt,0.3760209381580353,0.6239790618419647
DECKERS OUTDOOR CORP,1.0,-0.08,0.09,transcripts_by_company/Deckers_Outdoor_Corporation_2014Q1.txt,0.33323338627815247,0.6667666137218475
DEMANDTEC INC,3.0,0.02,0.03,transcripts_by_company/DemandTec_Inc_2009Q3.txt,0.06893245875835419,0.9310675412416458
WATSON WYATT & CO HOLDINGS,1.0,0.42,0.41,transcripts_by_company/Watson_Wyatt_2004Q1.txt,0.2416815310716629,0.7583184689283371
BLACK BOX CORPORATION,3.0,0.37,0.59,transcripts_by_company/Black_Box_Corporation_2014Q3.txt,0.099452905356884,0.900547094643116
GREENLANE HOLDINGS INC,4.0,-0.63,-0.04,transcripts_by_company/Greenlane_Holdings_Inc_2020Q4.txt,0.04116950184106827,0.9588304981589317
EDISON INTERNATIONAL,3.0,1.09,1.16,transcripts_by_company/Edison_International_2009Q3.txt,0.09613703191280365,0.9038629680871964
HUMANA INC,1.0,1.22,0.9,transcripts_by_company/Humana_2009Q1.txt,0.17068254947662354,0.8293174505233765
SVB FINANCIAL GROUP,3.0,5.1,3.63,transcripts_by_company/SVB_Financial_Group_2018Q3.txt,0.1623207926750183,0.8376792073249817
RUBIUS THERAPEUTICS INC,3.0,-0.51,-0.59,transcripts_by_company/Rubius_Therapeutics_Inc_2020Q3.txt,0.16818077862262726,0.8318192213773727
YATRA ONLINE INC,3.0,-0.084,-0.05,transcripts_by_company/Yatra_Online_Inc_2019Q3.txt,0.11414264142513275,0.8858573585748672
INARI MEDICAL INC,3.0,-0.19,-0.07,transcripts_by_company/Inari_Medical_Inc_2022Q3.txt,0.08065694570541382,0.9193430542945862
NVIDIA CORP,2.0,0.21,0.16,transcripts_by_company/NVIDIA_2014Q2.txt,0.16319631040096283,0.8368036895990372
ELLINGTON FINANCIAL INC,2.0,0.46,0.39,transcripts_by_company/Ellington_Financial_Inc_2019Q2.txt,0.20581215620040894,0.7941878437995911
CEDAR FAIR LP,3.0,3.3,2.79,transcripts_by_company/Cedar_Fair_LP_2013Q3.txt,0.09698756039142609,0.9030124396085739
MANHATTAN ASSOCIATES INC,1.0,0.36,0.17,transcripts_by_company/Manhattan_Associates_2010Q1.txt,0.15178561210632324,0.8482143878936768
STEELCASE INC-CL A,4.0,0.0,0.01,transcripts_by_company/Steelcase_Inc_2009Q4.txt,0.12020053714513779,0.8797994628548622
FINANCIAL ENGINES INC,4.0,0.38,0.36,transcripts_by_company/Financial_Engines_Inc_2017Q4.txt,0.23005741834640503,0.769942581653595
ATHERSYS INC,4.0,-0.18,-0.16,transcripts_by_company/Athersys_Inc_2011Q4.txt,0.12949199974536896,0.870508000254631
MARTIN MIDSTREAM PARTNERS LP,2.0,0.33,0.45,transcripts_by_company/Martin_Midstream_Partners_LP_2013Q2.txt,0.15033699572086334,0.8496630042791367
ACACIA COMMUNICATIONS INC,1.0,0.1,0.51,transcripts_by_company/Acacia_Communications_Inc_2018Q1.txt,0.18040397763252258,0.8195960223674774
INTELIDATA TECHNOLOGIES CORP,1.0,-0.03,-0.01,transcripts_by_company/InteliData_Technologies_2004Q1.txt,0.2984183728694916,0.7015816271305084
GP STRATEGIES CORP,3.0,0.3,0.44,transcripts_by_company/GP_Strategies_Corporation_2015Q3.txt,0.20723819732666016,0.7927618026733398
AMERIGON INC,3.0,-0.01,-0.01,transcripts_by_company/Amerigon_2003Q3.txt,0.15100497007369995,0.8489950299263
FREEPORT-MCMORAN INC,2.0,0.14,0.42,transcripts_by_company/Freeport-McMoRan_Inc_2015Q2.txt,0.08719845116138458,0.9128015488386154
CARA THERAPEUTICS INC,1.0,-0.52,-0.55,transcripts_by_company/Cara_Therapeutics_Inc_2022Q1.txt,0.15968658030033112,0.8403134196996689
PARNELL PHARMACEUTICALS HOLDINGS,4.0,-0.62,-0.26,transcripts_by_company/Parnell_Pharmaceuticals_Holdings_Ltd_2015Q4.txt,0.1198805421590805,0.8801194578409195
XPENG INC,2.0,-3.16,-1.85,transcripts_by_company/XPeng_Inc_2022Q2.txt,0.07083413004875183,0.9291658699512482
EATON CORP,4.0,1.66,1.6,transcripts_by_company/Eaton_Vance_Corp_2006Q4.txt,0.18304939568042755,0.8169506043195724
ARKANSAS BEST CORP,1.0,-0.52,-0.18,transcripts_by_company/Arkansas_Best_Corp_2013Q1.txt,0.11617685109376907,0.8838231489062309
VERTRO INC,2.0,0.1,0.01,transcripts_by_company/Vertro_Inc_2010Q2.txt,0.1956464946269989,0.8043535053730011
PRUDENTIAL FINANCIAL INC,2.0,0.91,1.38,transcripts_by_company/Prudential_Financial_Inc_2010Q2.txt,0.33206337690353394,0.6679366230964661
TE CONNECTIVITY LTD,3.0,0.93,0.89,transcripts_by_company/TE_Connectivity_Ltd_2013Q3.txt,0.336993545293808,0.663006454706192
SKYWEST INC,2.0,-3.54,1.75,transcripts_by_company/SkyWest_Inc_2020Q2.txt,0.22052304446697235,0.7794769555330276
TRANSDIGM GROUP INC,2.0,0.87,0.79,transcripts_by_company/TransDigm_Group_Incorporated_2009Q2.txt,0.03888119384646416,0.9611188061535358
Q2 HOLDINGS INC,3.0,0.03,-0.03,transcripts_by_company/Q2_Holdings_Inc_2017Q3.txt,0.24939636886119843,0.7506036311388016
GENPACT LTD,1.0,0.53,0.49,transcripts_by_company/Genpact_Limited_2020Q1.txt,0.17600825428962708,0.8239917457103729
BEYOND INC,2.0,0.19,0.78,transcripts_by_company/Beyond_Meat_Inc_2022Q2.txt,0.4181329309940338,0.5818670690059662
PANTRY INC.,4.0,-0.54,0.04,transcripts_by_company/The_Pantry_Inc_2010Q4.txt,0.36327746510505676,0.6367225348949432
EQUITY RESIDENTIAL PROPERTY TRUS,1.0,0.19,0.23,transcripts_by_company/Equity_Residential_2022Q1.txt,0.13188578188419342,0.8681142181158066
ROCK-TENN COMPANY,1.0,1.27,1.89,transcripts_by_company/RockTenn_Company_2014Q1.txt,0.05504939705133438,0.9449506029486656
NEUROCRINE BIOSCIENCES INC,4.0,-0.51,-0.65,transcripts_by_company/Neurocrine_Biosciences_Inc_2016Q4.txt,0.31107544898986816,0.6889245510101318
AFFIMED NV,4.0,-0.17,-0.13,transcripts_by_company/Affimed_NV_2020Q4.txt,0.253429651260376,0.746570348739624
ARMSTRONG WORLD INDUSTRIES INC,1.0,0.0,0.26,transcripts_by_company/Armstrong_World_Industries_Inc_2009Q1.txt,0.2267850786447525,0.7732149213552475
CIMAREX ENERGY CO,1.0,0.77,1.3,transcripts_by_company/Cimarex_Energy_Co_2007Q1.txt,0.073692187666893,0.926307812333107
GLOBAL SOURCES LTD.,4.0,0.17,0.23,transcripts_by_company/SES_Global_SA_2007Q4.txt,0.33257293701171875,0.6674270629882812
ON ASSIGNMENT INC,2.0,0.78,0.73,transcripts_by_company/On_Assignment_Inc_2017Q2.txt,0.08134423196315765,0.9186557680368423
SYNPLICITY,1.0,-0.04,0.04,transcripts_by_company/Synplicity_2006Q1.txt,0.20882225036621094,0.7911777496337891
HANCOCK WHITNEY CORP,4.0,1.55,1.13,transcripts_by_company/Hancock_Whitney_Corporation_2021Q4.txt,0.35073041915893555,0.6492695808410645
BRIDGEPOINT EDUCATION INC,3.0,0.38,0.23,transcripts_by_company/Bridgepoint_Education_2009Q3.txt,0.17290209233760834,0.8270979076623917
LOCAL.COM CORP,3.0,0.27,0.14,transcripts_by_company/Localcom_Corporation_2010Q3.txt,0.1865590214729309,0.8134409785270691
SYNTAX-BRILLIAN CORP,2.0,0.11,0.14,transcripts_by_company/Syntax-Brillian_2007Q2.txt,0.2512419521808624,0.7487580478191376
NEW ENGLAND BUSINESS SVCS,1.0,0.48,0.49,transcripts_by_company/New_England_Business_Service_2004Q1.txt,0.2514910101890564,0.7485089898109436
MEREDITH CORP,3.0,0.69,0.62,transcripts_by_company/Meredith_Corporation_2017Q3.txt,0.07895755022764206,0.9210424497723579
SARATOGA INVESTMENT CORP,3.0,0.53,0.46,transcripts_by_company/Saratoga_Investment_Corporation_2016Q3.txt,0.06536583602428436,0.9346341639757156
STMICROELECTRONICS NV,3.0,0.34,0.33,transcripts_by_company/STMicroelectronics_NV_2019Q3.txt,0.25728797912597656,0.7427120208740234
DORAL FINANCIAL CORP,1.0,0.28,1.04,transcripts_by_company/Doral_Financial_2005Q1.txt,0.21096225082874298,0.789037749171257
CORINTHIAN COLLEGES INC,1.0,0.15,0.08,transcripts_by_company/Corinthian_Colleges_Inc_2012Q1.txt,0.10636324435472488,0.8936367556452751
MTS SYSTEMS CORP,4.0,0.41,0.55,transcripts_by_company/MTS_Systems_Corporation_2017Q4.txt,0.1486174315214157,0.8513825684785843
BARFRESH FOOD GROUP INC,3.0,0.0,-0.01,transcripts_by_company/Barfresh_Food_Group_Inc_2019Q3.txt,0.2962394952774048,0.7037605047225952
PENN VIRGINIA CORP,4.0,0.68,1.17,transcripts_by_company/Penn_Virginia_Corporation_2003Q4.txt,0.32795894145965576,0.6720410585403442
WORKIVA INC,3.0,-0.12,-0.12,transcripts_by_company/Workiva_Inc_2019Q3.txt,0.18078798055648804,0.819212019443512
RCI HOSPITALITY HOLDINGS INC,1.0,0.65,0.5,transcripts_by_company/RCI_Hospitality_Holdings_Inc_2018Q1.txt,0.10734181851148605,0.892658181488514
TUPPERWARE BRANDS CORP,4.0,-0.24,0.65,transcripts_by_company/Tupperware_Brands_Corporation_2022Q4.txt,0.19768141210079193,0.8023185878992081
PLAYTEX PRODUCTS INC.,4.0,0.07,0.03,transcripts_by_company/Playtex_Products_Inc_2006Q4.txt,0.3796536922454834,0.6203463077545166
XILINX INC,2.0,0.63,0.58,transcripts_by_company/Xilinx_Inc_2017Q2.txt,0.17618563771247864,0.8238143622875214
WAGEWORKS INC,2.0,0.36,0.34,transcripts_by_company/WageWorks_Inc_2016Q2.txt,0.24112968146800995,0.75887031853199
NATIONAL BANK HOLDINGS CORP,4.0,0.87,0.85,transcripts_by_company/National_Bank_Holdings_Corporation_2023Q4.txt,0.21750672161579132,0.7824932783842087
AMERICAN STATES WATER CO,1.0,0.53,0.43,transcripts_by_company/American_States_Water_2012Q1.txt,0.1987888365983963,0.8012111634016037
HOSPIRA INC,2.0,0.73,0.63,transcripts_by_company/Hospira_Inc_2009Q2.txt,0.21528369188308716,0.7847163081169128
STEINWAY MUSICAL INSTRUMENTS INC,3.0,0.13,0.13,transcripts_by_company/Steinway_Musical_2009Q3.txt,0.3820834457874298,0.6179165542125702
MGM RESORTS INTERNATIONAL,3.0,-1.39,0.19,transcripts_by_company/MGM_Resorts_International_2022Q3.txt,0.14108385145664215,0.8589161485433578
ROSS STORES INC,4.0,0.31,0.31,transcripts_by_company/Ross_Stores_2006Q4.txt,0.2686849534511566,0.7313150465488434
SYNERON MEDICAL LTD,3.0,0.03,0.09,transcripts_by_company/Syneron_Medical_2015Q3.txt,0.1400584727525711,0.8599415272474289
VCA ANTECH INC,1.0,0.34,0.35,transcripts_by_company/VCA_Antech_Inc_2012Q1.txt,0.2818281352519989,0.7181718647480011
BIG 5 SPORTING GOODS CORP,2.0,0.08,0.2,transcripts_by_company/Big_5_Sporting_Goods_Corp_2008Q2.txt,0.14795561134815216,0.8520443886518478
GRUBHUB INC,4.0,0.19,0.44,transcripts_by_company/GrubHub_Inc_2018Q4.txt,0.1982163041830063,0.8017836958169937
ADAPTIMMUNE THERAPEUTICS PLC,3.0,-0.3,-0.27,transcripts_by_company/Adaptimmune_Therapeutics_plc_2021Q3.txt,0.09230831265449524,0.9076916873455048
LUBY'S INC.,4.0,-0.1,-0.05,transcripts_by_company/Lubys_Inc_2014Q4.txt,0.25882887840270996,0.74117112159729
BLACK DIAMOND INC,2.0,-0.11,-0.04,transcripts_by_company/Black_Diamond_Group_Limited_2017Q2.txt,0.13160623610019684,0.8683937638998032
LITHIA MOTORS INC,4.0,1.42,1.26,transcripts_by_company/Lithia_Motors_Inc_2014Q4.txt,0.2136886715888977,0.7863113284111023
EASTGROUP PROPERTIES INC,2.0,1.09,0.81,transcripts_by_company/EastGroup_Properties_Inc_2022Q2.txt,0.1709519326686859,0.8290480673313141
GREEN MOUNTAIN COFFEE INC.,2.0,0.52,0.74,transcripts_by_company/Green_Mountain_Coffee_Roasters_Inc_2012Q2.txt,0.12343291938304901,0.876567080616951
UNITED INDUSTRIAL CORP LTD,4.0,0.73,2.29,transcripts_by_company/United_Industrial_Corp_2005Q4.txt,0.33504199981689453,0.6649580001831055
GIGAMON INC,4.0,0.37,0.33,transcripts_by_company/Gigamon_Inc_2016Q4.txt,0.15709419548511505,0.842905804514885
ASSETMARK FINANCIAL HOLDINGS INC,4.0,0.31,0.24,transcripts_by_company/AssetMark_Financial_Holdings_Inc_2020Q4.txt,0.07807181030511856,0.9219281896948814
CHECKPOINT SYSTEMS INC,3.0,0.3,0.28,transcripts_by_company/Checkpoint_Systems_2010Q3.txt,0.12163174152374268,0.8783682584762573
NAPCO SECURITY TECHNOLOGIES INC,2.0,0.2,0.16,transcripts_by_company/Napco_Security_Technologies_Inc_2022Q2.txt,0.1515357792377472,0.8484642207622528
CALYXT INC,2.0,-0.05,-0.15,transcripts_by_company/Calyxt_Inc_2022Q2.txt,0.26480647921562195,0.735193520784378
LENNOX INTERNATIONAL INC,3.0,0.72,0.86,transcripts_by_company/Lennox_International_2009Q3.txt,0.06987562030553818,0.9301243796944618
SUBURBAN PROPANE PARTNERS LP,1.0,3.48,3.0,transcripts_by_company/Suburban_Propane_Partners_LP_2009Q1.txt,0.23728232085704803,0.762717679142952
EQUITABLE RESOURCES INC,3.0,0.73,0.35,transcripts_by_company/Equitable_Resources_Inc_2008Q3.txt,0.1846509426832199,0.8153490573167801
COOPER CAMERON CORP,3.0,0.6,0.46,transcripts_by_company/Cooper_Cameron_2004Q3.txt,0.37585124373435974,0.6241487562656403
PDI INC,2.0,0.09,0.31,transcripts_by_company/PDI_Inc_2005Q2.txt,0.11822722852230072,0.8817727714776993
VIASAT INC,4.0,0.49,0.33,transcripts_by_company/ViaSat_Inc_2014Q4.txt,0.2360033541917801,0.7639966458082199
DIGITAL REALTY TRUST INC,1.0,0.32,0.03,transcripts_by_company/Digital_Realty_Trust_Inc_2007Q1.txt,0.19663023948669434,0.8033697605133057
DRUGSTORE.COM INC,4.0,-0.07,-0.02,transcripts_by_company/drugstorecom_2004Q4.txt,0.1464530974626541,0.8535469025373459
COGNITION THERAPEUTICS INC,2.0,-0.25,-0.3,transcripts_by_company/Cognition_Therapeutics_Inc_2022Q2.txt,0.12094055116176605,0.879059448838234
SELECTA BIOSCIENCES INC,1.0,-0.21,-0.3,transcripts_by_company/Selecta_Biosciences_Inc_2020Q1.txt,0.28782251477241516,0.7121774852275848
AVALONBAY COMMUNITIES INC,2.0,0.49,0.41,transcripts_by_company/Avalonbay_Communities_2011Q2.txt,0.16265207529067993,0.8373479247093201
RADIOSHACK CORPORATION,3.0,-1.11,-0.23,transcripts_by_company/RadioShack_Corp_2013Q3.txt,0.3472975194454193,0.6527024805545807
SYNTA PHARMACEUTICALS CORP,3.0,-0.3,-0.29,transcripts_by_company/Synta_Pharmaceuticals_2011Q3.txt,0.10233418643474579,0.8976658135652542
METLIFE INC,1.0,0.78,0.76,transcripts_by_company/MetLife_Inc_2004Q1.txt,0.22255507111549377,0.7774449288845062
VERTEX INC,4.0,0.08,0.07,transcripts_by_company/Vertex_Pharmaceuticals_Incorporated_2020Q4.txt,0.10807925462722778,0.8919207453727722
AEVA TECHNOLOGIES INC,4.0,-0.15,-0.1,transcripts_by_company/Aeva_Technologies_Inc_2021Q4.txt,0.07709146291017532,0.9229085370898247
TRELLEBORG AB,2.0,3.36,3.6,transcripts_by_company/Trelleborg_AB_publ_2019Q2.txt,0.1932682991027832,0.8067317008972168
FINLAY ENTERPRISES,1.0,2.75,2.87,transcripts_by_company/Finlay_Enterprises_Inc_2003Q1.txt,0.21871507167816162,0.7812849283218384
BLACKBAUD INC,3.0,0.23,0.23,transcripts_by_company/Blackbaud_Inc_2007Q3.txt,0.27069196105003357,0.7293080389499664
VERIZON COMMUNICATION,4.0,0.58,0.7,transcripts_by_company/Verizon_2003Q4.txt,0.05925312265753746,0.9407468773424625
ORACLE CORP,3.0,0.53,0.52,transcripts_by_company/Oracle_Corp_2012Q3.txt,0.14387978613376617,0.8561202138662338
DIAMOND FOODS INC,4.0,0.67,0.59,transcripts_by_company/Diamond_Foods_Inc_2008Q4.txt,0.1064717024564743,0.8935282975435257
NETIQ CORP,2.0,0.0,0.05,transcripts_by_company/NetIQ_2005Q2.txt,0.44175219535827637,0.5582478046417236
LIVEPERSON INC,2.0,0.06,0.04,transcripts_by_company/LivePerson_Inc_2009Q2.txt,0.15727435052394867,0.8427256494760513
CABELAS INC,3.0,0.7,0.7,transcripts_by_company/Cabelas_Inc_2013Q3.txt,0.32534584403038025,0.6746541559696198
FIRST SOLAR INC,1.0,-0.55,0.88,transcripts_by_company/First_Solar_Inc_2015Q1.txt,0.2121989130973816,0.7878010869026184
ALIGHT INC,4.0,0.2,0.21,transcripts_by_company/Elsight_Limited_2022Q4.txt,0.16902241110801697,0.830977588891983
BRP GROUP INC,1.0,0.19,0.1,transcripts_by_company/BRP_Inc_2020Q1.txt,0.1707005500793457,0.8292994499206543
KIRBY CORP,3.0,0.65,0.67,transcripts_by_company/Kirby_Corporation_2022Q3.txt,0.2680109441280365,0.7319890558719635
LYONDELLBASELL INDUSTRIES NV,4.0,2.16,2.29,transcripts_by_company/LyondellBasell_Industries_NV_2016Q4.txt,0.4116609990596771,0.5883390009403229
TWEEN BRANDS INC,2.0,0.39,0.41,transcripts_by_company/Tween_Brands_Inc_2007Q2.txt,0.2411259263753891,0.7588740736246109
SNC-LAVALIN GROUP 'A',3.0,0.71,0.71,transcripts_by_company/SNC-Lavalin_Group_Inc_2018Q3.txt,0.15296614170074463,0.8470338582992554
BARK INC,1.0,-0.15,-0.05,transcripts_by_company/BARK_Inc_2022Q1.txt,0.39315885305404663,0.6068411469459534
ALLERGAN INC,3.0,1.23,1.2,transcripts_by_company/Allergan_2013Q3.txt,0.09471049904823303,0.905289500951767
CANADIAN SOLAR INC,4.0,0.35,0.16,transcripts_by_company/Canadian_Solar_Inc_2009Q4.txt,0.29959458112716675,0.7004054188728333
STRAYER EDUCATION,4.0,1.21,1.0,transcripts_by_company/Strayer_Education_Inc_2014Q4.txt,0.3275238275527954,0.6724761724472046
ASTRAZENECA PLC,1.0,1.58,1.3,transcripts_by_company/AstraZeneca_2009Q1.txt,0.23805317282676697,0.761946827173233
INNOSPEC INC,1.0,1.42,1.51,transcripts_by_company/Innospec_Inc_2020Q1.txt,0.21420568227767944,0.7857943177223206
MANTECH INTERNATIONAL CORP,3.0,0.86,0.93,transcripts_by_company/ManTech_International_Corporation_2010Q3.txt,0.11445407569408417,0.8855459243059158
FURMANITE CORP,2.0,0.14,0.13,transcripts_by_company/Furmanite_Corporation_2011Q2.txt,0.20697535574436188,0.7930246442556381
CONOCOPHILLIPS,3.0,2.87,1.54,transcripts_by_company/ConcoPhillips_2004Q3.txt,0.170390322804451,0.829609677195549
MAXIMUS INC,1.0,1.07,0.94,transcripts_by_company/MAXIMUS_Inc_2011Q1.txt,0.12009689211845398,0.879903107881546
COOPER TIRE & RUBBER CO,4.0,0.47,0.55,transcripts_by_company/Cooper_Tire_and_Rubber_Company_2014Q4.txt,0.1582423895597458,0.8417576104402542
ANADYS PHARMACEUTICALS INC,4.0,-0.3,-0.29,transcripts_by_company/Anadys_Pharmaceuticals_Inc_2008Q4.txt,0.26302090287208557,0.7369790971279144
PLAYSTUDIOS INC,4.0,-0.15,-0.01,transcripts_by_company/PLAYSTUDIOS_Inc_CurrentQ4.txt,0.19190572202205658,0.8080942779779434
ALLIED MOTION TECHNOLOGIES INC,2.0,0.24,0.34,transcripts_by_company/Allied_Motion_Technologies_Inc_2017Q2.txt,0.3713545799255371,0.6286454200744629
FPL GROUP,3.0,1.01,0.96,transcripts_by_company/FPL_Group_2005Q3.txt,0.07894636690616608,0.9210536330938339
POLYPORE INTERNATIONAL INC,1.0,0.31,0.13,transcripts_by_company/Polypore_International_Inc_2010Q1.txt,0.11449334025382996,0.88550665974617
COINBASE GLOBAL INC,1.0,-1.98,1.59,transcripts_by_company/Coinbase_Global_Inc_2022Q1.txt,0.11117924004793167,0.8888207599520683
SNYDERS-LANCE INC,4.0,0.31,0.35,transcripts_by_company/Snyders-Lance_Inc_2013Q4.txt,0.13129980862140656,0.8687001913785934
CENTRAL EUROPEAN MEDIA ENTERPRIS,3.0,0.15,0.04,transcripts_by_company/Central_European_Media_Enterprises_2006Q3.txt,0.24225111305713654,0.7577488869428635
