ticker,period,eps_actual,eps_forecast,transcript_path,cosine,nnw
FAMILY DOLLAR STORES INC,4.0,0.44,0.71,transcripts_by_company/Family_Dollar_Stores_Inc_2014Q4.txt,0.19500719010829926,0.8049928098917007
MARIN SOFTWARE INC,4.0,-0.15,-0.19,transcripts_by_company/Marin_Software_2014Q4.txt,0.26545852422714233,0.7345414757728577
IMATION CORPORATION,4.0,0.64,0.61,transcripts_by_company/Imation_Corp_2007Q4.txt,0.19643977284431458,0.8035602271556854
GATX CORP,4.0,0.5,0.64,transcripts_by_company/GATX_Corp_2006Q4.txt,0.09712056070566177,0.9028794392943382
SONOCO PRODUCTS CO,4.0,1.02,1.34,transcripts_by_company/Sonoco_Products_Company_CurrentQ4.txt,0.28424373269081116,0.7157562673091888
MIRATI THERAPEUTICS INC,2.0,-0.94,-0.65,transcripts_by_company/Mirati_Therapeutics_Inc_2018Q2.txt,0.15932801365852356,0.8406719863414764
CASELLA WASTE SYSTEMS INC,1.0,0.02,0.02,transcripts_by_company/Casella_Waste_Systems_Inc_2006Q1.txt,0.3414403200149536,0.6585596799850464
INVITROGEN CORPORATION,3.0,0.77,0.75,transcripts_by_company/Invitrogen_Corporation_2004Q3.txt,0.1826334148645401,0.8173665851354599
CDI CORP,4.0,-0.12,0.09,transcripts_by_company/CDI_Corp_2010Q4.txt,0.1327144056558609,0.8672855943441391
BENIHANA INC,2.0,0.25,0.44,transcripts_by_company/Benihana_Inc_2007Q2.txt,0.32844239473342896,0.671557605266571
JAKKS PACIFIC INC,4.0,0.11,-0.33,transcripts_by_company/JAKKS_Pacific_Inc_2014Q4.txt,0.3847501873970032,0.6152498126029968
ARCUTIS BIOTHERAPEUTICS INC,2.0,-1.31,-1.33,transcripts_by_company/Arcutis_Biotherapeutics_Inc_2022Q2.txt,0.25746574997901917,0.7425342500209808
ROSS STORES INC,1.0,1.02,1.1,transcripts_by_company/Ross_Stores_Inc_2014Q1.txt,0.24682654440402985,0.7531734555959702
DISCOVERY INC,3.0,0.22,0.27,transcripts_by_company/Discovery_Laboratories_2009Q3.txt,0.17284639179706573,0.8271536082029343
POZEN INC,1.0,-0.08,-0.08,transcripts_by_company/POZEN_Inc_2004Q1.txt,0.26407498121261597,0.735925018787384
NAVIOS MARITIME PARTNERS LP,1.0,0.01,-0.03,transcripts_by_company/Navios_Maritime_Partners_2017Q1.txt,0.2779858708381653,0.7220141291618347
MCGRAW-HILL COMPANIES INCORPORAT,4.0,0.51,0.72,transcripts_by_company/The_McGraw-Hill_Companies_2007Q4.txt,0.2623731791973114,0.7376268208026886
MACROGENICS INC,3.0,-0.66,-0.98,transcripts_by_company/MacroGenics_Inc_2020Q3.txt,0.31860455870628357,0.6813954412937164
DARDEN RESTAURANTS INC,1.0,2.34,2.26,transcripts_by_company/Darden_Restaurants_Inc_2023Q1.txt,0.26917222142219543,0.7308277785778046
HASBRO BRADLEY I,2.0,0.29,0.24,transcripts_by_company/Hasbro_Inc_2010Q2.txt,0.30992254614830017,0.6900774538516998
BANCORP INC,1.0,0.19,0.22,transcripts_by_company/Fifth_Third_Bancorp_2013Q1.txt,0.22520878911018372,0.7747912108898163
COMPUCREDIT CORPORATION,1.0,-2.59,-0.43,transcripts_by_company/CompuCredit_2009Q1.txt,0.10261067003011703,0.897389329969883
RED HAT INC,2.0,0.19,0.2,transcripts_by_company/Red_Hat_Inc_2008Q2.txt,0.0861603245139122,0.9138396754860878
SYROS PHARMACEUTICALS INC,3.0,-3.21,-0.48,transcripts_by_company/Syros_Pharmaceuticals_Inc_2022Q3.txt,0.3099294900894165,0.6900705099105835
CENTRAL EUROPEAN MEDIA ENTERPRIS,4.0,-0.8,-0.15,transcripts_by_company/Central_European_Media_Enterprises_Ltd_2015Q4.txt,0.10800029337406158,0.8919997066259384
BAOZUN INC,2.0,2.01,1.74,transcripts_by_company/Baozun_Inc_2021Q2.txt,0.36657917499542236,0.6334208250045776
MODIV INC,2.0,0.35,-0.14,transcripts_by_company/Modiv_Inc_2023Q2.txt,0.14406943321228027,0.8559305667877197
VIVINT SOLAR INC,2.0,-0.24,0.19,transcripts_by_company/Vivint_Solar_Inc_2019Q2.txt,0.1843874454498291,0.8156125545501709
WYNDHAM WORLDWIDE CORP,3.0,0.68,0.56,transcripts_by_company/Wyndham_Worldwide_2010Q3.txt,0.34105607867240906,0.6589439213275909
MT BANK CORP,2.0,5.05,5.06,transcripts_by_company/Bank_of_the_Philippine_Islands_2023Q2.txt,0.24529385566711426,0.7547061443328857
ACRES COMMERCIAL REALTY CORP,1.0,-0.01,0.11,transcripts_by_company/ACRES_Commercial_Realty_Corp_2021Q1.txt,0.4282642602920532,0.5717357397079468
QUANEX BUILDING PRODUCTS CORP,4.0,0.04,0.16,transcripts_by_company/Quanex_Building_Products_Corporation_2013Q4.txt,0.40484875440597534,0.5951512455940247
BLUE NILE INC,3.0,0.17,0.17,transcripts_by_company/Blue_Nile_Inc_2015Q3.txt,0.15120570361614227,0.8487942963838577
GREENHILL & CO INC,1.0,0.25,0.41,transcripts_by_company/Greenhill_and_Company_Inc_2015Q1.txt,0.2791362404823303,0.7208637595176697
UMPQUA HOLDINGS CORP,3.0,0.38,0.43,transcripts_by_company/Umpqua_Holdings_Corporation_2019Q3.txt,0.1504267156124115,0.8495732843875885
BRIGHTHOUSE FINANCIAL INC,2.0,0.33,3.53,transcripts_by_company/Brighthouse_Financial_Inc_2022Q2.txt,0.1708802729845047,0.8291197270154953
FIRST MARBLEHEAD CORP,3.0,-0.94,0.76,transcripts_by_company/First_Marblehead_Corporation_2008Q3.txt,0.3203228712081909,0.6796771287918091
REPLIGEN CORP,2.0,0.2,0.17,transcripts_by_company/Repligen_Corporation_2017Q2.txt,0.26873618364334106,0.7312638163566589
CREE INC,3.0,0.6,0.5,transcripts_by_company/Cree_Inc_2010Q3.txt,0.12378151714801788,0.8762184828519821
KAMAN CORP,1.0,0.21,0.56,transcripts_by_company/Kaman_Corporation_2009Q1.txt,0.39763540029525757,0.6023645997047424
NATIONAL RETAIL PROPERTIES INC,3.0,0.29,0.28,transcripts_by_company/National_Retail_Properties_Inc_2013Q3.txt,0.20717403292655945,0.7928259670734406
STANDARD MOTOR PRODUCTS INC,4.0,0.37,0.82,transcripts_by_company/Standard_Motor_Products_Inc_2023Q4.txt,0.16585445404052734,0.8341455459594727
AMERICAN EXPRESS CO,1.0,0.73,0.38,transcripts_by_company/American_Express_Company_2010Q1.txt,0.23000578582286835,0.7699942141771317
NAVIGANT CONSULTING CO,4.0,0.15,0.24,transcripts_by_company/Navigant_Consulting_2010Q4.txt,0.17939437925815582,0.8206056207418442
DELTA AIR LINES INC,4.0,-1.22,-1.52,transcripts_by_company/Delta_Air_Lines_Inc_2006Q4.txt,0.1551816612482071,0.8448183387517929
LIMBACH HOLDINGS INC,3.0,-0.46,0.33,transcripts_by_company/Limbach_Holdings_Inc_2018Q3.txt,0.2827989459037781,0.7172010540962219
ATRICURE INC,2.0,-0.11,-0.23,transcripts_by_company/AtriCure_Inc_2023Q2.txt,0.25196197628974915,0.7480380237102509
ELECTRONIC ARTS INC,2.0,-0.22,-0.07,transcripts_by_company/Electronic_Arts_2007Q2.txt,0.16183777153491974,0.8381622284650803
KENNAMETAL INC,1.0,0.46,0.82,transcripts_by_company/Kennametal_Inc_2020Q1.txt,0.0682963877916336,0.9317036122083664
GLOBAL TELECOM & TECHNOLOGY INC,3.0,-0.19,0.07,transcripts_by_company/Global_Telecom_and_Technology_Inc_2013Q3.txt,0.3667570948600769,0.6332429051399231
CROWN HOLDINGS INC,4.0,0.48,0.58,transcripts_by_company/Crown_Holdings_Inc_2014Q4.txt,0.2441880702972412,0.7558119297027588
HYSTER-YALE INC,1.0,0.9,1.27,transcripts_by_company/Hyster-Yale_Materials_Handling_Inc_2018Q1.txt,0.15295720100402832,0.8470427989959717
ELKCORP,1.0,0.75,0.46,transcripts_by_company/ElkCorp_2005Q1.txt,0.16010628640651703,0.839893713593483
PRIORITY TECHNOLOGY HOLDINGS INC,2.0,-0.11,0.1,transcripts_by_company/Priority_Technology_Holdings_Inc_2022Q2.txt,0.30046114325523376,0.6995388567447662
THL CREDIT INC,4.0,0.36,0.35,transcripts_by_company/THL_Credit_Inc_2015Q4.txt,0.313667893409729,0.686332106590271
AUTONATION INC,1.0,0.75,0.76,transcripts_by_company/AutoNation_2014Q1.txt,0.40765389800071716,0.5923461019992828
BANK OF HAWAII CORP,3.0,0.95,0.92,transcripts_by_company/Bank_of_Hawaii_Corporation_2014Q3.txt,0.11080358177423477,0.8891964182257652
BENCHMARK ELECTRONICS INC,4.0,0.48,0.37,transcripts_by_company/Benchmark_Electronics_Inc_2021Q4.txt,0.29982590675354004,0.70017409324646
PNM RESOURCES INC,4.0,0.15,0.35,transcripts_by_company/PNM_Resources_Inc_2020Q4.txt,0.26209378242492676,0.7379062175750732
DULUTH HOLDINGS INC,3.0,0.18,0.1,transcripts_by_company/Duluth_Holdings_Inc_2020Q3.txt,0.34466928243637085,0.6553307175636292
EGAIN CORP,1.0,-0.05,0.02,transcripts_by_company/eGain_Communications_Corporation_2012Q1.txt,0.166513592004776,0.833486407995224
IROBOT CORP,2.0,-0.1,-0.06,transcripts_by_company/iRobot_Corporation_2009Q2.txt,0.041809357702732086,0.9581906422972679
ENPRO INC,4.0,1.23,1.14,transcripts_by_company/EnPro_Industries_Inc_2021Q4.txt,0.23956772685050964,0.7604322731494904
METRO-GOLDWYN-MAYER INC,4.0,0.25,0.08,transcripts_by_company/Metro-Goldwyn-Mayer_2003Q4.txt,0.44622156023979187,0.5537784397602081
CORENERGY INFRASTRUCTURE TRUST I,3.0,0.12,0.11,transcripts_by_company/CorEnergy_Infrastructure_Trust_Inc_2015Q3.txt,0.24122528731822968,0.7587747126817703
API GROUP CORP,3.0,0.37,0.41,transcripts_by_company/APi_Group_Corporation_2022Q3.txt,0.09498296678066254,0.9050170332193375
NANTHEALTH INC,1.0,-0.06,-0.04,transcripts_by_company/NantHealth_Inc_2020Q1.txt,0.2428804337978363,0.7571195662021637
NOVO NORDISK A/S,1.0,8.78,7.65,transcripts_by_company/Novo_Nordisk_AS_2023Q1.txt,0.25136321783065796,0.748636782169342
SNC-LAVALIN GROUP 'A',3.0,0.3,0.4,transcripts_by_company/SNC-Lavalin_Group_Inc_2022Q3.txt,0.11326923966407776,0.8867307603359222
SOUTHWEST GAS CORP,1.0,1.77,1.67,transcripts_by_company/Southwest_Gas_Holdings_Inc_2019Q1.txt,0.11657428741455078,0.8834257125854492
NETSOL TECHNOLOGIES INCORPORATE,1.0,0.02,0.0,transcripts_by_company/Netsol_Technologies_Inc_2010Q1.txt,0.1386081874370575,0.8613918125629425
SQUARESPACE INC,4.0,0.9,0.09,transcripts_by_company/Squarespace_Inc_2021Q4.txt,0.22426670789718628,0.7757332921028137
HARLEY-DAVIDSON INC,1.0,1.45,1.36,transcripts_by_company/Harley-Davidson_Inc_2022Q1.txt,0.05477789044380188,0.9452221095561981
MACROGENICS INC,3.0,0.28,-0.61,transcripts_by_company/MacroGenics_Inc_2023Q3.txt,0.3439192771911621,0.6560807228088379
WACKER CHEMIE AG,3.0,1.3,0.34,transcripts_by_company/Wacker_Chemie_AG_2020Q3.txt,0.11939758062362671,0.8806024193763733
STRATEGIC EDUCATION INC,2.0,2.06,1.8,transcripts_by_company/Strategic_Education_Inc_2020Q2.txt,0.22697670757770538,0.7730232924222946
SIGMA-ALDRICH CORP,1.0,0.84,0.78,transcripts_by_company/Sigma-Aldrich_Corporation_2010Q1.txt,0.2553029954433441,0.7446970045566559
CBIZ INC,4.0,-0.23,-0.12,transcripts_by_company/CBIZ_Inc_2022Q4.txt,0.2700710892677307,0.7299289107322693
CHURCH & DWIGHT CO INC,1.0,0.92,0.87,transcripts_by_company/Church_and_Dwight_2009Q1.txt,0.18473920226097107,0.8152607977390289
ATLANTIC CAPITAL BANCSHARES INC,2.0,0.58,0.33,transcripts_by_company/Atlantic_Capital_Bancshares_Inc_2021Q2.txt,0.1959696114063263,0.8040303885936737
ENTERASYS NETWORKS INC,3.0,-0.07,-0.05,transcripts_by_company/Enterasys_Networks_Inc_2003Q3.txt,0.11032860726118088,0.8896713927388191
MCGRAW-HILL COMPANIES INCORPORAT,4.0,0.63,0.58,transcripts_by_company/The_McGraw-Hill_Companies_Inc_2011Q4.txt,0.12713409960269928,0.8728659003973007
NEENAH INC,1.0,0.38,0.62,transcripts_by_company/Neenah_Paper_Inc_2008Q1.txt,0.37831738591194153,0.6216826140880585
CHURCHILL DOWNS INC,4.0,0.58,0.84,transcripts_by_company/Churchill_Downs_Incorporated_2016Q4.txt,0.060047902166843414,0.9399520978331566
TIM HORTONS INC,4.0,0.41,0.37,transcripts_by_company/TIM_HORTONS_INC_2007Q4.txt,0.1188439354300499,0.8811560645699501
MERCANTILE BANK CORP,4.0,-0.78,-0.08,transcripts_by_company/Pacific_Mercantile_Bank_2009Q4.txt,0.3754860758781433,0.6245139241218567
MDRNA INC,2.0,-0.34,0.0,transcripts_by_company/MDRNA_Inc_2010Q2.txt,0.3175131678581238,0.6824868321418762
WD 40 CO,1.0,0.31,0.41,transcripts_by_company/WD-40_Company_2005Q1.txt,0.1625455766916275,0.8374544233083725
BELO CORP,3.0,0.27,0.25,transcripts_by_company/Belo_2003Q3.txt,0.0750778391957283,0.9249221608042717
GOLAR LNG LTD,3.0,0.56,0.67,transcripts_by_company/Golar_LNG_Limited_2012Q3.txt,0.17305544018745422,0.8269445598125458
PC CONNECTION INC,1.0,0.23,0.26,transcripts_by_company/PC_Connection_Inc_2013Q1.txt,0.19943316280841827,0.8005668371915817
PENNYMAC MORTGAGE INVESTMENT TRU,4.0,0.55,0.4,transcripts_by_company/PennyMac_Mortgage_Investment_Trust_2018Q4.txt,0.1636749804019928,0.8363250195980072
INFORMATICA CORP,2.0,0.17,0.17,transcripts_by_company/Informatica_Corporation_2008Q2.txt,0.3786030113697052,0.6213969886302948
PHASE FORWARD INC,1.0,0.15,0.13,transcripts_by_company/Phase_Forward_Incorporated_2009Q1.txt,0.362833172082901,0.637166827917099
TIPPINGPOINT TECHNOLOGIES,2.0,-0.54,-0.44,transcripts_by_company/TippingPoint_Technologies_Inc_2004Q2.txt,0.28288981318473816,0.7171101868152618
OMNOVA SOLUTIONS,3.0,0.01,0.15,transcripts_by_company/OMNOVA_Solutions_2002Q3.txt,0.09605570137500763,0.9039442986249924
FRED'S INC,1.0,0.27,0.36,transcripts_by_company/Freds_Inc_2005Q1.txt,0.33356985449790955,0.6664301455020905
TWIST BIOSCIENCE CORP,1.0,-1.13,-0.81,transcripts_by_company/Twist_Bioscience_Corporation_2022Q1.txt,0.2556323707103729,0.7443676292896271
PIKE CORP,3.0,-0.08,0.2,transcripts_by_company/Kesa_Electricals_plc_2009Q3.txt,0.19505557417869568,0.8049444258213043
OPNET TECHNOLOGIES,4.0,0.04,0.06,transcripts_by_company/OPNET_Technologies_Inc_2002Q4.txt,0.34455305337905884,0.6554469466209412
ON SEMICONDUCTOR CORP,2.0,0.42,0.47,transcripts_by_company/ON_Semiconductor_Corporation_2019Q2.txt,0.23538365960121155,0.7646163403987885
VECTRUS INC,4.0,1.42,1.21,transcripts_by_company/Vectrus_Inc_2020Q4.txt,0.1383519023656845,0.8616480976343155
DANA CORP,2.0,0.35,0.57,transcripts_by_company/Dana_2005Q2.txt,0.3473864495754242,0.6526135504245758
MITEK SYSTEMS INC,1.0,-0.09,-0.05,transcripts_by_company/Mitek_Systems_Inc_2013Q1.txt,0.18848280608654022,0.8115171939134598
WAL-MART STORES INC,1.0,1.61,1.67,transcripts_by_company/Wal-mart_Stores_Inc_2015Q1.txt,0.14451554417610168,0.8554844558238983
PEGASYSTEMS INC,2.0,0.3,0.08,transcripts_by_company/Pegasystems_Inc_2009Q2.txt,0.13937872648239136,0.8606212735176086
RAE SYSTEMS INC,4.0,0.01,0.02,transcripts_by_company/RAE_Systems_2004Q4.txt,0.25451669096946716,0.7454833090305328
MDXHEALTH SA,2.0,-0.3,-0.43,transcripts_by_company/MDxHealth_SA_2023Q2.txt,0.24779929220676422,0.7522007077932358
AVEO PHARMACEUTICALS INC,3.0,0.1,-0.04,transcripts_by_company/AVEO_Pharmaceuticals_Inc_2019Q3.txt,0.2462845742702484,0.7537154257297516
EXPEDIA GROUP INC,2.0,1.77,1.57,transcripts_by_company/Pendal_Group_Limited_2019Q2.txt,0.2554430067539215,0.7445569932460785
FULL HOUSE RESORTS INC,2.0,-0.07,-0.03,transcripts_by_company/Full_House_Resorts_Inc_2017Q2.txt,0.14590828120708466,0.8540917187929153
LA-Z-BOY INC,4.0,0.82,0.36,transcripts_by_company/La-Z-Boy_Incorporated_2020Q4.txt,0.16946755349636078,0.8305324465036392
GUIDANT CORPORATION,1.0,0.56,0.52,transcripts_by_company/Guidant_Corporation_2004Q1.txt,0.1366947889328003,0.8633052110671997
SIRIUS SATELLITE RADIO INC,2.0,-0.13,-0.11,transcripts_by_company/SIRIUS_Satellite_Radio_2005Q2.txt,0.13589198887348175,0.8641080111265182
AFFILIATED MANAGERS GROUP INC,2.0,2.74,3.37,transcripts_by_company/Affiliated_Managers_Group_Inc_2020Q2.txt,0.17985117435455322,0.8201488256454468
ANGIODYNAMICS INC,4.0,0.17,0.09,transcripts_by_company/AngioDynamics_2014Q4.txt,0.3041714131832123,0.6958285868167877
COMMERCIAL VEHICLE GROUP INC,2.0,0.03,0.2,transcripts_by_company/Commercial_Vehicle_Group_Inc_2013Q2.txt,0.061936598271131516,0.9380634017288685
SYMANTEC CORP,4.0,0.44,0.41,transcripts_by_company/Symantec_Corporation_2018Q4.txt,0.17069081962108612,0.8293091803789139
MEDNAX INC,3.0,0.86,0.86,transcripts_by_company/MEDNAX_Inc_2014Q3.txt,0.32867926359176636,0.6713207364082336
TERNIUM SA,4.0,0.2,1.73,transcripts_by_company/Ternium_SA_2022Q4.txt,0.300746351480484,0.699253648519516
GREIF BROS CORP,3.0,0.44,0.66,transcripts_by_company/Greif_Bros_Corporation_2002Q3.txt,0.25961586833000183,0.7403841316699982
KVH INDUSTRIES INC,2.0,0.1,0.17,transcripts_by_company/KVH_Industries_Inc_2007Q2.txt,0.1051439419388771,0.8948560580611229
HARVARD BIOSCIENCE INC,2.0,0.06,0.06,transcripts_by_company/Harvard_Bioscience_Inc_2021Q2.txt,0.26674485206604004,0.73325514793396
ESTERLINE CORP,2.0,0.84,0.78,transcripts_by_company/Esterline_Technologies_Corporation_2008Q2.txt,0.08297235518693924,0.9170276448130608
ENDO PHARMACEUTICALS,1.0,1.09,1.29,transcripts_by_company/Endo_Pharmaceuticals_Holdings_Inc_2013Q1.txt,0.17355455458164215,0.8264454454183578
WET SEAL INC,4.0,0.04,0.05,transcripts_by_company/The_Wet_Seal_Inc_2010Q4.txt,0.27643483877182007,0.7235651612281799
COINSTAR INC,2.0,0.15,0.3,transcripts_by_company/Coinstar_2006Q2.txt,0.17439928650856018,0.8256007134914398
MERITAGE CORPORATION,1.0,-1.72,-0.36,transcripts_by_company/Meritage_Homes_Corporation_2008Q1.txt,0.14024005830287933,0.8597599416971207
LPL INVESTMENT HOLDINGS INC,3.0,0.46,0.43,transcripts_by_company/Marfin_Investment_Group_Holdings_SA_2011Q3.txt,0.08728571236133575,0.9127142876386642
SOLERA HOLDINGS INC,3.0,0.62,0.82,transcripts_by_company/Solera_Holdings_Inc_2015Q3.txt,0.2608429193496704,0.7391570806503296
AUDIOCODES LTD,2.0,0.37,0.34,transcripts_by_company/AudioCodes_Ltd_2021Q2.txt,0.11542168259620667,0.8845783174037933
OLIN CORP,4.0,1.49,2.24,transcripts_by_company/Olin_Corporation_2022Q4.txt,0.34767845273017883,0.6523215472698212
BODY CENTRAL CORP,1.0,0.36,0.41,transcripts_by_company/Body_Central_Corp_2012Q1.txt,0.12854166328907013,0.8714583367109299
NANOMETRICS INC,1.0,0.12,0.39,transcripts_by_company/Nanometrics_2012Q1.txt,0.20131857693195343,0.7986814230680466
UNDER ARMOUR INC,3.0,0.51,0.67,transcripts_by_company/Under_Armour_Inc_2008Q3.txt,0.14492975175380707,0.8550702482461929
FIRST HORIZON CORP,2.0,-0.58,-0.06,transcripts_by_company/First_Horizon_National_Corporation_2009Q2.txt,0.16672039031982422,0.8332796096801758
ATLANTIC POWER CORP,3.0,0.21,-0.03,transcripts_by_company/Atlantic_Power_Corporation_2017Q3.txt,0.3209250867366791,0.6790749132633209
CONCERT PHARMACEUTICALS INC,3.0,-0.6,-0.91,transcripts_by_company/Concert_Pharmaceuticals_Inc_2020Q3.txt,0.19601649045944214,0.8039835095405579
SINA CORP,3.0,0.42,0.25,transcripts_by_company/Sina_Corporation_2013Q3.txt,0.16234815120697021,0.8376518487930298
PHARMATHENE INC,4.0,-0.17,-0.26,transcripts_by_company/Pharmathene_2008Q4.txt,0.24626238644123077,0.7537376135587692
AVALONBAY COMMUNITIES INC,1.0,1.05,1.15,transcripts_by_company/AvalonBay_Communities_Inc_2023Q1.txt,0.17980174720287323,0.8201982527971268
SENSIENT TECHNOLOGIES CORP,1.0,0.89,0.93,transcripts_by_company/Sensient_Technologies_Corporation_2018Q1.txt,0.20058847963809967,0.7994115203619003
ENCOMPASS HEALTH CORP,1.0,1.04,0.93,transcripts_by_company/Encompass_Health_Corporation_2019Q1.txt,0.20875340700149536,0.7912465929985046
CELLEBRITE DI LTD,2.0,0.0,0.03,transcripts_by_company/Cellebrite_DI_Ltd_2022Q2.txt,0.10430318862199783,0.8956968113780022
CULP INC,1.0,0.18,0.29,transcripts_by_company/Culp_Inc_2011Q1.txt,0.1487073302268982,0.8512926697731018
BECTON DICKINSON AND CO,3.0,1.39,1.46,transcripts_by_company/Becton_Dickinson_and_Company_2011Q3.txt,0.19517111778259277,0.8048288822174072
GRAFTECH INTERNATIONAL LTD,2.0,0.11,0.19,transcripts_by_company/GrafTech_International_Ltd_2005Q2.txt,0.22195090353488922,0.7780490964651108
MR COOPER GROUP INC,4.0,1.03,0.42,transcripts_by_company/Mr_Cooper_Group_Inc_2019Q4.txt,0.17528940737247467,0.8247105926275253
FOOT LOCKER INC,3.0,0.29,0.31,transcripts_by_company/Foot_Locker_Inc_2004Q3.txt,0.3116346001625061,0.6883653998374939
AMNEAL PHARMACEUTICALS INC,4.0,0.08,0.22,transcripts_by_company/Amneal_Pharmaceuticals_Inc_2019Q4.txt,0.19732780754566193,0.8026721924543381
AMERICAN PUBLIC EDUCATION INC,3.0,0.61,0.64,transcripts_by_company/American_Public_Education_Inc_2013Q3.txt,0.19727101922035217,0.8027289807796478
SARA LEE CORPORATION,2.0,0.09,0.29,transcripts_by_company/Sara_Lee_Corporation_2010Q2.txt,0.10861305892467499,0.891386941075325
MARINEMAX INC,4.0,0.19,0.66,transcripts_by_company/MarineMax_Inc_2023Q4.txt,0.3920046389102936,0.6079953610897064
NIC INC,4.0,0.03,0.04,transcripts_by_company/NIC_Inc_2006Q4.txt,0.24929626286029816,0.7507037371397018
LUXOTTICA GROUP SPA,4.0,0.27,0.34,transcripts_by_company/Luxottica_Group_SpA_2015Q4.txt,0.06717443466186523,0.9328255653381348
PACCAR INC,3.0,1.21,1.12,transcripts_by_company/PACCAR_Inc_2015Q3.txt,0.07426030188798904,0.925739698112011
FLEXSHOPPER INC,3.0,-0.32,0.13,transcripts_by_company/FlexShopper_Inc_2022Q3.txt,0.29334497451782227,0.7066550254821777
TYLER TECHNOLOGIES INC,1.0,0.17,0.2,transcripts_by_company/Tyler_Technologies_2012Q1.txt,0.23408205807209015,0.7659179419279099
TEXTRON INC,3.0,0.83,0.7,transcripts_by_company/Textron_Inc_2004Q3.txt,0.13558608293533325,0.8644139170646667
KONA GRILL INC,1.0,-0.07,-0.1,transcripts_by_company/Kona_Grill_Inc_2010Q1.txt,0.141380175948143,0.858619824051857
MYRIAD GENETICS INC,2.0,0.12,-0.02,transcripts_by_company/Myriad_Genetics_Inc_2021Q2.txt,0.21531876921653748,0.7846812307834625
DAWSON GEOPHYSICAL CO,3.0,-0.57,-0.33,transcripts_by_company/Dawson_Geophysical_2016Q3.txt,0.298898309469223,0.701101690530777
VERA BRADLEY INC,2.0,-0.09,-0.29,transcripts_by_company/Vera_Bradley_Inc_2023Q2.txt,0.30769145488739014,0.6923085451126099
NATIONWIDE HEALTH PROPERTYS,2.0,0.23,0.26,transcripts_by_company/Nationwide_Health_Properties_Inc_2006Q2.txt,0.4014502763748169,0.5985497236251831
DOMINION ENERGY INC,2.0,0.81,0.99,transcripts_by_company/Dominion_Energy_2004Q2.txt,0.27138611674308777,0.7286138832569122
BRIXMOR PROPERTY GROUP INC,1.0,0.1,0.11,transcripts_by_company/Brixmor_Property_Group_Inc_2015Q1.txt,0.08962875604629517,0.9103712439537048
"HARLAND, JOHN",3.0,0.63,0.71,transcripts_by_company/John_H_Harland_Company_2006Q3.txt,0.15215560793876648,0.8478443920612335
SEMTECH CORP,1.0,0.55,0.59,transcripts_by_company/Semtech_Corporation_2019Q1.txt,0.17426720261573792,0.8257327973842621
RLJ LODGING TRUST,4.0,-0.57,-0.33,transcripts_by_company/RLJ_Lodging_Trust_2020Q4.txt,0.19528594613075256,0.8047140538692474
ELONG INC,4.0,0.006,0.01,transcripts_by_company/eLong_Inc_2009Q4.txt,0.40527939796447754,0.5947206020355225
ASBURY AUTOMOTIVE GROUP INC,2.0,1.19,1.05,transcripts_by_company/Asbury_Automotive_Group_Inc_2014Q2.txt,0.15480086207389832,0.8451991379261017
AMERICAN WOODMARK CORP,1.0,0.18,0.31,transcripts_by_company/American_Woodmark_Corporation_2014Q1.txt,0.4369999170303345,0.5630000829696655
INTERVAL LEISURE GROUP INC,3.0,0.13,0.12,transcripts_by_company/Interval_Leisure_Group_Inc_2009Q3.txt,0.06794491410255432,0.9320550858974457
CIGNA CORP,2.0,2.91,2.48,transcripts_by_company/Cigna_Corporation_2017Q2.txt,0.1806417852640152,0.8193582147359848
THERAVANCE BIOPHARMA INC,3.0,-0.73,-1.3,transcripts_by_company/Theravance_Biopharma_Inc_2016Q3.txt,0.17802561819553375,0.8219743818044662
AECOM TECHNOLOGY CORP,2.0,0.65,0.73,transcripts_by_company/AECOM_Technology_Corporation_2014Q2.txt,0.4092455208301544,0.5907544791698456
BRIGGS & STRATTON CORP,2.0,0.36,0.29,transcripts_by_company/Briggs_and_Stratton_Corporation_2010Q2.txt,0.3733333647251129,0.6266666352748871
SIGMA-ALDRICH CORP,3.0,1.02,0.95,transcripts_by_company/Sigma-Aldrich_Corporation_2006Q3.txt,0.15534153580665588,0.8446584641933441
ZOOM COMMUNICATIONS INC,3.0,0.92,0.08,transcripts_by_company/Zoom_Video_Communications_Inc_2020Q3.txt,0.21405798196792603,0.785942018032074
SO-YOUNG INTERNATIONAL INC,4.0,0.36,0.02,transcripts_by_company/So-Young_International_Inc_2022Q4.txt,0.3660178780555725,0.6339821219444275
SILICON IMAGE INC,2.0,0.1,0.03,transcripts_by_company/Silicon_Image_2004Q2.txt,0.16056278347969055,0.8394372165203094
PROTO LABS INC,1.0,0.35,0.28,transcripts_by_company/Proto_Labs_Inc_2013Q1.txt,0.30843526124954224,0.6915647387504578
POLYMEDICA CORP,2.0,0.5,0.49,transcripts_by_company/PolyMedica_2004Q2.txt,0.36665281653404236,0.6333471834659576
LMI AEROSPACE INC,2.0,0.28,0.42,transcripts_by_company/LMI_Aerospace_Inc_2009Q2.txt,0.42770400643348694,0.5722959935665131
ACUTUS MEDICAL INC,1.0,-0.57,-0.66,transcripts_by_company/Acutus_Medical_Inc_2023Q1.txt,0.22160223126411438,0.7783977687358856
DIXIE GROUP INC,2.0,0.05,0.17,transcripts_by_company/The_Dixie_Group_Inc_2014Q2.txt,0.10109414905309677,0.8989058509469032
"ESSEX PROPERTY TRUST, INC.",3.0,0.35,0.21,transcripts_by_company/Essex_Property_Trust_2005Q3.txt,0.1846318542957306,0.8153681457042694
CLOVIS ONCOLOGY INC,4.0,-1.81,-1.74,transcripts_by_company/Clovis_Oncology_Inc_2019Q4.txt,0.2146453857421875,0.7853546142578125
WORKDAY INC,1.0,0.73,0.56,transcripts_by_company/Workday_Inc_2021Q1.txt,0.21699391305446625,0.7830060869455338
SWS GROUP INC,2.0,-0.11,0.09,transcripts_by_company/SWS_Group_Inc_2012Q2.txt,0.1511809527873993,0.8488190472126007
CBOE EXCHANGE INC,4.0,41.978,42.08,transcripts_by_company/Multi_Commodity_Exchange_of_India_Limited_2019Q4.txt,0.18308168649673462,0.8169183135032654
HEALTHCARE REALTY TRUST INC,3.0,0.11,0.12,transcripts_by_company/Healthcare_Realty_Trust_Inc_2008Q3.txt,0.19236214458942413,0.8076378554105759
NOVATEL INC.,4.0,0.49,0.34,transcripts_by_company/Novatel_Wireless_Inc_2005Q4.txt,0.1999538540840149,0.8000461459159851
MANTECH INTERNATIONAL CORP,4.0,0.5,0.53,transcripts_by_company/ManTech_International_Corporation_2018Q4.txt,0.2778869569301605,0.7221130430698395
SS&C TECHNOLOGIES HOLDINGS INC,4.0,0.62,0.6,transcripts_by_company/SSandC_Technologies_Holdings_Inc_2014Q4.txt,0.21632084250450134,0.7836791574954987
GRAHAM CORP,2.0,0.23,0.38,transcripts_by_company/Graham_Corporation_2015Q2.txt,0.14414983987808228,0.8558501601219177
CHEGG INC,3.0,0.01,0.0,transcripts_by_company/Chegg_Inc_2017Q3.txt,0.08395960927009583,0.9160403907299042
ALCATEL-LUCENT,3.0,0.03,0.09,transcripts_by_company/Alcatel-Lucent_2008Q3.txt,0.11929235607385635,0.8807076439261436
GE HEALTHCARE TECHNOLOGIES INC,2.0,0.92,0.92,transcripts_by_company/GE_HealthCare_Technologies_Inc_2023Q2.txt,0.16617494821548462,0.8338250517845154
ID BIOMEDICAL CORPORATION,3.0,-0.681,-0.3,transcripts_by_company/ID_Biomedical_Corp_2005Q3.txt,0.17072878777980804,0.829271212220192
HUB GROUP INC,1.0,0.34,0.49,transcripts_by_company/Hub_Group_Inc_2017Q1.txt,0.11113766580820084,0.8888623341917992
BRIDGE CAPITAL HOLDINGS,2.0,-0.29,0.06,transcripts_by_company/Bridge_Capital_2009Q2.txt,0.1574903130531311,0.8425096869468689
LOGITECH INTERNATIONAL SA,4.0,0.39,0.41,transcripts_by_company/Logitech_international_SA_2015Q4.txt,0.1348843276500702,0.8651156723499298
ABM INDUSTRIES INC,3.0,0.21,0.26,transcripts_by_company/ABM_Industries_2003Q3.txt,0.2894996106624603,0.7105003893375397
AMGEN INC,4.0,0.35,0.38,transcripts_by_company/Amgen_Inc_2002Q4.txt,0.12679101526737213,0.8732089847326279
HOME DEPOT INC,3.0,4.02,3.28,transcripts_by_company/The_Home_Depot_Inc_2020Q3.txt,0.24982069432735443,0.7501793056726456
THESTREET.COM INC,3.0,-0.05,-0.02,transcripts_by_company/TheStreetcom_Inc_2004Q3.txt,0.1084493100643158,0.8915506899356842
NUCOR CORP,2.0,2.03,1.48,transcripts_by_company/Nucor_2005Q2.txt,0.19841820001602173,0.8015817999839783
INOGEN INC,2.0,0.22,-0.11,transcripts_by_company/Inogen_Inc_2021Q2.txt,0.31427618861198425,0.6857238113880157
ARTHUR J GALLAGHER & CO,1.0,0.4,0.38,transcripts_by_company/Arthur_J_Gallagher_and_Co_2017Q1.txt,0.07032213360071182,0.9296778663992882
NEUROGEN CORP,3.0,-0.03,-0.12,transcripts_by_company/Neurogen_Corporation_2009Q3.txt,0.22910641133785248,0.7708935886621475
CHEMTURA CORP,2.0,0.17,0.2,transcripts_by_company/Chemtura_Corporation_2007Q2.txt,0.20174597203731537,0.7982540279626846
AMERICAN STATES WATER CO,2.0,0.45,0.52,transcripts_by_company/American_States_Water_Company_2016Q2.txt,0.276095449924469,0.723904550075531
WATSCO INC,1.0,0.71,0.77,transcripts_by_company/Watsco_Inc_2016Q1.txt,0.1978365182876587,0.8021634817123413
"T ROWE GROUP, INC",1.0,2.09,1.88,transcripts_by_company/T_Rowe_Price_Group_Inc_2019Q1.txt,0.18958927690982819,0.8104107230901718
NAVIENT CORP,2.0,0.74,0.52,transcripts_by_company/Navient_Corporation_2019Q2.txt,0.15207859873771667,0.8479214012622833
CAPELLA EDUCATION CO,4.0,0.86,1.12,transcripts_by_company/Capella_Education_Company_2017Q4.txt,0.4097040593624115,0.5902959406375885
COUNTRYWIDE FINANCIAL CORP,4.0,2.74,2.68,transcripts_by_company/Countrywide_Financial_Corporation_2003Q4.txt,0.24514620006084442,0.7548537999391556
CREDICORP 'C',2.0,4.15,4.32,transcripts_by_company/Credicorp_Ltd_2019Q2.txt,0.14953985810279846,0.8504601418972015
EXACT SCIENCES CORP,2.0,-0.12,-0.15,transcripts_by_company/EXACT_Sciences_Corporation_2006Q2.txt,0.2627605199813843,0.7372394800186157
KANSAS CITY SOUTHERN,1.0,0.21,0.24,transcripts_by_company/Kansas_City_Southern_2007Q1.txt,0.28376317024230957,0.7162368297576904
ERA GROUP INC,1.0,-0.35,0.11,transcripts_by_company/REA_Group_Limited_2016Q1.txt,0.24728074669837952,0.7527192533016205
AMICUS THERAPEUTICS INC,3.0,-0.19,-0.2,transcripts_by_company/Amicus_Therapeutics_Inc_2021Q3.txt,0.18730786442756653,0.8126921355724335
EDWARDS LIFESCIENCES CORP,2.0,0.39,0.4,transcripts_by_company/Edwards_Lifesciences_2003Q2.txt,0.06134103983640671,0.9386589601635933
COMMUNITY BANCSHARES INC,2.0,0.01,0.01,transcripts_by_company/Dime_Community_Bancshares_2005Q2.txt,0.29455626010894775,0.7054437398910522
INTEGRATED DEVICE TECHNOLOGY INC,3.0,0.34,0.38,transcripts_by_company/Integrated_Device_Technology_2016Q3.txt,0.12373397499322891,0.8762660250067711
MRC GLOBAL INC,1.0,0.04,0.17,transcripts_by_company/MRC_Global_Inc_2020Q1.txt,0.08604191243648529,0.9139580875635147
GARMIN LTD,1.0,0.73,0.68,transcripts_by_company/Garmin_Ltd_2019Q1.txt,0.11235194653272629,0.8876480534672737
NEOGENOMICS INC,2.0,0.01,0.01,transcripts_by_company/Neogenomics_Inc_2012Q2.txt,0.20140008628368378,0.7985999137163162
RENAISSANCERE HOLDINGS LTD,3.0,-8.98,1.81,transcripts_by_company/RenaissanceRe_Holdings_Ltd_2021Q3.txt,0.18747994303703308,0.8125200569629669
BLACK HILLS CORP,1.0,0.65,0.76,transcripts_by_company/Black_Hills_Corporation_2012Q1.txt,0.1699618548154831,0.8300381451845169
TRIMBLE INC,2.0,0.35,0.62,transcripts_by_company/Trimble_Navigation_2007Q2.txt,0.23154249787330627,0.7684575021266937
AUTHENTIDATE HOLDING CORP,2.0,-0.25,-0.02,transcripts_by_company/AUTHENTIDATE_HLDG_CORP_2005Q2.txt,0.35275697708129883,0.6472430229187012
NUCOR CORP,3.0,0.79,1.0,transcripts_by_company/Nucor_Corporation_2017Q3.txt,0.24480904638767242,0.7551909536123276
ENCORE BANCSHARES INC,1.0,0.26,0.18,transcripts_by_company/Encore_Bancshares_Inc_2012Q1.txt,0.11109832674264908,0.8889016732573509
MARVELL TECHNOLOGY GROUP LTD,3.0,0.16,0.28,transcripts_by_company/Marvell_Technology_Group_Ltd_2019Q3.txt,0.09235940128564835,0.9076405987143517
COMPUTER PROGRAMS AND SYSTEMS IN,3.0,0.34,0.89,transcripts_by_company/Computer_Programs_and_Systems_Inc_2016Q3.txt,0.30957746505737305,0.690422534942627
CARPENTER TECHNOLOGY CORP,1.0,1.05,2.77,transcripts_by_company/Carpenter_Technology_Corporation_2008Q1.txt,0.37669816613197327,0.6233018338680267
BOSTON SCIENTIFIC CORP,4.0,0.11,0.12,transcripts_by_company/Boston_Scientific_Corporation_2012Q4.txt,0.19964046776294708,0.8003595322370529
BUILDERS FIRSTSOURCE INC,4.0,-0.52,-0.45,transcripts_by_company/Builders_FirstSource_Inc_2008Q4.txt,0.2179998904466629,0.7820001095533371
NORWEGIAN AIR SHUTTLE AS,1.0,-16.4,-39.82,transcripts_by_company/Norwegian_Air_Shuttle_ASA_2019Q1.txt,0.2792111933231354,0.7207888066768646
PALM HARBOR HOMES INC,4.0,-0.2,0.05,transcripts_by_company/Palm_Harbor_Homes_2004Q4.txt,0.18133364617824554,0.8186663538217545
EURAND NV,1.0,-0.02,-0.06,transcripts_by_company/Legrand_2008Q1.txt,0.26271888613700867,0.7372811138629913
DOT HILL SYSTEMS CORP,2.0,0.06,0.05,transcripts_by_company/Dot_Hill_Systems_Corp_2015Q2.txt,0.23829522728919983,0.7617047727108002
DSW INC,2.0,0.98,0.98,transcripts_by_company/DSW_Inc_2012Q2.txt,0.25708258152008057,0.7429174184799194
XYLEM INC,2.0,0.98,0.77,transcripts_by_company/Xylem_Inc_2023Q2.txt,0.16232453286647797,0.837675467133522
AZZ INC,1.0,0.82,0.81,transcripts_by_company/AZZ_incorporated_2012Q1.txt,0.3698388338088989,0.6301611661911011
MRO SOFTWARE INC,3.0,0.18,0.17,transcripts_by_company/MRO_Software_Inc_2004Q3.txt,0.11430054157972336,0.8856994584202766
SATSUMA PHARMACEUTICALS INC,2.0,-0.52,-0.51,transcripts_by_company/Satsuma_Pharmaceuticals_Inc_2022Q2.txt,0.12992943823337555,0.8700705617666245
COLUMBIA LABORATORIES INC,3.0,0.08,-0.09,transcripts_by_company/Columbia_Laboratories_2010Q3.txt,0.2069559544324875,0.7930440455675125
COVANCE INC,2.0,0.36,0.34,transcripts_by_company/Covance_Inc_2004Q2.txt,0.17862004041671753,0.8213799595832825
HATTERAS FINANCIAL CORP,2.0,1.2,1.2,transcripts_by_company/Hatteras_Financial_2009Q2.txt,0.1136777326464653,0.8863222673535347
GENTIUM SPA,4.0,0.0,0.14,transcripts_by_company/Mediolanum_SpA_2011Q4.txt,0.44901102781295776,0.5509889721870422
AVALONBAY COMMUNITIES INC,1.0,1.72,1.14,transcripts_by_company/AvalonBay_Communities_Inc_2017Q1.txt,0.27102920413017273,0.7289707958698273
QUIDEL CORP,3.0,0.07,0.06,transcripts_by_company/Quidel_Corp_2007Q3.txt,0.14061647653579712,0.8593835234642029
IRON MOUNTAIN INC,4.0,0.33,0.34,transcripts_by_company/Iron_Mountain_Inc_2011Q4.txt,0.10522826015949249,0.8947717398405075
BRF SA,1.0,-0.043,0.08,transcripts_by_company/BRF_SA_2018Q1.txt,0.3157995641231537,0.6842004358768463
MOSYS INC,2.0,0.0,0.05,transcripts_by_company/MoSys_Inc_2007Q2.txt,0.24218419194221497,0.757815808057785
DZS INC,3.0,-0.17,0.22,transcripts_by_company/DZS_Inc_2022Q3.txt,0.34051939845085144,0.6594806015491486
MICHAEL KORS HOLDINGS LTD,2.0,0.88,0.91,transcripts_by_company/Michael_Kors_Holdings_Ltd_2016Q2.txt,0.29613617062568665,0.7038638293743134
LONE STAR STEAKHOUSE SALOON,4.0,0.47,0.45,transcripts_by_company/Lone_Star_Steakhouse_and_Saloon_2004Q4.txt,0.17240478098392487,0.8275952190160751
BED BATH  BEYOND INC,3.0,0.47,0.46,transcripts_by_company/Bed_Bath_and_Beyond_Inc_2005Q3.txt,0.23512619733810425,0.7648738026618958
BLUE COAT SYSTEMS INC,1.0,0.21,0.24,transcripts_by_company/Blue_Coat_Systems_2006Q1.txt,0.40376052260398865,0.5962394773960114
MEDICAL PROPERTIES TRUST INC,4.0,0.26,0.24,transcripts_by_company/Medical_Properties_Trust_Inc_2019Q4.txt,0.15955278277397156,0.8404472172260284
BUILDERS FIRSTSOURCE INC,1.0,3.9,0.87,transcripts_by_company/Builders_FirstSource_Inc_2022Q1.txt,0.2079288214445114,0.7920711785554886
EVELO BIOSCIENCES INC,1.0,-0.64,-0.67,transcripts_by_company/Evelo_Biosciences_Inc_2019Q1.txt,0.23688797652721405,0.763112023472786
"GLOBAL INDUSTRIES, LTD.",1.0,-0.3,0.05,transcripts_by_company/Global_Industries_2011Q1.txt,0.25286996364593506,0.7471300363540649
HEADWATERS,4.0,-0.19,-0.13,transcripts_by_company/Headwaters_Inc_2011Q4.txt,0.25276994705200195,0.747230052947998
SUMMIT HOTEL PROPERTIES INC,3.0,0.33,0.15,transcripts_by_company/Summit_Hotel_Properties_Inc_2018Q3.txt,0.20476233959197998,0.79523766040802
COPANO ENERGY LLC,4.0,0.21,0.09,transcripts_by_company/Copano_Energy_LLC_2012Q4.txt,0.131752148270607,0.868247851729393
PDF SOLUTIONS INC,1.0,-0.05,0.09,transcripts_by_company/PDF_Solutions_Inc_2021Q1.txt,0.36993393301963806,0.6300660669803619
GRUPO AEROPORTUARIO DEL CENTRO N,2.0,0.636,0.57,transcripts_by_company/Grupo_Aeroportuario_del_Centro_Norte_SAB_de_CV_2021Q2.txt,0.08541883528232574,0.9145811647176743
TECHPRECISION CORP,4.0,-0.03,0.04,transcripts_by_company/TechPrecision_Corporation_2012Q4.txt,0.29309043288230896,0.706909567117691
GN STORE NORD (GREAT NORDIC),3.0,2.58,2.66,transcripts_by_company/Nordic_Nanovector_ASA_2019Q3.txt,0.02430836856365204,0.975691631436348
GATX CORP,4.0,1.3,1.18,transcripts_by_company/GATX_Corporation_2014Q4.txt,0.11014734953641891,0.8898526504635811
ALTRIA GROUP INC,4.0,0.37,0.4,transcripts_by_company/Altria_Group_2008Q4.txt,0.05864068865776062,0.9413593113422394
MONTPELIER RE HOLDING,1.0,0.54,0.65,transcripts_by_company/Montpelier_Re_Holdings_Ltd_2009Q1.txt,0.2275293618440628,0.7724706381559372
DECKERS OUTDOOR CORP,4.0,5.22,4.31,transcripts_by_company/Deckers_Outdoor_2009Q4.txt,0.2722150683403015,0.7277849316596985
FLOWERS FOODS INC,3.0,0.33,0.31,transcripts_by_company/Flowers_Foods_2004Q3.txt,0.1887454092502594,0.8112545907497406
INTERNATIONAL GAME TECHNOLOGY PL,4.0,0.63,0.48,transcripts_by_company/International_Game_Technology_PLC_2015Q4.txt,0.1302698403596878,0.8697301596403122
YOUNG INNOVATIONS INC,4.0,0.47,0.45,transcripts_by_company/Young_Innovations_2010Q4.txt,0.1442088931798935,0.8557911068201065
ASML,3.0,0.48,0.43,transcripts_by_company/ASML_Holdings_NV_2007Q3.txt,0.1308363378047943,0.8691636621952057
LASERSCOPE,3.0,0.19,0.09,transcripts_by_company/Laserscope_2004Q3.txt,0.20696139335632324,0.7930386066436768
GOODYEAR TIRE  RUBBER CO,1.0,0.67,0.68,transcripts_by_company/Goodyear_Tire_and_Rubber_2008Q1.txt,0.2709728479385376,0.7290271520614624
RED ROBIN GOURMET BURGERS INC,2.0,0.78,0.79,transcripts_by_company/Red_Robin_Gourmet_Burgers_Inc_2015Q2.txt,0.3282968997955322,0.6717031002044678
KIMBALL INTERNATIONAL INC,3.0,0.08,0.11,transcripts_by_company/Kimball_International_2008Q3.txt,0.18040670454502106,0.8195932954549789
CSX CORP,4.0,0.42,0.43,transcripts_by_company/CSX_Corporation_2013Q4.txt,0.13143464922904968,0.8685653507709503
PERFORMANCE FOOD GROUP CO,3.0,0.5,0.36,transcripts_by_company/Performance_Food_Group_Company_2019Q3.txt,0.1726483851671219,0.8273516148328781
LIBERTY BROADBAND CORP,1.0,1.77,1.5,transcripts_by_company/Liberty_Broadband_Corporation_2022Q1.txt,0.20764537155628204,0.792354628443718
ANALOG DEVICES INC,3.0,1.72,1.46,transcripts_by_company/Analog_Devices_Inc_2021Q3.txt,0.3107062578201294,0.6892937421798706
FLOTEK INDUSTRIES INC,4.0,-0.01,0.14,transcripts_by_company/Flotek_Industries_Inc_2017Q4.txt,0.3646659255027771,0.6353340744972229
LIBBEY INC,2.0,0.5,0.44,transcripts_by_company/Libbey_Inc_2011Q2.txt,0.314969003200531,0.685030996799469
CACI INTERNATIONAL INC,4.0,1.69,1.65,transcripts_by_company/CACI_International_Inc_2012Q4.txt,0.22633083164691925,0.7736691683530807
ELI LILLY AND CO,1.0,1.33,1.42,transcripts_by_company/Eli_Lilly_and_Company_2019Q1.txt,0.16652248799800873,0.8334775120019913
PVH CORP,1.0,-0.38,1.13,transcripts_by_company/PVH_Corp_2021Q1.txt,0.15365497767925262,0.8463450223207474
CIVISTA BANCSHARES INC,4.0,0.64,0.46,transcripts_by_company/Civista_Bancshares_Inc_2020Q4.txt,0.09843339771032333,0.9015666022896767
OSCAR HEALTH INC,1.0,-0.18,0.03,transcripts_by_company/Oscar_Health_Inc_2023Q1.txt,0.3385315537452698,0.6614684462547302
ELEKTA AB (PUBL),3.0,0.06,-0.1,transcripts_by_company/NetEnt_AB_publ_2016Q3.txt,0.17879927158355713,0.8212007284164429
ANADARKO PETROLEUM CO,4.0,-0.5,-0.55,transcripts_by_company/Anadarko_Petroleum_Corporation_2016Q4.txt,0.32309651374816895,0.676903486251831
TOMOTHERAPY INC,2.0,-0.01,0.02,transcripts_by_company/TomoTherapy_Inc_2007Q2.txt,0.1258907914161682,0.8741092085838318
GLOBAL PARTNERS LP,1.0,-0.21,0.56,transcripts_by_company/Global_Partners_LP_2016Q1.txt,0.32243260741233826,0.6775673925876617
MACROMEDIA INC,1.0,0.13,0.07,transcripts_by_company/Macromedia_2003Q1.txt,0.2577837407588959,0.7422162592411041
STATE AUTO FINANCIAL CORP,3.0,-0.25,0.06,transcripts_by_company/State_Auto_Financial_Corporation_2012Q3.txt,0.34327852725982666,0.6567214727401733
PANTRY INC.,2.0,0.64,0.59,transcripts_by_company/The_Pantry_Inc_2014Q2.txt,0.07140780985355377,0.9285921901464462
BARNES GROUP INC,2.0,0.61,0.51,transcripts_by_company/Barnes_Group_Inc_2005Q2.txt,0.11002399027347565,0.8899760097265244
PENNANT GROUP INC,4.0,0.17,0.11,transcripts_by_company/The_Pennant_Group_Inc_2020Q4.txt,0.1789395809173584,0.8210604190826416
FB FINANCIAL CORP,3.0,1.46,0.53,transcripts_by_company/FB_Financial_Corporation_2020Q3.txt,0.2866046130657196,0.7133953869342804
"J C PENNEY COMPANY, INC",1.0,1.09,1.01,transcripts_by_company/J_C_Penney_Company_Inc_2011Q1.txt,0.39224234223365784,0.6077576577663422
REGIONAL MANAGEMENT CORP,3.0,1.01,0.88,transcripts_by_company/Regional_Management_Corp_2020Q3.txt,0.2705007493495941,0.7294992506504059
CVB FINANCIAL CORP,3.0,0.27,0.26,transcripts_by_company/CVB_Financial_Corp_2017Q3.txt,0.2123180627822876,0.7876819372177124
CEDAR FAIR LP,4.0,-0.39,-0.04,transcripts_by_company/Cedar_Fair_LP_2009Q4.txt,0.11513257771730423,0.8848674222826958
JA SOLAR HOLDINGS CO LTD,2.0,-0.18,0.04,transcripts_by_company/JA_Solar_Holdings_Co_Ltd_2009Q2.txt,0.11813218891620636,0.8818678110837936
COMMERCIAL METALS CO,4.0,0.22,0.35,transcripts_by_company/Commercial_Metals_Company_2015Q4.txt,0.28534936904907227,0.7146506309509277
NICE LTD,2.0,1.57,1.51,transcripts_by_company/NICE_Ltd_2021Q2.txt,0.23217815160751343,0.7678218483924866
"DISNEY, WALT",3.0,0.46,0.38,transcripts_by_company/Walt_Disney_2009Q3.txt,0.17076976597309113,0.8292302340269089
LABOR READY,1.0,0.21,0.21,transcripts_by_company/Labor_Ready_2006Q1.txt,0.19032713770866394,0.8096728622913361
ARQULE INC,2.0,-0.21,-0.19,transcripts_by_company/ArQule_Inc_2006Q2.txt,0.15916544198989868,0.8408345580101013
CHARAH SOLUTIONS INC,4.0,-0.36,-0.05,transcripts_by_company/Charah_Solutions_Inc_2020Q4.txt,0.3782637119293213,0.6217362880706787
INNOVATIVE SOLUTIONS AND SUPPORT,1.0,0.07,0.06,transcripts_by_company/Innovative_Solutions_and_Support_Inc_2023Q1.txt,0.0582452155649662,0.9417547844350338
HAWAIIAN HOLDINGS INC,4.0,-0.49,-0.33,transcripts_by_company/Hawaiian_Holdings_Inc_2022Q4.txt,0.043646346777677536,0.9563536532223225
NETGEAR INC,1.0,-0.28,0.53,transcripts_by_company/NETGEAR_Inc_2022Q1.txt,0.3648618459701538,0.6351381540298462
EPL OIL & GAS INC,3.0,0.81,0.94,transcripts_by_company/EPL_Oil_and_Gas_Inc_2013Q3.txt,0.20953595638275146,0.7904640436172485
WAL-MART STORES INC,2.0,0.55,0.57,transcripts_by_company/Wal-Mart_Stores_Inc_2005Q2.txt,0.20667684078216553,0.7933231592178345
EDISON INTERNATIONAL,2.0,1.01,0.81,transcripts_by_company/Edison_International_2023Q2.txt,0.11094663292169571,0.8890533670783043
SAPUTO INC,2.0,0.39,0.4,transcripts_by_company/Saputo_Inc_2022Q2.txt,0.24481652677059174,0.7551834732294083
BROADRIDGE FINANCIAL SOLUTIONS I,2.0,0.91,1.05,transcripts_by_company/Broadridge_Financial_Solutions_Inc_2011Q2.txt,0.13200685381889343,0.8679931461811066
XENON PHARMACEUTICALS INC,3.0,-0.51,-0.27,transcripts_by_company/Xenon_Pharmaceuticals_Inc_2016Q3.txt,0.22791951894760132,0.7720804810523987
NEXPOINT RESIDENTIAL TRUST INC,2.0,0.69,-0.01,transcripts_by_company/NexPoint_Residential_Trust_Inc_2016Q2.txt,0.27482640743255615,0.7251735925674438
RESPONSYS INC,2.0,0.03,0.05,transcripts_by_company/Responsys_Inc_2012Q2.txt,0.1625317931175232,0.8374682068824768
TRAVELERS COMPANIES INC,3.0,1.61,1.27,transcripts_by_company/The_Travelers_Companies_Inc_2009Q3.txt,0.20784887671470642,0.7921511232852936
ANTARES PHARMA INC,1.0,-0.02,-0.03,transcripts_by_company/Antares_Pharma_Inc_2010Q1.txt,0.11419323086738586,0.8858067691326141
GAP INC,4.0,0.58,0.6,transcripts_by_company/The_Gap_Inc_2017Q4.txt,0.16339926421642303,0.836600735783577
CPI CORP,3.0,-0.49,-0.2,transcripts_by_company/CPI_International_Inc_2009Q3.txt,0.12218934297561646,0.8778106570243835
VECTRUS INC,3.0,0.65,0.46,transcripts_by_company/Vectrus_Incorporated_2015Q3.txt,0.09328563511371613,0.9067143648862839
J & J SNACK FOODS CORP,2.0,1.12,1.05,transcripts_by_company/JandJ_Snack_Foods_Corp_2013Q2.txt,0.2554997205734253,0.7445002794265747
TRIMAS CORP,4.0,0.31,0.44,transcripts_by_company/TriMas_Corporation_2019Q4.txt,0.1339000165462494,0.8660999834537506
SHERWINWILLIAMS CO,2.0,2.54,2.61,transcripts_by_company/Sherwin-Williams_Co_2013Q2.txt,0.24498389661312103,0.755016103386879
KILROY REALTY CORP,3.0,0.02,-0.01,transcripts_by_company/Kilroy_Realty_Corporation_2013Q3.txt,0.23665660619735718,0.7633433938026428
BLOCK H&R INCORPORATED,4.0,-1.02,-0.98,transcripts_by_company/HandR_Block_Inc_2021Q4.txt,0.177209734916687,0.822790265083313
AQUANTIVE INC,3.0,0.13,0.04,transcripts_by_company/aQuantive_Inc_2005Q3.txt,0.36262989044189453,0.6373701095581055
MIRATI THERAPEUTICS INC,3.0,-0.65,-0.79,transcripts_by_company/Mirati_Therapeutics_Inc_2017Q3.txt,0.07674331963062286,0.9232566803693771
UNITED THERAPEUTICS CORP,3.0,-0.06,-0.06,transcripts_by_company/United_Theraputics_Corporation_2003Q3.txt,0.30759018659591675,0.6924098134040833
UNITED THERAPEUTICS CORP,4.0,2.1,2.63,transcripts_by_company/United_Therapeutics_Corp_2015Q4.txt,0.291160523891449,0.708839476108551
CROWN HOLDINGS INC,1.0,0.3,0.3,transcripts_by_company/Crown_Holdings_Inc_2010Q1.txt,0.2842780351638794,0.7157219648361206
NQ MOBILE INC,3.0,0.276,0.25,transcripts_by_company/NQ_Mobile_Inc_2013Q3.txt,0.1464170664548874,0.8535829335451126
OAKLEY,2.0,0.29,0.33,transcripts_by_company/Oakley_2006Q2.txt,0.11232583969831467,0.8876741603016853
MICREL INC,3.0,0.11,0.04,transcripts_by_company/Micrel_Semiconductor_2009Q3.txt,0.27782005071640015,0.7221799492835999
CENTRAL EURO DISTRIBUTION CP,2.0,0.27,0.39,transcripts_by_company/Central_European_Distribution_Corporation_2006Q2.txt,0.13154849410057068,0.8684515058994293
TROVAGENE INC,2.0,-0.34,-0.31,transcripts_by_company/Trovagene_Inc_2016Q2.txt,0.20623628795146942,0.7937637120485306
LUNA INNOVATIONS INC,2.0,-0.21,-0.13,transcripts_by_company/Luna_Innovations_Incorporated_2009Q2.txt,0.15961909294128418,0.8403809070587158
JOURNAL REGISTER CO.,1.0,0.18,0.26,transcripts_by_company/Journal_Register_2005Q1.txt,0.15858253836631775,0.8414174616336823
INTEVAC INC,1.0,-0.23,0.19,transcripts_by_company/Intevac_Inc_2018Q1.txt,0.30295270681381226,0.6970472931861877
CAPITAL SENIOR LIVING CORP,1.0,-0.31,-0.13,transcripts_by_company/Capital_Senior_Living_Corporation_2017Q1.txt,0.10296021401882172,0.8970397859811783
GREENBRIER COMPANIES INC,2.0,0.09,0.79,transcripts_by_company/The_Greenbrier_Companies_Inc_2022Q2.txt,0.28395727276802063,0.7160427272319794
MOODY'S CORP,1.0,1.47,1.12,transcripts_by_company/Moodys_Corp_2017Q1.txt,0.3206890821456909,0.6793109178543091
RENAISSANCERE HOLDINGS LTD,2.0,1.75,1.32,transcripts_by_company/RenaissanceRe_2003Q2.txt,0.1227228194475174,0.8772771805524826
VCA ANTECH INC,4.0,0.3,0.34,transcripts_by_company/VCA_Antech_Inc_2008Q4.txt,0.2746850252151489,0.7253149747848511
JOHN BEAN TECHNOLOGIES CORP,3.0,1.27,1.43,transcripts_by_company/John_Bean_Technologies_Corporation_2022Q3.txt,0.18664872646331787,0.8133512735366821
PSS WORLD MEDICAL INC,4.0,0.3,0.25,transcripts_by_company/PSS_World_Medical_Inc_2008Q4.txt,0.19930250942707062,0.8006974905729294
RANDGOLD RESOURCES LTD,4.0,0.14,0.2,transcripts_by_company/Randgold_Resources_Limited_2006Q4.txt,0.0892680361866951,0.9107319638133049
POLYPORE INTERNATIONAL INC,4.0,0.42,0.27,transcripts_by_company/Polypore_International_Inc_2010Q4.txt,0.20645490288734436,0.7935450971126556
LOUISIANA-PACIFIC CORP,4.0,0.87,0.24,transcripts_by_company/Louisiana-Pacific_Corp_2005Q4.txt,0.24115896224975586,0.7588410377502441
PRA INTERNATIONAL INC,2.0,0.35,0.29,transcripts_by_company/PRA_International_2005Q2.txt,0.31743744015693665,0.6825625598430634
KADANT INC,1.0,0.72,0.71,transcripts_by_company/Kadant_Inc_2016Q1.txt,0.384941428899765,0.615058571100235
SAMPO OYJ,3.0,0.71,0.7,transcripts_by_company/Sampo_Oyj_2015Q3.txt,0.1409466415643692,0.8590533584356308
SIRONA DENTAL SYSTEMS INC,3.0,0.48,0.39,transcripts_by_company/Sirona_Dental_Systems_2008Q3.txt,0.22395059466362,0.77604940533638
WEST BANCORPORATION INC,3.0,0.17,0.09,transcripts_by_company/WEST_BANCORPORATION_INC_2010Q3.txt,0.1460416465997696,0.8539583534002304
NV ENERGY INC,3.0,0.77,0.76,transcripts_by_company/MVV_Energie_AG_2010Q3.txt,0.16850847005844116,0.8314915299415588
ESTEE LAUDER COMPANIES INC,3.0,0.85,0.17,transcripts_by_company/The_Estee_Lauder_Companies_Inc_2009Q3.txt,0.36858949065208435,0.6314105093479156
INFORMATICA CORP,1.0,0.18,0.18,transcripts_by_company/Informatica_2009Q1.txt,0.44661378860473633,0.5533862113952637
BLACK HILLS CORP,3.0,0.5,0.52,transcripts_by_company/Black_Hills_Corporation_2017Q3.txt,0.21125680208206177,0.7887431979179382
TRIQUINT SEMICONDUCTOR INC,1.0,0.12,0.08,transcripts_by_company/TriQuint_Semiconductor_2010Q1.txt,0.10427872091531754,0.8957212790846825
"VERISIGN, INC",1.0,0.32,0.32,transcripts_by_company/VeriSign_Inc_2011Q1.txt,0.1018088236451149,0.8981911763548851
APACHE CORP,4.0,2.35,1.92,transcripts_by_company/Apache_Corporation_2005Q4.txt,0.11382939666509628,0.8861706033349037
EMC CORP MASS,4.0,0.689,0.67,transcripts_by_company/EMC_Corporation_2014Q4.txt,0.18334025144577026,0.8166597485542297
UNIVERSAL ELECTRONICS INC,3.0,0.28,0.48,transcripts_by_company/Universal_Electronics_Inc_2008Q3.txt,0.12403811514377594,0.8759618848562241
FORWARD AIR CORP,3.0,0.42,0.43,transcripts_by_company/Forward_Air_2008Q3.txt,0.22787779569625854,0.7721222043037415
ROVI CORP,2.0,0.43,0.4,transcripts_by_company/Rovi_Corp_2014Q2.txt,0.125982403755188,0.874017596244812
PHOENIX TECHNOLOGIES LIMITED,4.0,-0.1,0.02,transcripts_by_company/Phoenix_Technologies_2003Q4.txt,0.2726413309574127,0.7273586690425873
STANLEY INC,1.0,0.2,0.17,transcripts_by_company/The_Stanley_Works_2007Q1.txt,0.11192445456981659,0.8880755454301834
NETLOGIC MICROSYSTEMS INC,2.0,0.45,0.36,transcripts_by_company/NetLogic_Microsystems_Inc_2011Q2.txt,0.27579277753829956,0.7242072224617004
CRANE CO,1.0,0.92,1.21,transcripts_by_company/Crane_Co_2015Q1.txt,0.11508708447217941,0.8849129155278206
CINCINNATI FINANCIAL CORP,1.0,1.37,1.04,transcripts_by_company/Cincinnati_Financial_Corporation_2021Q1.txt,0.14303918182849884,0.8569608181715012
FOSSIL GROUP INC,2.0,1.12,1.07,transcripts_by_company/Fossil_Group_Inc_2015Q2.txt,0.18115568161010742,0.8188443183898926
SIMS METAL MANAGEMENT LIMITED,2.0,0.933,1.035,transcripts_by_company/Sims_Metal_Management_Ltd_2011Q2.txt,0.22240562736988068,0.7775943726301193
BUCKEYE PARTNERS LIMITED PRT,4.0,0.86,1.14,transcripts_by_company/Buckeye_Partners_LP_2016Q4.txt,0.0946003645658493,0.9053996354341507
SUPERNUS PHARMACEUTICALS INC,3.0,0.08,0.05,transcripts_by_company/Supernus_Pharmaceuticals_Inc_2015Q3.txt,0.1193762868642807,0.8806237131357193
DUKE ENERGY CORP,3.0,1.79,1.73,transcripts_by_company/Duke_Energy_Corporation_2019Q3.txt,0.20009838044643402,0.799901619553566
CREDICORP 'C',2.0,2.18,2.16,transcripts_by_company/Credicorp_2011Q2.txt,0.4676918387413025,0.5323081612586975
TAOMEE HOLDINGS LTD,1.0,0.01,0.03,transcripts_by_company/Taomee_Holdings_2014Q1.txt,0.058814819902181625,0.9411851800978184
CVR ENERGY INC,2.0,0.36,0.72,transcripts_by_company/CVR_Energy_Inc_2020Q2.txt,0.2024768739938736,0.7975231260061264
AMN HEALTHCARE SERVICES  INC,1.0,0.23,0.25,transcripts_by_company/AMN_Healthcare_Services_Inc_2007Q1.txt,0.18957068026065826,0.8104293197393417
QIAGEN NV,1.0,0.19,0.24,transcripts_by_company/Qiagen_2016Q1.txt,0.10292351990938187,0.8970764800906181
CLOVIS ONCOLOGY INC,4.0,-1.62,-1.13,transcripts_by_company/Clovis_Oncology_Inc_2014Q4.txt,0.12163538485765457,0.8783646151423454
BRINKER INTERNATIONAL INC,4.0,0.87,0.72,transcripts_by_company/Brinker_International_Inc_2017Q4.txt,0.13368499279022217,0.8663150072097778
FPIC INSURANCE GROUP INC,3.0,0.86,0.91,transcripts_by_company/FPIC_Insurance_Group_Inc_2007Q3.txt,0.19435761868953705,0.805642381310463
SPX CORP,1.0,0.25,0.62,transcripts_by_company/SPX_Corporation_2013Q1.txt,0.2648923397064209,0.7351076602935791
COMERICA INC,4.0,1.66,1.44,transcripts_by_company/Comerica_Incorporated_2021Q4.txt,0.4462997317314148,0.5537002682685852
CENVEO INC,2.0,0.09,0.13,transcripts_by_company/Cenveo_Inc_2011Q2.txt,0.2539183795452118,0.7460816204547882
INDUSTRIAL LOGISTICS PROPERTIES,3.0,0.22,0.22,transcripts_by_company/Industrial_Logistics_Properties_Trust_2020Q3.txt,0.4202166199684143,0.5797833800315857
MONOLITHIC POWER SYSTEMS INC,3.0,1.69,1.19,transcripts_by_company/Monolithic_Power_Systems_Inc_2020Q3.txt,0.12719282507896423,0.8728071749210358
CALIFORNIA MICRO DEVICES CP,2.0,-0.04,0.01,transcripts_by_company/California_Micro_Devices_2008Q2.txt,0.2030710130929947,0.7969289869070053
STRYKER CORP,1.0,2.14,2.25,transcripts_by_company/Stryker_Corporation_2023Q1.txt,0.22547394037246704,0.774526059627533
CALAMP CORP,3.0,-0.03,0.0,transcripts_by_company/CalAmp_Corp_2010Q3.txt,0.15200378000736237,0.8479962199926376
UNIVERSAL DISPLAY CORP,2.0,0.44,0.5,transcripts_by_company/Universal_Display_Corporation_2014Q2.txt,0.14474552869796753,0.8552544713020325
AVIS BUDGET GROUP INC,4.0,0.2,0.29,transcripts_by_company/Avis_Budget_Group_Inc_2007Q4.txt,0.14128631353378296,0.858713686466217
NEENAH INC,3.0,0.42,0.39,transcripts_by_company/Neenah_Paper_Inc_2011Q3.txt,0.3199217915534973,0.6800782084465027
SPLUNK INC,2.0,-0.02,0.0,transcripts_by_company/Splunk_Inc_2016Q2.txt,0.3516480028629303,0.6483519971370697
AMKOR TECHNOLOGY INC,4.0,0.13,0.07,transcripts_by_company/Amkor_Technology_2003Q4.txt,0.2099611759185791,0.7900388240814209
SENIOR HOUSING PROPERTIES TRUST,3.0,0.22,0.25,transcripts_by_company/Senior_Housing_Properties_Trust_2010Q3.txt,0.10912404954433441,0.8908759504556656
FLUOR CORP,2.0,0.87,0.84,transcripts_by_company/Fluor_Corporation_2010Q2.txt,0.33108019828796387,0.6689198017120361
C4 THERAPEUTICS INC,3.0,-0.65,-0.72,transcripts_by_company/Knight_Therapeutics_Inc_2022Q3.txt,0.19845375418663025,0.8015462458133698
FREQUENCY THERAPEUTICS INC,2.0,-0.61,-0.88,transcripts_by_company/Frequency_Therapeutics_Inc_2022Q2.txt,0.193833589553833,0.806166410446167
PROGENICS PHARMACEUTICALS INC,4.0,-0.01,-0.29,transcripts_by_company/Progenics_Pharmaceuticals_2012Q4.txt,0.18432024121284485,0.8156797587871552
CVB FINANCIAL CORP,1.0,0.21,0.18,transcripts_by_company/CVB_Financial_Corporation_2012Q1.txt,0.1553017497062683,0.8446982502937317
IMMUNOGEN INC,4.0,-0.38,-0.35,transcripts_by_company/ImmunoGen_Inc_2015Q4.txt,0.1634875237941742,0.8365124762058258
DUPONT PHOTOMASKS INC,4.0,-0.48,0.2,transcripts_by_company/DuPont_Photomasks_2002Q4.txt,0.1933990865945816,0.8066009134054184
INVITROGEN CORPORATION,1.0,1.01,0.89,transcripts_by_company/Invitrogen_Corporation_2007Q1.txt,0.1780521422624588,0.8219478577375412
BRADY CORP,3.0,0.53,0.6,transcripts_by_company/Brady_Corporation_2013Q3.txt,0.14285387098789215,0.8571461290121078
EPLUS INC,1.0,3.48,3.27,transcripts_by_company/ePlus_Inc_2012Q1.txt,0.20130294561386108,0.7986970543861389
GRUPO AVAL SA,3.0,0.014,0.08,transcripts_by_company/Grupo_de_Inversiones_Suramericana_SA_2023Q3.txt,0.2501692473888397,0.7498307526111603
HUBSPOT INC,1.0,0.15,0.07,transcripts_by_company/HubSpot_Inc_2018Q1.txt,0.21635907888412476,0.7836409211158752
PANACOS PHARMACEUTICALS INC,1.0,-0.19,-0.21,transcripts_by_company/Panacos_Pharmaceuticals_Inc_2007Q1.txt,0.0869269147515297,0.9130730852484703
MEDIDATA SOLUTIONS INC,4.0,0.35,0.36,transcripts_by_company/Medidata_Solutions_Inc_2012Q4.txt,0.25238320231437683,0.7476167976856232
EASTMAN CHEMICAL CO,3.0,1.19,2.19,transcripts_by_company/Eastman_Chemical_Company_2011Q3.txt,0.10402748733758926,0.8959725126624107
PRETIUM RESOURCES INC,3.0,0.27,0.2,transcripts_by_company/Pretium_Resources_Inc_2020Q3.txt,0.13789226114749908,0.8621077388525009
POZEN INC,3.0,0.48,0.32,transcripts_by_company/POZEN_2007Q3.txt,0.1510981172323227,0.8489018827676773
TESSERA TECHNOLOGIES INC.,1.0,0.23,0.33,transcripts_by_company/Tessera_Technologies_Inc_2007Q1.txt,0.17564894258975983,0.8243510574102402
BIOLASE INC,2.0,0.03,0.11,transcripts_by_company/Biolase_Technology_Inc_2004Q2.txt,0.2271994650363922,0.7728005349636078
COMERICA INC,2.0,1.94,1.99,transcripts_by_company/Comerica_Incorporated_2019Q2.txt,0.38459375500679016,0.6154062449932098
DELTA APPAREL INC,3.0,0.08,0.07,transcripts_by_company/Delta_Apparel_Inc_2008Q3.txt,0.1611698567867279,0.8388301432132721
AVEO PHARMACEUTICALS INC,1.0,-0.12,-0.37,transcripts_by_company/Aveo_Group_2014Q1.txt,0.13774627447128296,0.862253725528717
ONCOLYTICS BIOTECH INC,4.0,-0.09,-0.1,transcripts_by_company/Oncolytics_Biotech_Inc_2008Q4.txt,0.12662208080291748,0.8733779191970825
CANADIAN NATIONAL RAILWAY CO,2.0,1.66,1.63,transcripts_by_company/Canadian_National_Railway_Company_2013Q2.txt,0.12608039379119873,0.8739196062088013
FRANCO-NEVADA CORP,4.0,0.28,0.24,transcripts_by_company/Franco-Nevada_Corporation_2017Q4.txt,0.16892236471176147,0.8310776352882385
JDA SOFTWARE GROUP INC,2.0,0.45,0.63,transcripts_by_company/JDA_Software_Group_Inc_2011Q2.txt,0.06662648916244507,0.9333735108375549
DARLING INTERNATIONAL INC.,3.0,0.02,0.04,transcripts_by_company/Darling_International_Inc_2006Q3.txt,0.22505851089954376,0.7749414891004562
EDISON INTERNATIONAL,1.0,0.56,0.71,transcripts_by_company/Edison_International_2006Q1.txt,0.1598854959011078,0.8401145040988922
MASTEC INC,2.0,0.1,0.42,transcripts_by_company/MasTec_Inc_2015Q2.txt,0.10968909412622452,0.8903109058737755
COMPASS INC,3.0,-0.2,0.03,transcripts_by_company/Compass_Minerals_International_Inc_2021Q3.txt,0.19365794956684113,0.8063420504331589
DOMINION ENERGY INC,1.0,0.99,1.22,transcripts_by_company/Dominion_Energy_Inc_2023Q1.txt,0.2654760777950287,0.7345239222049713
VISTEON AUTOMOTIVE,3.0,-0.27,-0.15,transcripts_by_company/Visteon_2002Q3.txt,0.3086429536342621,0.6913570463657379
BRITISH SKY BROADCASTING,2.0,2.61,1.66,transcripts_by_company/British_Sky_Broadcasting_Group_Plc_2011Q2.txt,0.18228136003017426,0.8177186399698257
INNOVIVA INC,2.0,0.3,0.3,transcripts_by_company/Innoviva_Inc_2017Q2.txt,0.1962171494960785,0.8037828505039215
"UNIVERSAL FOREST PRODUCTS, INC.",3.0,0.91,1.16,transcripts_by_company/Universal_Forest_Products_Inc_2006Q3.txt,0.22857002913951874,0.7714299708604813
GAN LTD,2.0,-0.07,-0.01,transcripts_by_company/GAN_Limited_2021Q2.txt,0.3836737871170044,0.6163262128829956
MAGELLAN HEALTH INC,2.0,0.17,0.53,transcripts_by_company/Magellan_Health_Inc_2015Q2.txt,-0.032363034784793854,1.0323630347847939
MSC INDUSTRIAL DIRECT CO INC,2.0,0.44,0.42,transcripts_by_company/MSC_Industrial_Direct_2005Q2.txt,0.3185786008834839,0.6814213991165161
BECTON DICKINSON AND CO,4.0,4.55,2.86,transcripts_by_company/Becton_Dickinson_and_Company_2020Q4.txt,0.2716846764087677,0.7283153235912323
U.S. PHYSICAL THERAPY INC,2.0,0.81,0.8,transcripts_by_company/US_Physical_Therapy_Inc_2019Q2.txt,0.1884751170873642,0.8115248829126358
REALD INC,4.0,-0.34,-0.08,transcripts_by_company/M-real_2010Q4.txt,0.31255581974983215,0.6874441802501678
IMMUCOR INC,2.0,0.34,0.28,transcripts_by_company/Immucor_Inc_2011Q2.txt,0.13763538002967834,0.8623646199703217
ANADARKO PETROLEUM CO,2.0,-0.77,0.09,transcripts_by_company/Anadarko_Petroleum_Corporation_2017Q2.txt,0.203949436545372,0.796050563454628
RETAIL PROPERTIES OF AMERICA INC,1.0,-0.05,0.04,transcripts_by_company/Retail_Properties_of_America_Inc_2017Q1.txt,0.24437972903251648,0.7556202709674835
RR MEDIA LTD,3.0,0.18,0.21,transcripts_by_company/ProSiebenSat1_Media_AG_2008Q3.txt,0.15393126010894775,0.8460687398910522
ECLIPSYS CORP,2.0,-0.24,-0.2,transcripts_by_company/Eclipsys_2003Q2.txt,0.2225370705127716,0.7774629294872284
PLUG POWER INC,2.0,-0.15,-0.2,transcripts_by_company/Plug_Power_2004Q2.txt,0.13945795595645905,0.860542044043541
C-COR INCORPORATED,1.0,-0.06,0.04,transcripts_by_company/C-COR_Incorporated_2006Q1.txt,0.3069451153278351,0.6930548846721649
ALNYLAM PHARMACEUTICALS INC,2.0,-0.35,-0.33,transcripts_by_company/Alnylam_Pharmaceuticals_2010Q2.txt,0.10995865613222122,0.8900413438677788
CYBERONICS INC,1.0,-0.04,-0.1,transcripts_by_company/Cyberonics_2008Q1.txt,0.2551402449607849,0.7448597550392151
ESCO TECHNOLOGIES INC,1.0,0.41,0.49,transcripts_by_company/ESCO_Technologies_Inc_2012Q1.txt,0.28610050678253174,0.7138994932174683
IPCS INC,1.0,-1.02,-0.71,transcripts_by_company/iPCS_Inc_2006Q1.txt,0.22127871215343475,0.7787212878465652
ENTREMED INC,4.0,-0.08,-0.09,transcripts_by_company/EntreMed_Inc_2006Q4.txt,0.21115624904632568,0.7888437509536743
TORONTO-DOMINION BANK,3.0,1.51,1.32,transcripts_by_company/The_Toronto-Dominion_Bank_2017Q3.txt,0.25003552436828613,0.7499644756317139
SPANISH BROADCASTING SYS,3.0,-0.04,0.04,transcripts_by_company/Spanish_Broadcasting_System_Inc_2003Q3.txt,0.4021609425544739,0.5978390574455261
AEROVIRONMENT INC,4.0,-0.18,0.01,transcripts_by_company/AeroVironment_Inc_2016Q4.txt,0.32668837904930115,0.6733116209506989
TOREADOR RESOURCES CORP,2.0,-0.13,0.0,transcripts_by_company/Toreador_Resources_2011Q2.txt,0.14036217331886292,0.8596378266811371
ELIZABETH ARDEN INC,2.0,0.1,0.4,transcripts_by_company/Elizabeth_Arden_Inc_2013Q2.txt,0.263624906539917,0.736375093460083
INTERFACE FLOOR,4.0,0.13,0.29,transcripts_by_company/Interface_2011Q4.txt,0.405640572309494,0.594359427690506
CENTRAL EUROPEAN MEDIA ENTERPRIS,1.0,-0.67,-0.33,transcripts_by_company/Central_European_Media_Enterprises_2010Q1.txt,0.13949361443519592,0.8605063855648041
VISHAY PRECISION GROUP INC,1.0,0.61,0.54,transcripts_by_company/Vishay_Precision_Group_Inc_2019Q1.txt,0.04251684993505478,0.9574831500649452
ALLIANCE DATA SYSTEMS CORP,1.0,3.84,4.24,transcripts_by_company/Alliance_Data_Systems_Corporation_2016Q1.txt,0.1955934315919876,0.8044065684080124
HAWAIIAN HOLDINGS INC,3.0,0.12,0.28,transcripts_by_company/Hawaiian_Holdings_Inc_2008Q3.txt,0.27368849515914917,0.7263115048408508
QUALITY SYS INC,3.0,0.35,0.66,transcripts_by_company/Quality_Systems_2011Q3.txt,0.10882146656513214,0.8911785334348679
CISCO SYSTEMS INC,4.0,0.4,0.36,transcripts_by_company/Cisco_Systems_Inc_2007Q4.txt,0.10985283553600311,0.8901471644639969
STITCH FIX INC,1.0,0.11,0.12,transcripts_by_company/Stitch_Fix_Inc_2020Q1.txt,0.12365581095218658,0.8763441890478134
CLOROX CO,3.0,0.91,0.92,transcripts_by_company/The_Clorox_Company_2008Q3.txt,0.2952960133552551,0.7047039866447449
BANK OF NEW YORK CO INC,1.0,0.49,0.5,transcripts_by_company/The_Bank_of_New_York_2005Q1.txt,0.16929270327091217,0.8307072967290878
GAIN CAPITAL HOLDINGS INC,4.0,-0.11,0.14,transcripts_by_company/GAIN_Capital_Holdings_Inc_2018Q4.txt,0.20613250136375427,0.7938674986362457
GEA GROUP AG,1.0,0.39,0.28,transcripts_by_company/PageGroup_plc_2021Q1.txt,0.32137036323547363,0.6786296367645264
GRT LAKES CHEM,3.0,-0.01,0.31,transcripts_by_company/Great_Lakes_Chemical_Corporation_2003Q3.txt,0.3237614035606384,0.6762385964393616
KODIAK SCIENCES INC,2.0,-1.08,-0.98,transcripts_by_company/Kodiak_Sciences_Inc_2021Q2.txt,0.12078329175710678,0.8792167082428932
MACATAWA BANK CORP,2.0,0.13,0.18,transcripts_by_company/Macatawa_Bank_Corporation_2008Q2.txt,0.1476219892501831,0.8523780107498169
TERADYNE INC,1.0,0.25,0.08,transcripts_by_company/Teradyne_Inc_2006Q1.txt,0.24112214148044586,0.7588778585195541
ELLINGTON FINANCIAL INC,2.0,0.41,0.46,transcripts_by_company/Ellington_Financial_Inc_2022Q2.txt,0.23660507798194885,0.7633949220180511
WAL-MART DE MEXICO SA DE CV,2.0,0.04,0.39,transcripts_by_company/Wal-Mart_2005Q2.txt,0.206808939576149,0.793191060423851
FINANCIAL ENGINES INC,4.0,0.22,0.2,transcripts_by_company/Financial_Engines_2013Q4.txt,0.11674284189939499,0.883257158100605
OFFSHORE LOGISTICS INC,2.0,0.35,0.46,transcripts_by_company/Offshore_Logistics_2003Q2.txt,0.1911480873823166,0.8088519126176834
NORDSON CORP,1.0,0.7,0.45,transcripts_by_company/Nordson_2010Q1.txt,0.20168139040470123,0.7983186095952988
LSI CORP,3.0,-0.07,0.09,transcripts_by_company/LSI_Industries_Inc_2004Q3.txt,0.4962354898452759,0.5037645101547241
VIRTUS INVESTMENT PARTNERS INC,2.0,2.77,2.56,transcripts_by_company/Virtus_Investment_Partners_Inc_2014Q2.txt,0.07778538763523102,0.922214612364769
XO GROUP INC,3.0,0.13,0.1,transcripts_by_company/XO_Group_Inc_2017Q3.txt,0.11428402364253998,0.88571597635746
FIRST INDUSTRIAL REALTY TRUST IN,1.0,0.02,0.06,transcripts_by_company/First_Industrial_Realty_Trust_Inc_2015Q1.txt,0.10875590145587921,0.8912440985441208
SIRONA DENTAL SYSTEMS INC,1.0,0.36,0.42,transcripts_by_company/Sirona_Dental_Systems_2009Q1.txt,0.2097800225019455,0.7902199774980545
KFORCE INC,4.0,0.09,0.06,transcripts_by_company/Kforce_Inc_2003Q4.txt,0.2856942415237427,0.7143057584762573
CONCHO RESOURCES INC,4.0,1.15,1.19,transcripts_by_company/Concho_Resources_Inc_2011Q4.txt,0.29131585359573364,0.7086841464042664
SCHNITZER STEEL INDUSTRIES INC,3.0,1.28,1.13,transcripts_by_company/Schnitzer_Steel_Industries_Inc_2007Q3.txt,0.2897709608078003,0.7102290391921997
STARWOOD PROPERTY TRUST INC,1.0,0.15,0.22,transcripts_by_company/Starwood_Property_Trust_Inc_2010Q1.txt,0.2259598970413208,0.7740401029586792
EXELIXIS INC,4.0,-0.36,-0.31,transcripts_by_company/Exelixis_2008Q4.txt,0.19063055515289307,0.8093694448471069
AVANT IMMUNOTHERAPEUTICS INC,3.0,-0.05,-0.05,transcripts_by_company/Avant_Immunotherapeutics_2004Q3.txt,0.19451801478862762,0.8054819852113724
CIBER INC,1.0,0.06,0.06,transcripts_by_company/CIBER_Inc_2011Q1.txt,0.16299819946289062,0.8370018005371094
EVOFEM BIOSCIENCES INC,4.0,-0.5,-0.52,transcripts_by_company/Evofem_Biosciences_Inc_2020Q4.txt,0.319721519947052,0.680278480052948
BIOMEA FUSION INC,2.0,-0.59,-0.55,transcripts_by_company/Biomea_Fusion_2022Q2.txt,0.07727223634719849,0.9227277636528015
NETFLIX INC,1.0,0.14,0.08,transcripts_by_company/Netflix_2007Q1.txt,0.15824078023433685,0.8417592197656631
PERFECT CORP,2.0,0.01,0.0,transcripts_by_company/Efecte_Plc_2023Q2.txt,0.22273655235767365,0.7772634476423264
RIGNET INC,2.0,0.28,0.27,transcripts_by_company/RigNet_Inc_2013Q2.txt,0.1691509485244751,0.8308490514755249
CHEMOURS CO,3.0,0.61,0.28,transcripts_by_company/The_Chemours_Company_2016Q3.txt,0.1736661046743393,0.8263338953256607
NETLOGIC MICROSYSTEMS INC,3.0,0.4,0.3,transcripts_by_company/NetLogic_Microsystems_Inc_2010Q3.txt,0.25961804389953613,0.7403819561004639
KINETIK HOLDINGS INC,3.0,1.04,1.32,transcripts_by_company/Kinetik_Holdings_Inc_2022Q3.txt,0.028451556339859962,0.97154844366014
DIGIRAD CORP,2.0,-0.02,0.0,transcripts_by_company/Digirad_Corporation_2018Q2.txt,0.29628506302833557,0.7037149369716644
EBIX INC,2.0,0.01,0.58,transcripts_by_company/Ebix_Inc_2023Q2.txt,0.1502649337053299,0.8497350662946701
SOUTHWEST AIRLINES CO,3.0,0.15,0.26,transcripts_by_company/Southwest_Airlines_2011Q3.txt,0.2247697114944458,0.7752302885055542
VIOMI TECHNOLOGY CO LTD,2.0,1.37,1.55,transcripts_by_company/Viomi_Technology_Co_Ltd_2019Q2.txt,0.12071433663368225,0.8792856633663177
SENORX INC,2.0,-0.3,-0.06,transcripts_by_company/SenoRx_Inc_2008Q2.txt,0.37871578335762024,0.6212842166423798
ASPEN TECHNOLOGY INC,4.0,-0.09,-0.19,transcripts_by_company/Aspen_Technology_2010Q4.txt,0.14453287422657013,0.8554671257734299
CAMBIUM NETWORKS CORP,3.0,0.23,0.3,transcripts_by_company/Cambium_Networks_Corporation_2021Q3.txt,0.22384752333164215,0.7761524766683578
ELECTROMED INC,3.0,0.05,0.03,transcripts_by_company/Electromed_Inc_2021Q3.txt,0.15468576550483704,0.845314234495163
TRIBUNE CO NEW,3.0,0.5,0.53,transcripts_by_company/Tribune_Company_2005Q3.txt,0.261737197637558,0.738262802362442
FISERV INC,2.0,1.37,1.29,transcripts_by_company/Fiserv_Inc_2021Q2.txt,0.22871069610118866,0.7712893038988113
SILICON STORAGE TECHNOLOGY INC,1.0,0.14,0.01,transcripts_by_company/Storage_Technology_2004Q1.txt,0.14951571822166443,0.8504842817783356
MODINE MANUFACTURING CO,3.0,0.41,0.22,transcripts_by_company/Modine_Manufacturing_Company_2004Q3.txt,0.20147185027599335,0.7985281497240067
ON24 INC,3.0,-0.07,-0.15,transcripts_by_company/ON24_Inc_2022Q3.txt,0.20148468017578125,0.7985153198242188
HOST HOTELS  RESORTS INC,3.0,0.18,0.1,transcripts_by_company/Host_Hotels_and_Resorts_Inc_2007Q3.txt,0.16699756681919098,0.833002433180809
PERRY ELLIS INTERNATIONAL INC,1.0,0.68,0.96,transcripts_by_company/Perry_Ellis_International_2007Q1.txt,0.42464587092399597,0.575354129076004
STAR GAS PARTNERS L. P.,1.0,1.31,0.84,transcripts_by_company/Star_Gas_Partners_LP_2015Q1.txt,0.3048975169658661,0.6951024830341339
PLUM CREEK TIMBER CO INC,2.0,0.34,0.42,transcripts_by_company/Plum_Creek_Timber_2006Q2.txt,0.028795184567570686,0.9712048154324293
HNI CORP,2.0,0.17,0.24,transcripts_by_company/HNI_Corporation_2012Q2.txt,0.10314815491437912,0.8968518450856209
FORCE PROTECTION INC,2.0,0.01,0.09,transcripts_by_company/Force_Protection_Inc_2009Q2.txt,0.32032713294029236,0.6796728670597076
TIM PARTICIPACOES SA,1.0,-0.27,0.15,transcripts_by_company/TIM_Participacoes_SA_2009Q1.txt,0.1633806824684143,0.8366193175315857
NEURONETICS INC,3.0,-0.33,-0.32,transcripts_by_company/Neuronetics_Inc_2023Q3.txt,0.24628782272338867,0.7537121772766113
CHURCHILL DOWNS INC,2.0,2.03,1.93,transcripts_by_company/Churchill_Downs_Inc_2006Q2.txt,0.009958080016076565,0.9900419199839234
WORKDAY INC,4.0,1.1,0.7,transcripts_by_company/Workday_Inc_2021Q4.txt,0.2554079294204712,0.7445920705795288
NMS COMMUNICATIONS CORP,3.0,0.0,0.0,transcripts_by_company/NMS_Communications_Corporation_2007Q3.txt,0.15577970445156097,0.844220295548439
BROWN-FORMAN CORP,4.0,0.62,0.52,transcripts_by_company/Brown-Forman_Corporation_2017Q4.txt,0.1287667602300644,0.8712332397699356
HALOZYME THERAPEUTICS INC,4.0,-0.01,-0.22,transcripts_by_company/Halozyme_Therapeutics_Inc_2018Q4.txt,0.18668967485427856,0.8133103251457214
SCORPIO TANKERS INC,1.0,0.24,0.18,transcripts_by_company/Scorpio_Tankers_Inc_2015Q1.txt,0.2238014191389084,0.7761985808610916
SYMANTEC CORP,1.0,0.44,0.41,transcripts_by_company/Symantec_Corp_2013Q1.txt,0.3362671732902527,0.6637328267097473
MERU NETWORKS INC,2.0,-0.26,-0.23,transcripts_by_company/Meru_Networks_Inc_2012Q2.txt,0.2585363984107971,0.7414636015892029
LITTELFUSE INC,2.0,3.12,3.57,transcripts_by_company/Littelfuse_Inc_2023Q2.txt,0.1836920529603958,0.8163079470396042
CAPITAL PRODUCT PARTNERS LP,1.0,0.08,0.14,transcripts_by_company/Capital_Product_Partners_LP_2016Q1.txt,0.2194274514913559,0.7805725485086441
THERMO FISHER SCIENTIFIC INC,2.0,1.72,1.43,transcripts_by_company/Thermo_Fisher_Scientific_2014Q2.txt,0.15555641055107117,0.8444435894489288
EXAR CORP,4.0,-0.04,0.05,transcripts_by_company/Exar_Corp_2011Q4.txt,0.31063076853752136,0.6893692314624786
CARDIAC SCIENCE CORP,1.0,-0.02,0.11,transcripts_by_company/Cardiac_Science_2009Q1.txt,0.09526553750038147,0.9047344624996185
WAGEWORKS INC,4.0,0.17,0.16,transcripts_by_company/WageWorks_Inc_2013Q4.txt,0.2334049940109253,0.7665950059890747
INVENTURE GROUP INC,1.0,0.05,0.04,transcripts_by_company/The_Inventure_Group_Inc_2009Q1.txt,0.22644302248954773,0.7735569775104523
MGM GROWTH PROPERTIES LLC,2.0,0.24,0.26,transcripts_by_company/MGM_Growth_Properties_LLC_2019Q2.txt,0.17634539306163788,0.8236546069383621
CSG SYSTEMS INTERNATIONAL INC,3.0,0.4,0.41,transcripts_by_company/CSG_Systems_Inc_2008Q3.txt,0.0698576495051384,0.9301423504948616
NORTHERN OFFSHORE LTD,2.0,0.03,0.03,transcripts_by_company/Northern_Offshore_Ltd_2011Q2.txt,0.12746299803256989,0.8725370019674301
ACRES COMMERCIAL REALTY CORP,3.0,0.4,0.33,transcripts_by_company/ACRES_Commercial_Realty_Corp_2022Q3.txt,0.23944023251533508,0.7605597674846649
ORION ENGINEERED CARBONS SA,1.0,0.32,0.3,transcripts_by_company/Orion_Engineered_Carbons_SARL_2015Q1.txt,0.11971880495548248,0.8802811950445175
MICREL INC,2.0,0.17,0.21,transcripts_by_company/Micrel_Semiconductor_2011Q2.txt,0.24011698365211487,0.7598830163478851
LECROY CORPORATION,2.0,0.22,0.17,transcripts_by_company/LeCroy_Corporation_Inc_2004Q2.txt,0.3276277482509613,0.6723722517490387
ARGONAUT GROUP INCORPORATED,3.0,0.1,0.52,transcripts_by_company/Argonaut_Group_2005Q3.txt,0.14525628089904785,0.8547437191009521
MICROSTRATEGY INC,4.0,-21.93,0.5,transcripts_by_company/MicroStrategy_Incorporated_2022Q4.txt,0.27505576610565186,0.7249442338943481
GLOBAL CASH ACCESS HOLDINGS INC,3.0,0.15,0.15,transcripts_by_company/Global_Cash_Access_Holdings_Inc_2006Q3.txt,0.420066773891449,0.579933226108551
BEYONDSPRING INC,4.0,-0.52,-0.29,transcripts_by_company/BeyondSpring_Inc_2019Q4.txt,0.21651163697242737,0.7834883630275726
BANK OF COMMERCE HOLDINGS,1.0,0.15,0.1,transcripts_by_company/Canadian_Imperial_Bank_of_Commerce_2010Q1.txt,0.014227529056370258,0.9857724709436297
SINA CORP,1.0,0.5,0.2,transcripts_by_company/SINA_Corp_2017Q1.txt,0.1912231594324112,0.8087768405675888
MKS INSTRUMENTS INC,4.0,3.02,2.78,transcripts_by_company/MKS_Instruments_Inc_2021Q4.txt,0.20221243798732758,0.7977875620126724
SOURCEFIRE INC,2.0,-0.02,-0.01,transcripts_by_company/Sourcefire_2007Q2.txt,0.19805116951465607,0.8019488304853439
EXLSERVICE HOLDINGS INC,4.0,0.79,0.76,transcripts_by_company/ExlService_Holdings_Inc_2019Q4.txt,0.12646743655204773,0.8735325634479523
P.F. CHANGS CHINA BISTRO INC,4.0,0.52,0.39,transcripts_by_company/PF_Changs_China_Bistro_Inc_2009Q4.txt,0.08642049878835678,0.9135795012116432
"ARBOR REALTY TRUST, INC",3.0,0.1,0.73,transcripts_by_company/Realty_Co_2008Q3.txt,0.36956024169921875,0.6304397583007812
VANDA PHARMACEUTICALS INC,3.0,0.11,0.09,transcripts_by_company/Vanda_Pharmaceuticals_Inc_2020Q3.txt,0.20311547815799713,0.7968845218420029
NIC INC,2.0,0.19,0.2,transcripts_by_company/NIC_Inc_2017Q2.txt,0.03672846406698227,0.9632715359330177
CHORDIANT SOFTWARE INC,4.0,-0.03,0.02,transcripts_by_company/Chordiant_Software_Inc_2006Q4.txt,0.28027811646461487,0.7197218835353851
AEROVIRONMENT INC,4.0,0.48,0.46,transcripts_by_company/AeroVironment_Inc_2020Q4.txt,0.18101678788661957,0.8189832121133804
DRYSHIPS INC,4.0,0.06,0.21,transcripts_by_company/DryShips_Inc_2011Q4.txt,0.11083122342824936,0.8891687765717506
BB&T CORP,1.0,0.8,0.77,transcripts_by_company/BBandT_Corp_2006Q1.txt,0.23136799037456512,0.7686320096254349
CITRIX SYSTEMS INC,2.0,0.39,0.41,transcripts_by_company/Citrix_Systems_2009Q2.txt,0.18992960453033447,0.8100703954696655
HOME DEPOT INC,4.0,0.5,0.45,transcripts_by_company/Home_Depot_Inc_2003Q4.txt,0.09473588317632675,0.9052641168236732
TRAVELZOO INC,2.0,0.17,0.31,transcripts_by_company/Travelzoo_2007Q2.txt,0.159952774643898,0.840047225356102
YOUNG INNOVATIONS INC,1.0,0.31,0.42,transcripts_by_company/Young_Innovations_2007Q1.txt,0.2978029251098633,0.7021970748901367
NEWMONT CORPORATION,3.0,0.28,0.19,transcripts_by_company/Newmont_Mining_Corporation_2003Q3.txt,0.1731720119714737,0.8268279880285263
JUST ENERGY GROUP INC,3.0,-0.16,0.19,transcripts_by_company/Just_Group_Plc_2018Q3.txt,0.1479300856590271,0.8520699143409729
NEWSTAR FINANCIAL INC,2.0,0.11,-0.13,transcripts_by_company/NewStar_Financial_Inc_2010Q2.txt,0.3126336932182312,0.6873663067817688
FOCUS MEDIA HOLDING LTD,1.0,0.16,0.12,transcripts_by_company/Focus_Media_Holding_Ltd_2010Q1.txt,0.24693524837493896,0.753064751625061
GRUPO AEROPORTUARIO DEL PACIFICO,4.0,1.23,0.81,transcripts_by_company/Grupo_Aeroportuario_del_Pacifico_SAB_de_CV_2013Q4.txt,0.1853220909833908,0.8146779090166092
MTR GAMING GROUP INC,3.0,0.0,0.11,transcripts_by_company/MTR_Gaming_Group_2006Q3.txt,0.263047993183136,0.736952006816864
BANK OF COMMERCE HOLDINGS,2.0,0.08,0.21,transcripts_by_company/Canadian_Imperial_Bank_of_Commerce_2010Q2.txt,0.08279529958963394,0.9172047004103661
FIRST HORIZON CORP (TENNESSEE),2.0,0.58,0.32,transcripts_by_company/First_Horizon_Corporation_2021Q2.txt,0.28617626428604126,0.7138237357139587
LAS VEGAS SANDS CORP,2.0,0.54,0.4,transcripts_by_company/Las_Vegas_Sands_Corp_2011Q2.txt,0.14349617063999176,0.8565038293600082
LOGITECH INTERNATIONAL SA,1.0,0.81,0.87,transcripts_by_company/Logitech_International_SA_2022Q1.txt,0.12153816223144531,0.8784618377685547
PNM RESOURCES INC,1.0,0.61,0.5,transcripts_by_company/PNM_Resources_Inc_2004Q1.txt,0.22448621690273285,0.7755137830972672
ITRON INC,4.0,0.75,0.77,transcripts_by_company/Itron_Inc_2021Q4.txt,0.22204908728599548,0.7779509127140045
HANGER INC,3.0,0.25,0.23,transcripts_by_company/Hanger_Inc_2019Q3.txt,0.08384406566619873,0.9161559343338013
LUNA INNOVATIONS INC,4.0,-0.22,-0.25,transcripts_by_company/Luna_Innovations_Inc_2006Q4.txt,0.1547786295413971,0.8452213704586029
PROOFPOINT INC,3.0,0.19,-0.03,transcripts_by_company/Proofpoint_Inc_2016Q3.txt,0.21900181472301483,0.7809981852769852
AFC GAMMA INC,4.0,0.49,0.55,transcripts_by_company/AFC_Gamma_Inc_2023Q4.txt,0.05837249755859375,0.9416275024414062
CLOROX CO,3.0,1.32,1.38,transcripts_by_company/The_Clorox_Company_2016Q3.txt,0.25903207063674927,0.7409679293632507
CBTX INC,1.0,0.41,0.32,transcripts_by_company/CBTX_Inc_2021Q1.txt,0.22658497095108032,0.7734150290489197
MIRAGEN THERAPEUTICS INC,3.0,-1.5,-0.14,transcripts_by_company/Miragen_Therapeutics_2020Q3.txt,0.18370038270950317,0.8162996172904968
SIEBEL SYSTEMS INC,3.0,0.09,0.05,transcripts_by_company/Siebel_Systems_Inc_2005Q3.txt,0.13610805571079254,0.8638919442892075
STREAMLINE HEALTH SOLUTIONS INC,3.0,0.02,0.03,transcripts_by_company/Streamline_Health_Solutions_Inc_2013Q3.txt,0.26660963892936707,0.7333903610706329
IMAX CORP,1.0,0.53,0.06,transcripts_by_company/IMAX_2010Q1.txt,0.1652231514453888,0.8347768485546112
AVID TECHNOLOGY INC,2.0,0.34,0.67,transcripts_by_company/Avid_Technology_Inc_2006Q2.txt,0.28929442167282104,0.710705578327179
TERNIUM SA,4.0,0.33,0.68,transcripts_by_company/Ternium_SA_2012Q4.txt,0.16004928946495056,0.8399507105350494
"VIVUS, INC.",3.0,0.02,0.49,transcripts_by_company/VIVUS_Inc_2007Q3.txt,0.2607215344905853,0.7392784655094147
FEDEX CORP,2.0,4.94,4.95,transcripts_by_company/FedEx_Corporation_2023Q2.txt,0.34685906767845154,0.6531409323215485
PRIORITY HEALTHCARE CORP-B,2.0,0.26,0.31,transcripts_by_company/Priority_Healthcare_2003Q2.txt,0.3836115002632141,0.6163884997367859
CENTRAL GARDEN  PET CO,1.0,0.67,0.67,transcripts_by_company/Central_Garden_and_Pet_Company_2017Q1.txt,0.25549501180648804,0.744504988193512
JINKOSOLAR HOLDING CO LTD,3.0,1.08,1.38,transcripts_by_company/JinkoSolar_Holding_Co_Ltd_2016Q3.txt,0.06296093016862869,0.9370390698313713
FIRST MARBLEHEAD CORP,3.0,1.8,1.47,transcripts_by_company/First_Marblehead_Corporation_2007Q3.txt,0.2256137877702713,0.7743862122297287
CONCEPTUS INC,3.0,0.07,0.05,transcripts_by_company/Conceptus_2012Q3.txt,0.25606569647789,0.74393430352211
GLOBAL PARTNERS LP,4.0,0.32,0.66,transcripts_by_company/Global_Partners_LP_2010Q4.txt,0.1969505101442337,0.8030494898557663
PROS HOLDINGS INC,2.0,-0.14,-0.12,transcripts_by_company/PROS_Holdings_Inc_2021Q2.txt,0.09174572676420212,0.9082542732357979
ALKERMES INC,4.0,-0.23,-0.22,transcripts_by_company/Alkermes_Inc_2003Q4.txt,0.02948165312409401,0.970518346875906
PFENEX INC,4.0,-0.45,-0.56,transcripts_by_company/Pfenex_Inc_2016Q4.txt,0.24691800773143768,0.7530819922685623
ALADDIN KNOWLEDGE SYSTEMS LTD,3.0,-0.02,0.34,transcripts_by_company/Aladdin_Knowledge_Systems_2008Q3.txt,0.3685280680656433,0.6314719319343567
LIMELIGHT NETWORKS INC,2.0,0.03,0.01,transcripts_by_company/Limelight_Networks_Inc_2020Q2.txt,0.24927297234535217,0.7507270276546478
DATASCOPE CORP,3.0,0.31,0.32,transcripts_by_company/Datascope_Corporation_2004Q3.txt,0.16548693180084229,0.8345130681991577
LULULEMON ATHLETICA INC,3.0,0.26,0.37,transcripts_by_company/lululemon_athletica_inc_2011Q3.txt,0.09552089869976044,0.9044791013002396
VIMPEL COMMUNICATIONS,3.0,1.42,1.55,transcripts_by_company/Vimpel_Communications_2003Q3.txt,0.13062670826911926,0.8693732917308807
VAREX IMAGING CORP,3.0,0.29,0.69,transcripts_by_company/Varex_Imaging_Corporation_2018Q3.txt,0.3509226143360138,0.6490773856639862
TRICIDA INC,1.0,-0.94,-1.16,transcripts_by_company/Tricida_Inc_2021Q1.txt,0.259912371635437,0.740087628364563
REGENCY CENTERS CORP,4.0,0.73,0.68,transcripts_by_company/Regency_Centers_2004Q4.txt,0.18553663790225983,0.8144633620977402
SIGMA-ALDRICH CORP,1.0,1.06,1.08,transcripts_by_company/Sigma-Aldrich_Corporation_2014Q1.txt,0.25698137283325195,0.743018627166748
LHC GROUP INC,2.0,0.56,0.62,transcripts_by_company/LHC_Group_Inc_2011Q2.txt,0.17881548404693604,0.821184515953064
IMPAX LABORATORIES INC,1.0,0.24,0.34,transcripts_by_company/Impax_Laboratories_Inc_2011Q1.txt,0.17363613843917847,0.8263638615608215
TORCHMARK CORP,2.0,1.11,1.1,transcripts_by_company/Torchmark_Corporation_2016Q2.txt,0.16405370831489563,0.8359462916851044
SEEBEYOND TECHNOLOGY CORP,3.0,-0.1,0.04,transcripts_by_company/SeeBeyond_Technology_Corp_2002Q3.txt,0.2995932996273041,0.7004067003726959
DSP GROUP INC,1.0,0.03,0.03,transcripts_by_company/DSP_Group_Inc_2014Q1.txt,0.13010179996490479,0.8698982000350952
LARGE SCALE BIOLOGY CORP,1.0,-0.16,-0.19,transcripts_by_company/Large_Scale_Biology_Corporation_2004Q1.txt,0.17083701491355896,0.829162985086441
JOHN WILEY & SONS INC,3.0,0.54,0.29,transcripts_by_company/John_Wiley_and_Sons_Inc_2021Q3.txt,0.19727441668510437,0.8027255833148956
HALLIBURTON CO,2.0,0.05,0.31,transcripts_by_company/Halliburton_Company_2020Q2.txt,0.10261568427085876,0.8973843157291412
STANTEC INC,4.0,0.47,0.44,transcripts_by_company/Stantec_Inc_2019Q4.txt,0.27314528822898865,0.7268547117710114
BLOCK H&R INCORPORATED,3.0,-0.41,-0.13,transcripts_by_company/HandR_Block_Inc_2006Q3.txt,0.011384481564164162,0.9886155184358358
ARES COMMERCIAL REAL ESTATE CORP,3.0,0.17,0.37,transcripts_by_company/Ares_Commercial_Real_Estate_Corporation_2023Q3.txt,0.14471793174743652,0.8552820682525635
PRUDENTIAL FINANCIAL INC,4.0,2.44,2.94,transcripts_by_company/Prudential_Financial_Inc_2018Q4.txt,0.3378334045410156,0.6621665954589844
IMPAC MEDICAL SYSTEMS,2.0,0.16,0.28,transcripts_by_company/IMPAC_Medical_Systems_Inc_2004Q2.txt,0.28704604506492615,0.7129539549350739
SCHWEITZER-MAUDUIT INTERNATIONAL,2.0,0.97,0.83,transcripts_by_company/Schweitzer-Maudui_International_2015Q2.txt,0.1523360162973404,0.8476639837026596
CAMDEN PROPERTY TRUST,1.0,0.45,0.5,transcripts_by_company/Camden_Property_Trust_2014Q1.txt,0.14991815388202667,0.8500818461179733
CARBO CERAMICS INC,2.0,1.29,0.97,transcripts_by_company/CARBO_Ceramics_2011Q2.txt,0.20687443017959595,0.793125569820404
PORTFOLIO RECOVERY ASSOCIATES,1.0,1.47,1.7,transcripts_by_company/Portfolio_Recovery_Associates_Inc_2012Q1.txt,0.1391439139842987,0.8608560860157013
NUVASIVE INC,3.0,0.46,0.33,transcripts_by_company/NuVasive_Inc_2010Q3.txt,0.2602483034133911,0.7397516965866089
TEAMHEALTH HOLDINGS INC,4.0,0.56,0.55,transcripts_by_company/TeamHealth_Holdings_Inc_2014Q4.txt,0.3741540014743805,0.6258459985256195
DIODES INC,4.0,0.36,0.09,transcripts_by_company/Diodes_Incorporated_2009Q4.txt,0.17182600498199463,0.8281739950180054
KELLY SERVICES INC,4.0,0.64,0.4,transcripts_by_company/Kelly_Services_Inc_2011Q4.txt,0.325419545173645,0.674580454826355
BOOT BARN HOLDINGS INC,1.0,0.12,0.16,transcripts_by_company/Boot_Barn_Holdings_Inc_2017Q1.txt,0.2750926911830902,0.7249073088169098
FERRO CORP,4.0,0.33,0.38,transcripts_by_company/Ferro_Corporation_2018Q4.txt,0.14672014117240906,0.8532798588275909
SIGNATURE BANK,4.0,2.11,2.16,transcripts_by_company/Signature_Bank_2016Q4.txt,0.19748160243034363,0.8025183975696564
NVIDIA CORP,4.0,0.19,-0.01,transcripts_by_company/NVIDIA_Corporation_2009Q4.txt,0.16044612228870392,0.8395538777112961
MITEK SYSTEMS INC,1.0,-0.07,-0.08,transcripts_by_company/Mitek_Systems_Inc_2014Q1.txt,0.2224164456129074,0.7775835543870926
ARMSTRONG WORLD INDUSTRIES INC,4.0,0.77,0.96,transcripts_by_company/Armstrong_World_Industries_Inc_2020Q4.txt,0.10034403204917908,0.8996559679508209
NANO-X IMAGING LTD,2.0,-0.28,-0.23,transcripts_by_company/Nano-X_Imaging_Ltd_2021Q2.txt,0.15617071092128754,0.8438292890787125
TETRA TECHNOLOGIES INC DEL,1.0,0.06,0.0,transcripts_by_company/TETRA_Technologies_Inc_2022Q1.txt,0.2610851228237152,0.7389148771762848
HNI CORP,4.0,0.26,0.28,transcripts_by_company/HNI_Corporation_2009Q4.txt,0.130144864320755,0.869855135679245
DRESSER RAND GROUP INC,3.0,0.54,0.82,transcripts_by_company/Dresser-Rand_Group_Inc_2012Q3.txt,0.2732594609260559,0.7267405390739441
ALLIANCE FIBER OPTIC PRODUCTS IN,1.0,0.34,0.29,transcripts_by_company/Alliance_Fiber_Optic_Products_Inc_2014Q1.txt,0.265042781829834,0.734957218170166
CENTENE CORP,1.0,0.46,0.46,transcripts_by_company/Centene_Corporation_2011Q1.txt,0.3033909201622009,0.6966090798377991
PNC FINANCIAL SERVICES GROUP INC,1.0,1.09,1.46,transcripts_by_company/PNC_Financial_Services_Group_2008Q1.txt,0.11049973219633102,0.889500267803669
LINDBLAD EXPEDITIONS HOLDINGS IN,2.0,-0.8,0.06,transcripts_by_company/Lindblad_Expeditions_Holdings_Inc_2020Q2.txt,0.1015009880065918,0.8984990119934082
WRIGHT MEDICAL GROUP INC,3.0,0.14,0.15,transcripts_by_company/Wright_Medical_Group_Inc_2004Q3.txt,0.29987001419067383,0.7001299858093262
QUIDEL CORP,3.0,5.36,6.96,transcripts_by_company/Quidel_Corporation_2021Q3.txt,0.3588825762271881,0.6411174237728119
IMATION CORPORATION,1.0,-0.34,-0.06,transcripts_by_company/Imation_Corp_2012Q1.txt,0.11054792255163193,0.8894520774483681
AVIENT CORP,3.0,0.57,0.68,transcripts_by_company/Avient_Corporation_2023Q3.txt,0.2003035992383957,0.7996964007616043
MARVELL TECHNOLOGY GROUP LTD,2.0,0.27,0.23,transcripts_by_company/Marvell_Technology_Group_2005Q2.txt,0.11653467267751694,0.8834653273224831
SUNRISE SENIOR LIVING INC,4.0,0.56,0.55,transcripts_by_company/Sunrise_Senior_Living_2004Q4.txt,0.19221468269824982,0.8077853173017502
AMAZON.COM INC,1.0,0.34,0.34,transcripts_by_company/Amazoncom_Inc_2008Q1.txt,0.10204559564590454,0.8979544043540955
LUMINEX CORP,4.0,-0.06,0.02,transcripts_by_company/Luminex_Corporation_2007Q4.txt,0.2576223909854889,0.7423776090145111
RLJ LODGING TRUST,2.0,0.33,0.33,transcripts_by_company/RLJ_Lodging_Trust_2018Q2.txt,0.336628258228302,0.663371741771698
CYBERARK SOFTWARE LTD,4.0,0.16,0.07,transcripts_by_company/CyberArk_Software_Ltd_2022Q4.txt,0.22979801893234253,0.7702019810676575
SVB FINANCIAL GROUP,1.0,-0.2,0.8,transcripts_by_company/SVB_Financial_Group_2009Q1.txt,0.22135157883167267,0.7786484211683273
GENERAL MILLS INC,1.0,0.67,0.67,transcripts_by_company/General_Mills_Inc_2003Q1.txt,0.14768469333648682,0.8523153066635132
DCP MIDSTREAM LP,4.0,1.48,0.63,transcripts_by_company/DCP_Midstream_Partners_LP_2014Q4.txt,0.174608051776886,0.825391948223114
FLOWERS FOODS INC,4.0,0.23,0.19,transcripts_by_company/Flowers_Foods_2007Q4.txt,0.10560394078493118,0.8943960592150688
TRIPLE-S MANAGEMENT CORP,3.0,0.22,0.56,transcripts_by_company/Triple-S_Management_Corporation_2013Q3.txt,0.15489345788955688,0.8451065421104431
ONYX SOFTWARE CORPORATION,2.0,0.01,0.0,transcripts_by_company/Onyx_Software_Corporation_2003Q2.txt,0.2462725043296814,0.7537274956703186
EMCORE CORP,4.0,-0.11,0.08,transcripts_by_company/Emcore_2008Q4.txt,0.29457107186317444,0.7054289281368256
MARKFORGED HOLDING CORP,3.0,-0.08,-0.07,transcripts_by_company/Markforged_Holding_Corporation_2022Q3.txt,0.22909145057201385,0.7709085494279861
UTSTARCOM HOLDINGS CORP,3.0,-0.18,-0.06,transcripts_by_company/UTStarcom_Holdings_Corp_2014Q3.txt,0.12792058289051056,0.8720794171094894
EVERQUOTE INC,1.0,-0.19,-0.19,transcripts_by_company/EverQuote_Inc_2022Q1.txt,0.13916903734207153,0.8608309626579285
SERVICEMASTER COMPANY,3.0,0.22,0.19,transcripts_by_company/ServiceMaster_Company_2003Q3.txt,0.24513445794582367,0.7548655420541763
AGILITI INC,2.0,0.14,0.2,transcripts_by_company/Agiliti_Inc_2023Q2.txt,0.12369579076766968,0.8763042092323303
ROCKWELL AUTOMATION INC,1.0,2.04,2.14,transcripts_by_company/Rockwell_Automation_Inc_2019Q1.txt,0.2668677270412445,0.7331322729587555
TEPPCO PARTNERS L P,4.0,0.46,0.52,transcripts_by_company/TEPPCO_Partners_2002Q4.txt,0.11569324135780334,0.8843067586421967
RYAN SPECIALTY GROUP HOLDINGS IN,3.0,0.24,0.18,transcripts_by_company/Ryan_Specialty_Group_Holdings_Inc_2021Q3.txt,0.09048748016357422,0.9095125198364258
MODINE MANUFACTURING CO,3.0,0.43,0.27,transcripts_by_company/Modine_Manufacturing_Company_2020Q3.txt,0.31249722838401794,0.6875027716159821
STERICYCLE INC,4.0,0.45,0.46,transcripts_by_company/Stericycle_Inc_2008Q4.txt,0.08120198547840118,0.9187980145215988
STEELCASE INC-CL A,3.0,0.08,0.07,transcripts_by_company/Steelcase_Inc_2010Q3.txt,0.12171825766563416,0.8782817423343658
VIVINT SOLAR INC,2.0,-0.49,-0.58,transcripts_by_company/Vivint_Solar_Inc_2016Q2.txt,0.24528868496418,0.75471131503582
CSX CORP,4.0,1.14,0.94,transcripts_by_company/CSX_Corporation_2010Q4.txt,0.15312668681144714,0.8468733131885529
IMATION CORPORATION,1.0,0.33,0.38,transcripts_by_company/Imation_Corp_2008Q1.txt,0.18644797801971436,0.8135520219802856
PEP BOYS - MANNY MOE & JACK,2.0,0.27,0.21,transcripts_by_company/The_Pep_Boys_2004Q2.txt,0.27187490463256836,0.7281250953674316
TORO CO,2.0,1.24,1.29,transcripts_by_company/The_Toro_Company_2022Q2.txt,0.21785828471183777,0.7821417152881622
COLDWATER CREEK INC,2.0,0.14,0.17,transcripts_by_company/Coldwater_Creek_Inc_2005Q2.txt,0.23823422193527222,0.7617657780647278
AMN HEALTHCARE SERVICES  INC,2.0,0.27,0.31,transcripts_by_company/AMN_Healthcare_Services_Inc_2008Q2.txt,0.1722487509250641,0.8277512490749359
AMERICAN RESIDENTIAL PROPERTIES,3.0,-0.14,-0.08,transcripts_by_company/American_Residential_Properties_Inc_2013Q3.txt,0.21188677847385406,0.7881132215261459
SCHLUMBERGER LTD,3.0,0.86,0.68,transcripts_by_company/Schlumberger_2005Q3.txt,0.2874075770378113,0.7125924229621887
STEEL DYNAMICS INC,4.0,0.07,0.32,transcripts_by_company/Steel_Dynamics_2010Q4.txt,0.18524987995624542,0.8147501200437546
CANTEL MEDICAL CORP,3.0,0.24,0.76,transcripts_by_company/Cantel_Medical_Corp_2020Q3.txt,0.278156042098999,0.721843957901001
MINERVA SURGICAL INC,1.0,-0.12,-0.23,transcripts_by_company/Minerva_Surgical_Inc_2023Q1.txt,0.24782870709896088,0.7521712929010391
ACELRX PHARMACEUTICALS INC,3.0,-0.13,-0.22,transcripts_by_company/AcelRx_Pharmaceuticals_Inc_2014Q3.txt,0.11854706704616547,0.8814529329538345
COVANSYS CORP,4.0,0.17,0.07,transcripts_by_company/Convansys_2003Q4.txt,0.301012247800827,0.698987752199173
GIBRALTAR INDUSTRIES INC,4.0,0.19,0.5,transcripts_by_company/Gibraltar_Industries_Inc_2006Q4.txt,0.3035776615142822,0.6964223384857178
BJ'S RESTAURANTS INC,2.0,0.29,0.27,transcripts_by_company/BJS_Restaurants_Inc_2011Q2.txt,0.3133394718170166,0.6866605281829834
PARTNERRE LTD,3.0,4.78,2.04,transcripts_by_company/PartnerRe_2007Q3.txt,0.19792717695236206,0.8020728230476379
HYPERION SOLUTIONS CORP,2.0,0.25,0.28,transcripts_by_company/Hyperion_Solutions_Inc_2003Q2.txt,0.1838853657245636,0.8161146342754364
DXP ENTERPRISES INC,1.0,0.17,-0.04,transcripts_by_company/DXP_Enterprises_Inc_2017Q1.txt,0.1677788347005844,0.8322211652994156
NORTHWEST PIPE CO,1.0,-0.13,0.06,transcripts_by_company/Northwest_Pipe_Company_2014Q1.txt,0.14812196791172028,0.8518780320882797
LEAR CORP,1.0,1.46,1.48,transcripts_by_company/Lear_Corp_2011Q1.txt,0.14795438945293427,0.8520456105470657
DUCOMMUN INC DEL,3.0,0.44,0.41,transcripts_by_company/Ducommun_Inc_2016Q3.txt,0.3314691185951233,0.6685308814048767
ECHELON CORPORATION,2.0,-0.08,-0.14,transcripts_by_company/Echelon_Corporation_2006Q2.txt,0.1674344539642334,0.8325655460357666
STAG INDUSTRIAL INC,4.0,0.63,0.1,transcripts_by_company/STAG_Industrial_Inc_2020Q4.txt,0.1734929233789444,0.8265070766210556
RED HAT INC,1.0,0.61,0.6,transcripts_by_company/Red_Hat_Inc_2017Q1.txt,0.33514612913131714,0.6648538708686829
RENT-A-CENTER INC,1.0,0.66,0.57,transcripts_by_company/Rent-A-Center_2007Q1.txt,0.18515239655971527,0.8148476034402847
MERITAGE CORPORATION,2.0,4.36,3.02,transcripts_by_company/Meritage_Homes_Corporation_2021Q2.txt,0.2570180594921112,0.7429819405078888
JABIL CIRCUIT INC,4.0,0.44,0.41,transcripts_by_company/Jabil_Circuit_Inc_2005Q4.txt,0.22629788517951965,0.7737021148204803
MOLEX INC,2.0,0.16,0.2,transcripts_by_company/Molex_Inc_2003Q2.txt,0.19898374378681183,0.8010162562131882
CALLWAVE INC,3.0,0.04,0.11,transcripts_by_company/CallWave_Inc_2005Q3.txt,0.12066641449928284,0.8793335855007172
MACK-CALI REALTY CORP,4.0,0.17,-0.07,transcripts_by_company/Mack-Cali_Realty_Corporation_2016Q4.txt,0.1729731261730194,0.8270268738269806
ASYST TECHNOLOGIES INC,3.0,0.13,0.15,transcripts_by_company/Asyst_Technologies_Inc_2006Q3.txt,0.1369633823633194,0.8630366176366806
ATLANTIC POWER CORP,2.0,0.01,0.0,transcripts_by_company/Atlantic_Power_Corp_2012Q2.txt,0.11745890974998474,0.8825410902500153
MSC INDUSTRIAL DIRECT CO INC,1.0,0.48,0.4,transcripts_by_company/MSC_Industrial_Direct_2010Q1.txt,0.1553567796945572,0.8446432203054428
PPL CORP,3.0,0.51,0.58,transcripts_by_company/PPL_Corporation_2015Q3.txt,0.23421911895275116,0.7657808810472488
FORWARD AIR CORP,3.0,0.41,0.43,transcripts_by_company/Forward_Air_2006Q3.txt,0.20919480919837952,0.7908051908016205
PERNIX THERAPEUTICS HOLDINGS,1.0,-0.06,0.09,transcripts_by_company/Pernix_Therapeutics_Holdings_Inc_2013Q1.txt,0.2753255069255829,0.7246744930744171
CARMIKE CINEMAS INC,4.0,0.09,0.84,transcripts_by_company/Carmike_Cinemas_Inc_2005Q4.txt,0.35314202308654785,0.6468579769134521
MICROSTRATEGY INC,2.0,0.39,0.24,transcripts_by_company/MicroStrategy_Incorporated_2003Q2.txt,0.23590348660945892,0.7640965133905411
UNITED THERAPEUTICS CORP,4.0,2.19,2.57,transcripts_by_company/United_Therapeutics_Corporation_2020Q4.txt,0.21853958070278168,0.7814604192972183
ALLIANCE DATA SYSTEMS CORP,4.0,5.24,5.47,transcripts_by_company/Alliance_Data_Systems_Corporation_2017Q4.txt,0.24219226837158203,0.757807731628418
DIGITAL RIVER INC,2.0,0.42,0.43,transcripts_by_company/Digital_River_Inc_2009Q2.txt,0.1455201804637909,0.8544798195362091
ALERUS FINANCIAL CORP,4.0,0.72,0.41,transcripts_by_company/Alerus_Financial_Corporation_2021Q4.txt,0.2820202708244324,0.7179797291755676
TESARO INC,3.0,-1.01,-0.84,transcripts_by_company/TESARO_Inc_2014Q3.txt,0.06192651018500328,0.9380734898149967
BG GROUP PLC,3.0,1.45,1.32,transcripts_by_company/BG_Group_2010Q3.txt,0.12220121920108795,0.877798780798912
Q.E.P. COMPANY INC.,3.0,0.29,0.18,transcripts_by_company/Morgan_Crucible_Company_plc_2007Q3.txt,0.3446003496646881,0.6553996503353119
GSE SYSTEMS INC,1.0,0.02,0.04,transcripts_by_company/GSE_Systems_Inc_2010Q1.txt,0.21134822070598602,0.788651779294014
NET 1 UEPS TECHNOLOGIES INC,4.0,-0.22,-0.14,transcripts_by_company/Net_1_UEPS_Technologies_Inc_2021Q4.txt,0.1270129382610321,0.8729870617389679
YELP INC,1.0,-0.01,0.1,transcripts_by_company/Yelp_Inc_2022Q1.txt,0.3609997630119324,0.6390002369880676
MASIMO CORP,1.0,0.93,1.01,transcripts_by_company/Masimo_Corporation_2022Q1.txt,0.18756639957427979,0.8124336004257202
CARPENTER TECHNOLOGY CORP,2.0,-0.34,0.8,transcripts_by_company/Carpenter_Technology_Corporation_2009Q2.txt,0.346525639295578,0.653474360704422
TEREX CORP,2.0,-0.05,0.8,transcripts_by_company/Terex_Corporation_2020Q2.txt,0.14550624787807465,0.8544937521219254
PNM RESOURCES INC,1.0,0.53,0.62,transcripts_by_company/PNM_Resources_Inc_2003Q1.txt,0.13903263211250305,0.860967367887497
COLUMBIA PROPERTY TRUST INC,4.0,-0.01,0.0,transcripts_by_company/Columbia_Property_Trust_Inc_2017Q4.txt,0.34715408086776733,0.6528459191322327
ITC HOLDINGS CORP,3.0,0.47,0.46,transcripts_by_company/ITC_Holdings_Corporation_2014Q3.txt,0.10685788094997406,0.8931421190500259
TRIZETTO GROUP INC,1.0,-0.09,0.05,transcripts_by_company/The_TriZetto_Group_Inc_2004Q1.txt,0.07255427539348602,0.927445724606514
RPM INTERNATIONAL INC,1.0,0.14,0.17,transcripts_by_company/RPM_International_Inc_2017Q1.txt,0.1983087956905365,0.8016912043094635
RETAIL OPPORTUNITY INVESTMENTS C,2.0,0.05,0.03,transcripts_by_company/Retail_Opportunity_Investments_Corporation_2015Q2.txt,0.46985891461372375,0.5301410853862762
XPLORE TECHNOLOGIES CORP,1.0,-0.06,-0.05,transcripts_by_company/Xplore_Technologies_Corp_2018Q1.txt,0.23021173477172852,0.7697882652282715
AVI BIOPHARMA INC,1.0,-0.18,-0.11,transcripts_by_company/AVI_BioPharma_Inc_2006Q1.txt,0.20287740230560303,0.797122597694397
LANTHEUS HOLDINGS INC,1.0,0.22,0.33,transcripts_by_company/Lantheus_Holdings_Inc_2018Q1.txt,0.170961394906044,0.829038605093956
ECHELON CORPORATION,2.0,-0.17,-0.04,transcripts_by_company/Echelon_Corporation_2008Q2.txt,0.323154091835022,0.676845908164978
INCYTE CORP,4.0,0.05,-0.06,transcripts_by_company/Incyte_Corporation_2016Q4.txt,0.26452362537384033,0.7354763746261597
"HEINZ, HJ",1.0,0.84,0.84,transcripts_by_company/HJ_Heinz_Company_2011Q1.txt,0.20216405391693115,0.7978359460830688
CON-WAY INC,2.0,0.66,0.65,transcripts_by_company/Con-way_Inc_2012Q2.txt,0.29245296120643616,0.7075470387935638
CHYRONHEGO CORP,3.0,0.03,0.03,transcripts_by_company/ChyronHego_Corporation_2014Q3.txt,0.3846814036369324,0.6153185963630676
MSC INDUSTRIAL DIRECT CO INC,4.0,0.5,0.49,transcripts_by_company/MSC_Industrial_Direct_2009Q4.txt,0.23383376002311707,0.7661662399768829
ABM INDUSTRIES INC,3.0,0.47,0.46,transcripts_by_company/ABM_Industries_Incorporated_2014Q3.txt,0.2187996208667755,0.7812003791332245
TORONTO-DOMINION BANK,3.0,1.65,2.01,transcripts_by_company/Toronto-Dominion_Bank_2013Q3.txt,0.12475202977657318,0.8752479702234268
PLATINUM UNDERWRITER HOLDNGS LTD,1.0,1.76,1.11,transcripts_by_company/Platinum_Underwriters_Holdings_Ltd_2008Q1.txt,0.2384212464094162,0.7615787535905838
CELCUITY INC,3.0,-0.73,-0.66,transcripts_by_company/Celcuity_Inc_2022Q3.txt,0.15814298391342163,0.8418570160865784
NETAPP INC,1.0,0.4,0.33,transcripts_by_company/NetApp_Inc_2010Q1.txt,0.1463627815246582,0.8536372184753418
FGX INTERNATIONAL HOLDINGS LTD,3.0,0.18,0.18,transcripts_by_company/FGX_International_2008Q3.txt,0.21949909627437592,0.7805009037256241
ARCOS DORADOS HOLDINGS INC,2.0,0.03,0.01,transcripts_by_company/Arcos_Dorados_Holdings_Inc_2015Q2.txt,0.10430234670639038,0.8956976532936096
ACLARIS THERAPEUTICS INC,1.0,-0.98,-1.8,transcripts_by_company/Aclaris_Therapeutics_Inc_2018Q1.txt,0.22648701071739197,0.773512989282608
INFINITY PHARMACEUTICALS INC,2.0,-0.24,-0.46,transcripts_by_company/Infinity_Pharmaceuticals_2010Q2.txt,0.19788402318954468,0.8021159768104553
EPIQ SYSTEMS INC,4.0,0.24,0.26,transcripts_by_company/Epiq_Systems_2011Q4.txt,0.17782920598983765,0.8221707940101624
CRANE CO,3.0,1.89,1.28,transcripts_by_company/Crane_Co_2021Q3.txt,0.11511936783790588,0.8848806321620941
DRESSER RAND GROUP INC,4.0,0.9,0.87,transcripts_by_company/Dresser-Rand_Group_Inc_2011Q4.txt,0.14243923127651215,0.8575607687234879
AQUA METALS INC,1.0,-0.06,-0.06,transcripts_by_company/Aqua_Metals_Inc_2021Q1.txt,0.41181784868240356,0.5881821513175964
INFORMATICA CORP,1.0,0.35,0.35,transcripts_by_company/Informatica_Corporation_2014Q1.txt,0.17851415276527405,0.821485847234726
AMGEN INC,3.0,1.23,1.06,transcripts_by_company/Amgen_Inc_2008Q3.txt,0.27412062883377075,0.7258793711662292
POLYMEDICA CORP,3.0,0.47,0.94,transcripts_by_company/PolyMedica_2003Q3.txt,0.3471314609050751,0.6528685390949249
VIZIO HOLDING CORP,3.0,0.01,0.03,transcripts_by_company/VIZIO_Holding_Corp_2022Q3.txt,0.1667017936706543,0.8332982063293457
HIGHWOODS PROPERTIES INC,2.0,0.16,0.14,transcripts_by_company/Highwoods_Properties_Inc_2011Q2.txt,0.15025022625923157,0.8497497737407684
ELLIE MAE INC,3.0,0.45,0.24,transcripts_by_company/Ellie_Mae_Inc_2015Q3.txt,0.3955417573451996,0.6044582426548004
BLACK STONE MINERALS LP,4.0,0.39,0.17,transcripts_by_company/Black_Stone_Minerals_LP_2017Q4.txt,0.21635843813419342,0.7836415618658066
MAGNITE INC,3.0,0.18,0.17,transcripts_by_company/Magnite_Inc_2022Q3.txt,0.2856437563896179,0.7143562436103821
MOMO INC,1.0,0.44,0.26,transcripts_by_company/Momo_Inc_2017Q1.txt,0.18615926802158356,0.8138407319784164
CEMEX SAB DE CV,3.0,-0.08,0.06,transcripts_by_company/CEMEX_SAB_de_CV_2014Q3.txt,0.13470204174518585,0.8652979582548141
ASYST TECHNOLOGIES INC,3.0,-0.28,-0.31,transcripts_by_company/Asyst_Technologies_2003Q3.txt,0.19612622261047363,0.8038737773895264
QWEST COMMUNICATIONS INTL,2.0,0.13,0.1,transcripts_by_company/Qwest_2007Q2.txt,0.11677159368991852,0.8832284063100815
ARRIS INTERNATIONAL PLC,1.0,0.4,0.72,transcripts_by_company/ARRIS_International_plc_2017Q1.txt,0.17810973525047302,0.821890264749527
NVE CORP,1.0,0.75,0.76,transcripts_by_company/NVE_Corporation_2011Q1.txt,0.357666552066803,0.642333447933197
VALIDUS HOLDINGS LTD,2.0,1.65,1.24,transcripts_by_company/Validus_Holdings_Ltd_2012Q2.txt,0.26241233944892883,0.7375876605510712
DEVRY EDUCATION GROUP INC,1.0,0.22,0.24,transcripts_by_company/DeVry_Inc_2006Q1.txt,0.4547205865383148,0.5452794134616852
CINEMARK HOLDINGS INC,3.0,0.19,0.18,transcripts_by_company/Cinemark_Holdings_Inc_2009Q3.txt,0.09020226448774338,0.9097977355122566
GOODRX HOLDINGS INC,3.0,0.06,0.07,transcripts_by_company/GoodRx_Holdings_Inc_2023Q3.txt,0.1885000616312027,0.8114999383687973
MINISO GROUP HOLDING LTD,4.0,0.72,0.96,transcripts_by_company/MINISO_Group_Holding_Limited_2021Q4.txt,0.10640884190797806,0.8935911580920219
EVELO BIOSCIENCES INC,4.0,-0.54,-0.57,transcripts_by_company/Evelo_Biosciences_Inc_2021Q4.txt,0.1536843180656433,0.8463156819343567
REYNOLDS AMERICAN INC,1.0,1.89,1.91,transcripts_by_company/Reynolds_American_2006Q1.txt,0.22895753383636475,0.7710424661636353
GLG PARTNERS INC,3.0,0.07,0.12,transcripts_by_company/GLG_Partners_Inc_2008Q3.txt,0.25189828872680664,0.7481017112731934
BARNES GROUP INC,4.0,0.71,0.68,transcripts_by_company/Barnes_Group_Inc_2017Q4.txt,0.14921146631240845,0.8507885336875916
APOLLO GLOBAL MANAGEMENT INC,3.0,1.71,0.71,transcripts_by_company/Apollo_Global_Management_Inc_2021Q3.txt,0.13315372169017792,0.8668462783098221
FISERV INC,1.0,0.84,0.83,transcripts_by_company/Fiserv_Inc_2019Q1.txt,0.21576593816280365,0.7842340618371964
ACTIVISION BLIZZARD INC,3.0,0.6,0.5,transcripts_by_company/Activision_Blizzard_Inc_2017Q3.txt,0.2985628843307495,0.7014371156692505
BRASKEM SA,2.0,0.0,0.64,transcripts_by_company/Braskem_SA_2016Q2.txt,0.2186567634344101,0.7813432365655899
PASSAGE BIO INC,4.0,-0.95,-0.88,transcripts_by_company/Passage_Bio_Inc_2021Q4.txt,0.26915672421455383,0.7308432757854462
VOCUS INC,4.0,0.15,0.18,transcripts_by_company/Vocus_Inc_2009Q4.txt,0.2056913524866104,0.7943086475133896
SUBURBAN PROPANE PARTNERS LP,4.0,0.34,0.61,transcripts_by_company/Suburban_Propane_Partners_LP_2021Q4.txt,0.2847260534763336,0.7152739465236664
DUKE REALTY CORP,3.0,0.18,-0.06,transcripts_by_company/Duke_Realty_Corp_2014Q3.txt,0.26718899607658386,0.7328110039234161
51JOB INC,4.0,0.09,0.12,transcripts_by_company/51job_Incorporated_2006Q4.txt,0.19455580413341522,0.8054441958665848
BRIGHTHOUSE FINANCIAL INC,3.0,6.17,3.07,transcripts_by_company/Brighthouse_Financial_Inc_2021Q3.txt,0.20678460597991943,0.7932153940200806
ROKU INC,3.0,-2.33,-1.2,transcripts_by_company/Roku_Inc_2023Q3.txt,0.13000033795833588,0.8699996620416641
YANDEX NV,1.0,8.56,7.05,transcripts_by_company/Yandex_NV_2014Q1.txt,0.10273100435733795,0.897268995642662
MEDIDATA SOLUTIONS INC,2.0,0.17,0.2,transcripts_by_company/Medidata_Solutions_Inc_2014Q2.txt,0.06312612444162369,0.9368738755583763
GENERAL GROWTH PROPERTIES INC,4.0,-0.04,0.04,transcripts_by_company/General_Growth_Properties_Inc_2011Q4.txt,0.10409587621688843,0.8959041237831116
CHUY'S HOLDINGS INC,1.0,0.47,0.28,transcripts_by_company/Chuys_Holdings_Inc_2023Q1.txt,0.18447034060955048,0.8155296593904495
HERITAGE-CRYSTAL CLEAN INC,4.0,0.07,0.06,transcripts_by_company/Heritage-Crystal_Clean_Inc_2010Q4.txt,0.07474299520254135,0.9252570047974586
STEIN MART INC,3.0,0.26,0.17,transcripts_by_company/Stein_Mart_Inc_2005Q3.txt,0.1568009853363037,0.8431990146636963
AVINO SILVER & GOLD MINES LTD,3.0,-0.05,0.01,transcripts_by_company/Avino_Silver_and_Gold_Mines_Ltd_2020Q3.txt,0.10843660682439804,0.891563393175602
INTROGEN THERAPEUTICS INC,3.0,-0.17,-0.19,transcripts_by_company/Introgen_Therapeutics_Inc_2007Q3.txt,0.23065140843391418,0.7693485915660858
UNITED THERAPEUTICS CORP,1.0,0.49,0.69,transcripts_by_company/United_Therapeutics_2009Q1.txt,0.2054833322763443,0.7945166677236557
SIMON PROPERTY GROUP INC,3.0,1.65,1.62,transcripts_by_company/Simon_Property_Group_Inc_2017Q3.txt,0.2439594268798828,0.7560405731201172
DELTA APPAREL INC,2.0,0.27,0.76,transcripts_by_company/Delta_Apparel_Inc_2014Q2.txt,0.3085103929042816,0.6914896070957184
CLEARSIDE BIOMEDICAL INC,1.0,-0.41,-0.27,transcripts_by_company/Clearside_Biomedical_Inc_2017Q1.txt,0.27320751547813416,0.7267924845218658
CATCHMARK TIMBER TRUST INC,1.0,-0.08,-0.09,transcripts_by_company/CatchMark_Timber_Trust_Inc_2018Q1.txt,0.2838219702243805,0.7161780297756195
TETRA TECH INC NEW,3.0,0.59,0.59,transcripts_by_company/Tetra_Tech_Inc_2016Q3.txt,0.12733612954616547,0.8726638704538345
NORFOLK SOUTHERN CORP,4.0,0.43,0.39,transcripts_by_company/Norfolk_Southern_Corporation_2003Q4.txt,0.3178185522556305,0.6821814477443695
LUXOFT HOLDING INC,3.0,0.74,0.85,transcripts_by_company/Luxoft_Holding_Inc_2018Q3.txt,0.14466387033462524,0.8553361296653748
MICROTUNE,4.0,0.04,0.05,transcripts_by_company/Microtune_2008Q4.txt,0.17903664708137512,0.8209633529186249
INTEL CORP,3.0,0.22,0.27,transcripts_by_company/Intel_Corporation_2006Q3.txt,0.19500397145748138,0.8049960285425186
PROCEPT BIOROBOTICS CORP,2.0,-0.56,-0.54,transcripts_by_company/PROCEPT_BioRobotics_Corporation_2023Q2.txt,0.397410124540329,0.602589875459671
COLUMBIA SPORTSWEAR CO,4.0,1.15,1.26,transcripts_by_company/Columbia_Sportswear_2012Q4.txt,0.11600471287965775,0.8839952871203423
BUENAVENTURA,2.0,0.09,0.23,transcripts_by_company/Compania_de_Minas_Buenaventura_2014Q2.txt,0.15654078125953674,0.8434592187404633
ORBITZ INC,2.0,0.2,0.17,transcripts_by_company/Orbitz_2004Q2.txt,0.207459956407547,0.792540043592453
PLATINUM UNDERWRITER HOLDNGS LTD,2.0,1.34,1.1,transcripts_by_company/Platinum_Underwriters_Holdings_Ltd_2007Q2.txt,0.22477954626083374,0.7752204537391663
VOLTERRA SEMICONDUCTOR CORP,3.0,0.03,0.11,transcripts_by_company/VOLTERRA_SEMICONDUCTOR_CORP_2005Q3.txt,0.25444307923316956,0.7455569207668304
ENDO PHARMACEUTICALS,1.0,0.67,0.57,transcripts_by_company/Endo_Pharmaceuticals_2009Q1.txt,0.21916574239730835,0.7808342576026917
KYMERA THERAPEUTICS INC,4.0,-0.66,-0.19,transcripts_by_company/Kymera_Therapeutics_Inc_2021Q4.txt,0.13696423172950745,0.8630357682704926
HALLIBURTON CO,4.0,0.72,0.59,transcripts_by_company/Halliburton_Company_2022Q4.txt,0.12808722257614136,0.8719127774238586
PERCEPTRON INC,3.0,0.06,0.16,transcripts_by_company/Perceptron_Inc_2019Q3.txt,0.11504426598548889,0.8849557340145111
SARATOGA RESOURCES INC,3.0,-0.01,0.19,transcripts_by_company/Saratoga_Resources_Inc_2012Q3.txt,0.2692015469074249,0.7307984530925751
DESIGN WITHIN REACH INC,2.0,-0.01,-0.01,transcripts_by_company/Design_Within_Reach_Inc_2008Q2.txt,0.2795565128326416,0.7204434871673584
WESTERN WIRELESS CORPORATION,1.0,-0.27,-0.3,transcripts_by_company/Western_Wireless_Corporation_2003Q1.txt,0.17469191551208496,0.825308084487915
TENABLE HOLDINGS INC,3.0,0.07,0.09,transcripts_by_company/Tenable_Holdings_Inc_2021Q3.txt,0.14504210650920868,0.8549578934907913
MOODY'S CORP,3.0,0.76,0.62,transcripts_by_company/Moodys_Corporation_2004Q3.txt,0.2477649599313736,0.7522350400686264
MONEYGRAM INTERNATIONAL INC,2.0,-0.4,0.02,transcripts_by_company/MoneyGram_International_2009Q2.txt,0.22507180273532867,0.7749281972646713
FORWARD AIR CORP,1.0,0.6,0.51,transcripts_by_company/Forward_Air_Corporation_2018Q1.txt,0.2522883713245392,0.7477116286754608
CGG SA,4.0,-0.11,0.5,transcripts_by_company/CGG_SA_2013Q4.txt,0.051608238369226456,0.9483917616307735
WOLVERINE WORLD WIDE INC,3.0,0.48,0.61,transcripts_by_company/Wolverine_World_Wide_Inc_2015Q3.txt,0.32857489585876465,0.6714251041412354
FOCUS ENHANCEMENTS INC,4.0,-0.04,-0.03,transcripts_by_company/Focus_Enhancements_2006Q4.txt,0.15073023736476898,0.849269762635231
PINTEREST INC,3.0,0.28,0.18,transcripts_by_company/Pinterest_Inc_2021Q3.txt,0.3346072733402252,0.6653927266597748
HAVERTY FURNITURE COMPANIES INC,3.0,-0.07,0.02,transcripts_by_company/Haverty_Furniture_Companies_Inc_2008Q3.txt,0.35860252380371094,0.6413974761962891
DOLE FOOD COMPANY INC,1.0,0.16,0.54,transcripts_by_company/Dole_Food_Company_Inc_2010Q1.txt,0.14773158729076385,0.8522684127092361
GENESCO INC,3.0,0.34,0.6,transcripts_by_company/Genesco_Inc_2014Q3.txt,0.43754351139068604,0.562456488609314
WAYFAIR INC,4.0,1.24,-1.24,transcripts_by_company/Wayfair_Inc_2020Q4.txt,0.34207889437675476,0.6579211056232452
EMC INSURANCE GROUP INC,2.0,-0.02,0.17,transcripts_by_company/UNIQA_Insurance_Group_AG_2018Q2.txt,0.2535720467567444,0.7464279532432556
LINKTONE LTD,3.0,-0.12,-0.04,transcripts_by_company/Linktone_Ltd_2007Q3.txt,0.11025074124336243,0.8897492587566376
KIMBALL INTERNATIONAL INC,2.0,0.25,0.19,transcripts_by_company/Kimball_International_2014Q2.txt,0.19912001490592957,0.8008799850940704
NANOMETRICS INC,4.0,0.53,0.46,transcripts_by_company/Nanometrics_Incorporated_2018Q4.txt,0.09881439059972763,0.9011856094002724
ROHM & HAAS CO,2.0,0.77,0.63,transcripts_by_company/Rohm_and_Haas_2005Q2.txt,0.24390123784542084,0.7560987621545792
RINGCENTRAL INC,4.0,-0.09,-0.1,transcripts_by_company/RingCentral_Inc_2014Q4.txt,0.32005172967910767,0.6799482703208923
BANK OF COMMERCE HOLDINGS,3.0,0.26,0.23,transcripts_by_company/Canadian_Imperial_Bank_of_Commerce_2020Q3.txt,0.12582050263881683,0.8741794973611832
ARISTA NETWORKS INC,3.0,1.83,1.49,transcripts_by_company/Arista_Networks_Inc_2023Q3.txt,0.05748091638088226,0.9425190836191177
"UNIVERSAL FOREST PRODUCTS, INC.",2.0,0.79,0.88,transcripts_by_company/Universal_Forest_Products_Inc_2013Q2.txt,0.13808809220790863,0.8619119077920914
OPLINK COMMUNICATIONS INC,3.0,-0.01,-0.01,transcripts_by_company/Oplink_Communications_2003Q3.txt,0.1849140226840973,0.8150859773159027
ALBANY MOLECULAR RESEARCH,4.0,0.28,0.3,transcripts_by_company/Albany_Molecular_Research_Inc_2014Q4.txt,0.2184927761554718,0.7815072238445282
XO GROUP INC,1.0,0.08,0.07,transcripts_by_company/XO_Group_Inc_2016Q1.txt,0.11657025665044785,0.8834297433495522
LINCARE HOLDINGS INC,3.0,0.66,0.63,transcripts_by_company/Lancashire_Holdings_Limited_2007Q3.txt,0.07544496655464172,0.9245550334453583
TTM TECHNOLOGIES INC,4.0,0.41,0.3,transcripts_by_company/TTM_Technologies_Inc_CurrentQ4.txt,0.1966703236103058,0.8033296763896942
KIMCO REALTY CORP,1.0,0.4,0.33,transcripts_by_company/KIMCO_REALTY_CORP_2006Q1.txt,0.13304437696933746,0.8669556230306625
ANDERSONS (THE),4.0,-1.85,1.31,transcripts_by_company/The_Andersons_Inc_2008Q4.txt,0.3984111249446869,0.6015888750553131
SPIRIT AEROSYSTEMS HOLDINGS INC,3.0,0.65,0.51,transcripts_by_company/Spirit_AeroSystems_Holdings_Inc_2013Q3.txt,0.17174671590328217,0.8282532840967178
"BLUE APRON HOLDINGS, INC.",2.0,0.08,-0.71,transcripts_by_company/Blue_Apron_Holdings_Inc_2020Q2.txt,0.28899121284484863,0.7110087871551514
TENNANT CO,1.0,0.47,0.46,transcripts_by_company/Tennant_Company_2006Q1.txt,0.2544764280319214,0.7455235719680786
DAVITA HEALTHCARE PARTNERS INC,3.0,0.83,0.8,transcripts_by_company/DaVita_2007Q3.txt,0.13895247876644135,0.8610475212335587
VIRTUSA CORP,4.0,0.22,0.25,transcripts_by_company/Virtusa_Corporation_2011Q4.txt,0.10087110102176666,0.8991288989782333
BRIGGS & STRATTON CORP,2.0,0.01,0.65,transcripts_by_company/Briggs_and_Stratton_Corporation_2008Q2.txt,0.4444696307182312,0.5555303692817688
EQUIFAX INC,4.0,0.62,0.62,transcripts_by_company/Equifax_Inc_2010Q4.txt,0.14996206760406494,0.8500379323959351
SINGAPORE EXCHANGE LTD,4.0,0.078,0.07,transcripts_by_company/Singapore_Exchange_Ltd_2015Q4.txt,0.2644113004207611,0.7355886995792389
NXSTAGE MEDICAL INC,4.0,-0.08,-0.07,transcripts_by_company/NxStage_Medical_Inc_2011Q4.txt,0.17300380766391754,0.8269961923360825
LITHIUM AMERICAS (ARGENTINA) COR,2.0,-0.12,-0.1,transcripts_by_company/Lithium_Americas_Corp_2021Q2.txt,0.09953249990940094,0.9004675000905991
CARS.COM INC,2.0,0.3,0.22,transcripts_by_company/Carscom_Inc_2019Q2.txt,0.11403919756412506,0.8859608024358749
VERASTEM INC,1.0,-0.52,-0.42,transcripts_by_company/Verastem_Inc_2019Q1.txt,0.15178322792053223,0.8482167720794678
NICE LTD,4.0,1.58,1.54,transcripts_by_company/NICE_Ltd_2019Q4.txt,0.267995148897171,0.732004851102829
INMARSAT GROUP HOLDINGS LTD,3.0,0.12,0.13,transcripts_by_company/Inmarsat_PLC_2016Q3.txt,0.1388261765241623,0.8611738234758377
AUXILIUM PHARMACEUTICALS INC,2.0,0.22,0.01,transcripts_by_company/Auxilium_Pharmaceuticals_Inc_2013Q2.txt,0.181303933262825,0.818696066737175
ENCORE CAPITAL GROUP INC,1.0,1.46,1.25,transcripts_by_company/Encore_Capital_Group_Inc_2019Q1.txt,0.07929098606109619,0.9207090139389038
LIMITED BRANDS INC,4.0,0.02,-0.04,transcripts_by_company/Limited_Brands_2009Q4.txt,0.20075078308582306,0.7992492169141769
RINGCENTRAL INC,3.0,0.36,0.32,transcripts_by_company/RingCentral_Inc_2021Q3.txt,0.10583925247192383,0.8941607475280762
HOST HOTELS  RESORTS INC,2.0,0.39,0.29,transcripts_by_company/Host_Hotels_and_Resorts_Inc_2019Q2.txt,0.10483585298061371,0.8951641470193863
FTI CONSULTING INC,3.0,0.7,0.57,transcripts_by_company/FTI_Consulting_2011Q3.txt,0.12165804952383041,0.8783419504761696
GLOBANT SA,2.0,1.22,1.11,transcripts_by_company/Globant_SA_2022Q2.txt,0.3069925904273987,0.6930074095726013
CSX CORP,3.0,0.5,0.63,transcripts_by_company/CSX_Corporation_2004Q3.txt,0.29503747820854187,0.7049625217914581
FIRSTENERGY CORP,1.0,0.69,0.73,transcripts_by_company/FirstEnergy_Corp_2011Q1.txt,0.14501991868019104,0.854980081319809
FINANCIAL INSTITUTIONS INC,3.0,0.35,0.32,transcripts_by_company/Financial_Institutions_2006Q3.txt,0.11765111982822418,0.8823488801717758
CELGENE CORP,1.0,0.44,0.48,transcripts_by_company/Celgene_2009Q1.txt,0.1943236142396927,0.8056763857603073
SARA LEE CORPORATION,1.0,0.22,0.23,transcripts_by_company/Sara_Lee_Corporation_2010Q1.txt,0.13113878667354584,0.8688612133264542
REGIONAL MANAGEMENT CORP,1.0,0.72,0.64,transcripts_by_company/Regional_Management_Corp_2018Q1.txt,0.16713999211788177,0.8328600078821182
TEVA PHARMACEUTICAL INDS LTD,2.0,0.83,0.7,transcripts_by_company/Teva_Pharmaceutical_2009Q2.txt,0.13251745700836182,0.8674825429916382
WEBSTER FINANCIAL CORP CONN,3.0,1.55,1.75,transcripts_by_company/Webster_Financial_Corporation_2023Q3.txt,0.22642062604427338,0.7735793739557266
HARTFORD FINANCIAL SERVICES GROU,1.0,1.16,0.95,transcripts_by_company/The_Hartford_Financial_Services_Group_Inc_2011Q1.txt,0.15824180841445923,0.8417581915855408
ARCH RESOURCES INC,4.0,12.92,4.45,transcripts_by_company/Syrah_Resources_Limited_2021Q4.txt,0.2619829475879669,0.7380170524120331
MAGELLAN MIDSTREAM PARTNERS LP,4.0,0.91,1.2,transcripts_by_company/Magellan_Midstream_Partners_LP_2022Q4.txt,0.21505005657672882,0.7849499434232712
ULTA SALON COSMETICS & FRAGRANCE,4.0,0.72,0.76,transcripts_by_company/Ulta_Salon_Cosmetics_and_Fragrance_Inc_2013Q4.txt,0.356100469827652,0.643899530172348
KFORCE INC,3.0,1.09,1.22,transcripts_by_company/Kforce_Inc_2022Q3.txt,0.1477452516555786,0.8522547483444214
AMERICAN AXLE & MANUFACTURING HO,4.0,0.42,0.46,transcripts_by_company/American_Axle_and_Manufacturing_Holdings_2007Q4.txt,0.18972408771514893,0.8102759122848511
AZTAR CORP,3.0,0.51,0.5,transcripts_by_company/Aztar_Corporation_2005Q3.txt,0.19001400470733643,0.8099859952926636
CABLEVISION SYSTEMS CORP,4.0,0.41,0.42,transcripts_by_company/Cablevision_Systems_Corporation_2010Q4.txt,0.15417151153087616,0.8458284884691238
NEOGENOMICS INC,1.0,-0.01,0.0,transcripts_by_company/NeoGenomics_Inc_2015Q1.txt,0.24940861761569977,0.7505913823843002
JOURNAL COMMUNICATIONS INC,2.0,0.16,0.19,transcripts_by_company/Journal_Communications_Inc_2008Q2.txt,0.23866583406925201,0.761334165930748
FLUENT INC,4.0,0.05,0.08,transcripts_by_company/Fluent_Inc_2021Q4.txt,0.15151657164096832,0.8484834283590317
RENTRAK CORP,3.0,0.08,0.13,transcripts_by_company/Rentrak_Corporation_2008Q3.txt,0.15626737475395203,0.843732625246048
VULCAN MATERIALS CO,3.0,1.01,1.3,transcripts_by_company/Vulcan_Materials_Company_2016Q3.txt,0.1927475482225418,0.8072524517774582
TWITTER INC,3.0,0.1,0.08,transcripts_by_company/Twitter_Inc_2015Q3.txt,0.17349308729171753,0.8265069127082825
OMNOVA SOLUTIONS,2.0,0.12,-0.01,transcripts_by_company/OMNOVA_Solutions_2009Q2.txt,0.2315405011177063,0.7684594988822937
INTEVAC INC,1.0,-0.31,0.03,transcripts_by_company/Intevac_Inc_2011Q1.txt,0.2647816836833954,0.7352183163166046
"INSIGHT ENTERPRISES, INC.",3.0,0.43,0.43,transcripts_by_company/Insight_Enterprises_Inc_2014Q3.txt,0.1474810540676117,0.8525189459323883
STANLEY FURNITURE CO,3.0,-0.12,-0.06,transcripts_by_company/Stanley_Furniture_2011Q3.txt,0.18778494000434875,0.8122150599956512
BANK OF NEW YORK MELLON CORP,1.0,0.53,0.76,transcripts_by_company/Bank_of_New_York_Mellon_Corp_2009Q1.txt,0.22049914300441742,0.7795008569955826
CHEGG INC,2.0,0.37,0.28,transcripts_by_company/Chegg_Inc_2020Q2.txt,0.22539570927619934,0.7746042907238007
1STDIBS.COM INC,1.0,-0.17,-0.14,transcripts_by_company/1stDibscom_2022Q1.txt,0.3222791254520416,0.6777208745479584
ASTEC INDUSTRIES INC,3.0,-0.12,0.47,transcripts_by_company/Astec_Industries_Inc_2017Q3.txt,0.20230118930339813,0.7976988106966019
UNIVERSAL HEALTH SERVICES INC,3.0,0.64,0.69,transcripts_by_company/Universal_Health_Services_Inc_2007Q3.txt,0.17042109370231628,0.8295789062976837
RED HAT INC,2.0,0.34,0.38,transcripts_by_company/Red_Hat_Inc_2014Q2.txt,0.3056017756462097,0.6943982243537903
MSC INDUSTRIAL DIRECT CO INC,3.0,0.41,0.43,transcripts_by_company/MSC_Industrial_Direct_2009Q3.txt,0.11783856153488159,0.8821614384651184
7 DAYS GROUP HOLDINGS LTD,4.0,0.78,1.06,transcripts_by_company/7_Days_Group_Holdings_Limited_2012Q4.txt,0.1541767418384552,0.8458232581615448
VALENCE TECHNOLOGY INC,2.0,-0.04,-0.04,transcripts_by_company/Valence_Technology_2010Q2.txt,0.2971232533454895,0.7028767466545105
HANCOCK WHITNEY CORP,3.0,1.55,1.36,transcripts_by_company/Hancock_Whitney_Corporation_2022Q3.txt,0.33036723732948303,0.669632762670517
AIR METHODS CORP,4.0,0.55,1.23,transcripts_by_company/Air_Methods_2012Q4.txt,0.12449369579553604,0.875506304204464
LECG CORPORATION,3.0,-0.25,0.04,transcripts_by_company/LECG_Corporation_2010Q3.txt,0.28404510021209717,0.7159548997879028
MASCO CORP,3.0,0.99,0.93,transcripts_by_company/Masco_Corporation_2021Q3.txt,0.24077656865119934,0.7592234313488007
EMPLOYERS HOLDINGS INC,4.0,0.4,0.28,transcripts_by_company/Employers_Holdings_Inc_2014Q4.txt,0.14447912573814392,0.8555208742618561
STREAMLINE HEALTH SOLUTIONS INC,3.0,-0.002,-0.05,transcripts_by_company/Streamline_Health_Solutions_Inc_2021Q3.txt,0.33067604899406433,0.6693239510059357
VITA COCO COMPANY INC,4.0,-0.05,0.06,transcripts_by_company/The_Vita_Coco_Company_Inc_2022Q4.txt,0.1345452070236206,0.8654547929763794
AMERICAN PUBLIC EDUCATION INC,2.0,0.42,0.6,transcripts_by_company/American_Public_Education_Inc_2015Q2.txt,0.2661892771720886,0.7338107228279114
LOCAL.COM CORP,4.0,-0.15,-0.05,transcripts_by_company/Localcom_2008Q4.txt,0.4130788743495941,0.5869211256504059
DIGI INTERNATIONAL INC,2.0,0.16,0.1,transcripts_by_company/Digi_International_Inc_2016Q2.txt,0.1602165699005127,0.8397834300994873
SUNOPTA INC,4.0,0.03,0.13,transcripts_by_company/SunOpta_Inc_2015Q4.txt,0.3833448886871338,0.6166551113128662
ARROW ELECTRONICS INC,4.0,2.2,2.16,transcripts_by_company/Arrow_Electronics_Inc_2019Q4.txt,0.4254216253757477,0.5745783746242523
DERMTECH INC,3.0,-0.96,-0.92,transcripts_by_company/DermTech_Inc_2022Q3.txt,0.23058420419692993,0.7694157958030701
MANULIFE FINANCIAL CORP,3.0,0.77,0.87,transcripts_by_company/Manulife_Financial_Corp_2005Q3.txt,0.20179469883441925,0.7982053011655807
AMGEN INC,3.0,3.66,3.56,transcripts_by_company/Amgen_Inc_2019Q3.txt,0.30177757143974304,0.698222428560257
MID-AMERICA APARTMENT COMMUNITIE,4.0,1.3,0.56,transcripts_by_company/Mid-America_Apartment_Communities_Inc_2019Q4.txt,0.24258635938167572,0.7574136406183243
CROSSFIRST BANKSHARES INC,2.0,0.35,0.35,transcripts_by_company/CrossFirst_Bankshares_Inc_2023Q2.txt,0.11679067462682724,0.8832093253731728
AUTODESK INC,2.0,0.41,0.16,transcripts_by_company/Autodesk_Inc_2004Q2.txt,0.30967268347740173,0.6903273165225983
CITY NATIONAL CORPORATION,2.0,0.73,1.18,transcripts_by_company/City_National_Corporation_2008Q2.txt,0.2094048410654068,0.7905951589345932
VOXX INTERNATIONAL CORP,1.0,0.0,0.12,transcripts_by_company/VOXX_International_2017Q1.txt,0.1274842917919159,0.8725157082080841
AXSOME THERAPEUTICS INC,3.0,-0.93,-1.15,transcripts_by_company/Axsome_Therapeutics_Inc_2021Q3.txt,0.2589848041534424,0.7410151958465576
WALGREEN CO,3.0,0.44,0.43,transcripts_by_company/Walgreen_2009Q3.txt,0.14096514880657196,0.859034851193428
SES AI CORP,2.0,-0.04,-0.08,transcripts_by_company/SES_AI_Corporation_2023Q2.txt,0.10948533564805984,0.8905146643519402
ARLINGTON ASSET INVESTMENT CORP,3.0,0.52,0.6,transcripts_by_company/Arlington_Asset_Investment_Corp_2017Q3.txt,0.09832533448934555,0.9016746655106544
LIGHTINTHEBOX HOLDING CO LTD,3.0,-0.02,-0.03,transcripts_by_company/LightInTheBox_Holding_Co_Ltd_2016Q3.txt,0.10732544213533401,0.892674557864666
JOHN BEAN TECHNOLOGIES CORP,2.0,1.19,1.16,transcripts_by_company/John_Bean_Technologies_Corporation_2021Q2.txt,0.1628294587135315,0.8371705412864685
SHUTTERFLY INC,2.0,-0.22,-0.15,transcripts_by_company/Shutterfly_Inc_2009Q2.txt,0.08342277258634567,0.9165772274136543
CSG SYSTEMS INTERNATIONAL INC,3.0,0.92,0.89,transcripts_by_company/CSG_Systems_International_Inc_2023Q3.txt,0.194550022482872,0.805449977517128
TNS INC,4.0,0.33,0.26,transcripts_by_company/TNS_Inc_2007Q4.txt,0.250101774930954,0.749898225069046
XEROX CORP,4.0,0.31,0.31,transcripts_by_company/Xerox_Corporation_2014Q4.txt,0.19017572700977325,0.8098242729902267
NATUS MEDICAL INC,4.0,0.51,0.46,transcripts_by_company/Natus_Medical_Incorporated_2015Q4.txt,0.06641899794340134,0.9335810020565987
PRIMORIS SERVICES CORP,4.0,0.63,0.56,transcripts_by_company/Primoris_Services_Corporation_2018Q4.txt,0.20431193709373474,0.7956880629062653
BRUKER BIOSCIENCES CORP,4.0,0.02,0.02,transcripts_by_company/Bruker_BioSciences_Corporation_2005Q4.txt,0.3375614583492279,0.6624385416507721
QLT INC,2.0,0.2,0.19,transcripts_by_company/QLT_2004Q2.txt,0.21538716554641724,0.7846128344535828
COMPUTER PROGRAMS AND SYSTEMS IN,2.0,0.75,0.65,transcripts_by_company/Computer_Programs_and_Systems_Inc_2021Q2.txt,0.13655135035514832,0.8634486496448517
CENTRAL GARDEN  PET CO,3.0,0.08,0.12,transcripts_by_company/Central_Garden_and_Pet_Company_2017Q3.txt,0.10029473155736923,0.8997052684426308
MARSH  MCLENNAN COMPANIES INC,1.0,1.99,1.7,transcripts_by_company/Marsh_and_McLennan_Companies_Inc_2021Q1.txt,0.22713637351989746,0.7728636264801025
"BOSTON PRIVATE BANCORP, INC",3.0,0.4,0.36,transcripts_by_company/The_Bancorp_Inc_2005Q3.txt,0.2623586356639862,0.7376413643360138
PROCERA NETWORKS INC,4.0,0.05,0.02,transcripts_by_company/Procera_Networks_Inc_2010Q4.txt,0.12886478006839752,0.8711352199316025
LYONDELLBASELL INDUSTRIES NV,1.0,1.23,0.45,transcripts_by_company/LyondellBasell_Industries_NV_2011Q1.txt,0.3023917078971863,0.6976082921028137
BTU INTERNATIONAL,4.0,-0.24,0.33,transcripts_by_company/BTU_International_2011Q4.txt,0.08270041644573212,0.9172995835542679
KINDRED HEALTHCARE INC,3.0,0.14,0.07,transcripts_by_company/Kindred_Healthcare_Inc_2009Q3.txt,0.31462690234184265,0.6853730976581573
CATALINA MARKETING,2.0,0.3,0.25,transcripts_by_company/Catalina_Marketing_2006Q2.txt,0.16782627999782562,0.8321737200021744
RUSS BERRIE & CO INC,3.0,0.01,0.51,transcripts_by_company/Russ_Berrie_2006Q3.txt,0.23168808221817017,0.7683119177818298
ZUMIEZ INC,1.0,0.42,0.5,transcripts_by_company/Zumiez_Inc_2008Q1.txt,0.21935078501701355,0.7806492149829865
CHARLES RIVER ASSOCIATES,4.0,0.28,0.27,transcripts_by_company/Charles_River_Associates_Inc_2003Q4.txt,0.24254204332828522,0.7574579566717148
BLACKBERRY LTD,2.0,0.0,-0.1,transcripts_by_company/BlackBerry_2016Q2.txt,0.17747126519680023,0.8225287348031998
GRAHAM CORP,3.0,0.02,0.07,transcripts_by_company/Graham_Corporation_2017Q3.txt,0.22145095467567444,0.7785490453243256
B&G FOODS INC,3.0,0.56,0.49,transcripts_by_company/BandG_Foods_Inc_2016Q3.txt,0.3038192391395569,0.6961807608604431
VIAVI SOLUTIONS INC,2.0,0.12,0.1,transcripts_by_company/Viavi_Solutions_Inc_2017Q2.txt,0.21144923567771912,0.7885507643222809
CAREER EDUCATION CORP,4.0,0.57,0.65,transcripts_by_company/Career_Education_2004Q4.txt,0.21770402789115906,0.7822959721088409
QUALYS INC,3.0,0.08,0.07,transcripts_by_company/Qualys_Inc_2013Q3.txt,0.32437071204185486,0.6756292879581451
AFFYMETRIX INC,3.0,0.05,0.04,transcripts_by_company/Affymetrix_2002Q3.txt,0.19714075326919556,0.8028592467308044
EDISON INTERNATIONAL,1.0,0.92,1.22,transcripts_by_company/Edison_International_2008Q1.txt,0.2761734426021576,0.7238265573978424
TETRA TECH INC,4.0,1.4,1.3,transcripts_by_company/Terra_Tech_Corp_2023Q4.txt,0.23591792583465576,0.7640820741653442
ROCKY BRANDS INC,4.0,0.18,0.65,transcripts_by_company/Rocky_Brands_Inc_2015Q4.txt,0.06900686025619507,0.9309931397438049
BRE PROPERTIES INC,3.0,0.28,0.27,transcripts_by_company/BRE_PROPERTIES_INC_2012Q3.txt,0.07866831123828888,0.9213316887617111
CRYOLIFE INC,3.0,-0.15,-0.31,transcripts_by_company/CryoLife_Inc_2004Q3.txt,0.214559867978096,0.785440132021904
BENSON HILL INC,4.0,-0.29,-0.17,transcripts_by_company/Benson_Hill_Inc_CurrentQ4.txt,0.048848994076251984,0.951151005923748
IDACORP INC.,2.0,1.12,1.15,transcripts_by_company/IDACORP_2016Q2.txt,0.049388397485017776,0.9506116025149822
SPARTON CORP,1.0,0.141,0.04,transcripts_by_company/Sparton_Corporation_2010Q1.txt,0.13048681616783142,0.8695131838321686
ORTHODONTIC CENTERS OF AMERICA,2.0,0.07,0.2,transcripts_by_company/Orthodontic_Centers_of_America_2004Q2.txt,0.4199192523956299,0.5800807476043701
AMERICAN ITALIAN PASTA CO,1.0,0.7,0.43,transcripts_by_company/American_Italian_Pasta_Company_2009Q1.txt,0.2611617147922516,0.7388382852077484
ABIOMED INC,3.0,1.03,1.09,transcripts_by_company/Abiomed_Inc_2019Q3.txt,0.1330738067626953,0.8669261932373047
APTARGROUP INC,3.0,0.68,0.58,transcripts_by_company/AptarGroup_Inc_2010Q3.txt,0.08933797478675842,0.9106620252132416
ROGERS COMMUNICATIONS INC,4.0,0.99,0.92,transcripts_by_company/Rogers_Communications_Inc_2020Q4.txt,0.4623902440071106,0.5376097559928894
DRS TECHNOLOGIES INC,1.0,0.79,0.8,transcripts_by_company/DRS_Technologies_2006Q1.txt,0.30562177300453186,0.6943782269954681
CHOICE HOTELS INTERNATIONAL INC,3.0,0.5,0.49,transcripts_by_company/Choice_Hotels_International_2006Q3.txt,0.24372482299804688,0.7562751770019531
NAVISTAR INTERNATIONAL CORP,2.0,0.6,1.42,transcripts_by_company/Navistar_International_2009Q2.txt,0.17521582543849945,0.8247841745615005
II-VI INCORPORATED,3.0,0.36,0.28,transcripts_by_company/II-IV_Incorporated_2016Q3.txt,0.12975473701953888,0.8702452629804611
CORCEPT THERAPEUTICS INC,3.0,0.24,0.25,transcripts_by_company/Corcept_Therapeutics_Incorporated_2021Q3.txt,0.3422606289386749,0.6577393710613251
MAGNITE INC,3.0,0.12,0.18,transcripts_by_company/Magnite_Inc_2023Q3.txt,0.09270138293504715,0.9072986170649529
SONOS INC,3.0,-0.5,0.24,transcripts_by_company/Sonos_Inc_2022Q3.txt,0.09980685263872147,0.9001931473612785
MOBILE MINI INC,1.0,0.17,0.28,transcripts_by_company/Mobile_Mini_Inc_2014Q1.txt,0.29111629724502563,0.7088837027549744
EASTGROUP PROPERTIES INC,1.0,0.31,0.33,transcripts_by_company/EastGroup_Properties_2009Q1.txt,0.15402917563915253,0.8459708243608475
"METROCORP BANCSHARES, INC.",3.0,0.18,0.17,transcripts_by_company/MetroCorp_Bancshares_Inc_2013Q3.txt,0.23239454627037048,0.7676054537296295
LTX CORP,3.0,0.14,0.07,transcripts_by_company/LTX_Corporation_2004Q3.txt,0.2368045151233673,0.7631954848766327
AVID BIOSERVICES INC,4.0,-0.02,0.02,transcripts_by_company/Avid_Bioservices_Inc_2022Q4.txt,0.22161512076854706,0.7783848792314529
BOOT BARN HOLDINGS INC,1.0,1.53,1.64,transcripts_by_company/Boot_Barn_Holdings_Inc_2023Q1.txt,0.1664343774318695,0.8335656225681305
IPC THE HOSPITALIST CO INC,2.0,0.39,0.42,transcripts_by_company/IPC_The_Hospitalist_Co_Inc_2011Q2.txt,0.0641188770532608,0.9358811229467392
"KRAFT FOODS, INC.",1.0,0.57,0.57,transcripts_by_company/Kraft_Foods_Inc_2012Q1.txt,0.36277008056640625,0.6372299194335938
CSX CORP,1.0,0.78,0.62,transcripts_by_company/CSX_Corporation_2018Q1.txt,0.3616342544555664,0.6383657455444336
COEUR MINING INC,4.0,0.08,0.05,transcripts_by_company/Coeur_Mining_Inc_2020Q4.txt,0.2844661474227905,0.7155338525772095
CHEFS WAREHOUSE INC,2.0,0.26,0.26,transcripts_by_company/The_Chefs_Warehouse_Inc_2013Q2.txt,0.33654770255088806,0.6634522974491119
MOSYS INC,4.0,-0.64,-0.06,transcripts_by_company/MoSys_Inc_2016Q4.txt,0.11936288326978683,0.8806371167302132
STEALTHGAS INC,1.0,0.45,0.22,transcripts_by_company/StealthGas_Inc_2023Q1.txt,0.16301743686199188,0.8369825631380081
COLFAX CORP,1.0,0.24,0.36,transcripts_by_company/Colfax_Corporation_2009Q1.txt,0.13356828689575195,0.866431713104248
EXPEDIA GROUP INC,1.0,0.26,0.3,transcripts_by_company/Expedia_Inc_2012Q1.txt,0.11964519321918488,0.8803548067808151
PENNANTPARK INVESTMENT CORP,2.0,0.17,0.18,transcripts_by_company/PennantPark_Investment_Corporation_2018Q2.txt,0.1944793164730072,0.8055206835269928
TAILORED BRANDS INC,3.0,0.99,0.98,transcripts_by_company/Tailored_Brands_Inc_2016Q3.txt,0.15413157641887665,0.8458684235811234
FLUOR CORP,3.0,1.21,1.19,transcripts_by_company/Fluor_Corporation_2015Q3.txt,0.37815093994140625,0.6218490600585938
UNITED COMMUNITY BANKS INC,4.0,0.38,0.38,transcripts_by_company/United_Community_Bank_2005Q4.txt,0.32915234565734863,0.6708476543426514
SUMITOMO CORP,1.0,3.339,3.31,transcripts_by_company/Sumitomo_Heavy_Industries_Ltd_2023Q1.txt,0.34404563903808594,0.6559543609619141
PARK ELECTROCHEMICAL CORP,2.0,0.15,0.34,transcripts_by_company/Park_Electrochemical_Corp_2009Q2.txt,0.15629953145980835,0.8437004685401917
INDUSTRIAS BACHOCO SA,2.0,1.35,1.64,transcripts_by_company/Industrias_Bachoco_SAB_de_CV_2018Q2.txt,0.16137848794460297,0.838621512055397
API GROUP CORP,2.0,0.41,0.39,transcripts_by_company/APi_Group_Corporation_2023Q2.txt,0.36086615920066833,0.6391338407993317
ROSEHILL RESOURCES INC,2.0,0.75,0.13,transcripts_by_company/Rosehill_Resources_Inc_2018Q2.txt,0.013654726557433605,0.9863452734425664
CITADEL BROADCASTING CORP.,4.0,0.14,0.14,transcripts_by_company/Citadel_Broadcasting_Corp_2006Q4.txt,0.1547977477312088,0.8452022522687912
GRAND CANYON EDUCATION INC,2.0,0.45,0.39,transcripts_by_company/Grand_Canyon_Education_Inc_2013Q2.txt,0.1823168396949768,0.8176831603050232
DENSO CORPORATION,3.0,0.23,0.32,transcripts_by_company/Dentsu_Inc_2012Q3.txt,0.05105661228299141,0.9489433877170086
STATE AUTO FINANCIAL CORP,2.0,-0.12,0.58,transcripts_by_company/State_Auto_Financial_Corporation_2008Q2.txt,0.1208566278219223,0.8791433721780777
BROADSOFT INC,2.0,0.4,0.53,transcripts_by_company/BroadSoft_Inc_2017Q2.txt,0.11348731070756912,0.8865126892924309
P.F. CHANGS CHINA BISTRO INC,3.0,0.2,0.32,transcripts_by_company/PF_Changs_China_Bistro_Inc_2007Q3.txt,0.0525522343814373,0.9474477656185627
WD 40 CO,1.0,0.51,0.51,transcripts_by_company/WD-40_Company_2008Q1.txt,0.15641404688358307,0.8435859531164169
JUNIPER NETWORKS INC,2.0,0.19,0.29,transcripts_by_company/Juniper_Networks_2009Q2.txt,0.11750867962837219,0.8824913203716278
KELLOGG CO,2.0,0.84,0.94,transcripts_by_company/Kellogg_Company_2012Q2.txt,0.27352213859558105,0.726477861404419
MERIDIAN BIOSCIENCE INC,4.0,0.65,0.26,transcripts_by_company/Meridian_Bioscience_Inc_2020Q4.txt,0.2750343680381775,0.7249656319618225
GENWORTH FINANCIAL INC,1.0,0.3,0.28,transcripts_by_company/Genworth_Financial_Inc_2013Q1.txt,0.088474340736866,0.911525659263134
QLOGIC CORP,1.0,0.28,0.21,transcripts_by_company/QLogic_Corp_2010Q1.txt,0.4306991696357727,0.5693008303642273
HUDSON HIGHLAND GROUP INC,4.0,-3.12,0.17,transcripts_by_company/Hudson_Highland_Group_Inc_2008Q4.txt,0.02216404303908348,0.9778359569609165
INTEGRATED DEVICE TECHNOLOGY INC,3.0,0.47,0.44,transcripts_by_company/Integrated_Device_Technology_Inc_2018Q3.txt,0.22594060003757477,0.7740593999624252
KAYDON CORP,2.0,0.25,0.45,transcripts_by_company/Kaydon_Corporation_2009Q2.txt,0.27618682384490967,0.7238131761550903
VISTA OUTDOOR INC,4.0,0.8,1.25,transcripts_by_company/Vista_Outdoor_Inc_2023Q4.txt,0.1079118549823761,0.8920881450176239
ANGLOGOLD ASHANTI LIMITED,1.0,0.34,0.57,transcripts_by_company/Anglogold_Ashanti_Limited_2007Q1.txt,0.1075594425201416,0.8924405574798584
HARLEYSVILLE GRO,2.0,0.32,0.47,transcripts_by_company/Harleysville_Group_2004Q2.txt,0.09792132675647736,0.9020786732435226
MURPHY OIL CORP,3.0,0.98,0.6,transcripts_by_company/Murphy_Oil_Corporation_2009Q3.txt,0.28276899456977844,0.7172310054302216
CBIZ INC,3.0,0.18,0.17,transcripts_by_company/CBIZ_Inc_2015Q3.txt,0.13777028024196625,0.8622297197580338
NAVIGATORS GROUP INC,2.0,1.04,0.94,transcripts_by_company/The_Navigators_Group_Inc_2014Q2.txt,0.11744356155395508,0.8825564384460449
BIOMARIN PHARMACEUTICAL INC,3.0,-0.33,-0.27,transcripts_by_company/BioMarin_Pharmaceutical_Inc_2003Q3.txt,0.20144540071487427,0.7985545992851257
VENTAS INC,3.0,0.44,0.45,transcripts_by_company/Ventas_Inc_2017Q3.txt,0.11106370389461517,0.8889362961053848
ONCTERNAL THERAPEUTICS INC,4.0,-0.2,-0.22,transcripts_by_company/Oncternal_Therapeutics_Inc_2022Q4.txt,0.2302093207836151,0.7697906792163849
CARDIOVASCULAR SYSTEMS INC,3.0,-0.28,-0.36,transcripts_by_company/Cardiovascular_Systems_Inc_2010Q3.txt,0.13945208489894867,0.8605479151010513
INTEGRAL AD SCIENCE HOLDING CORP,2.0,0.01,-0.01,transcripts_by_company/Integral_Ad_Science_Holding_Corp_2022Q2.txt,0.18722569942474365,0.8127743005752563
HERCULES CAPITAL INC,1.0,0.35,0.32,transcripts_by_company/Hercules_Technology_Growth_Capital_2009Q1.txt,0.10547655820846558,0.8945234417915344
VAXGEN INC,4.0,-0.5,-0.12,transcripts_by_company/VaxGen_Inc_2007Q4.txt,0.3079669177532196,0.6920330822467804
UMH PROPERTIES INC,2.0,0.18,-0.09,transcripts_by_company/UMH_Properties_Inc_2021Q2.txt,0.18921494483947754,0.8107850551605225
STONERIDGE INC,3.0,-0.02,0.12,transcripts_by_company/Stoneridge_2008Q3.txt,0.3072579801082611,0.6927420198917389
AXON ENTERPRISE INC,4.0,0.41,0.35,transcripts_by_company/Axon_Enterprise_Inc_2019Q4.txt,0.11450263112783432,0.8854973688721657
NORFOLK SOUTHERN CORP,1.0,1.22,1.33,transcripts_by_company/Norfolk_Southern_Corporation_2013Q1.txt,0.22659990191459656,0.7734000980854034
MEREDITH CORP,1.0,0.49,1.44,transcripts_by_company/Meredith_Corporation_2020Q1.txt,0.24469836056232452,0.7553016394376755
ANNALY CAPITAL MANAGEMENT INC,3.0,0.3,0.29,transcripts_by_company/Annaly_Capital_Management_Inc_2018Q3.txt,0.2333986461162567,0.7666013538837433
NEWPARK RESOURCES INC,4.0,0.23,0.18,transcripts_by_company/Newpark_Resources_Inc_2011Q4.txt,0.17487090826034546,0.8251290917396545
MOMENTA PHARMACEUTICALS INC,3.0,-0.59,-0.41,transcripts_by_company/Momenta_Pharmaceuticals_Inc_2019Q3.txt,0.09502548724412918,0.9049745127558708
NEWPARK RESOURCES INC,3.0,-0.02,0.01,transcripts_by_company/Newpark_Resources_Inc_2009Q3.txt,0.16603702306747437,0.8339629769325256
CEMPRA INC,3.0,-1.0,-0.17,transcripts_by_company/Cempra_Inc_2017Q3.txt,0.19791536033153534,0.8020846396684647
M&T BANK CORP,3.0,1.32,1.2,transcripts_by_company/MandT_Bank_Corp_2002Q3.txt,0.18361304700374603,0.816386952996254
SYSOREX GLOBAL HOLDINGS CORP,1.0,-0.16,-0.1,transcripts_by_company/Sysorex_Global_2016Q1.txt,0.23481003940105438,0.7651899605989456
ENBRIDGE ENERGY MGMT,1.0,0.4902,0.53,transcripts_by_company/Enbridge_2004Q1.txt,0.23243644833564758,0.7675635516643524
BLACK DIAMOND INC,3.0,0.05,0.04,transcripts_by_company/Black_Diamond_Inc_2011Q3.txt,0.09962931275367737,0.9003706872463226
AMERICAN EQUITY INVESTMENT LIFE,4.0,1.37,0.99,transcripts_by_company/American_Equity_Investment_Life_Holding_Company_2019Q4.txt,0.3222501277923584,0.6777498722076416
MANITOWOC COMPANY INC,2.0,0.6,0.05,transcripts_by_company/The_Manitowoc_Company_Inc_2021Q2.txt,0.2521105110645294,0.7478894889354706
MASIMO CORP,4.0,0.83,0.71,transcripts_by_company/Masimo_Corporation_2018Q4.txt,0.24500402808189392,0.7549959719181061
BALCHEM CORP,3.0,0.36,0.36,transcripts_by_company/Balchem_Corporation_2012Q3.txt,0.3446669578552246,0.6553330421447754
ART TECHNOLOGY GROUP INC,2.0,0.06,0.04,transcripts_by_company/Art_Technology_Group_2009Q2.txt,0.13783808052539825,0.8621619194746017
ZIPRECRUITER INC,2.0,0.11,0.07,transcripts_by_company/ZipRecruiter_Inc_2022Q2.txt,0.2621641755104065,0.7378358244895935
WEBSTER FINANCIAL CORP CONN,4.0,0.53,0.54,transcripts_by_company/Webster_Financial_Corporation_2014Q4.txt,0.17316201329231262,0.8268379867076874
PIPER JAFFRAY COMPANIES INC.,2.0,0.58,0.78,transcripts_by_company/Piper_Jaffray_2007Q2.txt,0.13742129504680634,0.8625787049531937
EQT CORP,1.0,0.83,0.88,transcripts_by_company/EQT_Corporation_2019Q1.txt,0.25995492935180664,0.7400450706481934
ALLERGAN INC,1.0,0.53,0.57,transcripts_by_company/Allergan_2008Q1.txt,0.2007300704717636,0.7992699295282364
"DONNELLEY, RR",1.0,0.31,0.38,transcripts_by_company/RR_Donnelley_2014Q1.txt,0.10922088474035263,0.8907791152596474
MSC INDUSTRIAL DIRECT CO INC,1.0,0.27,0.22,transcripts_by_company/MSC_Industrial_2004Q1.txt,0.18753822147846222,0.8124617785215378
HENRY JACK & ASSOCIATES,1.0,0.18,0.17,transcripts_by_company/Jack_Henry_and_Associates_2004Q1.txt,0.08951307833194733,0.9104869216680527
SUPERTEX INC,1.0,0.38,0.42,transcripts_by_company/Supertex_2007Q1.txt,0.19467753171920776,0.8053224682807922
ACADIA HEALTHCARE CO INC,2.0,0.18,0.15,transcripts_by_company/Acadia_Healthcare_Co_2012Q2.txt,0.16722075641155243,0.8327792435884476
IMMUCOR INC,4.0,0.2,0.23,transcripts_by_company/Immucor_Inc_2005Q4.txt,0.3550896644592285,0.6449103355407715
SPECTRUM PHARMACEUTICALS INC,3.0,-0.2,-0.13,transcripts_by_company/Spectrum_Pharmaceuticals_Inc_2009Q3.txt,0.2080373615026474,0.7919626384973526
XPO INC,1.0,-0.13,-0.06,transcripts_by_company/XPO_Logistics_Inc_2015Q1.txt,0.031680040061473846,0.9683199599385262
SEATTLE GENETICS INC /WA,1.0,-0.13,-0.2,transcripts_by_company/Seattle_Genetics_2014Q1.txt,0.09261166304349899,0.907388336956501
DYCOM INDUSTRIES INC,1.0,-0.02,0.09,transcripts_by_company/Dycom_Industries_2003Q1.txt,0.33806535601615906,0.6619346439838409
ADVANCED PHOTONIX INC,3.0,-0.05,-0.02,transcripts_by_company/Advanced_Photonix_Inc_2009Q3.txt,0.3360157907009125,0.6639842092990875
OSCAR HEALTH INC,1.0,-0.36,-0.19,transcripts_by_company/Oscar_Health_Inc_2022Q1.txt,0.33891963958740234,0.6610803604125977
CYRUSONE INC,1.0,0.0,0.01,transcripts_by_company/CyrusOne_Inc_2014Q1.txt,0.19200065732002258,0.8079993426799774
IDW MEDIA HOLDINGS INC,2.0,-0.17,-0.16,transcripts_by_company/IDW_Media_Holdings_Inc_2022Q2.txt,0.21711786091327667,0.7828821390867233
ANDERSONS (THE),1.0,-1.32,-0.16,transcripts_by_company/The_Andersons_Inc_2020Q1.txt,0.29026973247528076,0.7097302675247192
ARCHER DANIELS MIDLAND CO,3.0,0.45,0.73,transcripts_by_company/Archer_Daniels_Midland_Company_2017Q3.txt,0.11899331212043762,0.8810066878795624
INTRICON CORP,1.0,0.08,0.13,transcripts_by_company/IntriCon_Corporation_2019Q1.txt,0.14954575896263123,0.8504542410373688
AMERICAN EXPRESS CO,1.0,1.15,1.11,transcripts_by_company/American_Express_Company_2013Q1.txt,0.16914987564086914,0.8308501243591309
VIRTUALSCOPICS INC,2.0,-0.06,0.0,transcripts_by_company/VirtualScopics_Inc_2012Q2.txt,0.1470852792263031,0.8529147207736969
MISTER CAR WASH INC,2.0,0.09,0.11,transcripts_by_company/Mister_Car_Wash_Inc_2023Q2.txt,0.27960532903671265,0.7203946709632874
CHARLES RIVER LABORATORIES,4.0,0.69,0.59,transcripts_by_company/Charles_River_Laboratories_International_Inc_2011Q4.txt,0.12186789512634277,0.8781321048736572
LANCASTER COLONY CORP,2.0,0.49,0.68,transcripts_by_company/Lancaster_Colony_Corp_2004Q2.txt,0.3019135594367981,0.6980864405632019
FAIRWAY GROUP HOLDINGS CORP,3.0,-0.27,-0.24,transcripts_by_company/Fairway_Group_Holdings_Corp_2015Q3.txt,0.24624864757061005,0.75375135242939
ILLINOIS TOOL WORKS INC,1.0,0.79,0.82,transcripts_by_company/Illinois_Tool_Works_Inc_2008Q1.txt,0.16805079579353333,0.8319492042064667
AAR CORP,4.0,0.31,0.1,transcripts_by_company/AAR_Corp_2020Q4.txt,0.2913946807384491,0.7086053192615509
CYTEK BIOSCIENCES INC,3.0,0.04,0.02,transcripts_by_company/Cytek_Biosciences_Inc_2022Q3.txt,0.3209514021873474,0.6790485978126526
DOVA PHARMACEUTICALS INC,4.0,-0.36,-0.33,transcripts_by_company/Dova_Pharmaceuticals_2017Q4.txt,0.1804247796535492,0.8195752203464508
AMERICAN ASSETS TRUST INC,4.0,0.11,0.02,transcripts_by_company/American_Assets_Trust_Inc_2013Q4.txt,0.22362270951271057,0.7763772904872894
AUTOWEB INC,2.0,-0.22,0.18,transcripts_by_company/AutoWeb_Inc_2018Q2.txt,0.1599559336900711,0.8400440663099289
RUDOLPH TECHNOLOGIES INC,3.0,0.1,0.2,transcripts_by_company/Rudolph_Technologies_2014Q3.txt,0.21775679290294647,0.7822432070970535
SMITH & WESSON BRANDS INC,3.0,1.57,0.43,transcripts_by_company/Smith_and_Wesson_Brands_Inc_2021Q3.txt,0.2356061488389969,0.7643938511610031
AVERY DENNISON CORP,3.0,0.69,0.64,transcripts_by_company/Avery_Dennison_Corporation_2013Q3.txt,0.06882640719413757,0.9311735928058624
IMMUNIC INC,1.0,-0.58,-0.68,transcripts_by_company/Immunic_Inc_2023Q1.txt,0.177811399102211,0.822188600897789
BANCO CHILE,3.0,1.2,1.3,transcripts_by_company/Banco_de_Sabadell_SA_2016Q3.txt,0.15741214156150818,0.8425878584384918
PTC INC,3.0,0.45,0.4,transcripts_by_company/PTC_Therapeutics_Inc_2018Q3.txt,0.12272872775793076,0.8772712722420692
BOISE CASCADE CO,2.0,1.29,0.87,transcripts_by_company/BSE_Limited_2018Q2.txt,0.11924638599157333,0.8807536140084267
ATHENAHEALTH INC,3.0,0.14,0.12,transcripts_by_company/athenahealth_Inc_2008Q3.txt,0.2753874659538269,0.7246125340461731
NETGEAR INC,3.0,0.44,0.39,transcripts_by_company/NETGEAR_Inc_2007Q3.txt,0.1737821102142334,0.8262178897857666
PATRICK INDUSTRIES INC,4.0,0.69,0.58,transcripts_by_company/Patrick_Industries_2014Q4.txt,0.20103533565998077,0.7989646643400192
CARMIKE CINEMAS INC,4.0,-2.73,-0.18,transcripts_by_company/Carmike_Cinemas_Inc_2008Q4.txt,0.20981693267822266,0.7901830673217773
EVELO BIOSCIENCES INC,4.0,-0.21,-0.43,transcripts_by_company/Evelo_Biosciences_Inc_2022Q4.txt,0.26181161403656006,0.7381883859634399
CENTURYLINK INC,3.0,0.63,0.66,transcripts_by_company/CenturyLink_Inc_2013Q3.txt,0.19883747398853302,0.801162526011467
OTONOMY INC,1.0,-0.38,-0.42,transcripts_by_company/Otonomy_Inc_2020Q1.txt,0.10704003274440765,0.8929599672555923
WELLS FARGO  CO,4.0,0.41,0.71,transcripts_by_company/Wells_Fargo_2007Q4.txt,0.17715883255004883,0.8228411674499512
IMAX CORP,1.0,-0.25,-0.17,transcripts_by_company/IMAX_Corporation_2008Q1.txt,0.07349491864442825,0.9265050813555717
AGL RESOURCES INC,4.0,0.64,0.48,transcripts_by_company/AGL_Resources_2004Q4.txt,0.23954667150974274,0.7604533284902573
VERIS RESIDENTIAL INC,3.0,-0.65,-0.05,transcripts_by_company/Rossi_Residencial_SA_2019Q3.txt,0.2527448236942291,0.7472551763057709
CMS ENERGY CORP,3.0,0.59,0.63,transcripts_by_company/CMS_Energy_Corporation_2018Q3.txt,0.18077822029590607,0.8192217797040939
SELECTA BIOSCIENCES INC,2.0,-0.25,-0.2,transcripts_by_company/Selecta_Biosciences_Inc_2020Q2.txt,-0.032076265662908554,1.0320762656629086
RESTORATION ROBOTICS INC,1.0,-0.18,-0.14,transcripts_by_company/Restoration_Robotics_Inc_2019Q1.txt,0.20082738995552063,0.7991726100444794
EHEALTH INC,1.0,0.1,0.07,transcripts_by_company/eHealth_Inc_2012Q1.txt,0.14629872143268585,0.8537012785673141
HUNTSMAN CORP,4.0,-0.21,0.4,transcripts_by_company/Huntsman_Corporation_2023Q4.txt,0.14636996388435364,0.8536300361156464
BIO-RAD LABORATORIES INC,1.0,1.91,1.82,transcripts_by_company/Bio-Rad_Laboratories_Inc_2020Q1.txt,0.11671525985002518,0.8832847401499748
MAGELLAN HEALTH INC,1.0,0.74,0.71,transcripts_by_company/Magellan_Health_Services_Inc_2017Q1.txt,0.14813563227653503,0.851864367723465
CTC MEDIA INC,1.0,0.21,0.14,transcripts_by_company/CTC_Media_Inc_2012Q1.txt,0.1765965223312378,0.8234034776687622
NUVASIVE INC,1.0,0.24,0.32,transcripts_by_company/NuVasive_Inc_2011Q1.txt,0.3189047873020172,0.6810952126979828
BERKLEY W R CORP,3.0,1.06,0.77,transcripts_by_company/W_R_Berkley_Corporation_2014Q3.txt,0.1497844159603119,0.8502155840396881
GRIFFON CORP,3.0,0.04,0.13,transcripts_by_company/Griffon_Corporation_2012Q3.txt,0.20538625121116638,0.7946137487888336
SPS COMMERCE INC,2.0,0.23,0.28,transcripts_by_company/SPS_Commerce_Inc_2017Q2.txt,0.15691450238227844,0.8430854976177216
TELEFLEX INC,3.0,0.87,0.78,transcripts_by_company/Teleflex_Inc_2005Q3.txt,0.26746419072151184,0.7325358092784882
DESARROLLADORA HOMEX SAB DE CV,2.0,0.72,0.77,transcripts_by_company/Desarrolladora_Homex_SAB_de_CV_2011Q2.txt,0.07018338143825531,0.9298166185617447
MDU RESOURCES GROUP INC,4.0,0.47,0.39,transcripts_by_company/MDU_Resources_Group_Inc_2019Q4.txt,0.19173982739448547,0.8082601726055145
NEWSTAR FINANCIAL INC,3.0,0.1,0.13,transcripts_by_company/NewStar_Financial_Inc_2014Q3.txt,0.24487964808940887,0.7551203519105911
LONGS DRUG STORES INC,4.0,0.08,0.09,transcripts_by_company/Longs_Drug_Stores_Corporation_2002Q4.txt,0.22858604788780212,0.7714139521121979
PAN AMERICAN SILVER CORP,4.0,0.03,-0.01,transcripts_by_company/Pan_American_Silver_2005Q4.txt,0.16137681901454926,0.8386231809854507
GLOBAL PARTNERS LP,4.0,0.2,0.08,transcripts_by_company/Global_Partners_LP_2017Q4.txt,0.2762982249259949,0.7237017750740051
TREE.COM INC,4.0,-0.1,-0.25,transcripts_by_company/Treecom_Inc_2011Q4.txt,0.13772964477539062,0.8622703552246094
POLARIS INC,4.0,1.11,1.1,transcripts_by_company/Polaris_Industries_Inc_2008Q4.txt,0.31395894289016724,0.6860410571098328
INTERMUNE INC,3.0,-0.44,-0.77,transcripts_by_company/InterMune_Inc_2010Q3.txt,0.22561222314834595,0.774387776851654
FIREEYE INC,2.0,-0.33,-0.34,transcripts_by_company/FireEye_Inc_2016Q2.txt,0.13438297808170319,0.8656170219182968
EMPRESA BRASILEIRA DE AERONAUTIC,3.0,0.54,0.44,transcripts_by_company/Embraer-Empresa_Brasileira_de_Aeronautica_SA_2010Q3.txt,0.2797841727733612,0.7202158272266388
ELANCO ANIMAL HEALTH INC,2.0,0.18,0.3,transcripts_by_company/Elanco_Animal_Health_Incorporated_2023Q2.txt,0.14263185858726501,0.857368141412735
CF INDUSTRIES HOLDINGS INC,1.0,4.83,4.65,transcripts_by_company/CF_Industries_Holdings_Inc_2015Q1.txt,0.2967875301837921,0.7032124698162079
CLEVER LEAVES HOLDINGS INC,2.0,-0.08,-0.08,transcripts_by_company/Clever_Inc_2023Q2.txt,0.3144667148590088,0.6855332851409912
HOULIHAN LOKEY INC,2.0,0.5,0.37,transcripts_by_company/Houlihan_Lokey_Inc_2017Q2.txt,0.27046987414360046,0.7295301258563995
PHX MINERALS INC,4.0,0.07,0.08,transcripts_by_company/PHX_Minerals_Inc_2023Q4.txt,0.19104105234146118,0.8089589476585388
CLEARSIGN TECHNOLOGIES CORP,2.0,-0.05,-0.06,transcripts_by_company/ClearSign_Technologies_Corporation_2022Q2.txt,0.07579862326383591,0.9242013767361641
IGNITE RESTAURANT GROUP INC,1.0,0.01,0.04,transcripts_by_company/Ignite_Restaurant_Group_Inc_2014Q1.txt,0.14182500541210175,0.8581749945878983
CLEAN ENERGY FUELS CORP,2.0,0.01,0.0,transcripts_by_company/Clean_Energy_Fuels_Corp_2021Q2.txt,0.2757996618747711,0.7242003381252289
CASA SYSTEMS INC,3.0,-0.29,0.1,transcripts_by_company/Casa_Systems_Inc_2022Q3.txt,0.280367910861969,0.719632089138031
HEARTWARE INTERNATIONAL INC,1.0,-0.35,-0.7,transcripts_by_company/HeartWare_International_2010Q1.txt,0.2875981330871582,0.7124018669128418
ALKALINE WATER COMPANY INC,4.0,-0.03,-0.05,transcripts_by_company/Manila_Water_Company_Inc_2022Q4.txt,0.15766756236553192,0.8423324376344681
ABEONA THERAPEUTICS INC,1.0,-0.17,-0.07,transcripts_by_company/Abeona_Therapeutics_Inc_2016Q1.txt,0.010880003683269024,0.989119996316731
AUDACY INC,1.0,-0.08,0.05,transcripts_by_company/Audacy_Inc_2022Q1.txt,0.15886099636554718,0.8411390036344528
SOTHEBY'S,4.0,1.09,0.55,transcripts_by_company/Sothebys_2009Q4.txt,0.27479103207588196,0.725208967924118
INTERNATIONAL RECTIFIER CORP,4.0,0.63,0.31,transcripts_by_company/International_Rectifier_2010Q4.txt,0.2414509356021881,0.7585490643978119
COEUR D ALENE MI,4.0,0.02,0.04,transcripts_by_company/Coeur_dAlene_Mines_2004Q4.txt,0.07586610317230225,0.9241338968276978
OVINTIV INC,4.0,0.7,0.05,transcripts_by_company/Ovintiv_Inc_2020Q4.txt,0.16117122769355774,0.8388287723064423
EATON CORP,4.0,1.08,2.16,transcripts_by_company/Eaton_Vance_Corp_2008Q4.txt,0.16006287932395935,0.8399371206760406
BERRY PLASTICS GROUP INC,3.0,0.5,0.49,transcripts_by_company/Berry_Plastics_Group_Inc_2015Q3.txt,0.16863326728343964,0.8313667327165604
FUEL SYSTEMS SOLUTIONS INC,4.0,0.31,0.22,transcripts_by_company/Fuel_Systems_Solutions_Inc_2007Q4.txt,0.35636281967163086,0.6436371803283691
DOLBY LABORATORIES INC,2.0,0.55,0.83,transcripts_by_company/Dolby_Laboratories_Inc_2023Q2.txt,0.27378877997398376,0.7262112200260162
OMNICOM GROUP INC,2.0,1.02,1.04,transcripts_by_company/Omnicom_Group_Inc_2012Q2.txt,0.14928607642650604,0.850713923573494
ECLIPSYS CORP,2.0,0.11,0.12,transcripts_by_company/Eclipsys_Corp_2006Q2.txt,0.2657676339149475,0.7342323660850525
COLGATE-PALMOLIVE CO,2.0,0.73,0.77,transcripts_by_company/Colgate-Palmolive_Company_2014Q2.txt,0.10017593204975128,0.8998240679502487
BLACKROCK CAPITAL INVESTMENT COR,4.0,0.42,0.34,transcripts_by_company/BlackRock_Inc_2008Q4.txt,0.05485435202717781,0.9451456479728222
HESKA CORP,2.0,-0.51,0.19,transcripts_by_company/Heska_Corporation_2022Q2.txt,0.2036801129579544,0.7963198870420456
VERAZ NETWORKS INC,2.0,-0.28,0.06,transcripts_by_company/Veraz_Networks_2008Q2.txt,0.28999823331832886,0.7100017666816711
BIONTECH SE,1.0,14.24,9.24,transcripts_by_company/BioNTech_SE_2022Q1.txt,0.2228209376335144,0.7771790623664856
COVENANT TRANSPORT INC - CL A,1.0,0.06,0.19,transcripts_by_company/Covenant_Transport_2003Q1.txt,0.2682522237300873,0.7317477762699127
FOCUS FINANCIAL PARTNERS INC,2.0,0.98,0.84,transcripts_by_company/Focus_Financial_Partners_Inc_2021Q2.txt,0.24306580424308777,0.7569341957569122
OPSWARE INC,1.0,-0.01,0.0,transcripts_by_company/Opsware_Inc_2004Q1.txt,0.26159337162971497,0.738406628370285
SIAM CEMENT PCL,1.0,10.34,10.82,transcripts_by_company/The_Siam_Cement_Public_Company_Limited_2018Q1.txt,0.1836383193731308,0.8163616806268692
ARDEA BIOSCIENCES INC,4.0,-0.69,-0.42,transcripts_by_company/Ardea_Biosciences_Inc_2010Q4.txt,0.0798250287771225,0.9201749712228775
ALLMERICA FINANCIAL  CORP,4.0,1.1,0.6,transcripts_by_company/Allmerica_Financial_Corporation_2004Q4.txt,0.20586462318897247,0.7941353768110275
ENDEAVOUR INTERNATIONAL CORP,3.0,0.0,0.01,transcripts_by_company/Endeavour_International_Corporation_2007Q3.txt,0.17258401215076447,0.8274159878492355
SIGMA-ALDRICH CORP,4.0,0.67,0.63,transcripts_by_company/Sigma-Aldrich_Corporation_2003Q4.txt,0.1675070971250534,0.8324929028749466
"CITIZENS FINANCIAL GROUP, INC",3.0,0.4,0.42,transcripts_by_company/Citizens_Financial_Group_Inc_2015Q3.txt,0.23144741356372833,0.7685525864362717
SUNOCO INCORPORATED,4.0,0.11,0.1,transcripts_by_company/Sunoco_2010Q4.txt,0.12850207090377808,0.8714979290962219
PONIARD PHARMACEUTICALS INC,1.0,-0.29,-0.35,transcripts_by_company/Poniard_Pharmaceuticals_2010Q1.txt,0.233089417219162,0.766910582780838
"MCKESSON HBOC, INC.",4.0,1.4,1.54,transcripts_by_company/McKesson_Corporation_2011Q4.txt,0.2506085932254791,0.7493914067745209
WALTER INVESTMENT MANAGEMENT COR,2.0,0.21,0.33,transcripts_by_company/Walter_Investment_Management_Corp_2011Q2.txt,0.2254815697669983,0.7745184302330017
CRACKER BARREL OLD COUNTRY STORE,4.0,0.99,1.5,transcripts_by_company/Cracker_Barrel_Old_Country_Store_Inc_2022Q4.txt,0.37974703311920166,0.6202529668807983
MONROE CAPITAL CORP,2.0,0.62,0.36,transcripts_by_company/Monroe_Capital_Corporation_2020Q2.txt,0.236884206533432,0.763115793466568
FREDDIE MAC,1.0,2.8,1.39,transcripts_by_company/Freddie_Mac_2006Q1.txt,0.17024146020412445,0.8297585397958755
UNDER ARMOUR INC,2.0,-0.31,-0.01,transcripts_by_company/Under_Armour_Inc_2020Q2.txt,0.1536616086959839,0.8463383913040161
CALAMP CORP,1.0,0.02,0.03,transcripts_by_company/CalAmp_Corp_2011Q1.txt,0.26856738328933716,0.7314326167106628
AMERICAN RAILCAR INDUSTRIES INC,4.0,1.82,1.33,transcripts_by_company/American_Railcar_Industries_Inc_2015Q4.txt,0.2744125723838806,0.7255874276161194
CRANE CO,4.0,1.25,1.39,transcripts_by_company/Crane_Co_2021Q4.txt,0.09159651398658752,0.9084034860134125
MAG SILVER CORP,4.0,0.09,0.01,transcripts_by_company/IMPACT_Silver_Corp_2021Q4.txt,0.26097264885902405,0.739027351140976
NEURONETICS INC,4.0,-0.35,-0.45,transcripts_by_company/Neuronetics_Inc_2018Q4.txt,0.2928093373775482,0.7071906626224518
AMERICAN HOMES 4 RENT,1.0,0.02,0.04,transcripts_by_company/American_Homes_4_Rent_2018Q1.txt,0.2862761318683624,0.7137238681316376
TROVAGENE INC,4.0,-0.25,-0.25,transcripts_by_company/Trovagene_Inc_2015Q4.txt,0.22834746539592743,0.7716525346040726
MODTECH HOLDINGS INC,1.0,-0.07,0.06,transcripts_by_company/Modtech_Holdings_Inc_2005Q1.txt,0.23510204255580902,0.764897957444191
"CHICO'S FAS, INC.",4.0,0.13,0.21,transcripts_by_company/Chicos_FAS_Inc_2015Q4.txt,0.2597740590572357,0.7402259409427643
NEUROMETRIX INC,3.0,0.18,0.06,transcripts_by_company/NeuroMetrix_2006Q3.txt,0.2758544385433197,0.7241455614566803
EIGER BIOPHARMACEUTICALS INC,3.0,-0.65,-0.46,transcripts_by_company/Eiger_BioPharmaceuticals_Inc_2021Q3.txt,0.1245938390493393,0.8754061609506607
KELLY SERVICES INC,4.0,-0.29,0.46,transcripts_by_company/Kelly_Services_Inc_2008Q4.txt,0.3264530897140503,0.6735469102859497
ALLEGIANT TRAVEL CO,4.0,0.94,1.08,transcripts_by_company/Allegiant_Travel_Co_2013Q4.txt,0.25089171528816223,0.7491082847118378
CALLAWAY GOLF CO,3.0,-0.18,-0.17,transcripts_by_company/Callaway_Golf_2013Q3.txt,0.08723114430904388,0.9127688556909561
WEYERHAEUSER CO,4.0,0.27,0.28,transcripts_by_company/Weyerhaeuser_Co_2013Q4.txt,0.13259154558181763,0.8674084544181824
BODY CENTRAL CORP,3.0,0.19,0.16,transcripts_by_company/Body_Central_Corp_2011Q3.txt,0.07884558290243149,0.9211544170975685
CBEYOND COMMUNICATIONS INC,4.0,-0.07,0.0,transcripts_by_company/Cbeyond_Inc_2010Q4.txt,0.1322488933801651,0.8677511066198349
REVANCE THERAPEUTICS INC,2.0,-0.94,-0.86,transcripts_by_company/Revance_Therapeutics_Inc_2018Q2.txt,0.14609909057617188,0.8539009094238281
MOBILE TELESYSTEMS,1.0,14.58,12.66,transcripts_by_company/Mobile_TeleSystems_PJSC_2016Q1.txt,0.13322696089744568,0.8667730391025543
NAPCO SECURITY TECHNOLOGIES INC,3.0,0.28,0.24,transcripts_by_company/Napco_Security_Technologies_Inc_2023Q3.txt,0.30209851264953613,0.6979014873504639
DOMO INC,2.0,-0.26,-0.4,transcripts_by_company/Domo_Inc_2021Q2.txt,0.21126461029052734,0.7887353897094727
"DISNEY, WALT",1.0,1.5,1.42,transcripts_by_company/The_Walt_Disney_Company_2017Q1.txt,0.13271093368530273,0.8672890663146973
MWI VETERINARY SUPPLY INC,1.0,1.04,0.99,transcripts_by_company/MWI_Veterinary_Supply_Inc_2012Q1.txt,0.09737665206193924,0.9026233479380608
NORSTAN INC,2.0,0.09,-0.01,transcripts_by_company/Norstan_2004Q2.txt,0.3050572872161865,0.6949427127838135
CHECKPOINT SYSTEMS INC,2.0,0.36,0.18,transcripts_by_company/Checkpoint_Systems_Inc_2005Q2.txt,0.16665779054164886,0.8333422094583511
ISILON SYSTEMS INC,1.0,0.04,-0.04,transcripts_by_company/Isilon_Systems_Inc_2010Q1.txt,0.15155315399169922,0.8484468460083008
EMERGENT BIOSOLUTIONS INC,3.0,0.41,0.19,transcripts_by_company/Emergent_BioSolutions_Inc_2010Q3.txt,0.28471627831459045,0.7152837216854095
BLACK KNIGHT FINANCIAL SERVICES,3.0,0.36,0.35,transcripts_by_company/Black_Knight_Financial_Services_Inc_2017Q3.txt,0.15976297855377197,0.840237021446228
EATON CORP,3.0,1.65,1.55,transcripts_by_company/Eaton_Vance_Corp_2006Q3.txt,0.09243633598089218,0.9075636640191078
WR BERKLEY CORP,4.0,0.53,0.66,transcripts_by_company/WR_Berkley_Corp_2011Q4.txt,0.06652484834194183,0.9334751516580582
AMBIT BIOSCIENCES CORP,2.0,-0.46,-0.51,transcripts_by_company/Ambit_Biosciences_2014Q2.txt,0.17000900208950043,0.8299909979104996
MASCO CORP,4.0,0.67,0.77,transcripts_by_company/Masco_Corporation_2021Q4.txt,0.1847694367170334,0.8152305632829666
NATUS MEDICAL INC,1.0,0.03,0.19,transcripts_by_company/Natus_Medical_Incorporated_2009Q1.txt,0.0833711251616478,0.9166288748383522
EMCOR GROUP INC,1.0,0.32,0.41,transcripts_by_company/EMCOR_Group_Inc_2010Q1.txt,0.148907870054245,0.851092129945755
DRIVEN BRANDS HOLDINGS INC,4.0,0.18,0.14,transcripts_by_company/Driven_Brands_Holdings_Inc_2021Q4.txt,0.22086244821548462,0.7791375517845154
ATRICURE INC,1.0,-0.42,-0.19,transcripts_by_company/AtriCure_Inc_2020Q1.txt,0.19281549751758575,0.8071845024824142
NEWPARK RESOURCES INC,1.0,0.18,0.19,transcripts_by_company/Newpark_Resources_Inc_2013Q1.txt,0.22330474853515625,0.7766952514648438
FORWARD AIR CORP,1.0,0.35,0.34,transcripts_by_company/Forward_Air_2006Q1.txt,0.2727133333683014,0.7272866666316986
VITAE PHARMACEUTICALS INC,2.0,-0.45,-0.43,transcripts_by_company/Vitae_Pharmaceuticals_2015Q2.txt,0.23248133063316345,0.7675186693668365
TORCHMARK CORP,4.0,1.05,1.11,transcripts_by_company/Torchmark_Corporation_2015Q4.txt,0.1805708110332489,0.8194291889667511
KLA-TENCOR CORP,4.0,0.68,1.06,transcripts_by_company/KLA-Tencor_Corporation_2014Q4.txt,0.10035292059183121,0.8996470794081688
KRATON CORP,4.0,0.29,0.64,transcripts_by_company/Kraton_Corporation_2016Q4.txt,0.3590092658996582,0.6409907341003418
ALLEGHENY TECHNOLOGIES INC,1.0,-0.06,-0.21,transcripts_by_company/Allegheny_Technologies_Incorporated_2021Q1.txt,0.15023177862167358,0.8497682213783264
KOHL'S CORP,2.0,0.31,0.65,transcripts_by_company/Kohls_Corporation_2016Q2.txt,0.43078675866127014,0.5692132413387299
DELUXE CHECK PTR,2.0,1.13,1.09,transcripts_by_company/Deluxe_Corporation_2015Q2.txt,0.15978306531906128,0.8402169346809387
ESTEE LAUDER COMPANIES INC,1.0,1.62,1.54,transcripts_by_company/The_Estée_Lauder_Companies_Inc_2021Q1.txt,0.2614824175834656,0.7385175824165344
VASTERA,2.0,0.01,0.01,transcripts_by_company/Vastera_Inc_2003Q2.txt,0.3887408375740051,0.6112591624259949
GRAY TELEVISION INC,2.0,0.91,0.67,transcripts_by_company/Gray_Television_Inc_2022Q2.txt,0.16364040970802307,0.8363595902919769
ARHAUS INC,3.0,0.14,0.12,transcripts_by_company/Arhaus_Inc_2023Q3.txt,0.3362123668193817,0.6637876331806183
COMPLETE GENOMICS INC,2.0,-0.51,-0.52,transcripts_by_company/Complete_Genomics_Inc_2012Q2.txt,0.34551018476486206,0.6544898152351379
VERENIUM CORP,3.0,-2.02,-0.27,transcripts_by_company/Verenium_2008Q3.txt,0.18083591759204865,0.8191640824079514
JIAYIN GROUP INC,3.0,1.6,1.62,transcripts_by_company/Jiayin_Group_Inc_2020Q3.txt,0.17221270501613617,0.8277872949838638
EMCORE CORP,4.0,-0.13,-0.06,transcripts_by_company/EMCORE_Corporation_2007Q4.txt,0.3384685516357422,0.6615314483642578
DIGENE CORP,1.0,-0.03,-0.06,transcripts_by_company/Digene_Corporation_2003Q1.txt,0.3033878207206726,0.6966121792793274
OBSEVA SA,3.0,-0.59,-0.51,transcripts_by_company/ObsEva_SA_2017Q3.txt,0.20559976994991302,0.794400230050087
PINNACLE WEST CAPITAL CORP,2.0,0.94,1.33,transcripts_by_company/Pinnacle_West_Capital_Corporation_2023Q2.txt,0.27181434631347656,0.7281856536865234
EMC CORP MASS,3.0,0.05,0.03,transcripts_by_company/EMC_Corporation_2003Q3.txt,0.1244795098900795,0.8755204901099205
CARDIAC SCIENCE CORP,1.0,-0.36,-0.06,transcripts_by_company/Cardiac_Science_2010Q1.txt,0.20172128081321716,0.7982787191867828
HECLA MINING CO,1.0,0.04,0.09,transcripts_by_company/Hecla_Mining_Company_2017Q1.txt,0.24675434827804565,0.7532456517219543
QUINSTREET INC,1.0,0.03,0.07,transcripts_by_company/Quinstreet_Inc_2015Q1.txt,0.15836875140666962,0.8416312485933304
IMERGENT INC,1.0,0.15,0.04,transcripts_by_company/iMergent_Inc_2008Q1.txt,0.32588115334510803,0.674118846654892
NEXTDECADE CORP,4.0,-0.18,-0.08,transcripts_by_company/NEXTDC_Limited_2022Q4.txt,0.17969274520874023,0.8203072547912598
RADISYS CORPORATION,4.0,-0.02,-0.01,transcripts_by_company/RadiSys_2002Q4.txt,0.10547836124897003,0.89452163875103
CTO REALTY GROWTH INC (MARYLAND),3.0,0.07,-0.02,transcripts_by_company/CTO_Realty_Growth_Inc_2023Q3.txt,0.1786774843931198,0.8213225156068802
INTERSECT ENT INC,2.0,-0.36,-0.12,transcripts_by_company/Intersect_ENT_Inc_2019Q2.txt,0.1410449743270874,0.8589550256729126
CNH INDUSTRIAL NV,2.0,-0.07,0.3,transcripts_by_company/Summit_Industrial_Income_REIT_2020Q2.txt,0.13422183692455292,0.8657781630754471
AUTOLIV INC,4.0,0.81,0.97,transcripts_by_company/Autoliv_Inc_2005Q4.txt,0.32757261395454407,0.6724273860454559
"UNIVERSAL FOREST PRODUCTS, INC.",3.0,0.59,1.22,transcripts_by_company/Universal_Forest_Products_Inc_2007Q3.txt,0.2043461948633194,0.7956538051366806
TERNIUM SA,1.0,1.33,0.54,transcripts_by_company/Ternium_SA_2017Q1.txt,0.249461367726326,0.750538632273674
GREIF BROS CORP,3.0,1.45,1.0,transcripts_by_company/Greif_2006Q3.txt,0.26192352175712585,0.7380764782428741
KID BRANDS INC,2.0,-0.15,0.03,transcripts_by_company/Kid_Brands_Inc_2013Q2.txt,0.09915351867675781,0.9008464813232422
MODINE MANUFACTURING CO,2.0,0.6,0.43,transcripts_by_company/Modine_Manufacturing_Co_2005Q2.txt,0.20089955627918243,0.7991004437208176
LUXOTTICA GROUP SPA,4.0,0.32,0.3,transcripts_by_company/Luxottica_Group_SpA_2014Q4.txt,0.06280098110437393,0.9371990188956261
ESTEE LAUDER COMPANIES INC,1.0,0.47,2.24,transcripts_by_company/The_Estée_Lauder_Companies_Inc_2023Q1.txt,0.12166855484247208,0.8783314451575279
ANAREN INC,3.0,0.35,0.27,transcripts_by_company/Anaren_Inc_2010Q3.txt,0.16383883357048035,0.8361611664295197
NASDAQ INC,1.0,0.02,-0.07,transcripts_by_company/The_Nasdaq_Stock_Market_Inc_2004Q1.txt,0.17427709698677063,0.8257229030132294
ZURN ELKAY WATER SOLUTIONS CORP,1.0,0.18,0.25,transcripts_by_company/Zurn_Elkay_Water_Solutions_Corporation_2023Q1.txt,0.28945621848106384,0.7105437815189362
ACHILLION PHARMACEUTICALS INC,2.0,-0.14,-0.17,transcripts_by_company/Achillion_Pharmaceuticals_Inc_2019Q2.txt,0.17638123035430908,0.8236187696456909
BOOKHAM INC,3.0,-0.1,-0.08,transcripts_by_company/Bookham_Inc_2007Q3.txt,0.2718661427497864,0.7281338572502136
CARLSBERG A/S,4.0,8.72,42.88,transcripts_by_company/Carlsberg_AS_2020Q4.txt,0.2406216710805893,0.7593783289194107
IQVIA HOLDINGS INC,4.0,1.5,1.49,transcripts_by_company/IQVIA_Holdings_Inc_2018Q4.txt,0.3615484833717346,0.6384515166282654
QAD INC,2.0,-0.01,0.02,transcripts_by_company/QAD_2010Q2.txt,0.0722721517086029,0.9277278482913971
MILLENNIUM CELL INC,2.0,-0.12,-0.08,transcripts_by_company/Millennium_Cell_2003Q2.txt,0.2604548931121826,0.7395451068878174
TABULA RASA HEALTHCARE INC,4.0,-0.05,-0.05,transcripts_by_company/Tabula_Rasa_HealthCare_Inc_2022Q4.txt,0.1386464536190033,0.8613535463809967
VISHAY PRECISION GROUP INC,2.0,0.58,0.63,transcripts_by_company/Vishay_Precision_Group_Inc_2023Q2.txt,0.1191655695438385,0.8808344304561615
ALBANY INTERNATIONAL CORP,3.0,0.29,0.43,transcripts_by_company/Albany_International_2012Q3.txt,0.30003464221954346,0.6999653577804565
MYERS INDUSTRIES INC,3.0,0.41,0.31,transcripts_by_company/Myers_Industries_Inc_2022Q3.txt,0.32414641976356506,0.6758535802364349
CORPORATE OFFICE PROPERTIES,4.0,0.34,0.19,transcripts_by_company/Corporate_Office_Properties_Trust_2008Q4.txt,0.15828821063041687,0.8417117893695831
J  J SNACK FOODS CORP,1.0,0.78,0.8,transcripts_by_company/J_and_J_Snack_Foods_Corporation_2015Q1.txt,0.2813248336315155,0.7186751663684845
GERDAU AMERISTEEL CORP,4.0,0.26,0.34,transcripts_by_company/Gerdau_AmeriSteel_Corporation_2005Q4.txt,0.09735795855522156,0.9026420414447784
KAMAN CORP,1.0,0.35,0.5,transcripts_by_company/Kaman_Corporation_2008Q1.txt,0.3880213499069214,0.6119786500930786
TRANSALTA CORP,1.0,0.34,0.32,transcripts_by_company/TransAlta_Corporation_2011Q1.txt,0.09966841340065002,0.90033158659935
MID-AMERICA APARTMENT COMMUNITIE,3.0,1.22,0.5,transcripts_by_company/Mid-America_Apartment_Communities_Inc_2015Q3.txt,0.171831414103508,0.828168585896492
LIMCO-PIEDMONT INC,3.0,0.07,0.13,transcripts_by_company/Limco-Piedmont_Inc_2008Q3.txt,0.21805980801582336,0.7819401919841766
INFORMATICA CORP,4.0,0.56,0.54,transcripts_by_company/Informatica_Corporation_2014Q4.txt,0.18073326349258423,0.8192667365074158
AGCO CORP,2.0,1.35,0.87,transcripts_by_company/AGCO_2011Q2.txt,0.22856687009334564,0.7714331299066544
ALEXANDRIA REAL ESTATE EQUITIES,3.0,0.64,0.55,transcripts_by_company/Alexandria_Real_Estate_2003Q3.txt,0.07560113072395325,0.9243988692760468
U.S. PHYSICAL THERAPY INC,4.0,0.32,0.39,transcripts_by_company/US_Physical_Therapy_Inc_2013Q4.txt,0.203190416097641,0.796809583902359
NORTHEAST UTILS,3.0,0.37,0.45,transcripts_by_company/Northeast_Utilities_2009Q3.txt,0.3363111615180969,0.6636888384819031
TTM TECHNOLOGIES INC,1.0,0.26,0.39,transcripts_by_company/TTM_Technologies_Inc_2018Q1.txt,0.4231018126010895,0.5768981873989105
SSR MINING INC,1.0,0.1,0.29,transcripts_by_company/SSR_Mining_Inc_2023Q1.txt,0.14983557164669037,0.8501644283533096
CRANE CO,1.0,0.93,1.08,transcripts_by_company/Crane_Co_2016Q1.txt,0.16339635848999023,0.8366036415100098
ZURN ELKAY WATER SOLUTIONS CORP,1.0,0.24,0.25,transcripts_by_company/Zurn_Water_Solutions_Corporation_2022Q1.txt,0.21731367707252502,0.782686322927475
CONSTELLATION BRANDS INC,3.0,2.76,2.71,transcripts_by_company/Constellation_Brands_Inc_2020Q3.txt,0.24166364967823029,0.7583363503217697
FATE THERAPEUTICS INC,4.0,-0.61,-0.47,transcripts_by_company/Fate_Therapeutics_Inc_2020Q4.txt,0.14903624355793,0.85096375644207
CENTERPOINT ENERGY INC,3.0,0.26,0.26,transcripts_by_company/CenterPoint_Energy_2006Q3.txt,0.2984566390514374,0.7015433609485626
CELADON GROUP INC,2.0,0.39,0.28,transcripts_by_company/Celadon_Group_Inc_2012Q2.txt,0.1834338754415512,0.8165661245584488
DASSAULT SYSTEMES SE,2.0,0.28,0.3,transcripts_by_company/Dassault_Systèmes_SE_2023Q2.txt,0.14278148114681244,0.8572185188531876
ATHERSYS INC,1.0,-0.17,-0.22,transcripts_by_company/Athersys_Inc_2012Q1.txt,0.20157316327095032,0.7984268367290497
LULULEMON ATHLETICA INC,3.0,0.38,0.38,transcripts_by_company/lululemon_athletica_inc_2016Q3.txt,0.08515475690364838,0.9148452430963516
DORAL FINANCIAL CORP,4.0,-1.57,-0.04,transcripts_by_company/Doral_Financial_Corporation_2006Q4.txt,0.4026774764060974,0.5973225235939026
THERAPEUTICSMD INC,4.0,-0.15,-0.11,transcripts_by_company/TherapeuticsMD_Inc_2020Q4.txt,0.1808200180530548,0.8191799819469452
ABM INDUSTRIES INC,3.0,0.79,0.9,transcripts_by_company/ABM_Industries_Incorporated_2023Q3.txt,0.14083699882030487,0.8591630011796951
LAKELAND INDUSTRIES INC,4.0,0.03,0.2,transcripts_by_company/Lakeland_Industries_Inc_2011Q4.txt,0.09326756000518799,0.906732439994812
BEST BUY CO INC,4.0,0.54,0.56,transcripts_by_company/Best_Buy_Co_Inc_2010Q4.txt,0.17091788351535797,0.829082116484642
DONNELLEY FINANCIAL SOLUTIONS IN,4.0,-0.06,0.28,transcripts_by_company/Donnelley_Financial_Solutions_Inc_2018Q4.txt,0.16725720465183258,0.8327427953481674
WAL-MART STORES INC,3.0,0.62,0.59,transcripts_by_company/Wal-Mart_Stores_2004Q3.txt,0.27285125851631165,0.7271487414836884
3D SYSTEMS CORP,4.0,0.09,0.1,transcripts_by_company/3D_Systems_Corporation_2021Q4.txt,0.13616660237312317,0.8638333976268768
CRANE CO,3.0,1.62,1.39,transcripts_by_company/Crane_Co_2018Q3.txt,0.08461091667413712,0.9153890833258629
GRANITE CONSTRUCTION INC,3.0,0.8,0.62,transcripts_by_company/Granite_Construction_Inc_2004Q3.txt,0.19973938167095184,0.8002606183290482
"EAST WEST BANCORP, INC.",1.0,0.13,-0.07,transcripts_by_company/West_Corporation_2010Q1.txt,0.1512771099805832,0.8487228900194168
PENN NATIONAL GAMING INC,1.0,0.05,0.62,transcripts_by_company/Penn_National_Gaming_Inc_2014Q1.txt,0.21497474610805511,0.7850252538919449
ACETO CORP.,4.0,0.24,0.43,transcripts_by_company/Aceto_Corporation_2016Q4.txt,0.27485227584838867,0.7251477241516113
THOMAS WEISEL PARTNERS GP INC,4.0,0.13,0.32,transcripts_by_company/Thomas_Weisel_Partners_2007Q4.txt,0.24906377494335175,0.7509362250566483
PRINCIPAL FINANCIAL GROUP INC,3.0,0.66,0.7,transcripts_by_company/The_Principal_Financial_Group_2004Q3.txt,0.18218618631362915,0.8178138136863708
PACTERA TECHNOLOGY INTERNATIONAL,2.0,0.14,0.26,transcripts_by_company/Pactera_Technology_International_Ltd_2013Q2.txt,0.2036096751689911,0.7963903248310089
ARTISAN PARTNERS ASSET MANAGEMEN,1.0,0.78,0.72,transcripts_by_company/Artisan_Partners_Asset_Management_Inc_2014Q1.txt,0.13542385399341583,0.8645761460065842
CIGNA CORP,2.0,1.75,1.24,transcripts_by_company/CIGNA_2004Q2.txt,0.2603127956390381,0.7396872043609619
MID-AMERICA APARTMENT COMMUNITIE,3.0,0.68,0.54,transcripts_by_company/Mid-America_Apartment_Communities_Inc_2019Q3.txt,0.2361590415239334,0.7638409584760666
EMMIS COMMUNICATIONS CORP,2.0,-0.05,-0.05,transcripts_by_company/Emmis_Communications_2008Q2.txt,0.1625266820192337,0.8374733179807663
ORCHID ISLAND CAPITAL INC,2.0,0.73,0.24,transcripts_by_company/Orchid_Island_Capital_Inc_2020Q2.txt,0.3024686872959137,0.6975313127040863
VANTAGE DRILLING CO,4.0,-0.03,-0.01,transcripts_by_company/Vantage_Drilling_Company_2011Q4.txt,0.10265380889177322,0.8973461911082268
SOCIEDAD QUIMICA Y MINERA DE CHI,3.0,0.36,0.29,transcripts_by_company/Sociedad_Quimica_y_Minera_de_Chile_SA_2010Q3.txt,0.23166848719120026,0.7683315128087997
GRAND CANYON EDUCATION INC,2.0,0.39,0.32,transcripts_by_company/Grand_Canyon_Education_Inc_2012Q2.txt,0.1957147717475891,0.8042852282524109
LAMAR ADVERTISING CO,4.0,0.08,0.09,transcripts_by_company/Lamar_Advertising_Company_2012Q4.txt,0.2544010281562805,0.7455989718437195
MERCANTILE BANK CORP,3.0,0.3,0.06,transcripts_by_company/Mercantile_Bank_Corporation_2011Q3.txt,0.21442370116710663,0.7855762988328934
BLACK HILLS CORP,1.0,1.73,1.8,transcripts_by_company/Black_Hills_Corporation_2023Q1.txt,0.11072487384080887,0.8892751261591911
LOCAL.COM CORP,2.0,0.2,0.1,transcripts_by_company/Localcom_Corporation_2010Q2.txt,0.26950603723526,0.73049396276474
FORMFACTOR INC,4.0,-0.37,-0.2,transcripts_by_company/FormFactor_Inc_2010Q4.txt,0.33654433488845825,0.6634556651115417
HARLEY-DAVIDSON INC,1.0,0.51,0.51,transcripts_by_company/Harley-Davidson_2011Q1.txt,0.1593751460313797,0.8406248539686203
PALL CORP,2.0,0.7,0.82,transcripts_by_company/Pall_Corp_2012Q2.txt,0.38891729712486267,0.6110827028751373
COMMERCIAL METALS CO,1.0,-0.31,0.59,transcripts_by_company/Commercial_Metals_Company_2009Q1.txt,0.47087210416793823,0.5291278958320618
ADVA OPTICAL NETWORKING SE,1.0,0.02,0.04,transcripts_by_company/ADVA_Optical_Networking_SE_2019Q1.txt,0.2192474901676178,0.7807525098323822
ADVISORY BOARD CO.,3.0,0.3,0.29,transcripts_by_company/The_Advisory_Board_Company_2010Q3.txt,0.19692209362983704,0.803077906370163
EPIQ SYSTEMS INC,3.0,0.24,0.27,transcripts_by_company/Epiq_Systems_2012Q3.txt,0.2824188470840454,0.7175811529159546
IXYS,3.0,0.16,0.17,transcripts_by_company/Ixys_Corporation_2005Q3.txt,0.28350314497947693,0.7164968550205231
P.F. CHANGS CHINA BISTRO INC,1.0,0.27,0.32,transcripts_by_company/PF_Changs_China_Bistro_Inc_2004Q1.txt,0.05846196040511131,0.9415380395948887
STORA ENSO OYJ A-SHARE,4.0,0.16,0.94,transcripts_by_company/Stora_Enso_2005Q4.txt,0.21878820657730103,0.781211793422699
ENTERPRISE PRODUCTS PARTNERS LP,2.0,0.46,0.47,transcripts_by_company/Enterprise_Products_Partners_LP_2010Q2.txt,0.21634040772914886,0.7836595922708511
WEINGARTEN REALTY INVESTORS,2.0,0.95,0.67,transcripts_by_company/Weingarten_Realty_Investors_2006Q2.txt,0.2903101444244385,0.7096898555755615
BRT APARTMENTS CORP,3.0,0.37,-0.07,transcripts_by_company/BRT_Apartments_Corp_2022Q3.txt,0.16602182388305664,0.8339781761169434
LMI AEROSPACE INC,4.0,0.05,0.46,transcripts_by_company/LMI_Aerospace_Inc_2008Q4.txt,0.3339383006095886,0.6660616993904114
ZAIS FINANCIAL CORP,2.0,0.38,0.44,transcripts_by_company/ZAIS_Financial_Corp_2015Q2.txt,0.26905083656311035,0.7309491634368896
NORTHWEST NATURAL HOLDING CO,4.0,1.2,1.23,transcripts_by_company/Northwest_Natural_Holding_Company_2019Q4.txt,0.16530846059322357,0.8346915394067764
IMMUNOGEN INC,4.0,-0.07,-0.08,transcripts_by_company/ImmunoGen_Inc_2006Q4.txt,0.2722402513027191,0.7277597486972809
TELLABS INC,3.0,0.09,0.03,transcripts_by_company/Tellabs_2004Q3.txt,0.10487879067659378,0.8951212093234062
YANDEX NV,3.0,18.24,16.0,transcripts_by_company/Yandex_NV_2018Q3.txt,0.10413079708814621,0.8958692029118538
NET 1 UEPS TECHNOLOGIES INC,4.0,0.39,0.49,transcripts_by_company/Net1_UEPS_technologies_Inc_2010Q4.txt,0.1303582787513733,0.8696417212486267
STEEL DYNAMICS INC,1.0,0.46,0.32,transcripts_by_company/Steel_Dynamics_2011Q1.txt,0.2603277564048767,0.7396722435951233
DONALDSON COMPANY INC,3.0,0.66,0.59,transcripts_by_company/Donaldson_Company_Inc_2021Q3.txt,0.12191915512084961,0.8780808448791504
GENPACT LTD,2.0,0.52,0.55,transcripts_by_company/Genpact_Limited_2020Q2.txt,0.057853229343891144,0.9421467706561089
HARTE-HANKS COMMUNICATIONS,2.0,0.15,0.22,transcripts_by_company/Harte-Hanks_Inc_2011Q2.txt,0.3196185231208801,0.6803814768791199
SYNTEL INC,3.0,0.54,0.44,transcripts_by_company/Synthes_Inc_2008Q3.txt,0.2752845883369446,0.7247154116630554
PATTERSON COMPANIES INC,4.0,0.48,0.49,transcripts_by_company/Patterson_Companies_Inc_2013Q4.txt,0.2306695580482483,0.7693304419517517
AKAMAI TECHNOLOGIES INC,1.0,1.4,1.35,transcripts_by_company/Akamai_Technologies_Inc_2023Q1.txt,0.25082334876060486,0.7491766512393951
RENOVORX INC,3.0,-0.13,-0.19,transcripts_by_company/RenovoRx_Inc_2023Q3.txt,0.1639690101146698,0.8360309898853302
"VERISIGN, INC",4.0,1.58,1.18,transcripts_by_company/VeriSign_Inc_2018Q4.txt,0.2791789174079895,0.7208210825920105
LIZ CLAIBORNE INC,3.0,0.05,0.1,transcripts_by_company/Liz_Claiborne_Inc_2011Q3.txt,0.3037462830543518,0.6962537169456482
CHINA SUNERGY CO LTD,2.0,0.08,-0.09,transcripts_by_company/China_Sunergy_Co_Ltd_2008Q2.txt,0.26776736974716187,0.7322326302528381
GLOBAL PARTNERS LP,4.0,0.44,0.16,transcripts_by_company/Global_Partners_LP_2021Q4.txt,0.1922474503517151,0.8077525496482849
MDU RESOURCES GP,4.0,0.42,0.4,transcripts_by_company/MDU_Resources_2010Q4.txt,0.26622846722602844,0.7337715327739716
ACHILLION PHARMACEUTICALS INC,3.0,-0.14,-0.17,transcripts_by_company/Achillion_Pharmaceuticals_Inc_2013Q3.txt,0.23670178651809692,0.7632982134819031
WEBMETHODS INC,1.0,0.01,0.02,transcripts_by_company/webMethods_Inc_2005Q1.txt,0.1948416531085968,0.8051583468914032
ATOTECH LTD,2.0,0.15,0.11,transcripts_by_company/Atotech_Limited_2021Q2.txt,0.27182793617248535,0.7281720638275146
LATHAM GROUP INC,4.0,-0.05,0.16,transcripts_by_company/Latham_Group_Inc_2022Q4.txt,0.17355160415172577,0.8264483958482742
EAGLE POINT CREDIT COMPANY INC,4.0,0.38,0.46,transcripts_by_company/Eagle_Point_Credit_Company_Inc_2018Q4.txt,0.08326910436153412,0.9167308956384659
RCN CORP,3.0,-0.94,-0.48,transcripts_by_company/RCN_Corporation_2007Q3.txt,0.19574081897735596,0.804259181022644
ADIENT PLC,1.0,0.62,0.57,transcripts_by_company/Adient_plc_2020Q1.txt,0.13166365027427673,0.8683363497257233
VERITEX HOLDINGS INC,2.0,0.59,0.6,transcripts_by_company/Veritex_Holdings_Inc_2019Q2.txt,0.38333654403686523,0.6166634559631348
COACH INC,1.0,0.84,0.85,transcripts_by_company/Coach_Inc_2013Q1.txt,0.23128102719783783,0.7687189728021622
MKS INSTRUMENTS INC,3.0,0.0,-0.05,transcripts_by_company/MKS_Instruments_Inc_2002Q3.txt,0.15434227883815765,0.8456577211618423
MEADOWBROOK INSURANCE GROUP,4.0,0.09,0.11,transcripts_by_company/Meadowbrook_Insurance_2004Q4.txt,0.12820066511631012,0.8717993348836899
RANGE RESOURCES CORP,4.0,0.08,0.12,transcripts_by_company/Range_Resources_Corporation_2019Q4.txt,0.16897252202033997,0.83102747797966
AMERON INC,1.0,-0.47,0.68,transcripts_by_company/Hammerson_plc_2011Q1.txt,0.14522765576839447,0.8547723442316055
WD 40 CO,3.0,0.37,0.51,transcripts_by_company/WD-40_Company_2006Q3.txt,0.11427842080593109,0.8857215791940689
HAEMONETICS CORP,3.0,0.72,0.84,transcripts_by_company/Haemonetics_Corporation_2011Q3.txt,0.16468574106693268,0.8353142589330673
ISTAR INC,2.0,-0.42,-0.04,transcripts_by_company/SkiStar_AB_2022Q2.txt,0.1951095014810562,0.8048904985189438
"PROSPERITY BANCSHARES, INC.",2.0,0.68,0.64,transcripts_by_company/Prosperity_Bancshares_2010Q2.txt,0.0542033314704895,0.9457966685295105
RETROPHIN INC,3.0,-0.46,-0.31,transcripts_by_company/Retrophin_Inc_2017Q3.txt,0.06912197917699814,0.9308780208230019
FPIC INSURANCE GROUP INC,2.0,0.87,0.84,transcripts_by_company/FPIC_Insurance_Group_Inc_2006Q2.txt,0.2309904545545578,0.7690095454454422
MAC-GRAY CORP,4.0,0.17,0.2,transcripts_by_company/Mac-Gray_Corporation_2012Q4.txt,0.23189638555049896,0.768103614449501
TRIUMPH GROUP INC,1.0,0.69,0.86,transcripts_by_company/Triumph_Group_Inc_2020Q1.txt,0.10162023454904556,0.8983797654509544
TIMKEN CO,3.0,0.58,0.44,transcripts_by_company/The_Timken_Company_2005Q3.txt,0.11403127759695053,0.8859687224030495
ON SEMICONDUCTOR CORP,4.0,0.21,0.24,transcripts_by_company/ON_Semiconductor_2007Q4.txt,0.3200445771217346,0.6799554228782654
VECTOR GROUP LTD,4.0,0.25,0.26,transcripts_by_company/Vector_Group_Ltd_2006Q4.txt,0.22094370424747467,0.7790562957525253
HOOPER HOLMES,3.0,-0.03,0.0,transcripts_by_company/Hooper_Holmes_2008Q3.txt,0.20886537432670593,0.7911346256732941
ALLIANCE DATA SYSTEMS CORP,1.0,4.44,4.89,transcripts_by_company/Alliance_Data_Systems_Corporation_2018Q1.txt,0.4322507083415985,0.5677492916584015
MPLX LP,1.0,0.1,0.69,transcripts_by_company/MPLX_LP_2016Q1.txt,0.23141205310821533,0.7685879468917847
LIMELIGHT NETWORKS INC,3.0,-0.07,-0.05,transcripts_by_company/Limelight_Networks_Inc_2013Q3.txt,0.0683261975646019,0.9316738024353981
TENABLE HOLDINGS INC,2.0,0.09,0.06,transcripts_by_company/Tenable_Holdings_Inc_2021Q2.txt,0.22601138055324554,0.7739886194467545
FACTSET RESEARCH SYSTEMS INC,1.0,0.41,0.4,transcripts_by_company/FactSet_Research_Systems_2004Q1.txt,0.25791019201278687,0.7420898079872131
DNOW INC,1.0,0.14,0.04,transcripts_by_company/Mednow_Inc_2022Q1.txt,0.3246474266052246,0.6753525733947754
ATLANTIC UNION BANKSHARES CORP,4.0,0.78,0.68,transcripts_by_company/Atlantic_Union_Bankshares_Corporation_2023Q4.txt,0.1230127289891243,0.8769872710108757
MT BANK CORP,3.0,2.17,1.75,transcripts_by_company/TD_Bank_Group_2012Q3.txt,0.15002813935279846,0.8499718606472015
CITY OFFICE REIT INC,1.0,-0.07,-0.02,transcripts_by_company/Slate_Office_REIT_2019Q1.txt,0.11901451647281647,0.8809854835271835
THOR INDUSTRIES INC,2.0,1.65,2.66,transcripts_by_company/Toray_Industries_Inc_2019Q2.txt,0.1381903439760208,0.8618096560239792
SOLAR CAPITAL LTD,1.0,0.64,0.54,transcripts_by_company/Solar_Capital_Ltd_2010Q1.txt,0.10304510593414307,0.8969548940658569
INCYTE CORP,3.0,-0.29,-0.21,transcripts_by_company/Incyte_Corporation_2007Q3.txt,0.18108132481575012,0.8189186751842499
REGENERON PHARMACEUTICALS INC,3.0,6.67,5.85,transcripts_by_company/Regeneron_Pharmaceuticals_Inc_2019Q3.txt,0.1516171544790268,0.8483828455209732
"ALLOY ONLINE, INC.",1.0,0.15,0.22,transcripts_by_company/Alloy_Inc_2003Q1.txt,0.20763683319091797,0.792363166809082
MODTECH HOLDINGS INC,3.0,-0.66,0.21,transcripts_by_company/Modtech_Holdings_Inc_2005Q3.txt,0.2741162180900574,0.7258837819099426
INTERCONTINENTAL EXCHANGE INC,2.0,1.07,1.04,transcripts_by_company/Intercontinental_Exchange_Inc_2020Q2.txt,0.19788071513175964,0.8021192848682404
AMEREN CORP,2.0,0.93,0.7,transcripts_by_company/Ameren_Corporation_2005Q2.txt,0.1585799604654312,0.8414200395345688
NORTHWEST NATURAL HOLDING CO,1.0,1.72,1.55,transcripts_by_company/Northwest_Natural_Holding_Company_2019Q1.txt,0.09866233915090561,0.9013376608490944
ASSEMBLY BIOSCIENCES INC,4.0,-0.99,-1.2,transcripts_by_company/Assembly_Biosciences_Inc_2019Q4.txt,0.23322603106498718,0.7667739689350128
SUPER MICRO COMPUTER INC,3.0,0.15,0.11,transcripts_by_company/Super_Micro_Computer_Inc_2009Q3.txt,0.2109125703573227,0.7890874296426773
MERCANTILE BANKSHARES CORP,4.0,0.67,0.72,transcripts_by_company/Mercantile_Bankshares_Corp_2003Q4.txt,0.16355794668197632,0.8364420533180237
GREAT AMERICAN GROUP INC,3.0,0.02,-0.02,transcripts_by_company/Great_American_Group_Inc_2010Q3.txt,0.1471433937549591,0.8528566062450409
ASPEN INSURANCE HOLDINGS LTD,4.0,-0.15,0.79,transcripts_by_company/Aspen_Insurance_Holdings_Ltd_2012Q4.txt,0.21248634159564972,0.7875136584043503
JINKOSOLAR HOLDING CO LTD,2.0,0.64,0.85,transcripts_by_company/JinkoSolar_Holding_Co_Ltd_2014Q2.txt,0.11004216223955154,0.8899578377604485
CONMED CORP,1.0,0.45,0.46,transcripts_by_company/CONMED_Corporation_2013Q1.txt,0.2578343152999878,0.7421656847000122
MERCANTILE BANK CORP,4.0,0.7,0.63,transcripts_by_company/Mercantile_Bank_Corporation_2018Q4.txt,0.1899711787700653,0.8100288212299347
COLUMBIA SPORTSWEAR CO,1.0,1.07,0.86,transcripts_by_company/Columbia_Sportswear_Company_2019Q1.txt,0.1750367134809494,0.8249632865190506
CARDIONET INC,2.0,-0.01,-0.07,transcripts_by_company/CardioNet_Inc_2012Q2.txt,0.18744736909866333,0.8125526309013367
HOLLYSYS AUTOMATION TECHNOLOGIES,1.0,0.38,0.36,transcripts_by_company/Hollysys_Automation_Technologies_Ltd_2016Q1.txt,0.25159794092178345,0.7484020590782166
HOT TOPIC,1.0,0.23,0.48,transcripts_by_company/Hot_Topic_2006Q1.txt,0.16415779292583466,0.8358422070741653
UNITED RENTALS INC,3.0,2.2,1.99,transcripts_by_company/United_Rentals_Inc_2014Q3.txt,0.24612855911254883,0.7538714408874512
CATAPULT COMMUNICATIONS CORP,4.0,0.0,0.0,transcripts_by_company/Catapult_Communications_2008Q4.txt,0.3664577901363373,0.6335422098636627
VIRTUS INVESTMENT PARTNERS INC,2.0,3.24,3.96,transcripts_by_company/Virtus_Investment_Partners_Inc_2020Q2.txt,0.018306266516447067,0.9816937334835529
BCE INC,1.0,0.81,0.77,transcripts_by_company/BCE_Inc_2014Q1.txt,0.1987713724374771,0.8012286275625229
SEALED AIR CORP,1.0,0.35,0.34,transcripts_by_company/Sealed_Air_2008Q1.txt,0.3124845027923584,0.6875154972076416
PACTIV CORP,1.0,0.38,0.55,transcripts_by_company/Pactiv_2010Q1.txt,0.15360422432422638,0.8463957756757736
ROYAL CARIBBEAN CRUISES LTD,1.0,0.35,0.31,transcripts_by_company/Royal_Caribbean_Cruises_Ltd_2013Q1.txt,0.11876370757818222,0.8812362924218178
CARMAX INC,2.0,2.63,1.5,transcripts_by_company/CarMax_Inc_2021Q2.txt,0.28965404629707336,0.7103459537029266
MARATHON OIL CORP,2.0,0.85,0.67,transcripts_by_company/Marathon_Oil_Corporation_2003Q2.txt,0.1478598266839981,0.8521401733160019
CONIFER HOLDINGS INC,2.0,-0.14,0.17,transcripts_by_company/Conifer_Holdings_Inc_2016Q2.txt,0.14756686985492706,0.8524331301450729
HEALTHCARE REALTY TRUST INC,1.0,0.28,0.07,transcripts_by_company/Healthcare_Realty_Trust_2022Q1.txt,0.18074464797973633,0.8192553520202637
HEADWATERS,1.0,-0.14,-0.17,transcripts_by_company/Headwaters_Inc_2013Q1.txt,0.1032872423529625,0.8967127576470375
INTUIT INC,1.0,1.0,0.44,transcripts_by_company/Intuit_Inc_2019Q1.txt,0.3031146228313446,0.6968853771686554
METLIFE INC,2.0,1.38,1.33,transcripts_by_company/MetLife_Inc_2019Q2.txt,0.2016359567642212,0.7983640432357788
STEREOTAXIS INC,2.0,-0.18,-0.17,transcripts_by_company/Stereotaxis_2009Q2.txt,0.1387394517660141,0.8612605482339859
CONN'S INC,3.0,0.62,0.66,transcripts_by_company/Conns_Inc_2019Q3.txt,0.3056968152523041,0.6943031847476959
QUICKSILVER RESOURCES INC,4.0,-0.01,-0.03,transcripts_by_company/Quicksilver_Resources_Inc_2012Q4.txt,0.12023843079805374,0.8797615692019463
ADAPTEC INC,1.0,0.01,0.0,transcripts_by_company/Adaptec_Inc_2009Q1.txt,0.22648881375789642,0.7735111862421036
IPASS INC,4.0,-0.04,-0.07,transcripts_by_company/iPass_Inc_2014Q4.txt,0.12216327339410782,0.8778367266058922
ZIPREALTY INC,4.0,-0.08,-0.05,transcripts_by_company/ZipRealty_Inc_2011Q4.txt,0.3200805187225342,0.6799194812774658
PENUMBRA INC,4.0,0.16,0.28,transcripts_by_company/Penumbra_Inc_2022Q4.txt,0.11087053269147873,0.8891294673085213
LIFE TIME FITNESS INC,1.0,0.44,0.41,transcripts_by_company/Life_Time_Fitness_2010Q1.txt,0.1267768293619156,0.8732231706380844
RED HAT INC,3.0,0.2,0.14,transcripts_by_company/Red_Hat_Inc_2009Q3.txt,0.19360564649105072,0.8063943535089493
LOGMEIN INC,4.0,0.62,0.55,transcripts_by_company/LogMein_Inc_2016Q4.txt,0.09656792134046555,0.9034320786595345
AVNET INC,3.0,0.9,0.89,transcripts_by_company/Avnet_Incorporated_2013Q3.txt,0.2980469763278961,0.7019530236721039
@ROAD,3.0,0.02,0.02,transcripts_by_company/Road_2003Q3.txt,0.3878595232963562,0.6121404767036438
"VERISIGN, INC",1.0,0.14,0.15,transcripts_by_company/VeriSign_Inc_2004Q1.txt,0.1937539428472519,0.8062460571527481
EASTERLY GOVERNMENT PROPERTIES I,4.0,0.08,0.1,transcripts_by_company/Easterly_Government_Properties_Inc_2021Q4.txt,0.2645499110221863,0.7354500889778137
CARDIOVASCULAR SYSTEMS INC,3.0,-0.06,0.01,transcripts_by_company/Cardiovascular_Systems_Inc_2017Q3.txt,0.24860718846321106,0.7513928115367889
CUTERA INC,4.0,0.15,0.13,transcripts_by_company/Cutera_Inc_2015Q4.txt,0.20258605480194092,0.7974139451980591
CLIFFS NATURAL RESOURCES INC,3.0,-0.12,-0.09,transcripts_by_company/Cliffs_Natural_Resources_Inc_2016Q3.txt,0.4800030589103699,0.5199969410896301
STR HOLDINGS INC,2.0,0.3,0.41,transcripts_by_company/STR_Holdings_Inc_2011Q2.txt,0.14971913397312164,0.8502808660268784
DESTINATION MATERNITY CORP,3.0,0.2,0.36,transcripts_by_company/Destination_Maternity_Corporation_2011Q3.txt,0.3605950176715851,0.6394049823284149
CIRRUS LOGIC INC,4.0,-0.02,-0.1,transcripts_by_company/Cirrus_Logic_2003Q4.txt,0.28698402643203735,0.7130159735679626
IPG PHOTONICS CORP,3.0,0.81,0.72,transcripts_by_company/IPG_Photonics_Corporation_2012Q3.txt,0.19528064131736755,0.8047193586826324
UTSTARCOM HOLDINGS CORP,4.0,-0.37,-0.04,transcripts_by_company/Utstarcom_Inc_2015Q4.txt,0.10568464547395706,0.8943153545260429
GOODYEAR TIRE  RUBBER CO,3.0,0.53,0.81,transcripts_by_company/Goodyear_Tire_and_Rubber_Company_2012Q3.txt,0.18617235124111176,0.8138276487588882
DCP MIDSTREAM LP,3.0,0.46,0.32,transcripts_by_company/DCP_Midstream_LP_2020Q3.txt,0.26920732855796814,0.7307926714420319
SOLARIS OILFIELD INFRASTRUCTURE,3.0,0.24,0.1,transcripts_by_company/Solaris_Oilfield_Infrastructure_Inc_2022Q3.txt,0.173674538731575,0.826325461268425
NATUS MEDICAL INC,4.0,0.51,0.52,transcripts_by_company/Natus_Medical_Incorporated_2016Q4.txt,0.27547651529312134,0.7245234847068787
UNITED STATIONERS INC,4.0,1.17,1.14,transcripts_by_company/United_Stationers_Inc_2010Q4.txt,0.2415992021560669,0.7584007978439331
SCHLUMBERGER LTD,1.0,0.62,0.64,transcripts_by_company/Schlumberger_Limited_2010Q1.txt,0.19025108218193054,0.8097489178180695
ATHEROS COMMUNICATIONS INC.,3.0,0.46,0.11,transcripts_by_company/Atheros_Communications_Inc_2009Q3.txt,0.27257445454597473,0.7274255454540253
MGM RESORTS INTERNATIONAL,3.0,-1.39,0.19,transcripts_by_company/MGM_Resorts_International_2022Q3.txt,0.14108385145664215,0.8589161485433578
NEUROGEN CORP,3.0,-0.52,-0.27,transcripts_by_company/Neurogen_2008Q3.txt,0.13549721240997314,0.8645027875900269
RAMBUS INC,3.0,-0.26,-0.26,transcripts_by_company/Rambus_Inc_2009Q3.txt,0.25269290804862976,0.7473070919513702
TRIBUNE CO NEW,1.0,0.4,0.44,transcripts_by_company/Tribune_Company_2004Q1.txt,0.1316373348236084,0.8683626651763916
L BRANDS INC,3.0,0.63,0.64,transcripts_by_company/Pacific_Brands_Limited_2014Q3.txt,0.20065578818321228,0.7993442118167877
AGILON HEALTH INC,2.0,-0.04,0.0,transcripts_by_company/agilon_health_inc_2023Q2.txt,0.09300529956817627,0.9069947004318237
MDU RESOURCES GROUP INC,3.0,0.38,0.81,transcripts_by_company/MDU_Resources_Group_Inc_2023Q3.txt,0.17348414659500122,0.8265158534049988
STOCKHOUSE INC,4.0,-0.02,-0.15,transcripts_by_company/Stockhouse_Inc_2008Q4.txt,0.3199048936367035,0.6800951063632965
DEUTSCHE BANK AG,3.0,0.15,0.19,transcripts_by_company/Deutsche_Pfandbriefbank_AG_2021Q3.txt,0.1970832645893097,0.8029167354106903
EXLSERVICE HOLDINGS INC,1.0,0.64,0.69,transcripts_by_company/ExlService_Holdings_Inc_2018Q1.txt,0.09787175804376602,0.902128241956234
WABTEC CORPORATION,4.0,0.37,0.37,transcripts_by_company/Wabted_Corporation_2005Q4.txt,0.18867595493793488,0.8113240450620651
PLANAR SYSTEMS INCORPORATED,1.0,0.03,0.01,transcripts_by_company/Planar_Systems_Inc_2014Q1.txt,0.10643494874238968,0.8935650512576103
HANOVER INSURANCE GROUP INC,2.0,1.88,1.87,transcripts_by_company/The_Hanover_Insurance_Group_Inc_2019Q2.txt,0.2362532913684845,0.7637467086315155
LEXMARK INTERNATIONAL GROUP INC,4.0,1.25,1.13,transcripts_by_company/Lexmark_International_Inc_2011Q4.txt,0.14525920152664185,0.8547407984733582
ALTERA CORP,1.0,0.21,0.25,transcripts_by_company/Altera_Corporation_2007Q1.txt,0.2631063461303711,0.7368936538696289
EVERGREEN SOLAR INC,4.0,-0.48,-0.01,transcripts_by_company/Evergreen_Solar_Inc_2009Q4.txt,0.22310903668403625,0.7768909633159637
INVESCO HOLDING COMPANY LTD,4.0,0.08,0.46,transcripts_by_company/Investec_plc_2008Q4.txt,0.2530456781387329,0.7469543218612671
DIGITALGLOBE INC,3.0,0.02,0.11,transcripts_by_company/DigitalGlobe_Inc_2011Q3.txt,0.06719062477350235,0.9328093752264977
COGNEX CORP,4.0,0.44,0.43,transcripts_by_company/Cognex_Corp_2011Q4.txt,0.26300808787345886,0.7369919121265411
KARYOPHARM THERAPEUTICS INC,4.0,-0.59,-0.48,transcripts_by_company/Karyopharm_Therapeutics_Inc_2020Q4.txt,0.17051313817501068,0.8294868618249893
MINERALS TECHNOLOGIES INC,4.0,0.63,0.74,transcripts_by_company/MINERALS_TECHNOLOGIES_INC_2006Q4.txt,0.19695448875427246,0.8030455112457275
PSYCHIATRIC SOLUTIONS INC,4.0,0.33,0.29,transcripts_by_company/Psychiatric_Solutions_Inc_2006Q4.txt,0.1245415061712265,0.8754584938287735
ORCHARD THERAPEUTICS PLC,3.0,-0.2,-0.55,transcripts_by_company/Orchard_Therapeutics_plc_2020Q3.txt,0.2648299038410187,0.7351700961589813
COLDWATER CREEK INC,2.0,0.13,0.18,transcripts_by_company/Coldwater_Creek_2007Q2.txt,0.10958239436149597,0.890417605638504
CROSS COUNTRY HEALTHCARE INC,4.0,0.18,0.19,transcripts_by_company/Cross_Country_Healthcare_2004Q4.txt,0.26991915702819824,0.7300808429718018
LYONDELL,1.0,0.96,0.97,transcripts_by_company/Lyondell_Chemicals_2006Q1.txt,0.33145466446876526,0.6685453355312347
BOOKS-A-MILLION INC,3.0,0.19,0.16,transcripts_by_company/Books-A-Million_Inc_2007Q3.txt,0.13889944553375244,0.8611005544662476
AVON PRODUCTS INC,3.0,0.37,0.63,transcripts_by_company/Avon_Products_Inc_2004Q3.txt,0.3126160800457001,0.6873839199542999
TARGACEPT INC,2.0,-0.33,-0.32,transcripts_by_company/Targacept_Inc_2006Q2.txt,0.25955793261528015,0.7404420673847198
ORASURE TECHNOLOGIES INC,2.0,-0.01,0.01,transcripts_by_company/OraSure_Technologies_2003Q2.txt,0.163081094622612,0.836918905377388
RMR GROUP INC,3.0,0.31,0.45,transcripts_by_company/The_RMR_Group_Inc_2017Q3.txt,0.16333092749118805,0.836669072508812
TELENET GROUP HOLDING NV,3.0,0.58,0.45,transcripts_by_company/Telenet_Group_Holding_NV_2016Q3.txt,0.14122000336647034,0.8587799966335297
VIAD CORP,3.0,0.41,0.45,transcripts_by_company/Viad_Corp_2002Q3.txt,0.08969132602214813,0.9103086739778519
AGILENT TECHNOLOGIES INC,4.0,0.3,0.32,transcripts_by_company/Agilent_Technologies_Inc_2004Q4.txt,0.15980644524097443,0.8401935547590256
CYBERARK SOFTWARE LTD,4.0,0.28,0.35,transcripts_by_company/CyberArk_Software_Ltd_2021Q4.txt,0.19634422659873962,0.8036557734012604
GRAFTECH INTERNATIONAL LTD,2.0,0.31,0.26,transcripts_by_company/GrafTech_International_Ltd_2010Q2.txt,0.09754082560539246,0.9024591743946075
NAVIOS MARITIME HOLDINGS INC,3.0,0.34,0.24,transcripts_by_company/Navios_Maritime_Holdings_Inc_2007Q3.txt,0.22822171449661255,0.7717782855033875
MEDIAALPHA INC,3.0,-0.29,-0.18,transcripts_by_company/MediaAlpha_Inc_2023Q3.txt,0.30631008744239807,0.6936899125576019
TAILORED BRANDS INC,4.0,0.53,0.95,transcripts_by_company/Tailored_Brands_Inc_2019Q4.txt,0.10878636687994003,0.89121363312006
HEARTLAND PAYMENT SYSTEMS INC,1.0,0.17,0.2,transcripts_by_company/Heartland_Payment_Systems_2007Q1.txt,0.13699737191200256,0.8630026280879974
AKAMAI TECHNOLOGIES INC,3.0,1.26,1.48,transcripts_by_company/Akamai_Technologies_Inc_2022Q3.txt,0.16915884613990784,0.8308411538600922
PITNEY BOWES INC,2.0,0.02,0.08,transcripts_by_company/Pitney_Bowes_Inc_2022Q2.txt,0.1434096097946167,0.8565903902053833
LXP INDUSTRIAL TRUST,2.0,0.14,0.01,transcripts_by_company/LXP_Industrial_Trust_2022Q2.txt,0.2972935736179352,0.7027064263820648
PREFERRED APARTMENT COMMUNITIES,3.0,-0.56,-0.01,transcripts_by_company/Preferred_Apartment_Communities_Inc_2011Q3.txt,0.30890411138534546,0.6910958886146545
HUTCHINSON TECHNOLOGY INC,4.0,0.22,0.77,transcripts_by_company/Hutchinson_Technology_2005Q4.txt,0.09258737415075302,0.907412625849247
INFOCUS CORPORATION,2.0,0.01,-0.01,transcripts_by_company/InFocus_2004Q2.txt,0.13450820744037628,0.8654917925596237
AUTOZONE INC,4.0,9.36,9.29,transcripts_by_company/AutoZone_Inc_2016Q4.txt,0.23071721196174622,0.7692827880382538
RESERVOIR MEDIA INC,3.0,0.05,0.05,transcripts_by_company/Reservoir_Media_Inc_2023Q3.txt,0.14840589463710785,0.8515941053628922
SRAX INC,1.0,-0.57,-0.36,transcripts_by_company/SRAX_Inc_2021Q1.txt,0.13726577162742615,0.8627342283725739
METHODE ELECTRONICS INC,1.0,0.87,0.59,transcripts_by_company/Methode_Electronics_Inc_2018Q1.txt,0.15250113606452942,0.8474988639354706
JOY GLOBAL INC,1.0,-0.23,0.31,transcripts_by_company/Joy_Global_Inc_2016Q1.txt,0.18054938316345215,0.8194506168365479
CORESITE REALTY CORP,3.0,0.46,0.41,transcripts_by_company/CoreSite_Realty_Corporation_2017Q3.txt,0.22310411930084229,0.7768958806991577
PULTE CORPORATION,1.0,-0.33,0.5,transcripts_by_company/Pulte_Homes_2007Q1.txt,0.20072321593761444,0.7992767840623856
RITHM CAPITAL CORP,1.0,0.35,0.31,transcripts_by_company/Rithm_Capital_Corp_2023Q1.txt,0.06196794658899307,0.9380320534110069
RPM INTERNATIONAL INC,2.0,1.28,1.37,transcripts_by_company/RPM_International_Inc_2021Q2.txt,0.21549062430858612,0.7845093756914139
UNITED COMMUNITY BANKS INC,3.0,0.36,0.37,transcripts_by_company/United_Community_Banks_2005Q3.txt,0.24380488693714142,0.7561951130628586
ROCKWELL COLLINS INC,2.0,0.43,0.34,transcripts_by_company/Rockwell_Collins_2003Q2.txt,0.19172878563404083,0.8082712143659592
ARCUS BIOSCIENCES INC,3.0,-0.9,-0.9,transcripts_by_company/Arcus_Biosciences_Inc_2022Q3.txt,0.19842392206192017,0.8015760779380798
AXCELIS TECHNOLOGIES INC,2.0,0.04,0.06,transcripts_by_company/Axcelis_Technologies_Inc_2011Q2.txt,0.15420371294021606,0.8457962870597839
UPWORK INC,3.0,0.04,-0.03,transcripts_by_company/Upwork_Inc_2021Q3.txt,0.3677094578742981,0.6322905421257019
PIPER JAFFRAY COMPANIES INC.,2.0,-0.32,0.64,transcripts_by_company/Piper_Jaffray_2008Q2.txt,0.3815763294696808,0.6184236705303192
AMERICAN FINANCE TRUST INC,1.0,-0.04,0.27,transcripts_by_company/American_Finance_Trust_Inc_2020Q1.txt,0.17619702219963074,0.8238029778003693
PENNTEX MIDSTREAM PARTNERS LP,2.0,0.13,0.29,transcripts_by_company/PennTex_Midstream_Partners_LP_2016Q2.txt,0.2970358431339264,0.7029641568660736
NEXSTAR BROADCASTING GROUP INC.,4.0,-0.09,-0.14,transcripts_by_company/NEXSTAR_Broadcasting_Group_Inc_2007Q4.txt,0.2995806336402893,0.7004193663597107
EXTREME NETWORKS INC,4.0,0.14,0.17,transcripts_by_company/Extreme_Networks_Inc_2017Q4.txt,0.28931206464767456,0.7106879353523254
NASDAQ INC,2.0,0.62,0.7,transcripts_by_company/The_NASDAQ_OMX_Group_Inc_2013Q2.txt,0.15957602858543396,0.840423971414566
COMPTON PETROLEUM CORP,1.0,-0.11,0.12,transcripts_by_company/Compton_Petroleum_2009Q1.txt,0.2072327882051468,0.7927672117948532
VALMONT INDUSTRIES INC,2.0,0.42,0.38,transcripts_by_company/Valmont_Industries_Inc_2005Q2.txt,0.07546944171190262,0.9245305582880974
ACETO CORP.,3.0,0.21,0.21,transcripts_by_company/Aceto_2004Q3.txt,0.3702308237552643,0.6297691762447357
TRAVELERS COMPANIES INC,4.0,3.07,2.38,transcripts_by_company/The_Travelers_Companies_Inc_2014Q4.txt,0.1658519208431244,0.8341480791568756
WORLD FUEL SERVICES CORP,1.0,0.51,0.63,transcripts_by_company/World_Fuel_Services_2007Q1.txt,0.17996415495872498,0.820035845041275
CARBO CERAMICS INC,2.0,-0.93,-0.6,transcripts_by_company/CARBO_Ceramics_Inc_2017Q2.txt,0.3725520968437195,0.6274479031562805
VEECO INSTRUMENTS INC,4.0,0.01,0.37,transcripts_by_company/Veeco_Instruments_Inc_2015Q4.txt,0.24454423785209656,0.7554557621479034
BRADY CORP,1.0,0.7,0.77,transcripts_by_company/Brady_Corporation_2022Q1.txt,0.10957871377468109,0.8904212862253189
ADVANCED MICRO DEVICES INC,1.0,-0.66,-0.31,transcripts_by_company/Advanced_Micro_Devices_2009Q1.txt,0.24404878914356232,0.7559512108564377
ALICO INC,2.0,0.6,0.61,transcripts_by_company/Aimco_2013Q2.txt,0.07348684966564178,0.9265131503343582
"URBAN OUTFITTERS, INC.",2.0,0.31,0.23,transcripts_by_company/Urban_Outfitters_Inc_2010Q2.txt,0.25547105073928833,0.7445289492607117
PERKINELMER INC,2.0,2.32,1.55,transcripts_by_company/PerkinElmer_Inc_2022Q2.txt,0.2807556688785553,0.7192443311214447
IDEXX LABORATORIES INC,2.0,1.56,2.53,transcripts_by_company/IDEXX_Laboratories_Inc_2022Q2.txt,0.27414268255233765,0.7258573174476624
CRANE CO,2.0,0.52,0.5,transcripts_by_company/Crane_Co_2004Q2.txt,0.14708872139453888,0.8529112786054611
ELEMENT SOLUTIONS INC,3.0,0.35,0.29,transcripts_by_company/Element_Solutions_Inc_2021Q3.txt,0.13601402938365936,0.8639859706163406
EMPRESA BRASILEIRA DE AERONAUTIC,1.0,0.46,0.63,transcripts_by_company/Embraer-Empresa_Brasileira_de_Aeronautica_SA_2008Q1.txt,0.23821544647216797,0.761784553527832
DFC GLOBAL CORP,4.0,0.56,0.61,transcripts_by_company/DFC_Global_Corp_2012Q4.txt,0.12730616331100464,0.8726938366889954
HAIN CELESTIAL GROUP INC,3.0,0.29,0.3,transcripts_by_company/Hain_Celestial_Group_2011Q3.txt,0.21257159113883972,0.7874284088611603
UTI WORLDWIDE INC,4.0,0.62,0.48,transcripts_by_company/UTi_Worldwide_2004Q4.txt,0.29426026344299316,0.7057397365570068
AMEDISYS INC,2.0,1.16,1.3,transcripts_by_company/Amedisys_Inc_2010Q2.txt,0.1987295299768448,0.8012704700231552
LNR PROPERTY CORPORATION,1.0,1.06,0.99,transcripts_by_company/LNR_Property_2003Q1.txt,0.21385128796100616,0.7861487120389938
GRAFTECH INTERNATIONAL LTD,4.0,0.26,0.16,transcripts_by_company/GrafTech_International_2009Q4.txt,0.15884988009929657,0.8411501199007034
COOPER TIRE & RUBBER CO,2.0,0.3,1.07,transcripts_by_company/Cooper_Tire_and_Rubber_Company_2018Q2.txt,0.44985049962997437,0.5501495003700256
TRANSUNION,4.0,0.44,0.34,transcripts_by_company/TransUnion_2016Q4.txt,0.13927413523197174,0.8607258647680283
MASTERCARD INC,3.0,2.68,2.74,transcripts_by_company/Mastercard_Incorporated_2022Q3.txt,0.22481949627399445,0.7751805037260056
SALARY.COM INC,4.0,-0.16,-0.19,transcripts_by_company/Salarycom_2008Q4.txt,0.08865445852279663,0.9113455414772034
FIRST FINANCIAL CORP,4.0,0.73,0.73,transcripts_by_company/First_National_Financial_Corporation_2017Q4.txt,0.2926441729068756,0.7073558270931244
OCUGEN INC,2.0,-0.13,-0.04,transcripts_by_company/Ocugen_Inc_2021Q2.txt,0.2765847444534302,0.7234152555465698
GREATBATCH INC,4.0,0.4,0.45,transcripts_by_company/Greatbatch_Inc_2009Q4.txt,0.17933185398578644,0.8206681460142136
STATE AUTO FINANCIAL CORP,3.0,0.34,0.42,transcripts_by_company/State_Auto_Financial_Corporation_2019Q3.txt,0.11854440718889236,0.8814555928111076
CRINETICS PHARMACEUTICALS INC,1.0,-0.69,-0.59,transcripts_by_company/Crinetics_Pharmaceuticals_Inc_2021Q1.txt,0.26424673199653625,0.7357532680034637
DEUTSCHE BANK AG,1.0,0.095,0.13,transcripts_by_company/Deutsche_Pfandbriefbank_AG_2019Q1.txt,0.12686575949192047,0.8731342405080795
MYKROLIS,1.0,0.13,0.16,transcripts_by_company/Mykrolis_Corporation_2005Q1.txt,0.16158504784107208,0.8384149521589279
NANOSPHERE INC,4.0,-0.08,-0.1,transcripts_by_company/Nanosphere_Inc_2014Q4.txt,0.16337600350379944,0.8366239964962006
ART TECHNOLOGY GROUP INC,1.0,0.01,0.03,transcripts_by_company/Art_Technology_Group_2007Q1.txt,0.13794678449630737,0.8620532155036926
CLEAN ENERGY FUELS CORP,4.0,0.11,-0.24,transcripts_by_company/Clean_Energy_Fuels_Corp_2014Q4.txt,0.17526385188102722,0.8247361481189728
RAPID MICRO BIOSYSTEMS INC,3.0,-0.38,-0.34,transcripts_by_company/Rapid_Micro_Biosystems_Inc_2022Q3.txt,0.28749942779541016,0.7125005722045898
EASTERLY GOVERNMENT PROPERTIES I,2.0,0.03,0.05,transcripts_by_company/Easterly_Government_Properties_Inc_2018Q2.txt,0.2830880582332611,0.7169119417667389
BRIGHTHOUSE FINANCIAL INC,1.0,2.86,3.4,transcripts_by_company/Brighthouse_Financial_Inc_2023Q1.txt,0.23382975161075592,0.7661702483892441
COREPOINT LODGING INC,4.0,-0.74,-0.85,transcripts_by_company/CorePoint_Lodging_Inc_2020Q4.txt,0.10991042107343674,0.8900895789265633
HCP INC,3.0,0.12,0.23,transcripts_by_company/HCP_Inc_2017Q3.txt,0.12877295911312103,0.871227040886879
PLANAR SYSTEMS INCORPORATED,4.0,0.05,-0.08,transcripts_by_company/Planar_Systems_Inc_2012Q4.txt,0.1589316725730896,0.8410683274269104
SPOTIFY TECHNOLOGY SA,3.0,-0.41,-0.47,transcripts_by_company/Spotify_Technology_SA_2021Q3.txt,0.0579279325902462,0.9420720674097538
OLIN CORP,2.0,2.24,0.15,transcripts_by_company/Olin_Corporation_2021Q2.txt,0.3533029854297638,0.6466970145702362
WATERS CORP,3.0,0.43,0.47,transcripts_by_company/Waters_Corporation_2005Q3.txt,0.14741241931915283,0.8525875806808472
CONCENTRIX CORP,3.0,2.49,1.9,transcripts_by_company/Concentrix_Corporation_2021Q3.txt,0.14143222570419312,0.8585677742958069
EXPONENT INC,1.0,0.43,0.34,transcripts_by_company/Exponent_Inc_2004Q1.txt,0.24858582019805908,0.7514141798019409
SELECTA BIOSCIENCES INC,4.0,-0.65,-0.62,transcripts_by_company/Selecta_Biosciences_Inc_2018Q4.txt,0.33345022797584534,0.6665497720241547
BEST BUY CO INC,2.0,0.22,0.32,transcripts_by_company/Best_Buy_2002Q2.txt,0.31102490425109863,0.6889750957489014
LOJACK CORP,2.0,0.15,0.16,transcripts_by_company/LoJack_Corporation_2004Q2.txt,0.2668292820453644,0.7331707179546356
SAMPO OYJ,4.0,0.84,0.69,transcripts_by_company/Sampo_Oyj_2016Q4.txt,0.32623863220214844,0.6737613677978516
STREAMLINE HEALTH SOLUTIONS INC,2.0,-0.05,0.06,transcripts_by_company/Streamline_Health_Solutions_Inc_2007Q2.txt,0.14875903725624084,0.8512409627437592
VITESSE SEMICONDUCTOR CORP,3.0,0.03,0.0,transcripts_by_company/Vitesse_Semiconductor_2008Q3.txt,0.13380640745162964,0.8661935925483704
QUINSTREET INC,1.0,0.06,0.08,transcripts_by_company/QuinStreet_Inc_2017Q1.txt,0.1369650512933731,0.8630349487066269
POLAR POWER INC,2.0,0.06,0.04,transcripts_by_company/Polar_Power_Inc_2019Q2.txt,0.3001754879951477,0.6998245120048523
MIDDLEBY CORP,2.0,1.1,1.09,transcripts_by_company/The_Middleby_Corporation_2011Q2.txt,0.3246522545814514,0.6753477454185486
GRAINGER WW,4.0,0.87,0.74,transcripts_by_company/WW_2004Q4.txt,0.2582660913467407,0.7417339086532593
AMERIS BANCORP,2.0,0.74,0.83,transcripts_by_company/Ameris_Bancorp_2018Q2.txt,0.17642132937908173,0.8235786706209183
OUSTER INC,1.0,-0.19,-0.12,transcripts_by_company/Ouster_Inc_2022Q1.txt,0.3179353177547455,0.6820646822452545
PROTAGONIST THERAPEUTICS INC,4.0,-0.48,-0.55,transcripts_by_company/Protagonist_Therapeutics_Inc_2020Q4.txt,0.2570233643054962,0.7429766356945038
NEENAH INC,1.0,0.69,1.36,transcripts_by_company/Neenah_Inc_2019Q1.txt,0.3843783736228943,0.6156216263771057
AKEENA SOLAR INC,3.0,-0.16,-0.13,transcripts_by_company/Akeena_Solar_2007Q3.txt,0.09484700858592987,0.9051529914140701
APPLIED INDUSTRIAL TECHNOLOGIES,1.0,1.16,1.25,transcripts_by_company/Applied_Industrial_Technologies_Inc_2019Q1.txt,0.2969458997249603,0.7030541002750397
NIGHTHAWK RADIOLOGY HLDGS INC,3.0,0.17,0.18,transcripts_by_company/NightHawk_Radiology_Holdings_Inc_2009Q3.txt,0.17389822006225586,0.8261017799377441
DECIPHERA PHARMACEUTICALS INC,1.0,-1.36,-1.15,transcripts_by_company/Deciphera_Pharmaceuticals_Inc_2020Q1.txt,0.15491518378257751,0.8450848162174225
INSPIRE PHARMACEUTICALS INC,4.0,-0.29,-0.32,transcripts_by_company/Inspire_Pharmaceuticals_Inc_2003Q4.txt,0.3047163784503937,0.6952836215496063
CARMAX INC,2.0,0.33,0.36,transcripts_by_company/CarMax_2004Q2.txt,0.3254745602607727,0.6745254397392273
CORVUS PHARMACEUTICALS INC,1.0,-0.44,-0.35,transcripts_by_company/Corvus_Pharmaceuticals_Inc_2020Q1.txt,0.17776469886302948,0.8222353011369705
MEDLEY CAPITAL CORP,4.0,0.03,0.11,transcripts_by_company/Medley_Capital_Corporation_2018Q4.txt,0.24147041141986847,0.7585295885801315
NICE LTD,2.0,1.25,1.18,transcripts_by_company/NICE_Ltd_2019Q2.txt,0.27069753408432007,0.7293024659156799
MARVELL TECHNOLOGY GROUP LTD,2.0,0.16,0.32,transcripts_by_company/Marvell_Technology_Group_Ltd_2019Q2.txt,0.11186739802360535,0.8881326019763947
CULP INC,3.0,0.5,0.36,transcripts_by_company/Culp_Inc_2015Q3.txt,0.19445578753948212,0.8055442124605179
KNOLOGY INC,4.0,0.18,0.19,transcripts_by_company/Knology_Inc_2010Q4.txt,0.2638262212276459,0.7361737787723541
II-VI INC,2.0,0.41,0.27,transcripts_by_company/II-VI_2004Q2.txt,0.2604905664920807,0.7395094335079193
MARATHON OIL CORP,2.0,2.25,3.03,transcripts_by_company/Marathon_Oil_Corporation_2007Q2.txt,0.1676911860704422,0.8323088139295578
GENESCO INC,4.0,1.4,1.44,transcripts_by_company/Genesco_Inc_2015Q4.txt,0.17434896528720856,0.8256510347127914
GMX RESOURCES INC.,2.0,-0.18,-0.14,transcripts_by_company/GMX_Resources_Inc_2012Q2.txt,0.051459901034832,0.948540098965168
VALASSIS COMMUNICATIONS INC,4.0,0.52,0.64,transcripts_by_company/Valassis_Communications_Inc_2010Q4.txt,0.15224811434745789,0.8477518856525421
ENI SPA,4.0,1.791,3.79,transcripts_by_company/Davide_Campari-Milano_SpA_2019Q4.txt,0.1467544138431549,0.8532455861568451
GLOBAL PAYMENTS INC,1.0,0.36,0.64,transcripts_by_company/Global_Payments_Inc_2006Q1.txt,0.17042237520217896,0.829577624797821
SILICON LABORATORIES INC,4.0,0.63,0.63,transcripts_by_company/Silicon_Laboratories_Inc_2015Q4.txt,0.16237561404705048,0.8376243859529495
HERITAGE-CRYSTAL CLEAN INC,3.0,0.79,0.26,transcripts_by_company/Heritage-Crystal_Clean_Inc_2021Q3.txt,0.15505999326705933,0.8449400067329407
OXFORD INDUSTRIES INC,4.0,0.01,0.11,transcripts_by_company/Oxford_Industries_2014Q4.txt,0.15318161249160767,0.8468183875083923
THERMO FISHER SCIENTIFIC INC,2.0,2.03,2.03,transcripts_by_company/Thermo_Fisher_Scientific_Inc_2016Q2.txt,0.29940980672836304,0.700590193271637
RAND LOGISTICS INC,4.0,-0.5,0.12,transcripts_by_company/Rand_Logistics_2008Q4.txt,0.08553525805473328,0.9144647419452667
"RICK'S CABARET INTERNATIONAL, IN",4.0,0.21,0.35,transcripts_by_company/Ricks_Cabaret_International_Inc_2010Q4.txt,0.09131339937448502,0.908686600625515
KIMBERLY-CLARK CORP,2.0,1.59,1.58,transcripts_by_company/Kimberly-Clark_de_México_S_A_B_de_C_V_2018Q2.txt,0.13623270392417908,0.8637672960758209
AMERICAN AXLE & MANUFACTURING HO,1.0,0.68,0.57,transcripts_by_company/American_Axle_and_Manufacturing_Holdings_Inc_2015Q1.txt,0.13920439779758453,0.8607956022024155
TOMOTHERAPY INC,3.0,0.05,0.03,transcripts_by_company/TomoTherapy_Inc_2007Q3.txt,0.2076312154531479,0.7923687845468521
TEKELEC,4.0,-0.02,0.27,transcripts_by_company/Tekelec_2010Q4.txt,0.36374226212501526,0.6362577378749847
NEWELL RUBBERMAID INC,3.0,0.52,0.5,transcripts_by_company/Newell_Rubbermaid_2007Q3.txt,0.19170115888118744,0.8082988411188126
BRUNSWICK CORP,3.0,0.26,0.3,transcripts_by_company/Brunswick_2002Q3.txt,0.16381791234016418,0.8361820876598358
SANDISK CORP,4.0,-1.65,0.6,transcripts_by_company/SanDisk_Corp_2008Q4.txt,0.2801193594932556,0.7198806405067444
ALBANY MOLECULAR RESEARCH,4.0,-0.01,0.12,transcripts_by_company/Albany_Molecular_Research_2005Q4.txt,0.3071703612804413,0.6928296387195587
"HEMISPHERX BIOPHARMA, INC.",2.0,-0.02,-0.03,transcripts_by_company/Hemispherx_Biopharma_Inc_2011Q2.txt,0.18798311054706573,0.8120168894529343
OPEN BANK,3.0,0.24,0.23,transcripts_by_company/Sbanken_ASA_2019Q3.txt,0.2920616567134857,0.7079383432865143
PEPSICO INC,2.0,1.21,1.23,transcripts_by_company/PepsiCo_Inc_2011Q2.txt,0.1544906198978424,0.8455093801021576
NEOPHOTONICS CORP,2.0,-0.11,0.0,transcripts_by_company/NeoPhotonics_Corporation_2013Q2.txt,0.12280136346817017,0.8771986365318298
CACI INTERNATIONAL INC,4.0,1.38,1.49,transcripts_by_company/CACI_International_2013Q4.txt,0.21140098571777344,0.7885990142822266
CONTAINER STORE GROUP INC,1.0,0.2,0.29,transcripts_by_company/The_Container_Store_Group_Inc_2016Q1.txt,0.23041920363903046,0.7695807963609695
CUBESMART,2.0,0.26,0.2,transcripts_by_company/CubeSmart_2019Q2.txt,0.13206201791763306,0.8679379820823669
CONFORMIS INC,1.0,-0.4,-0.36,transcripts_by_company/ConforMIS_Inc_2017Q1.txt,0.11181420832872391,0.8881857916712761
KLA CORP,3.0,3.03,2.17,transcripts_by_company/KLA_Corporation_2020Q3.txt,0.3132753372192383,0.6867246627807617
TRELLEBORG AB,1.0,3.25,3.89,transcripts_by_company/Trelleborg_AB_publ_2019Q1.txt,0.16660566627979279,0.8333943337202072
WD 40 CO,3.0,0.56,0.71,transcripts_by_company/WD-40_Company_2012Q3.txt,0.08200091868638992,0.9179990813136101
ISIS PHARMACEUTICALS INC,4.0,-0.08,-0.13,transcripts_by_company/Isis_Pharmaceuticals_Inc_2007Q4.txt,0.17817644774913788,0.8218235522508621
MYRIAD GENETICS INC,3.0,-0.02,-0.03,transcripts_by_company/Myriad_Genetics_Inc_2021Q3.txt,0.18233154714107513,0.8176684528589249
SRA INTERNATIONAL INC.,4.0,0.33,0.31,transcripts_by_company/SRA_International_2003Q4.txt,0.1447959691286087,0.8552040308713913
BENCHMARK ELECTRONICS INC,4.0,0.34,0.46,transcripts_by_company/Benchmark_Electronics_2007Q4.txt,0.08889840543270111,0.9111015945672989
KEYNOTE SYSTEMS INC,4.0,0.17,0.14,transcripts_by_company/Keynote_Systems_Inc_2009Q4.txt,0.27180084586143494,0.7281991541385651
EXELIXIS INC,1.0,-0.39,-0.35,transcripts_by_company/Exelixis_2004Q1.txt,0.15470662713050842,0.8452933728694916
IMMUNOMEDICS INC,1.0,-0.13,-0.12,transcripts_by_company/Immunomedics_Inc_2015Q1.txt,0.1253523826599121,0.8746476173400879
NET2PHONE INC,2.0,-0.04,-0.14,transcripts_by_company/Net2Phone_Inc_2004Q2.txt,0.2845580279827118,0.7154419720172882
GOLUB CAPITAL BDC INC,4.0,0.34,0.32,transcripts_by_company/Golub_Capital_BDC_Inc_2012Q4.txt,0.20425903797149658,0.7957409620285034
ALLEGHENY TECHNOLOGIES INC,1.0,-0.58,0.1,transcripts_by_company/Allegheny_Technologies_2016Q1.txt,0.12705300748348236,0.8729469925165176
KAMAN CORP,1.0,0.15,0.32,transcripts_by_company/Kaman_Corporation_2022Q1.txt,0.30687418580055237,0.6931258141994476
51JOB INC,1.0,5.33,5.04,transcripts_by_company/51job_Inc_2019Q1.txt,0.23976334929466248,0.7602366507053375
GENTIVA HEALTH SERVICES,3.0,0.54,0.44,transcripts_by_company/Gentiva_Health_Services_2009Q3.txt,0.1907651126384735,0.8092348873615265
ANDINA (PFA),2.0,0.19,0.27,transcripts_by_company/Nipuna_2007Q2.txt,0.30078616738319397,0.699213832616806
EATON CORP,2.0,1.4,1.38,transcripts_by_company/Eaton_Vance_Corp_2005Q2.txt,0.12760856747627258,0.8723914325237274
ACA CAPITAL HOLDINGS INC,4.0,0.43,0.42,transcripts_by_company/ACA_Capital_2006Q4.txt,0.14028581976890564,0.8597141802310944
GAFISA SA,4.0,0.167,0.04,transcripts_by_company/Gafisa_SA_2013Q4.txt,0.28258016705513,0.71741983294487
LUTHER BURBANK CORP,2.0,0.41,0.26,transcripts_by_company/Luther_Burbank_Corporation_2021Q2.txt,0.27962547540664673,0.7203745245933533
LAWSON PRODUCTS INC,1.0,-0.21,0.19,transcripts_by_company/Lawson_Products_Inc_2012Q1.txt,0.1731128841638565,0.8268871158361435
CAMDEN PROPERTY TRUST,4.0,0.11,0.04,transcripts_by_company/Camden_Property_Trust_2010Q4.txt,0.337800532579422,0.662199467420578
UNITI GROUP INC,3.0,-0.66,0.19,transcripts_by_company/Uniti_Group_Inc_2022Q3.txt,0.09743162244558334,0.9025683775544167
DEXCOM INC,3.0,0.94,0.63,transcripts_by_company/DexCom_Inc_2020Q3.txt,0.31623128056526184,0.6837687194347382
TGC INDUSTRIES INC,1.0,0.11,0.16,transcripts_by_company/TGC_Industries_Inc_2008Q1.txt,0.13670726120471954,0.8632927387952805
WARNER MUSIC GROUP CORP,3.0,0.08,0.12,transcripts_by_company/Munich_Re_Group_AG_2005Q3.txt,0.09781727939844131,0.9021827206015587
RESOLUTE FOREST PRODUCTS INC,1.0,0.3,-0.04,transcripts_by_company/Resolute_Forest_Products_2013Q1.txt,0.14457465708255768,0.8554253429174423
HOSPIRA INC,2.0,0.72,0.54,transcripts_by_company/Hospira_Inc_2014Q2.txt,0.2166268676519394,0.7833731323480606
NVIDIA CORP,3.0,2.7,1.0,transcripts_by_company/NVIDIA_Ltd_2023Q3.txt,0.23820297420024872,0.7617970257997513
REDFIN CORP,2.0,-0.29,0.03,transcripts_by_company/Redfin_Corporation_2021Q2.txt,0.18011465668678284,0.8198853433132172
INTERFACE FLOOR,2.0,0.15,0.15,transcripts_by_company/Interface_2006Q2.txt,0.42729729413986206,0.5727027058601379
ATARA BIOTHERAPEUTICS INC,4.0,-1.75,-1.01,transcripts_by_company/Atara_Biotherapeutics_Inc_2018Q4.txt,0.06597580015659332,0.9340241998434067
RADYNE COMSTREAM INC,3.0,0.15,0.2,transcripts_by_company/Radyne_Corporation_2006Q3.txt,0.27560728788375854,0.7243927121162415
ENERPLUS CORP,3.0,0.27,0.02,transcripts_by_company/Enerplus_Corporation_2012Q3.txt,0.37848424911499023,0.6215157508850098
INTERACTIVE BROKERS GROUP INC,1.0,0.4,0.38,transcripts_by_company/Interactive_Brokers_Group_Inc_2017Q1.txt,0.06543572247028351,0.9345642775297165
EATON CORP,3.0,1.33,1.33,transcripts_by_company/Eaton_Vance_Corp_2005Q3.txt,0.1244715228676796,0.8755284771323204
MARATHON PETROLEUM CORP,2.0,0.67,-0.1,transcripts_by_company/Marathon_Petroleum_Corporation_2021Q2.txt,0.2711903154850006,0.7288096845149994
AFFYMETRIX INC,1.0,-0.22,0.08,transcripts_by_company/Affymetrix_2003Q1.txt,0.3228268623352051,0.6771731376647949
FOCUS ENHANCEMENTS INC,3.0,0.01,0.01,transcripts_by_company/FOCUS_Enhancements_2003Q3.txt,0.3572326898574829,0.6427673101425171
MTS SYSTEMS CORP,4.0,0.35,0.28,transcripts_by_company/MTS_Systems_2003Q4.txt,0.18146488070487976,0.8185351192951202
GLOBAL PAYMENTS INC,2.0,1.22,1.2,transcripts_by_company/Global_Payments_Inc_2015Q2.txt,0.19790862500667572,0.8020913749933243
WESTERN DIGITAL CORP,3.0,2.12,1.98,transcripts_by_company/Western_Digital_Corp_2013Q3.txt,0.31380218267440796,0.686197817325592
MASTERCARD INC,4.0,1.14,1.06,transcripts_by_company/Mastercard_Incorporated_2017Q4.txt,0.1792355626821518,0.8207644373178482
MUELLER WATER PRODUCTS INC,1.0,0.05,0.03,transcripts_by_company/Mueller_Water_Products_Inc_2013Q1.txt,0.19646021723747253,0.8035397827625275
WYNN RESORTS LTD,1.0,2.32,1.76,transcripts_by_company/Wynn_Resorts_Limited_2014Q1.txt,0.21166157722473145,0.7883384227752686
NEWELL BRANDS INC,4.0,0.8,0.86,transcripts_by_company/Newell_Brands_Inc_2016Q4.txt,0.09167419373989105,0.908325806260109
APOGEE ENTERPRISES INC,3.0,0.73,0.69,transcripts_by_company/Apogee_Enterprises_Inc_2020Q3.txt,0.09968993067741394,0.9003100693225861
PARAMOUNT GLOBAL,4.0,0.04,0.25,transcripts_by_company/Paramount_Global_CurrentQ4.txt,0.15218408405780792,0.8478159159421921
DURECT CORP,1.0,-0.12,-0.14,transcripts_by_company/Durect_Corp_2004Q1.txt,0.2002829909324646,0.7997170090675354
MCDONALD'S CORP,4.0,1.97,1.91,transcripts_by_company/McDonalds_Corporation_2018Q4.txt,0.3016078770160675,0.6983921229839325
PLANETOUT INC,4.0,-0.1,0.16,transcripts_by_company/PlanetOut_Inc_2006Q4.txt,0.27724942564964294,0.7227505743503571
NEWCASTLE INVESTMENT CORP,1.0,0.7,0.71,transcripts_by_company/Newcastle_Investment_2007Q1.txt,0.23485340178012848,0.7651465982198715
ONE STOP SYSTEMS INC,1.0,0.0,0.05,transcripts_by_company/One_Stop_Systems_Inc_2023Q1.txt,0.13009679317474365,0.8699032068252563
STITCH FIX INC,1.0,0.02,0.06,transcripts_by_company/Stitch_Fix_Inc_2018Q1.txt,0.14334577322006226,0.8566542267799377
DESKTOP METAL INC,2.0,-0.05,-0.06,transcripts_by_company/Desktop_Metal_Inc_2023Q2.txt,0.22415320575237274,0.7758467942476273
X FINANCIAL,2.0,0.31,0.23,transcripts_by_company/IGM_Financial_Inc_2019Q2.txt,0.08365336805582047,0.9163466319441795
PAYCOM SOFTWARE INC,4.0,0.29,0.23,transcripts_by_company/Paycom_Software_Inc_2017Q4.txt,0.19763650000095367,0.8023634999990463
MARTHA STEWART LIVING,3.0,-0.13,-0.14,transcripts_by_company/Martha_Stewart_Living_Omnimedia_2006Q3.txt,0.11671590805053711,0.8832840919494629
GMX RESOURCES INC.,3.0,0.08,0.07,transcripts_by_company/GMX_Resources_Inc_2009Q3.txt,0.2386559545993805,0.7613440454006195
MISTRAS GROUP INC,3.0,0.12,0.2,transcripts_by_company/Mistras_Group_Inc_2019Q3.txt,0.09617020934820175,0.9038297906517982
ARBITRON INC,4.0,0.13,0.27,transcripts_by_company/Arbitron_Inc_2008Q4.txt,0.23859520256519318,0.7614047974348068
LANCASTER COLONY CORP,1.0,1.11,1.2,transcripts_by_company/Lancaster_Colony_Corporation_2019Q1.txt,0.1954064518213272,0.8045935481786728
ABERCROMBIE  FITCH CO,1.0,1.8,1.43,transcripts_by_company/Abercrombie_and_Fitch_2006Q1.txt,0.16546569764614105,0.834534302353859
YOUNG INNOVATIONS INC,2.0,0.56,0.53,transcripts_by_company/Young_Innovations_Inc_2012Q2.txt,0.0983395203948021,0.9016604796051979
INTEL CORP,3.0,0.31,0.29,transcripts_by_company/Intel_Corporation_2007Q3.txt,0.16173304617404938,0.8382669538259506
OCI PARTNERS LP,4.0,0.17,0.42,transcripts_by_company/OCI_Partners_LP_2015Q4.txt,0.131644606590271,0.868355393409729
FISKER INC,3.0,-0.49,-0.43,transcripts_by_company/Fisker_Inc_2022Q3.txt,0.26036933064460754,0.7396306693553925
VERIGY LTD,1.0,-0.7,0.38,transcripts_by_company/Verigy_Limited_2009Q1.txt,0.34089359641075134,0.6591064035892487
MAXLINEAR INC,4.0,0.01,0.11,transcripts_by_company/MaxLinear_Inc_2010Q4.txt,0.21849794685840607,0.7815020531415939
GOLD RESOURCE CORP,4.0,0.06,0.17,transcripts_by_company/Detour_Gold_2014Q4.txt,0.1407359093427658,0.8592640906572342
INHIBITEX INC,1.0,-0.3,-0.4,transcripts_by_company/Inhibitex_Inc_2006Q1.txt,0.20704716444015503,0.792952835559845
GENERAL CABLE CORP,1.0,0.79,0.54,transcripts_by_company/General_Cable_Corporation_2011Q1.txt,0.13220156729221344,0.8677984327077866
OLD REPUBLIC INTERNATIONAL CORP,4.0,0.69,0.67,transcripts_by_company/Old_Republic_International_Corporation_2023Q4.txt,0.17786502838134766,0.8221349716186523
STRYKER CORP,1.0,1.24,1.24,transcripts_by_company/Stryker_Corporation_2016Q1.txt,0.3833601772785187,0.6166398227214813
ZAYO GROUP HOLDINGS INC,1.0,0.09,0.15,transcripts_by_company/Zayo_Group_Holdings_Inc_2018Q1.txt,0.11779622733592987,0.8822037726640701
JOS A BANK CLOTHIERS INC,4.0,0.5,0.39,transcripts_by_company/Jos_A_Bank_Clothiers_2008Q4.txt,0.2667006552219391,0.7332993447780609
COMPANHIA PARANAENSE DE ENERGIA,3.0,-0.094,0.12,transcripts_by_company/Companhia_Paranaense_de_Energia_2016Q3.txt,0.3509525656700134,0.6490474343299866
ALCOA CORP,3.0,0.72,0.67,transcripts_by_company/Alcoa_Corporation_2017Q3.txt,0.07228047400712967,0.9277195259928703
ANI PHARMACEUTICALS INC,2.0,0.67,0.93,transcripts_by_company/ANI_Pharmaceuticals_Inc_2021Q2.txt,0.16936589777469635,0.8306341022253036
UNIVERSAL HEALTH SERVICES INC,2.0,1.12,1.15,transcripts_by_company/Universal_Health_Services_Inc_2012Q2.txt,0.16725032031536102,0.832749679684639
ADOBE INC,1.0,1.55,1.17,transcripts_by_company/Adobe_Systems_Incorporated_2018Q1.txt,0.2438563108444214,0.7561436891555786
CAPITAL PRODUCT PARTNERS LP,1.0,0.08,0.1,transcripts_by_company/Capital_Product_Partners_LP_2014Q1.txt,0.20074474811553955,0.7992552518844604
DIGITAL RIVER INC,1.0,0.26,0.2,transcripts_by_company/Digital_River_Incorporated_2004Q1.txt,0.19109900295734406,0.808900997042656
CARLISLE COMPANIES INC,4.0,0.69,0.73,transcripts_by_company/Carlisle_Companies_2004Q4.txt,0.20066304504871368,0.7993369549512863
PUBLIC SERVICE ENTERPRISE GROUP,1.0,1.01,0.74,transcripts_by_company/Public_Service_Enterprise_Group_Inc_2014Q1.txt,0.15419349074363708,0.8458065092563629
BLUE BUFFALO PET PRODUCTS INC,1.0,0.23,0.22,transcripts_by_company/Blue_Buffalo_Pet_Products_Inc_2017Q1.txt,0.16530390083789825,0.8346960991621017
INTERSECT ENT INC,3.0,-0.35,-0.3,transcripts_by_company/Intersect_ENT_Inc_2015Q3.txt,0.08611202985048294,0.9138879701495171
MAXWELL TECHNOLOGIES INC.,4.0,-0.14,-0.14,transcripts_by_company/Maxwell_Technologies_Inc_2017Q4.txt,0.18909834325313568,0.8109016567468643
TTM TECHNOLOGIES INC,2.0,0.48,0.39,transcripts_by_company/TTM_Technologies_Inc_2018Q2.txt,0.2157246172428131,0.7842753827571869
WEIBO CORP,1.0,0.56,0.63,transcripts_by_company/Weibo_Corporation_2019Q1.txt,0.112251415848732,0.887748584151268
WIDEOPENWEST INC,2.0,0.05,0.14,transcripts_by_company/WideOpenWest_Inc_2022Q2.txt,0.061453647911548615,0.9385463520884514
GOOD TIMES RESTAURANTS INC,2.0,-0.02,-0.02,transcripts_by_company/Good_Times_Restaurants_Inc_2017Q2.txt,0.3403128385543823,0.6596871614456177
MOODY'S CORP,2.0,0.49,0.83,transcripts_by_company/Moodys_Corporation_2005Q2.txt,0.005598910618573427,0.9944010893814266
MANHATTAN ASSOCIATES INC,2.0,0.47,0.35,transcripts_by_company/Manhattan_Associates_Inc_2018Q2.txt,0.14789614081382751,0.8521038591861725
MIRAGEN THERAPEUTICS INC,2.0,-0.12,-0.17,transcripts_by_company/Miragen_Therapeutics_2020Q2.txt,0.14655762910842896,0.853442370891571
CALIFORNIA MICRO DEVICES CP,1.0,-0.22,0.03,transcripts_by_company/California_Micro_Devices_Corp_2003Q1.txt,0.2907145023345947,0.7092854976654053
UNITED INSURANCE HOLDINGS CORP,4.0,-0.02,0.57,transcripts_by_company/United_Insurance_Holdings_Corp_2018Q4.txt,0.137567400932312,0.862432599067688
WOODWARD GOVERNO,1.0,0.6,0.79,transcripts_by_company/Woodward_Inc_2017Q1.txt,0.09359440207481384,0.9064055979251862
APAC CUSTOMER SERVICES,2.0,0.1,0.11,transcripts_by_company/APAC_Customer_Services_Inc_2011Q2.txt,0.2378082126379013,0.7621917873620987
LOWE'S COMPANIES INC,2.0,1.06,0.89,transcripts_by_company/Lowes_Companies_2006Q2.txt,0.328350305557251,0.671649694442749
LAM RESEARCH CORP,2.0,0.8,0.7,transcripts_by_company/Lam_Research_2013Q2.txt,0.06138579919934273,0.9386142008006573
TRIVAGO NV,2.0,-0.01,-0.02,transcripts_by_company/trivago_NV_2021Q2.txt,0.2056659609079361,0.7943340390920639
INTERNATIONAL PAPER CO,3.0,0.75,0.84,transcripts_by_company/International_Paper_Co_2012Q3.txt,0.06029406189918518,0.9397059381008148
NAVIGANT CONSULTING CO,4.0,0.31,0.24,transcripts_by_company/Navigant_Consulting_Inc_2012Q4.txt,0.3759239912033081,0.6240760087966919
NIELSEN HOLDINGS NV,2.0,0.42,0.45,transcripts_by_company/Nielsen_Holdings_NV_2012Q2.txt,0.2679689824581146,0.7320310175418854
GEORGIA GULF CORP,3.0,1.38,1.11,transcripts_by_company/Georgia_Gulf_2012Q3.txt,0.15171468257904053,0.8482853174209595
ROYAL BANK OF CANADA,1.0,2.14,1.93,transcripts_by_company/Royal_Bank_of_Canada_2018Q1.txt,0.2423357516527176,0.7576642483472824
TOWER SEMICONDUCTOR LTD,2.0,2.08,0.03,transcripts_by_company/Tower_Semiconductor_2012Q2.txt,0.1784614622592926,0.8215385377407074
VIASAT INC,3.0,0.35,0.37,transcripts_by_company/ViaSat_Inc_2007Q3.txt,0.1942252665758133,0.8057747334241867
CYMABAY THERAPEUTICS INC,2.0,-0.16,-0.28,transcripts_by_company/CymaBay_Therapeutics_Inc_2020Q2.txt,0.11878529191017151,0.8812147080898285
LIMITED BRANDS INC,4.0,0.18,0.1,transcripts_by_company/Limited_Brands_Inc_2010Q4.txt,0.15483950078487396,0.845160499215126
SUPPORT.COM INC,3.0,-0.05,-0.01,transcripts_by_company/Supportcom_2015Q3.txt,0.03736718371510506,0.9626328162848949
AMERICAN WATER WORKS COMPANY INC,4.0,0.55,0.55,transcripts_by_company/American_Water_Works_Company_Inc_2015Q4.txt,0.3591419458389282,0.6408580541610718
AMERICAN WATER WORKS COMPANY INC,3.0,1.08,1.04,transcripts_by_company/American_Water_Works_Company_Inc_2017Q3.txt,0.2664399743080139,0.7335600256919861
AMEREN CORP,4.0,0.6,0.74,transcripts_by_company/Ameren_Corporation_2023Q4.txt,0.14244306087493896,0.857556939125061
DMC GLOBAL INC,1.0,0.04,-0.07,transcripts_by_company/DMC_Global_Inc_2021Q1.txt,0.3020200729370117,0.6979799270629883
INTERNATIONAL SPEEDWAY CORP,2.0,0.35,0.55,transcripts_by_company/International_Speedway_Corporation_2015Q2.txt,0.24129410088062286,0.7587058991193771
TRACTOR SUPPLY CO,1.0,0.71,0.7,transcripts_by_company/Tractor_Supply_Company_2020Q1.txt,0.28009870648384094,0.7199012935161591
MERITAGE CORPORATION,1.0,1.07,0.64,transcripts_by_company/Meritage_Homes_Corporation_2018Q1.txt,0.3436322510242462,0.6563677489757538
CACI INTERNATIONAL INC,3.0,3.7,3.79,transcripts_by_company/CACI_International_Inc_2021Q3.txt,0.24225087463855743,0.7577491253614426
BARNES & NOBLE EDUCATION INC,2.0,0.0,0.08,transcripts_by_company/Barnes_and_Noble_Inc_2017Q2.txt,0.16937017440795898,0.830629825592041
BREAD FINANCIAL HOLDINGS INC,3.0,2.69,3.27,transcripts_by_company/Bread_Financial_Holdings_Inc_2022Q3.txt,0.03800283372402191,0.9619971662759781
MANITEX INTERNATIONAL INC,2.0,0.09,0.06,transcripts_by_company/Manitex_International_Inc_2011Q2.txt,0.26495224237442017,0.7350477576255798
AMERISOURCEBERGEN CORP,2.0,1.54,1.52,transcripts_by_company/AmerisourceBergen_Corporation_2018Q2.txt,0.11335182934999466,0.8866481706500053
JAMBA INC,3.0,-0.02,0.04,transcripts_by_company/Jamba_Juice_2010Q3.txt,0.13983410596847534,0.8601658940315247
MULTI FINELINE ELECTRONIX INC,3.0,0.12,0.23,transcripts_by_company/Multi-Fineline_Electronix_Inc_2007Q3.txt,0.30911028385162354,0.6908897161483765
SEACHANGE INTERNATIONAL INC,4.0,0.13,0.23,transcripts_by_company/SeaChange_International_Inc_2011Q4.txt,0.10516790300607681,0.8948320969939232
PLANET FITNESS INC,4.0,0.53,0.46,transcripts_by_company/5th_Planet_Games_AS_2022Q4.txt,0.1079946830868721,0.8920053169131279
DOLLAR THRIFTY AUTOMATIVE GROUP,1.0,-0.55,-0.33,transcripts_by_company/Dollar_Thrifty_Automotive_Group_2009Q1.txt,0.14748802781105042,0.8525119721889496
ORACLE CORP,4.0,0.22,0.21,transcripts_by_company/Oracle_2006Q4.txt,0.12989750504493713,0.8701024949550629
FTI CONSULTING INC,3.0,0.5,0.45,transcripts_by_company/FTI_Consulting_Inc_2007Q3.txt,0.08410695195198059,0.9158930480480194
WATSCO INC,2.0,0.88,1.17,transcripts_by_company/Watsco_Inc_2007Q2.txt,0.23265975713729858,0.7673402428627014
CARBONITE INC,1.0,0.27,0.22,transcripts_by_company/Carbonite_Inc_2018Q1.txt,0.2946237027645111,0.7053762972354889
PENNTEX MIDSTREAM PARTNERS LP,1.0,0.12,0.23,transcripts_by_company/PennTex_Midstream_Partners_LP_2016Q1.txt,0.2040461152791977,0.7959538847208023
FLUOR CORP,2.0,0.65,0.72,transcripts_by_company/Fluor_Corporation_2019Q2.txt,0.20083767175674438,0.7991623282432556
APPHARVEST INC,4.0,-0.4,-0.3,transcripts_by_company/AppHarvest_Inc_2022Q4.txt,0.1328931301832199,0.8671068698167801
O'CHARLEY'S INC,1.0,0.34,0.36,transcripts_by_company/OCharleys_Inc_2004Q1.txt,0.3571714758872986,0.6428285241127014
TOLL BROTHERS IN,2.0,0.51,0.56,transcripts_by_company/Toll_Brothers_Inc_2016Q2.txt,0.2186550348997116,0.7813449651002884
ICAD INC,1.0,-0.03,0.01,transcripts_by_company/iCAD_Inc_2010Q1.txt,0.3405497670173645,0.6594502329826355
URS CORPORATION,2.0,0.73,0.75,transcripts_by_company/URS_Corp_2009Q2.txt,0.11863034218549728,0.8813696578145027
TERNIUM SA,1.0,1.87,0.93,transcripts_by_company/Ternium_SA_2018Q1.txt,0.1630784422159195,0.8369215577840805
MEMSIC INC,2.0,-0.06,0.11,transcripts_by_company/MEMSIC_Inc_2008Q2.txt,0.17826008796691895,0.821739912033081
GERON CORP,2.0,-0.14,-0.16,transcripts_by_company/Geron_Corporation_2006Q2.txt,0.1075563132762909,0.8924436867237091
EXPRESS-1 EXPEDITED SOLUTIONS IN,1.0,0.02,0.02,transcripts_by_company/Express-1_Expedited_Solutions_Inc_2008Q1.txt,0.4417123794555664,0.5582876205444336
WATSON WYATT WORLDWIDE INC,3.0,0.77,0.62,transcripts_by_company/Watson_Wyatt_Worldwide_2007Q3.txt,0.25345128774642944,0.7465487122535706
NORTHEAST UTILS,4.0,0.48,0.43,transcripts_by_company/Northeast_Utilities_2009Q4.txt,0.1543329507112503,0.8456670492887497
UNITED DOMINION,1.0,0.05,0.11,transcripts_by_company/United_Dominion_Realty_Trust_Inc_2004Q1.txt,0.41243186593055725,0.5875681340694427
TUPPERWARE BRANDS CORP,4.0,0.5,0.81,transcripts_by_company/Tupperware_2002Q4.txt,0.12429812550544739,0.8757018744945526
AMERICAN STATES WATER CO,3.0,0.85,0.91,transcripts_by_company/American_States_Water_Company_2023Q3.txt,0.2018107771873474,0.7981892228126526
EQUITY BANCSHARES INC,2.0,0.94,0.69,transcripts_by_company/Equity_Bancshares_Inc_2022Q2.txt,0.12691321969032288,0.8730867803096771
INSPIRE MEDICAL SYSTEMS INC,1.0,-0.53,-0.81,transcripts_by_company/Inspire_Medical_Systems_Inc_2023Q1.txt,0.410235732793808,0.589764267206192
SYNTA PHARMACEUTICALS CORP,1.0,-0.27,-0.26,transcripts_by_company/Synta_Pharmaceuticals_Corp_2012Q1.txt,0.19430963695049286,0.8056903630495071
ARVINMERITOR INC,3.0,0.44,0.65,transcripts_by_company/ArvinMeritor_2004Q3.txt,0.1517617404460907,0.8482382595539093
CINEMARK HOLDINGS INC,1.0,0.16,0.09,transcripts_by_company/Cinemark_Holdings_Inc_2009Q1.txt,0.21659837663173676,0.7834016233682632
FRANKLIN RESOURCES INC,2.0,1.0,0.94,transcripts_by_company/Franklin_Resources_Inc_2005Q2.txt,0.18515120446681976,0.8148487955331802
INDEPENDENT BANK CORP (MASSACHUS,1.0,0.48,0.5,transcripts_by_company/Independent_Bank_Corp_2008Q1.txt,0.20035603642463684,0.7996439635753632
CONSOLIDATED WATER CO LTD,3.0,0.09,0.19,transcripts_by_company/Consolidated_Water_2010Q3.txt,0.22900228202342987,0.7709977179765701
GENUINE PARTS CO,4.0,0.63,0.6,transcripts_by_company/Genuine_Parts_2005Q4.txt,0.20791567862033844,0.7920843213796616
HOSPIRA INC,4.0,0.51,1.2,transcripts_by_company/Hospira_Inc_2011Q4.txt,0.249698206782341,0.750301793217659
SNAP INC,1.0,-0.02,0.05,transcripts_by_company/Snap_Inc_2022Q1.txt,0.15846362709999084,0.8415363729000092
HARRIS CORP,3.0,0.69,0.57,transcripts_by_company/Harris_Interactive_2006Q3.txt,0.3116556406021118,0.6883443593978882
INNOVATIVE SOLUTIONS AND SUPPORT,1.0,-0.14,0.09,transcripts_by_company/Innovative_Solutions_and_Support_Inc_2007Q1.txt,0.14695028960704803,0.853049710392952
EXELON CORP,1.0,0.96,0.8,transcripts_by_company/Exelon_Corporation_2018Q1.txt,0.2773369252681732,0.7226630747318268
VERSAR INC,2.0,0.37,0.37,transcripts_by_company/Versar_Inc_2011Q2.txt,0.17245686054229736,0.8275431394577026
OTTER TAIL CORP,4.0,0.45,0.57,transcripts_by_company/Otter_Tail_Corporation_2020Q4.txt,0.15508292615413666,0.8449170738458633
SHIP FINANCE INTERNATIONAL LTD,4.0,0.8,1.28,transcripts_by_company/Ship_Finance_International_Ltd_2006Q4.txt,0.2649526596069336,0.7350473403930664
FARFETCH LTD,1.0,-0.24,-0.29,transcripts_by_company/Farfetch_Limited_2022Q1.txt,0.20564064383506775,0.7943593561649323
NXP SEMICONDUCTORS NV,4.0,0.37,0.49,transcripts_by_company/NXP_Semiconductors_2010Q4.txt,0.1649947464466095,0.8350052535533905
PARK HOTELS & RESORTS INC,3.0,0.48,0.31,transcripts_by_company/Park_Hotels_and_Resorts_Inc_2017Q3.txt,0.15202559530735016,0.8479744046926498
AWARE INC,2.0,-0.08,-0.02,transcripts_by_company/Aware_Inc_2009Q2.txt,0.27819570899009705,0.721804291009903
AVID TECHNOLOGY INC,2.0,0.26,0.28,transcripts_by_company/Avid_Technology_Inc_2022Q2.txt,0.040264975279569626,0.9597350247204304
SHAW GROUP INC,4.0,0.75,0.74,transcripts_by_company/Shaw_Group_Inc_2008Q4.txt,0.21147675812244415,0.7885232418775558
CLEARWATER PAPER CORP,2.0,1.74,-0.29,transcripts_by_company/Clearwater_Paper_Corporation_2023Q2.txt,0.3119199573993683,0.6880800426006317
NPS PHARMACEUTICALS INCORPORATED,4.0,-0.14,-0.07,transcripts_by_company/NPS_Pharmaceuticals_Inc_2012Q4.txt,0.1976420283317566,0.8023579716682434
PAREXEL INTERNATIONAL CORP,2.0,0.37,0.35,transcripts_by_company/PAREXEL_2007Q2.txt,0.14032036066055298,0.859679639339447
CRAWFORD  CO,3.0,0.13,0.1,transcripts_by_company/Crawford_and_Company_2008Q3.txt,0.19493114948272705,0.805068850517273
BAIDU INC,1.0,16.1,12.59,transcripts_by_company/Baidu_Inc_2023Q1.txt,0.30069655179977417,0.6993034482002258
SAMPO OYJ,1.0,0.86,0.52,transcripts_by_company/Sampo_Oyj_2022Q1.txt,0.17531372606754303,0.824686273932457
VALUEVISION MEDIA INC,3.0,-0.03,0.04,transcripts_by_company/ValueVision_Media_Inc_2014Q3.txt,0.3717701733112335,0.6282298266887665
WJ COMMUNICATIONS,4.0,-0.01,0.02,transcripts_by_company/WJ_Communications_Inc_2007Q4.txt,0.17677614092826843,0.8232238590717316
APPLIED DNA SCIENCES INC,2.0,-0.1,-0.05,transcripts_by_company/Applied_DNA_Sciences_Inc_2018Q2.txt,0.24933971464633942,0.7506602853536606
VERA BRADLEY INC,3.0,0.28,0.45,transcripts_by_company/Vera_Bradley_Inc_2021Q3.txt,0.09436436742544174,0.9056356325745583
HECLA MINING CO,4.0,-0.03,0.04,transcripts_by_company/Hecla_Mining_Company_2004Q4.txt,0.22384704649448395,0.776152953505516
SCHNITZER STEEL INDUSTRIES INC,1.0,-0.43,0.26,transcripts_by_company/Schnitzer_Steel_Industries_Inc_2015Q1.txt,0.14605207741260529,0.8539479225873947
BED BATH  BEYOND INC,3.0,1.16,1.14,transcripts_by_company/Bed_Bath_and_Beyond_Inc_2013Q3.txt,0.4088802635669708,0.5911197364330292
INTERNATIONAL FLAVORS & FRAGRANC,3.0,1.39,1.43,transcripts_by_company/International_Flavors_and_Fragrances_Inc_2015Q3.txt,0.1860509216785431,0.8139490783214569
NORTHWEST PIPE CO,4.0,0.6,0.69,transcripts_by_company/Northwest_Pipe_Company_2007Q4.txt,0.3092007040977478,0.6907992959022522
"ESSEX PROPERTY TRUST, INC.",2.0,0.38,0.43,transcripts_by_company/Essex_Property_Trust_Inc_2008Q2.txt,0.05770019814372063,0.9422998018562794
TELLABS INC,1.0,-0.04,-0.01,transcripts_by_company/Tellabs_Inc_2012Q1.txt,0.06369216740131378,0.9363078325986862
WCI COMMUNITIES INC,3.0,-1.66,-0.27,transcripts_by_company/WCI_Communities_Inc_2007Q3.txt,0.311832070350647,0.688167929649353
HERLEY INDUSTRIES INCORPORAT,2.0,0.11,0.28,transcripts_by_company/Herley_Industries_Inc_2006Q2.txt,0.2942570149898529,0.7057429850101471
PRINCIPAL FINANCIAL GROUP INC,2.0,1.46,1.48,transcripts_by_company/Principal_Financial_Group_Inc_2020Q2.txt,0.15962491929531097,0.840375080704689
EVERQUOTE INC,4.0,-0.26,-0.39,transcripts_by_company/EverQuote_Inc_2022Q4.txt,0.1900353729724884,0.8099646270275116
MKS INSTRUMENTS INC,2.0,0.21,0.3,transcripts_by_company/MKS_Instruments_Inc_2008Q2.txt,0.15678595006465912,0.8432140499353409
CHART INDUSTRIES INC,3.0,0.26,0.5,transcripts_by_company/Chart_Industries_Inc_2015Q3.txt,0.42030537128448486,0.5796946287155151
NEOSE TECHNOLOGIES INC,2.0,-0.08,-0.06,transcripts_by_company/Neose_Technologies_2008Q2.txt,0.14064732193946838,0.8593526780605316
MAGNOLIA OIL & GAS CORP,2.0,1.32,0.62,transcripts_by_company/Magnolia_Oil_and_Gas_Corporation_2022Q2.txt,0.15323010087013245,0.8467698991298676
WEST BANCORPORATION INC,3.0,-0.02,0.26,transcripts_by_company/WEST_BANCORPORATION_INC_2008Q3.txt,0.1798669993877411,0.8201330006122589
EXTREME NETWORKS INC,4.0,-0.05,-0.01,transcripts_by_company/Extreme_Networks_2003Q4.txt,0.040380559861660004,0.95961944013834
