ticker,quarter,eps_actual,eps_forecast,transcript_path,cosine_prepared,cosine_qa,nnw_final,has_qa_section
RWT,2017Q3,0.35,0.39,/Users/vazea/Desktop/NNW/transcripts_by_company/REDWOOD_TRUST_INC_2017Q3.txt,0.24718270613672058,0.23898400630047228,0.5138332875628071,True
BKNG,2023Q2,37.62,28.28,/Users/vazea/Desktop/NNW/transcripts_by_company/BOOKING_HOLDINGS_INC_2023Q2.txt,0.16419095353984334,0.19105340760056508,0.6447556388595915,True
SAFM,2019Q2,1.83,1.7,/Users/vazea/Desktop/NNW/transcripts_by_company/SANDERSON_FARMS_INC_2019Q2.txt,0.31752371202951296,0.03302695994880317,0.649449328021684,False
CCOI,2006Q4,-1.16,-1.2,/Users/vazea/Desktop/NNW/transcripts_by_company/COGENT_COMMUNICATIONS_HOLDINGS_I_2006Q4.txt,0.10875451388100753,0.042735514242926376,0.848509971876066,False
SPWH,2023Q3,0.34,0.29,/Users/vazea/Desktop/NNW/transcripts_by_company/SPORTSMANS_WAREHOUSE_HOLDINGS_IN_2023Q3.txt,0.3638096172084908,0.06967539246047935,0.5665149903310298,False
FOR,2013Q2,0.02,0.04,/Users/vazea/Desktop/NNW/transcripts_by_company/FORESTAR_GROUP_INC_2013Q2.txt,0.0726346357551341,0.07323667727557778,0.8541286869692881,False
LDL,2012Q2,0.39,0.25,/Users/vazea/Desktop/NNW/transcripts_by_company/LYDALL_INC_2012Q2.txt,0.3821213731604823,0.5468362958078766,0.07104233103164115,True
FELP,2018Q2,1.47,-0.1,/Users/vazea/Desktop/NNW/transcripts_by_company/FORESIGHT_ENERGY_LP_2018Q2.txt,0.11709096412630284,0.24963048364587953,0.6332785522278177,True
TACT,2005Q4,0.08,0.12,/Users/vazea/Desktop/NNW/transcripts_by_company/TRANSACT_TECHNOLOGIES_INC_2005Q4.txt,0.12737506843430207,0.16324844282743925,0.7093764887382588,True
COR,2017Q2,0.46,0.45,/Users/vazea/Desktop/NNW/transcripts_by_company/CORESITE_REALTY_CORP_2017Q2.txt,0.2445443739745295,0.16887936574578133,0.5865762602796892,True
STOR,2018Q2,0.31,0.22,/Users/vazea/Desktop/NNW/transcripts_by_company/STORE_CAPITAL_CORP_2018Q2.txt,0.3842825815363775,0.13815663379484608,0.4775607846687764,True
AYI,2003Q4,1.31,1.2,/Users/vazea/Desktop/NNW/transcripts_by_company/ACUITY_BRANDS_INC_2003Q4.txt,0.054359292382246745,0.29510175940354305,0.6505389482142101,True
KSU,2010Q4,2.06,2.01,/Users/vazea/Desktop/NNW/transcripts_by_company/KANSAS_CITY_SOUTHERN_2010Q4.txt,0.25659046115338957,0.11594341899618112,0.6274661198504293,True
ZIXI,2015Q2,0.04,0.04,/Users/vazea/Desktop/NNW/transcripts_by_company/ZIX_CORP_2015Q2.txt,0.18149729038212117,0.16465026526616203,0.6538524443517169,True
AVID,2018Q3,0.14,0.08,/Users/vazea/Desktop/NNW/transcripts_by_company/AVID_TECHNOLOGY_INC_2018Q3.txt,0.09403707127990056,0.2694275492836664,0.636535379436433,True
ARQL,2002Q2,-0.17,-0.31,/Users/vazea/Desktop/NNW/transcripts_by_company/ARQULE_INC_2002Q2.txt,0.24184858519219393,0.16667722449791625,0.5914741903098899,True
SNX,2015Q4,6.28,6.25,/Users/vazea/Desktop/NNW/transcripts_by_company/TD_SYNNEX_CORP_2015Q4.txt,0.08984489226517751,0.05771295854830373,0.8524421491865187,False
SYX,2013Q4,-0.16,-0.25,/Users/vazea/Desktop/NNW/transcripts_by_company/SYSTEMAX_INC_2013Q4.txt,0.24291318994265415,0.42807661592696683,0.32901019413037896,True
DGX,2017Q1,1.33,1.18,/Users/vazea/Desktop/NNW/transcripts_by_company/QUEST_DIAGNOSTICS_INC_2017Q1.txt,0.10480767844741178,0.198577530814189,0.6966147907383993,True
SXC,2023Q3,0.08,0.19,/Users/vazea/Desktop/NNW/transcripts_by_company/SUNCOKE_ENERGY_INC_2023Q3.txt,0.1353500906024673,0.2801321703329171,0.5845177390646157,True
PZZA,2018Q1,0.5,0.64,/Users/vazea/Desktop/NNW/transcripts_by_company/PAPA_JOHNS_INTERNATIONAL_INC_2018Q1.txt,0.19648365228116874,0.25539811910847426,0.548118228610357,True
VVI,2006Q4,1.75,1.78,/Users/vazea/Desktop/NNW/transcripts_by_company/VIAD_CORP_2006Q4.txt,0.26586261834278574,0.30716241120373877,0.42697497045347554,True
CME,2022Q4,7.98,7.95,/Users/vazea/Desktop/NNW/transcripts_by_company/CME_GROUP_INC_2022Q4.txt,0.11188186567953022,0.07904652253304432,0.8090716117874255,False
CPB,2003Q4,1.52,1.51,/Users/vazea/Desktop/NNW/transcripts_by_company/CAMPBELLS_CO_2003Q4.txt,0.20596910492279263,0.06579020573379543,0.7282406893434119,False
MDTH,2006Q2,0.28,0.11,/Users/vazea/Desktop/NNW/transcripts_by_company/MEDCATH_CORPORATION_2006Q2.txt,0.13853539727987602,0.43049794273840125,0.4309666599817228,True
PLMD,2002Q4,2.91,2.92,/Users/vazea/Desktop/NNW/transcripts_by_company/POLYMEDICA_CORP_2002Q4.txt,0.11490685054686317,0.24098671814832534,0.6441064313048115,True
STAR,2021Q4,3.41,1.9,/Users/vazea/Desktop/NNW/transcripts_by_company/ISTAR_INC_2021Q4.txt,0.2677646839809699,0.0036798392976006254,0.7285554767214294,False
LVS,2006Q3,0.33,0.29,/Users/vazea/Desktop/NNW/transcripts_by_company/LAS_VEGAS_SANDS_CORP_2006Q3.txt,0.14397223626416863,0.21796417494788625,0.6380635887879451,True
BLL,2011Q3,0.81,0.78,/Users/vazea/Desktop/NNW/transcripts_by_company/BALL_CORP_2011Q3.txt,0.11864530630091334,0.07455418542280258,0.8068005082762841,False
VIGN,2003Q1,-0.02,-0.03,/Users/vazea/Desktop/NNW/transcripts_by_company/VIGNETTE_CORPORATION_2003Q1.txt,0.1981560223715798,0.11686406758163988,0.6849799100467803,True
IDCC,2020Q3,0.76,0.13,/Users/vazea/Desktop/NNW/transcripts_by_company/INTERDIGITAL_INC_2020Q3.txt,0.06095888675394462,0.2137937255207819,0.7252473877252735,True
ATKR,2018Q4,2.78,2.72,/Users/vazea/Desktop/NNW/transcripts_by_company/ATKORE_INC_2018Q4.txt,0.14232018134869404,0.10895269308474961,0.7487271255665563,True
OGN,2022Q3,1.32,1.1,/Users/vazea/Desktop/NNW/transcripts_by_company/ORGANON_CO_2022Q3.txt,0.21317309477939192,0.36437986041879916,0.4224470448018089,True
LIVN,2016Q4,0.54,3.0,/Users/vazea/Desktop/NNW/transcripts_by_company/LIVANOVA_PLC_2016Q4.txt,0.02742267725730451,0.0591600648861411,0.9134172578565544,False
AUXL,2009Q3,-0.35,-0.32,/Users/vazea/Desktop/NNW/transcripts_by_company/AUXILIUM_PHARMACEUTICALS_INC_2009Q3.txt,0.09458815872549137,0.2635569308362245,0.6418549104382842,True
CNTY,2010Q2,0.0,0.01,/Users/vazea/Desktop/NNW/transcripts_by_company/CENTURY_CASINOS_INC_2010Q2.txt,0.1435808119995401,0.19395758205751368,0.6624616059429462,True
AMBR,2018Q4,-0.05,-0.08,/Users/vazea/Desktop/NNW/transcripts_by_company/AMBER_ROAD_INC_2018Q4.txt,0.26691745671214534,0.06499079706281782,0.6680917462250369,False
NYLD,2014Q2,0.26,0.35,/Users/vazea/Desktop/NNW/transcripts_by_company/NRG_YIELD_INC_2014Q2.txt,0.48894374725301865,0.33425038360807513,0.17680586913890617,True
BMC,2012Q3,0.93,0.82,/Users/vazea/Desktop/NNW/transcripts_by_company/BMC_SOFTWARE_2012Q3.txt,0.09971596295724168,0.21619385326460056,0.6840901837781577,True
GOGL,2019Q3,0.27,0.24,/Users/vazea/Desktop/NNW/transcripts_by_company/GOLDEN_OCEAN_GROUP_LTD_2019Q3.txt,0.0437263986081511,0.04361741554265003,0.9126561858491988,False
DXC,2019Q1,1.93,1.74,/Users/vazea/Desktop/NNW/transcripts_by_company/DXC_TECHNOLOGY_CO_2019Q1.txt,0.05455995812700287,0.2582224136683156,0.6872176282046816,True
NHI,2016Q1,0.85,0.84,/Users/vazea/Desktop/NNW/transcripts_by_company/NATIONAL_HEALTH_INVESTORS_INC_2016Q1.txt,0.11053867344207717,0.10942545080640013,0.7800358757515228,True
TSCO,2015Q3,0.64,0.63,/Users/vazea/Desktop/NNW/transcripts_by_company/TRACTOR_SUPPLY_CO_2015Q3.txt,0.3839211503010403,0.40084407432099256,0.2152347753779672,True
NSP,2013Q1,0.51,0.5,/Users/vazea/Desktop/NNW/transcripts_by_company/INSPERITY_INC_2013Q1.txt,0.03913951550496466,0.30207366313012496,0.6587868213649104,True
ATER,2022Q3,-1.81,-0.27,/Users/vazea/Desktop/NNW/transcripts_by_company/ATERIAN_INC_2022Q3.txt,0.16783205660589331,0.19421259614040806,0.6379553472536986,True
STER,2022Q3,0.29,0.31,/Users/vazea/Desktop/NNW/transcripts_by_company/STERLING_CHECK_CORP_2022Q3.txt,0.22232548002706096,0.19705136639866322,0.5806231535742759,True
MON,2004Q2,0.7,0.6,/Users/vazea/Desktop/NNW/transcripts_by_company/MONSANTO_CO_2004Q2.txt,0.10083176846372793,0.38195552873152144,0.5172127028047506,True
BR,2011Q2,0.08,0.12,/Users/vazea/Desktop/NNW/transcripts_by_company/BROADRIDGE_FINANCIAL_SOLUTIONS_I_2011Q2.txt,0.2616412623790562,0.14184411388145504,0.5965146237394887,True
KVHI,2016Q2,0.08,0.06,/Users/vazea/Desktop/NNW/transcripts_by_company/KVH_INDUSTRIES_INC_2016Q2.txt,0.3745306264558419,0.023507236101500198,0.6019621374426579,False
ETN,2009Q2,0.23,0.16,/Users/vazea/Desktop/NNW/transcripts_by_company/EATON_CORP_2009Q2.txt,0.06492794765559633,0.21622976408106245,0.7188422882633413,True
KTOS,2021Q3,0.09,0.07,/Users/vazea/Desktop/NNW/transcripts_by_company/KRATOS_DEFENSE_AND_SECURITY_SOLU_2021Q3.txt,0.26793243104441977,0.24635217716405988,0.48571539179152035,True
AMPS,2022Q4,0.35,-0.08,/Users/vazea/Desktop/NNW/transcripts_by_company/ALTUS_POWER_INC_2022Q4.txt,0.19200229774941296,0.10910777082582175,0.6988899314247653,True
AIV,2007Q1,0.09,-0.43,/Users/vazea/Desktop/NNW/transcripts_by_company/APARTMENT_INVESTMENT_AND_MANAGEM_2007Q1.txt,0.15353656883963657,0.15151490470162146,0.6949485264587419,True
M,2015Q4,4.4,4.37,/Users/vazea/Desktop/NNW/transcripts_by_company/MACYS_INC_2015Q4.txt,0.1192272890209861,0.18510983970531825,0.6956628712736956,True
T,2007Q4,2.76,2.77,/Users/vazea/Desktop/NNW/transcripts_by_company/ATT_INC_2007Q4.txt,0.32080680890883606,0.0269083491007363,0.6522848419904277,False
RRGB,2011Q2,0.48,0.38,/Users/vazea/Desktop/NNW/transcripts_by_company/RED_ROBIN_GOURMET_BURGERS_INC_2011Q2.txt,0.06498476776201823,0.3589147829664525,0.5761004492715293,True
BRKS,2016Q4,0.47,0.41,/Users/vazea/Desktop/NNW/transcripts_by_company/AZENTA_INC_2016Q4.txt,0.12436537719421656,0.17750056405963183,0.6981340587461515,True
ZBRA,2010Q3,0.46,0.41,/Users/vazea/Desktop/NNW/transcripts_by_company/ZEBRA_TECHNOLOGIES_CORP_2010Q3.txt,0.23979700681429936,0.43523990731012274,0.3249630858755779,True
NOV,2010Q1,1.1,0.85,/Users/vazea/Desktop/NNW/transcripts_by_company/NATIONAL_OILWELL_VARCO_INC_2010Q1.txt,0.15946733690915,0.34409470445776325,0.4964379586330868,True
UNXL,2013Q2,-0.4,-0.26,/Users/vazea/Desktop/NNW/transcripts_by_company/UNIPIXEL_INC_2013Q2.txt,0.293759821276298,0.18225934007866657,0.5239808386450355,True
CFR,2007Q3,0.95,0.92,/Users/vazea/Desktop/NNW/transcripts_by_company/CULLENFROST_BANKERS_INC_2007Q3.txt,0.08641618852893848,0.08915654412957681,0.8244272673414846,False
GNTX,2018Q4,1.62,1.65,/Users/vazea/Desktop/NNW/transcripts_by_company/GENTEX_CORP_2018Q4.txt,0.2616898226496414,0.21685879593202514,0.5214513814183335,True
TRP,2006Q2,0.36,0.41,/Users/vazea/Desktop/NNW/transcripts_by_company/TC_ENERGY_CORP_2006Q2.txt,0.24147196153968759,0.3320805369197995,0.42644750154051286,True
MGEN,2020Q2,-0.12,-0.18,/Users/vazea/Desktop/NNW/transcripts_by_company/MIRAGEN_THERAPEUTICS_INC_2020Q2.txt,0.20890416771256265,0.06783707373003246,0.7232587585574048,False
GTLS,2018Q3,0.74,0.56,/Users/vazea/Desktop/NNW/transcripts_by_company/CHART_INDUSTRIES_INC_2018Q3.txt,0.091568963407261,0.061095887430038895,0.8473351491627001,False
ANF,2010Q4,1.12,0.93,/Users/vazea/Desktop/NNW/transcripts_by_company/ABERCROMBIE_FITCH_CO_2010Q4.txt,0.2512509467129223,0.3311434449618119,0.41760560832526583,True
IM,2010Q1,0.41,0.38,/Users/vazea/Desktop/NNW/transcripts_by_company/INGRAM_MICRO_2010Q1.txt,0.10841826567697717,0.24860343355333203,0.6429783007696908,True
SKX,2017Q3,0.59,0.43,/Users/vazea/Desktop/NNW/transcripts_by_company/SKECHERS_USA_INC_2017Q3.txt,0.6555224187508343,0.2247275098735123,0.11975007137565341,True
TRIP,2015Q3,0.53,0.55,/Users/vazea/Desktop/NNW/transcripts_by_company/TRIPADVISOR_INC_2015Q3.txt,0.09233649609775668,0.1472508275244281,0.7604126763778153,True
KBH,2021Q1,1.02,0.92,/Users/vazea/Desktop/NNW/transcripts_by_company/KB_HOME_2021Q1.txt,0.0851351101207062,0.31629069760991557,0.5985741922693782,True
SYPR,2017Q3,-0.15,-0.01,/Users/vazea/Desktop/NNW/transcripts_by_company/SYPRIS_SOLUTIONS_INCORPORATED_2017Q3.txt,0.22341256320324926,0.09592457619730156,0.6806628605994491,False
PCTY,2016Q2,0.08,-0.03,/Users/vazea/Desktop/NNW/transcripts_by_company/PAYLOCITY_HOLDING_CORP_2016Q2.txt,0.021611675582274927,0.08711611022182086,0.8912722141959042,False
PCTI,2012Q4,0.27,0.34,/Users/vazea/Desktop/NNW/transcripts_by_company/PCTEL_INC_2012Q4.txt,0.10236988784625502,0.0782906596084855,0.8193394525452595,False
INPC,2004Q4,-0.11,-0.11,/Users/vazea/Desktop/NNW/transcripts_by_company/INPHONIC_INC_2004Q4.txt,0.18910961636775162,0.10440808028681005,0.7064823033454384,True
VRTX,2023Q1,3.05,3.03,/Users/vazea/Desktop/NNW/transcripts_by_company/VERTEX_PHARMACEUTICALS_INC_2023Q1.txt,0.15805310262458422,0.14952895931796056,0.6924179380574553,True
ADP,2010Q2,0.6,0.57,/Users/vazea/Desktop/NNW/transcripts_by_company/AUTOMATIC_DATA_PROCESSING_INC_2010Q2.txt,0.04643768772631349,0.6288892994071478,0.3246730128665387,True
ECYT,2014Q1,-0.09,-0.16,/Users/vazea/Desktop/NNW/transcripts_by_company/ENDOCYTE_INC_2014Q1.txt,0.3619868928878475,0.21486805340093593,0.42314505371121647,True
XXIA,2006Q4,0.46,0.3,/Users/vazea/Desktop/NNW/transcripts_by_company/IXIA_INC_2006Q4.txt,0.39893462132863955,0.2503879486849913,0.35067742998636914,True
RVBD,2009Q2,0.14,0.14,/Users/vazea/Desktop/NNW/transcripts_by_company/RIVERBED_TECHNOLOGY_INC_2009Q2.txt,0.1872369148968537,0.10047290083049498,0.7122901842726513,True
ARQL,2009Q3,-0.18,-0.26,/Users/vazea/Desktop/NNW/transcripts_by_company/ARQULE_INC_2009Q3.txt,0.04806679397412045,0.25131897744869214,0.7006142285771875,True
WSO,2020Q1,0.72,0.85,/Users/vazea/Desktop/NNW/transcripts_by_company/WATSCO_INC_2020Q1.txt,0.03265237592125412,0.14357856225406046,0.8237690618246853,True
OSP,2009Q1,0.2,0.19,/Users/vazea/Desktop/NNW/transcripts_by_company/OSG_AMERICA_LP_2009Q1.txt,0.07320653934535339,0.13291948856726316,0.7938739720873835,True
IMAX,2007Q3,-0.19,-0.13,/Users/vazea/Desktop/NNW/transcripts_by_company/IMAX_CORP_2007Q3.txt,0.22916873843312163,0.385983778918057,0.3848474826488214,True
NEOG,2016Q1,0.25,0.27,/Users/vazea/Desktop/NNW/transcripts_by_company/NEOGEN_CORP_2016Q1.txt,0.08590882708623927,0.24054636798526033,0.6735448049285004,True
VMW,2009Q3,0.24,0.2,/Users/vazea/Desktop/NNW/transcripts_by_company/VMWARE_INC_2009Q3.txt,0.06748589869927037,0.11561164085138691,0.8169024604493428,True
SYY,2012Q3,0.44,0.44,/Users/vazea/Desktop/NNW/transcripts_by_company/SYSCO_CORP_2012Q3.txt,0.23118817155294866,0.2333262787178593,0.535485549729192,True
SYK,2004Q1,0.66,0.63,/Users/vazea/Desktop/NNW/transcripts_by_company/STRYKER_CORP_2004Q1.txt,0.13810458604100848,0.42571542833749426,0.43617998562149723,True
OREX,2016Q4,-9.75,-6.2,/Users/vazea/Desktop/NNW/transcripts_by_company/OREXIGEN_THERAPEUTICS_INC_2016Q4.txt,0.22451574255285048,0.44757670077609263,0.3279075566710569,True
LMRK,2018Q3,0.1,0.13,/Users/vazea/Desktop/NNW/transcripts_by_company/LANDMARK_INFRASTRUCTURE_PARTNERS_2018Q3.txt,0.27257792748164733,0.21702128824506894,0.5104007842732837,True
GAIA,2005Q4,0.08,0.08,/Users/vazea/Desktop/NNW/transcripts_by_company/GAIAM_INC_2005Q4.txt,0.1205544668369814,0.33673525262189724,0.5427102805411215,True
HTOO,2022Q4,-2.153,-0.68,/Users/vazea/Desktop/NNW/transcripts_by_company/FUSION_FUEL_GREEN_PLC_2022Q4.txt,0.1641212498251754,0.2899951346142109,0.5458836155606137,True
RYN,2009Q2,0.36,0.29,/Users/vazea/Desktop/NNW/transcripts_by_company/RAYONIER_INC_2009Q2.txt,0.1222688549988347,0.17500431788585177,0.7027268271153135,True
AAT,2012Q2,0.04,0.01,/Users/vazea/Desktop/NNW/transcripts_by_company/AMERICAN_ASSETS_TRUST_INC_2012Q2.txt,0.19909069595528556,0.11466467924166328,0.6862446248030512,True
STZ,2008Q3,0.55,0.54,/Users/vazea/Desktop/NNW/transcripts_by_company/CONSTELLATION_BRANDS_INC_2008Q3.txt,0.16456056198014266,0.2548536625551958,0.5805857754646615,True
VDSI,2006Q4,0.33,0.33,/Users/vazea/Desktop/NNW/transcripts_by_company/VASCO_DATA_SECURITY_INTL_INC_2006Q4.txt,0.2112338103929723,0.19505327228729633,0.5937129173197314,True
APOL,2006Q2,0.46,0.43,/Users/vazea/Desktop/NNW/transcripts_by_company/APOLLO_EDUCATION_GROUP_INC_2006Q2.txt,0.34937750742393964,0.24233072118758997,0.40829177138847045,True
XIN,2011Q1,0.16,0.16,/Users/vazea/Desktop/NNW/transcripts_by_company/XINYUAN_REAL_ESTATE_CO_LTD_2011Q1.txt,0.27614410980041854,0.1306596539953445,0.593196236204237,True
FAST,2014Q3,0.45,0.45,/Users/vazea/Desktop/NNW/transcripts_by_company/FASTENAL_CO_2014Q3.txt,0.06601040167008713,0.2647409906057807,0.6692486077241322,True
NMM,2015Q1,0.13,0.18,/Users/vazea/Desktop/NNW/transcripts_by_company/NAVIOS_MARITIME_PARTNERS_LP_2015Q1.txt,0.14335121287652075,0.09893261731580971,0.7577161698076695,False
DHR,2005Q4,2.76,2.75,/Users/vazea/Desktop/NNW/transcripts_by_company/DANAHER_CORP_2005Q4.txt,0.11054846599527464,0.0691891828275016,0.8202623511772237,False
MOD,2014Q3,0.16,0.06,/Users/vazea/Desktop/NNW/transcripts_by_company/MODINE_MANUFACTURING_CO_2014Q3.txt,0.14532016604791392,0.36337296499993377,0.49130686895215225,True
MTOX,2010Q1,0.01,0.01,/Users/vazea/Desktop/NNW/transcripts_by_company/MEDTOX_SCIENTIFIC_2010Q1.txt,0.31500697820607665,0.20772034946580195,0.4772726723281213,True
DY,2021Q2,1.18,0.67,/Users/vazea/Desktop/NNW/transcripts_by_company/DYCOM_INDUSTRIES_INC_2021Q2.txt,0.06852700279328201,0.07421178167945426,0.8572612155272636,False
LAKE,2023Q4,0.24,0.44,/Users/vazea/Desktop/NNW/transcripts_by_company/LAKELAND_INDUSTRIES_INC_2023Q4.txt,0.12016128870788553,0.1674472763856409,0.7123914349064735,True
WY,2019Q3,0.08,0.1,/Users/vazea/Desktop/NNW/transcripts_by_company/WEYERHAEUSER_CO_2019Q3.txt,0.16166638787636353,0.1930933677883329,0.6452402443353036,True
SYNT,2015Q2,0.72,0.69,/Users/vazea/Desktop/NNW/transcripts_by_company/SYNTEL_INC_2015Q2.txt,0.13322194046373803,0.2779780764735944,0.5887999830626676,True
AINV,2014Q3,0.22,0.21,/Users/vazea/Desktop/NNW/transcripts_by_company/APOLLO_INVESTMENT_CORP_2014Q3.txt,0.09909250761081798,0.3231436186596526,0.5777638737295294,True
GBX,2012Q2,0.57,0.47,/Users/vazea/Desktop/NNW/transcripts_by_company/GREENBRIER_COMPANIES_INC_2012Q2.txt,0.21251135184642195,0.2151032024572883,0.5723854456962898,True
SGMO,2013Q1,-0.13,-0.16,/Users/vazea/Desktop/NNW/transcripts_by_company/SANGAMO_THERAPEUTICS_INC_2013Q1.txt,0.17870336590873276,0.10527022527018488,0.7160264088210824,True
NS,2008Q4,4.11,4.07,/Users/vazea/Desktop/NNW/transcripts_by_company/NUSTAR_ENERGY_LP_2008Q4.txt,0.13533033475694964,0.06398738375674845,0.8006822814863019,False
KPLT,2023Q2,-1.57,-0.09,/Users/vazea/Desktop/NNW/transcripts_by_company/KATAPULT_HOLDINGS_INC_2023Q2.txt,0.052629115543178326,0.1918793873772877,0.755491497079534,True
DLTH,2019Q2,0.2,0.14,/Users/vazea/Desktop/NNW/transcripts_by_company/DULUTH_HOLDINGS_INC_2019Q2.txt,0.20711298344330462,0.26469362005287594,0.5281933965038195,True
HPQ,2017Q4,1.65,1.65,/Users/vazea/Desktop/NNW/transcripts_by_company/HP_INC_2017Q4.txt,0.11059380779996494,0.14012719664760365,0.7492789955524314,True
SRCL,2022Q4,2.04,2.08,/Users/vazea/Desktop/NNW/transcripts_by_company/STERICYCLE_INC_2022Q4.txt,0.5006050453320604,0.11077955578237904,0.38861539888556057,True
VNCE,2015Q4,0.94,0.94,/Users/vazea/Desktop/NNW/transcripts_by_company/VINCE_HOLDING_CORP_2015Q4.txt,0.34342313051249973,0.13021868441391626,0.526358185073584,True
OMC,2008Q2,0.96,0.95,/Users/vazea/Desktop/NNW/transcripts_by_company/OMNICOM_GROUP_INC_2008Q2.txt,0.31805870624531646,0.11564018538985987,0.5663011083648237,True
VIAB,2017Q1,1.04,0.82,/Users/vazea/Desktop/NNW/transcripts_by_company/VIACOM_INC_2017Q1.txt,0.22784217418462038,0.21282673085537576,0.5593310949600039,True
RPM,2005Q3,0.04,0.05,/Users/vazea/Desktop/NNW/transcripts_by_company/RPM_INTERNATIONAL_INC_2005Q3.txt,0.357772077529612,0.17774075429005032,0.46448716818033764,True
STWD,2018Q4,2.19,2.19,/Users/vazea/Desktop/NNW/transcripts_by_company/STARWOOD_PROPERTY_TRUST_INC_2018Q4.txt,0.33270918464687915,0.06897152869281756,0.5983192866603033,False
GERN,2012Q2,-0.14,-0.15,/Users/vazea/Desktop/NNW/transcripts_by_company/GERON_CORP_2012Q2.txt,0.210357736304122,0.35442898604597056,0.4352132776499074,True
LRN,2019Q2,0.59,0.57,/Users/vazea/Desktop/NNW/transcripts_by_company/K12_INC_2019Q2.txt,0.2456752179127385,0.27666524907019463,0.4776595330170669,True
FITB,2023Q2,0.82,0.87,/Users/vazea/Desktop/NNW/transcripts_by_company/FIFTH_THIRD_BANCORP_2023Q2.txt,0.36833613295628903,0.14418751077648664,0.4874763562672243,True
OR,2022Q1,0.012,0.09,/Users/vazea/Desktop/NNW/transcripts_by_company/OSISKO_GOLD_ROYALTIES_LTD_2022Q1.txt,0.2342657770628508,0.16739749027562414,0.5983367326615251,True
NOW,2023Q2,2.37,2.07,/Users/vazea/Desktop/NNW/transcripts_by_company/SERVICENOW_INC_2023Q2.txt,0.10884456553555062,0.07860985127630522,0.8125455831881441,False
RADN,2006Q2,0.17,0.13,/Users/vazea/Desktop/NNW/transcripts_by_company/RADYNE_CORP_2006Q2.txt,0.34769933377724316,0.15739537783328056,0.4949052883894763,True
TCAP,2017Q1,0.42,0.44,/Users/vazea/Desktop/NNW/transcripts_by_company/TRIANGLE_CAPITAL_CORP_2017Q1.txt,0.2732815728472934,0.012248595629730153,0.7144698315229765,False
BIOC,2011Q3,0.02,0.04,/Users/vazea/Desktop/NNW/transcripts_by_company/BIOCLINICA_INC_2011Q3.txt,0.037574581087559275,0.151306794870949,0.8111186240414917,True
IPXL,2015Q4,1.45,1.27,/Users/vazea/Desktop/NNW/transcripts_by_company/IMPAX_LABORATORIES_INC_2015Q4.txt,0.17461704790600302,0.2564454492510163,0.5689375028429807,True
PSXP,2021Q2,1.013,0.88,/Users/vazea/Desktop/NNW/transcripts_by_company/PHILLIPS_66_PARTNERS_LP_2021Q2.txt,0.10346206989703707,0.15755078898110317,0.7389871411218597,True
CGNX,2016Q4,1.76,1.57,/Users/vazea/Desktop/NNW/transcripts_by_company/COGNEX_CORP_2016Q4.txt,0.32942600700018954,0.15695931594155177,0.5136146770582587,True
AAPL,2014Q1,14.5,14.04,/Users/vazea/Desktop/NNW/transcripts_by_company/APPLE_INC_2014Q1.txt,0.15116968546143222,0.3029315037956206,0.5458988107429472,True
SIGM,2010Q1,0.3,0.23,/Users/vazea/Desktop/NNW/transcripts_by_company/SIGMA_DESIGNS_INC_2010Q1.txt,0.08808653286025789,0.24051795587978808,0.671395511259954,True
NUVA,2022Q4,1.98,2.06,/Users/vazea/Desktop/NNW/transcripts_by_company/NUVASIVE_INC_2022Q4.txt,0.3391993205588901,0.10615791756336256,0.5546427618777473,True
ARUN,2012Q3,0.16,0.16,/Users/vazea/Desktop/NNW/transcripts_by_company/ARUBA_NETWORKS_INC_2012Q3.txt,0.10207954183151449,0.2688129504423934,0.6291075077260921,True
LPLA,2023Q1,4.49,4.31,/Users/vazea/Desktop/NNW/transcripts_by_company/LPL_FINANCIAL_HOLDINGS_INC_2023Q1.txt,0.043271642562948874,0.17277639785093818,0.7839519595861129,True
MANT,2014Q1,0.26,0.34,/Users/vazea/Desktop/NNW/transcripts_by_company/MANTECH_INTERNATIONAL_CORP_2014Q1.txt,0.225329908777563,0.4353650208027092,0.3393050704197278,True
CDXS,2017Q1,-0.18,-0.15,/Users/vazea/Desktop/NNW/transcripts_by_company/CODEXIS_INC_2017Q1.txt,0.2101734795281131,0.18356970938568254,0.6062568110862043,True
CRR,2011Q1,1.3,1.02,/Users/vazea/Desktop/NNW/transcripts_by_company/CARBO_CERAMICS_INC_2011Q1.txt,0.18178369936371555,0.08143334050246538,0.736782960133819,False
FBM,2018Q3,0.19,0.17,/Users/vazea/Desktop/NNW/transcripts_by_company/FOUNDATION_BUILDING_MATERIALS_IN_2018Q3.txt,0.1970605073419235,0.11176423404362881,0.6911752586144477,True
EAT,2011Q2,0.38,0.31,/Users/vazea/Desktop/NNW/transcripts_by_company/BRINKER_INTERNATIONAL_INC_2011Q2.txt,0.3056431120628199,0.14008871223924105,0.5542681756979391,True
CYTX,2007Q4,-1.25,-1.15,/Users/vazea/Desktop/NNW/transcripts_by_company/PLUS_THERAPEUTICS_INC_2007Q4.txt,0.2231153137953239,0.319952726504489,0.4569319597001871,True
NOBH,2007Q1,0.18,0.26,/Users/vazea/Desktop/NNW/transcripts_by_company/NOBILITY_HOMES_INC_2007Q1.txt,0.11011171279294171,0.13681133078483806,0.7530769564222202,True
PEG,2022Q4,3.47,3.46,/Users/vazea/Desktop/NNW/transcripts_by_company/PUBLIC_SERVICE_ENTERPRISE_GROUP_2022Q4.txt,0.06562811160298027,0.07341133371319429,0.8609605546838255,False
THRM,2018Q2,0.58,0.53,/Users/vazea/Desktop/NNW/transcripts_by_company/GENTHERM_INC_2018Q2.txt,0.04465149447184953,0.10513675219269653,0.8502117533354538,True
CHGG,2021Q3,0.2,0.19,/Users/vazea/Desktop/NNW/transcripts_by_company/CHEGG_INC_2021Q3.txt,0.2811848113098561,0.5247387502646329,0.19407643842551103,True
M,2010Q4,1.41,1.34,/Users/vazea/Desktop/NNW/transcripts_by_company/MACYS_INC_2010Q4.txt,0.1323348216833913,0.2124876067005714,0.6551775716160373,True
ACU,2019Q3,0.3,0.28,/Users/vazea/Desktop/NNW/transcripts_by_company/ACME_UNITED_CORP_2019Q3.txt,0.11979573368651349,0.13501445126700373,0.7451898150464827,True
RRTS,2015Q2,0.44,0.44,/Users/vazea/Desktop/NNW/transcripts_by_company/ROADRUNNER_TRANSPORTTN_SYSTM_INC_2015Q2.txt,0.04449574445868373,0.19876228159074447,0.7567419739505717,True
MCO,2007Q2,0.76,0.69,/Users/vazea/Desktop/NNW/transcripts_by_company/MOODYS_CORP_2007Q2.txt,0.13050410030290874,0.14515498148386033,0.724340918213231,True
AMBC,2014Q4,11.89,0.02,/Users/vazea/Desktop/NNW/transcripts_by_company/AMBAC_FINANCIAL_GROUP_INC_2014Q4.txt,0.23640193490803368,0.07709463671105123,0.686503428380915,False
VVI,2015Q4,1.32,1.45,/Users/vazea/Desktop/NNW/transcripts_by_company/VIAD_CORP_2015Q4.txt,0.20261988288596655,0.29233082833224333,0.5050492887817901,True
IGT,2020Q1,0.08,0.03,/Users/vazea/Desktop/NNW/transcripts_by_company/INTERNATIONAL_GAME_TECHNOLOGY_PL_2020Q1.txt,0.09355977278935759,0.1441938871202548,0.7622463400903876,True
WMAR,2009Q4,0.55,-0.67,/Users/vazea/Desktop/NNW/transcripts_by_company/WEST_MARINE_INC_2009Q4.txt,0.15318020380777833,0.3636251967733219,0.4831945994188998,True
PDFS,2022Q4,0.6,0.51,/Users/vazea/Desktop/NNW/transcripts_by_company/PDF_SOLUTIONS_INC_2022Q4.txt,0.09209750103866178,0.18136793180389468,0.7265345671574436,True
CCMP,2005Q1,0.4,0.49,/Users/vazea/Desktop/NNW/transcripts_by_company/CABOT_MICROELECTRONICS_CORP_2005Q1.txt,0.0399735794613545,0.14304169434672218,0.8169847261919233,True
ZS,2020Q2,0.09,0.03,/Users/vazea/Desktop/NNW/transcripts_by_company/ZSCALER_INC_2020Q2.txt,0.4016311349812496,0.34763952949432153,0.2507293355244289,True
CENT,2012Q4,0.44,0.45,/Users/vazea/Desktop/NNW/transcripts_by_company/CENTRAL_GARDEN_PET_CO_2012Q4.txt,0.10948732035057113,0.1744711874631015,0.7160414921863274,True
SXI,2015Q2,0.97,1.02,/Users/vazea/Desktop/NNW/transcripts_by_company/STANDEX_INTERNATIONAL_CORP_2015Q2.txt,0.35041767457162465,0.09120123018415358,0.5583810952442217,False
CNSL,2014Q4,0.61,0.93,/Users/vazea/Desktop/NNW/transcripts_by_company/CONSOLIDATED_COMMUNICATIONS_HOLD_2014Q4.txt,0.16499757017941222,0.2897278865987072,0.5452745432218806,True
ECHO,2013Q1,0.15,0.16,/Users/vazea/Desktop/NNW/transcripts_by_company/ECHO_GLOBAL_LOGISTICS_INC_2013Q1.txt,0.2620889350304027,0.18858807989853932,0.5493229850710579,True
STWD,2017Q2,0.52,0.51,/Users/vazea/Desktop/NNW/transcripts_by_company/STARWOOD_PROPERTY_TRUST_INC_2017Q2.txt,0.26404475158316676,0.4000775768785694,0.33587767153826387,True
STFC,2008Q4,-0.17,-0.09,/Users/vazea/Desktop/NNW/transcripts_by_company/STATE_AUTO_FINANCIAL_CORP_2008Q4.txt,0.19734597096946924,0.20281491501441404,0.5998391140161167,True
IR,2011Q3,0.81,0.9,/Users/vazea/Desktop/NNW/transcripts_by_company/INGERSOLL_RAND_PLC_2011Q3.txt,0.24549985446014708,0.13749028648727762,0.6170098590525752,True
CECO,2004Q3,0.41,0.38,/Users/vazea/Desktop/NNW/transcripts_by_company/CAREER_EDUCATION_CORP_2004Q3.txt,0.2536834540020847,0.04116413932755597,0.7051524066703594,False
PWER,2004Q4,-0.2,-0.14,/Users/vazea/Desktop/NNW/transcripts_by_company/POWERONE_INC_2004Q4.txt,0.3106028465048417,0.1777456416369674,0.5116515118581909,True
CUTR,2021Q2,0.28,0.04,/Users/vazea/Desktop/NNW/transcripts_by_company/CUTERA_INC_2021Q2.txt,0.032955344761785056,0.3490000214031629,0.618044633835052,True
HLF,2022Q1,0.99,0.9,/Users/vazea/Desktop/NNW/transcripts_by_company/HERBALIFE_LTD_2022Q1.txt,0.11271208561504535,0.1532425131701974,0.7340454012147573,True
ALHC,2023Q1,-0.2,-0.24,/Users/vazea/Desktop/NNW/transcripts_by_company/ALIGNMENT_HEALTHCARE_INC_2023Q1.txt,0.49614842345692073,0.22366752333056025,0.28018405321251905,True
TEN,2020Q2,-2.15,-3.5,/Users/vazea/Desktop/NNW/transcripts_by_company/TENNECO_INC_2020Q2.txt,0.03370764911304245,0.2376030784377769,0.7286892724491807,True
BAC,2016Q3,0.41,0.33,/Users/vazea/Desktop/NNW/transcripts_by_company/BANK_OF_AMERICA_CORP_2016Q3.txt,0.14221250126856527,0.21542129253536368,0.642366206196071,True
VGR,2020Q1,0.27,0.06,/Users/vazea/Desktop/NNW/transcripts_by_company/VECTOR_GROUP_LTD_2020Q1.txt,0.17065098649724747,0.16362320047357545,0.6657258130291771,True
BFLY,2023Q2,-0.14,-0.16,/Users/vazea/Desktop/NNW/transcripts_by_company/BUTTERFLY_NETWORK_INC_2023Q2.txt,0.21526791096805187,0.2276114359857768,0.5571206530461713,True
NTAP,2016Q2,0.61,0.57,/Users/vazea/Desktop/NNW/transcripts_by_company/NETAPP_INC_2016Q2.txt,0.3488957941766377,0.1205797112818804,0.5305244945414819,True
CYBX,2012Q1,0.28,0.26,/Users/vazea/Desktop/NNW/transcripts_by_company/CYBERONICS_INC_2012Q1.txt,0.20316458875908458,0.17305204704813812,0.6237833641927772,True
MM,2007Q3,0.6,0.74,/Users/vazea/Desktop/NNW/transcripts_by_company/METAL_MANAGEMENT_INCORPORATED_2007Q3.txt,0.3458227014299223,0.08158122960261988,0.5725960689674578,False
CUTR,2014Q1,-0.26,-0.17,/Users/vazea/Desktop/NNW/transcripts_by_company/CUTERA_INC_2014Q1.txt,0.13789315780573283,0.42097654219582503,0.4411302999984421,True
ICL,2022Q1,0.51,0.3,/Users/vazea/Desktop/NNW/transcripts_by_company/ICL_GROUP_LTD_2022Q1.txt,0.020485686285053428,0.12811342543453672,0.8514008882804098,True
HEES,2014Q1,0.21,0.19,/Users/vazea/Desktop/NNW/transcripts_by_company/HE_EQUIPMENT_SERVICES_INC_2014Q1.txt,0.29320142031853874,0.321146834925694,0.3856517447557673,True
EMES,2014Q3,1.08,0.9,/Users/vazea/Desktop/NNW/transcripts_by_company/EMERGE_ENERGY_SERVICES_LP_2014Q3.txt,0.15527865376564537,0.2662418347950177,0.5784795114393368,True
NCIT,2013Q1,0.15,0.08,/Users/vazea/Desktop/NNW/transcripts_by_company/NCI_INC_2013Q1.txt,0.08498096186906694,0.3611045614999986,0.5539144766309345,True
VNDA,2006Q2,-1.11,-0.84,/Users/vazea/Desktop/NNW/transcripts_by_company/VANDA_PHARMACEUTICALS_INC_2006Q2.txt,0.4251072780275164,0.08579452758817269,0.48909819438431085,False
RAD,2015Q2,0.13,0.07,/Users/vazea/Desktop/NNW/transcripts_by_company/RITE_AID_CORPORATION_2015Q2.txt,0.08584419035702813,0.18810594005229747,0.7260498695906743,True
HL,2011Q3,0.11,0.14,/Users/vazea/Desktop/NNW/transcripts_by_company/HECLA_MINING_CO_2011Q3.txt,0.13535371050884615,0.2305451021110275,0.6341011873801263,True
RM,2014Q2,0.34,0.35,/Users/vazea/Desktop/NNW/transcripts_by_company/REGIONAL_MANAGEMENT_CORP_2014Q2.txt,0.18351061038055977,0.16856285479805183,0.6479265348213885,True
ARLP,2019Q4,3.07,0.2,/Users/vazea/Desktop/NNW/transcripts_by_company/ALLIANCE_RESOURCE_PARTNERS_LP_2019Q4.txt,0.14576223456652135,0.3290101454086639,0.5252276200248147,True
EVDY,2015Q1,-0.14,-0.19,/Users/vazea/Desktop/NNW/transcripts_by_company/EVERYDAY_HEALTH_INC_2015Q1.txt,0.09684648021578414,0.1458352367790115,0.7573182830052043,True
WRLD,2019Q2,1.56,1.48,/Users/vazea/Desktop/NNW/transcripts_by_company/WORLD_ACCEPTANCE_CORP_2019Q2.txt,0.24317804418436811,0.20055559508027845,0.5562663607353535,True
INAP,2010Q1,0.01,-0.04,/Users/vazea/Desktop/NNW/transcripts_by_company/INTERNAP_CORP_2010Q1.txt,0.10235562894313681,0.2182879989117536,0.6793563721451097,True
AFIB,2021Q3,-0.94,-0.86,/Users/vazea/Desktop/NNW/transcripts_by_company/ACUTUS_MEDICAL_INC_2021Q3.txt,0.34043167051460044,0.1625314574958019,0.4970368719895977,True
UE,2021Q2,0.11,0.04,/Users/vazea/Desktop/NNW/transcripts_by_company/URBAN_EDGE_PROPERTIES_2021Q2.txt,0.4952741742357048,0.18893240447696635,0.3157934212873289,True
SNI,2016Q4,5.29,5.28,/Users/vazea/Desktop/NNW/transcripts_by_company/SCRIPPS_NETWORKS_INTERACTIVE_INC_2016Q4.txt,0.2101834149931188,0.11251894682647642,0.6772976381804048,True
MMI,2017Q4,1.62,1.5,/Users/vazea/Desktop/NNW/transcripts_by_company/MARCUS_MILLICHAP_INC_2017Q4_1.txt,0.2061061365524994,0.06660055641665277,0.7272933070308478,False
ROL,2016Q2,0.22,0.22,/Users/vazea/Desktop/NNW/transcripts_by_company/ROLLINS_INC_2016Q2.txt,0.09712388174797819,0.13372054289294624,0.7691555753590756,True
LEA,2009Q4,-2.48,-3.04,/Users/vazea/Desktop/NNW/transcripts_by_company/LEAR_CORP_2009Q4.txt,0.5429588047120048,0.2703010624928713,0.18674013279512397,True
MKTX,2009Q1,0.08,0.07,/Users/vazea/Desktop/NNW/transcripts_by_company/MARKETAXESS_HOLDINGS_INC_2009Q1.txt,0.07004278425859521,0.19411947203226496,0.7358377437091398,True
GRMN,2018Q1,0.68,0.56,/Users/vazea/Desktop/NNW/transcripts_by_company/GARMIN_LTD_2018Q1.txt,0.21346273231285393,0.1620413744187763,0.6244958932683697,True
GMED,2018Q4,1.67,1.62,/Users/vazea/Desktop/NNW/transcripts_by_company/GLOBUS_MEDICAL_INC_2018Q4.txt,0.36004378808407156,0.16471557515559415,0.4752406367603343,True
LUMO,2021Q3,-0.9,-1.09,/Users/vazea/Desktop/NNW/transcripts_by_company/LUMOS_PHARMA_INC_2021Q3.txt,0.10580196696487068,0.4399338306316167,0.4542642024035127,True
NTAP,2006Q4,0.81,0.81,/Users/vazea/Desktop/NNW/transcripts_by_company/NETWORK_APPLIANCE_INC_2006Q4.txt,0.17083525387837264,0.4212859093544146,0.40787883676721276,True
AZZ,2005Q2,0.16,0.2,/Users/vazea/Desktop/NNW/transcripts_by_company/AZZ_INC_2005Q2.txt,0.09872210511674051,0.17810150062078753,0.7231763942624719,True
PD,2021Q3,-0.09,-0.1,/Users/vazea/Desktop/NNW/transcripts_by_company/PAGERDUTY_INC_2021Q3.txt,0.27196732203422974,0.0515371589541685,0.6764955190116017,False
OMI,2021Q2,1.06,1.0,/Users/vazea/Desktop/NNW/transcripts_by_company/OWENS_MINOR_INC_2021Q2.txt,0.31135841280285304,0.5766615995624234,0.11197998763472361,True
SEAC,2020Q1,-0.2,-0.05,/Users/vazea/Desktop/NNW/transcripts_by_company/SEACHANGE_INTERNATIONAL_INC_2020Q1.txt,0.08965998622532109,0.6775864396232603,0.23275357415141862,True
STN,2002Q2,0.18,0.16,/Users/vazea/Desktop/NNW/transcripts_by_company/STATION_CASINOS_INC_2002Q2.txt,0.036284767257141845,0.3234418125671512,0.640273420175707,True
STX,2014Q2,1.32,1.37,/Users/vazea/Desktop/NNW/transcripts_by_company/SEAGATE_TECHNOLOGY_PLC_2014Q2.txt,0.012161568011230115,0.17084789597458414,0.8169905360141857,True
PFS,2018Q3,0.54,0.46,/Users/vazea/Desktop/NNW/transcripts_by_company/PROVIDENT_FINANCIAL_SERVICES_INC_2018Q3.txt,0.10700036058971901,0.4016261436428662,0.49137349576741485,True
NNA,2013Q1,0.01,0.0,/Users/vazea/Desktop/NNW/transcripts_by_company/NAVIOS_MARITIME_ACQUISITION_CORP_2013Q1.txt,0.18352385995234574,0.3205173870182741,0.49595875302938014,True
CSGS,2016Q1,0.77,0.68,/Users/vazea/Desktop/NNW/transcripts_by_company/CSG_SYSTEMS_INTERNATIONAL_INC_2016Q1.txt,0.35318414865594583,0.21353438138054068,0.43328146996351347,True
BAM,2022Q1,0.81,0.76,/Users/vazea/Desktop/NNW/transcripts_by_company/BROOKFIELD_ASSET_MANAGEMENT_INC_2022Q1.txt,0.2092674008073407,0.21156887173893182,0.5791637274537275,True
BWP,2018Q1,0.38,0.38,/Users/vazea/Desktop/NNW/transcripts_by_company/BOARDWALK_PIPELINE_PARTNERS_LP_2018Q1.txt,0.15694093162268735,0.07905119249921012,0.7640078758781026,False
ATRS,2013Q1,-0.03,-0.03,/Users/vazea/Desktop/NNW/transcripts_by_company/ANTARES_PHARMA_INC_2013Q1.txt,0.26852538089781103,0.33671784779834396,0.39475677130384507,True
WRB,2020Q1,0.91,0.73,/Users/vazea/Desktop/NNW/transcripts_by_company/W_R_BERKLEY_CORP_2020Q1.txt,0.2718770274997902,0.32864318453742725,0.3994797879627826,True
PBCT,2005Q3,0.23,0.23,/Users/vazea/Desktop/NNW/transcripts_by_company/PEOPLES_BANK_BRIDGEPORT_CONN_2005Q3.txt,0.1584973886651648,0.17100695718057365,0.6704956541542615,True
CIFR,2023Q1,-0.03,-0.04,/Users/vazea/Desktop/NNW/transcripts_by_company/CIPHER_MINING_INC_2023Q1.txt,0.049310578023547394,0.0653863462366392,0.8853030757398134,False
PRAA,2013Q4,3.45,3.45,/Users/vazea/Desktop/NNW/transcripts_by_company/PORTFOLIO_RECOVERY_ASSOCIATES_2013Q4.txt,0.2941250443029542,0.10331361219802633,0.6025613434990195,True
QUOT,2019Q1,-0.02,-0.06,/Users/vazea/Desktop/NNW/transcripts_by_company/QUOTIENT_TECHNOLOGY_INC_2019Q1.txt,0.18467489933945241,0.09994577120230885,0.7153793294582387,False
UI,2021Q4,9.77,9.32,/Users/vazea/Desktop/NNW/transcripts_by_company/UBIQUITI_INC_2021Q4.txt,0.059790737972180395,0.2636896748503961,0.6765195871774234,True
APA,2013Q4,7.92,8.18,/Users/vazea/Desktop/NNW/transcripts_by_company/APACHE_CORP_2013Q4.txt,0.22576060762009456,0.18434760800244937,0.589891784377456,True
BORL,2007Q2,-0.11,-0.08,/Users/vazea/Desktop/NNW/transcripts_by_company/BORLAND_SOFTWARE_2007Q2.txt,0.11379773278070371,0.331345348652364,0.5548569185669323,True
TPB,2022Q3,0.72,0.58,/Users/vazea/Desktop/NNW/transcripts_by_company/TURNING_POINT_BRANDS_INC_2022Q3.txt,0.3819832018466918,0.055261704377137066,0.5627550937761712,False
MO,2019Q4,4.22,4.21,/Users/vazea/Desktop/NNW/transcripts_by_company/ALTRIA_GROUP_INC_2019Q4.txt,0.10592912157939537,0.2758739988751857,0.6181968795454189,True
ETN,2021Q2,1.72,1.56,/Users/vazea/Desktop/NNW/transcripts_by_company/EATON_CORPORATION_PLC_2021Q2.txt,0.3074199345870887,0.20357440051584788,0.48900566489706343,True
LCI,2021Q1,0.06,0.1,/Users/vazea/Desktop/NNW/transcripts_by_company/LANNETT_COMPANY_INC_2021Q1.txt,0.38917309874574707,0.2952707431874255,0.31555615806682735,True
STX,2022Q4,8.18,8.48,/Users/vazea/Desktop/NNW/transcripts_by_company/SEAGATE_TECHNOLOGY_HOLDINGS_PLC_2022Q4.txt,0.1417957717732421,0.10624385696513683,0.7519603712616211,True
SUPV,2018Q4,1.022,0.94,/Users/vazea/Desktop/NNW/transcripts_by_company/GRUPO_SUPERVIELLE_SA_2018Q4.txt,0.18878575248664647,0.16866794320277023,0.6425463043105832,True
WGL,2003Q2,1.61,1.65,/Users/vazea/Desktop/NNW/transcripts_by_company/WGL_HOLDING_INC_2003Q2.txt,0.24928027784294954,0.13291841562246653,0.617801306534584,True
MCHP,2013Q2,0.48,0.48,/Users/vazea/Desktop/NNW/transcripts_by_company/MICROCHIP_TECHNOLOGY_INC_2013Q2.txt,0.21677540749928886,0.365925592964662,0.4172989995360491,True
NEOG,2022Q4,0.45,0.46,/Users/vazea/Desktop/NNW/transcripts_by_company/NEOGEN_CORP_2022Q4.txt,0.053858074558362626,0.04504817901425816,0.9010937464273792,False
SYX,2013Q2,-0.08,-0.07,/Users/vazea/Desktop/NNW/transcripts_by_company/SYSTEMAX_INC_2013Q2.txt,0.1426556441825909,0.06941954657683941,0.7879248092405697,False
PHM,2014Q4,1.11,1.07,/Users/vazea/Desktop/NNW/transcripts_by_company/PULTEGROUP_INC_2014Q4.txt,0.33562863594623366,0.08591115658529076,0.5784602074684755,False
AGEN,2023Q3,-0.16,-0.19,/Users/vazea/Desktop/NNW/transcripts_by_company/AGENUS_INC_2023Q3.txt,0.14563612467075743,0.08066835954875116,0.7736955157804914,False
NTAP,2019Q2,1.06,0.98,/Users/vazea/Desktop/NNW/transcripts_by_company/NETAPP_INC_2019Q2.txt,0.4153966489563893,0.09014097819167458,0.49446237285193617,False
WMT,2011Q1,0.88,0.85,/Users/vazea/Desktop/NNW/transcripts_by_company/WALMART_INC_2011Q1.txt,0.34436683693711506,0.1651898962171584,0.4904432668457265,True
DG,2019Q3,1.31,1.26,/Users/vazea/Desktop/NNW/transcripts_by_company/DOLLAR_GENERAL_CORP_2019Q3.txt,0.16365932918933138,0.24264663190917807,0.5936940389014906,True
CIO,2015Q2,-0.1,-0.05,/Users/vazea/Desktop/NNW/transcripts_by_company/CITY_OFFICE_REIT_INC_2015Q2.txt,0.1388301876571152,0.05868662761069636,0.8024831847321885,False
SFLY,2018Q1,-0.73,-0.94,/Users/vazea/Desktop/NNW/transcripts_by_company/SHUTTERFLY_INC_2018Q1.txt,0.08118842310039777,0.15557258773418653,0.7632389891654157,True
OZM,2014Q4,1.16,0.94,/Users/vazea/Desktop/NNW/transcripts_by_company/OCHZIFF_CAPITAL_MANAGEMENT_GRP_2014Q4.txt,0.08499205247093548,0.2043175220914664,0.7106904254375982,True
CEG,2022Q1,0.32,0.68,/Users/vazea/Desktop/NNW/transcripts_by_company/CONSTELLATION_ENERGY_CORP_2022Q1.txt,0.1459104101440084,0.26772346610406805,0.5863661237519235,True
EPIQ,2005Q1,0.21,0.19,/Users/vazea/Desktop/NNW/transcripts_by_company/EPIQ_SYSTEMS_INC_2005Q1.txt,0.10569915178957062,0.03425149943368934,0.86004934877674,False
MMS,2020Q3,1.04,0.81,/Users/vazea/Desktop/NNW/transcripts_by_company/MAXIMUS_INC_2020Q3.txt,0.1629470580634575,0.25837544910267607,0.5786774928338664,True
ACLS,2005Q4,0.09,0.04,/Users/vazea/Desktop/NNW/transcripts_by_company/AXCELIS_TECHNOLOGIES_INC_2005Q4.txt,0.31682893691822867,0.2033126887984995,0.4798583742832718,True
WLDN,2022Q4,0.88,0.89,/Users/vazea/Desktop/NNW/transcripts_by_company/WILLDAN_GROUP_INC_2022Q4.txt,0.21364522101857675,0.14853417503059715,0.6378206039508261,True
TSP,2021Q4,-4.36,-3.44,/Users/vazea/Desktop/NNW/transcripts_by_company/TUSIMPLE_HOLDINGS_INC_2021Q4.txt,0.28346633663989174,0.12180896316740604,0.5947247001927022,True
MDRX,2007Q2,0.13,0.14,/Users/vazea/Desktop/NNW/transcripts_by_company/VERADIGM_INC_2007Q2.txt,0.1507248711805314,0.07537944662155478,0.7738956821979138,False
CMG,2010Q1,1.19,0.95,/Users/vazea/Desktop/NNW/transcripts_by_company/CHIPOTLE_MEXICAN_GRILL_INC_2010Q1.txt,0.23210858812374432,0.046188383213613814,0.7217030286626418,False
RNWK,2015Q1,-0.68,-0.76,/Users/vazea/Desktop/NNW/transcripts_by_company/REALNETWORKS_INC_2015Q1.txt,0.1421004230676733,0.26723727837935807,0.5906622985529687,True
OMED,2015Q1,-0.49,-0.53,/Users/vazea/Desktop/NNW/transcripts_by_company/ONCOMED_PHARMACEUTICALS_INC_2015Q1.txt,0.1701632831069419,0.0591774029640935,0.7706593139289646,False
GNC,2017Q4,1.35,1.35,/Users/vazea/Desktop/NNW/transcripts_by_company/GNC_HOLDINGS_INC_2017Q4.txt,0.46175849565373694,0.08941501197673078,0.44882649236953226,False
ELGX,2018Q4,-7.1,-0.68,/Users/vazea/Desktop/NNW/transcripts_by_company/ENDOLOGIX_INC_2018Q4.txt,0.1252101027313379,0.2428824703619941,0.631907426906668,True
PFE,2023Q2,0.67,0.59,/Users/vazea/Desktop/NNW/transcripts_by_company/PFIZER_INC_2023Q2.txt,0.22917560582936947,0.015330365264413066,0.7554940289062174,False
CLSN,2021Q1,-0.09,-0.08,/Users/vazea/Desktop/NNW/transcripts_by_company/CELSION_CORP_2021Q1.txt,0.09916516070510949,0.14506141058216152,0.755773428712729,True
GNTX,2017Q3,0.31,0.31,/Users/vazea/Desktop/NNW/transcripts_by_company/GENTEX_CORP_2017Q3.txt,0.4524322898435909,0.13729845108500327,0.4102692590714059,True
QNST,2012Q1,0.24,0.23,/Users/vazea/Desktop/NNW/transcripts_by_company/QUINSTREET_INC_2012Q1.txt,0.10392827467918668,0.16940035859780753,0.7266713667230058,True
MELI,2021Q2,1.37,0.22,/Users/vazea/Desktop/NNW/transcripts_by_company/MERCADOLIBRE_INC_2021Q2.txt,0.0993020468619985,0.09535318428250708,0.8053447688554944,False
TEAM,2017Q3,0.08,0.06,/Users/vazea/Desktop/NNW/transcripts_by_company/ATLASSIAN_CORPORATION_PLC_2017Q3.txt,0.3629775140535798,0.15246438562199546,0.4845581003244247,True
XYL,2017Q4,2.4,2.4,/Users/vazea/Desktop/NNW/transcripts_by_company/XYLEM_INC_2017Q4.txt,0.25857041423394517,0.22916351430388815,0.5122660714621667,True
ASPU,2020Q2,-0.03,-0.07,/Users/vazea/Desktop/NNW/transcripts_by_company/ASPEN_GROUP_INC_2020Q2.txt,0.1654041361492497,0.36597793387001537,0.46861792998073487,True
RTN,2012Q4,5.71,5.57,/Users/vazea/Desktop/NNW/transcripts_by_company/RAYTHEON_CO_2012Q4.txt,0.26884300097186387,0.12460504193725129,0.6065519570908848,True
WWW,2015Q1,0.37,0.34,/Users/vazea/Desktop/NNW/transcripts_by_company/WOLVERINE_WORLD_WIDE_INC_2015Q1.txt,0.17583988510091747,0.1285486152407269,0.6956114996583556,True
SPTN,2022Q2,0.66,0.57,/Users/vazea/Desktop/NNW/transcripts_by_company/SPARTANNASH_CO_2022Q2.txt,0.12835569792514318,0.07319371345322603,0.7984505886216308,False
PCTI,2021Q1,0.0,-0.01,/Users/vazea/Desktop/NNW/transcripts_by_company/PCTEL_INC_2021Q1.txt,0.15254113566253577,0.14416855496199824,0.703290309375466,True
CVGI,2006Q3,0.84,0.7,/Users/vazea/Desktop/NNW/transcripts_by_company/COMMERCIAL_VEHICLE_GROUP_INC_2006Q3.txt,0.4295885817545444,0.3151123186154861,0.2552990996299695,True
SCS,2008Q2,0.25,0.24,/Users/vazea/Desktop/NNW/transcripts_by_company/STEELCASE_INC_2008Q2.txt,0.3289519534690451,0.24610687683189023,0.4249411696990647,True
ROLL,2006Q4,1.06,1.01,/Users/vazea/Desktop/NNW/transcripts_by_company/RBC_BEARINGS_INC_2006Q4.txt,0.22808492393691573,0.20776945388386014,0.5641456221792241,True
PCG,2004Q1,0.41,0.48,/Users/vazea/Desktop/NNW/transcripts_by_company/PGE_CORP_2004Q1.txt,0.19356603196324285,0.27118840897746777,0.5352455590592894,True
QCOR,2010Q4,0.6,0.59,/Users/vazea/Desktop/NNW/transcripts_by_company/QUESTCOR_PHARMACEUTICALS_2010Q4.txt,0.12839127873781647,0.1257294362390765,0.745879285023107,True
AER,2023Q2,2.56,2.05,/Users/vazea/Desktop/NNW/transcripts_by_company/AERCAP_HOLDINGS_NV_2023Q2.txt,0.14613659796327816,0.013673956202357581,0.8401894458343643,False
SBUX,2007Q1,0.26,0.26,/Users/vazea/Desktop/NNW/transcripts_by_company/STARBUCKS_CORP_2007Q1.txt,0.268395560384503,0.10587969783897669,0.6257247417765204,True
ABCO,2011Q2,0.3,0.29,/Users/vazea/Desktop/NNW/transcripts_by_company/ADVISORY_BOARD_CO_2011Q2.txt,0.06357579390583536,0.2627281668526917,0.673696039241473,True
MSM,2018Q3,1.39,1.4,/Users/vazea/Desktop/NNW/transcripts_by_company/MSC_INDUSTRIAL_DIRECT_CO_INC_2018Q3.txt,0.04610297994735252,0.09156516674598215,0.8623318533066654,False
KMX,2016Q2,0.82,0.76,/Users/vazea/Desktop/NNW/transcripts_by_company/CARMAX_INC_2016Q2.txt,0.2641616777155537,0.28950332799699674,0.4463349942874495,True
PFBC,2008Q3,-0.35,-0.14,/Users/vazea/Desktop/NNW/transcripts_by_company/PREFERRED_BANK_LOS_ANGELES_2008Q3.txt,0.11628819947971748,0.17113458120122796,0.7125772193190546,True
MCG,2021Q3,-0.72,-0.2,/Users/vazea/Desktop/NNW/transcripts_by_company/SOHO_HOUSE_CO_INC_2021Q3.txt,0.3153699515748227,0.20706224931583442,0.4775677991093429,True
IDT,2014Q3,0.37,0.28,/Users/vazea/Desktop/NNW/transcripts_by_company/IDT_CORP_2014Q3.txt,0.3325135214049226,0.2810248659738142,0.38646161262126316,True
RSLS,2023Q2,-1.08,-1.79,/Users/vazea/Desktop/NNW/transcripts_by_company/RESHAPE_LIFESCIENCES_INC_2023Q2.txt,0.1954162245786576,0.14378328205485497,0.6608004933664875,True
APYX,2021Q2,-0.12,-0.15,/Users/vazea/Desktop/NNW/transcripts_by_company/APYX_MEDICAL_CORP_2021Q2.txt,0.3293619477471917,0.44966686824793617,0.2209711840048722,True
MDT,2023Q4,5.29,5.28,/Users/vazea/Desktop/NNW/transcripts_by_company/MEDTRONIC_PLC_2023Q4.txt,0.31714398979664304,0.15809493733993507,0.5247610728634219,True
IMPV,2014Q3,-0.1,-0.29,/Users/vazea/Desktop/NNW/transcripts_by_company/IMPERVA_INC_2014Q3.txt,0.39498591208384887,0.38651988280070176,0.21849420511544942,True
STXS,2011Q4,-0.58,-0.62,/Users/vazea/Desktop/NNW/transcripts_by_company/STEREOTAXIS_INC_2011Q4.txt,0.12557965670158205,0.21386196848434436,0.6605583748140735,True
CSCO,2010Q2,0.4,0.35,/Users/vazea/Desktop/NNW/transcripts_by_company/CISCO_SYSTEMS_INC_2010Q2.txt,0.03338608630698276,0.11587870174968763,0.8507352119433296,True
NICE,2022Q2,1.86,1.8,/Users/vazea/Desktop/NNW/transcripts_by_company/NICE_LTD_2022Q2.txt,0.008607640586611488,0.23550538585309125,0.7558869735602973,True
OUST,2021Q3,-0.08,-0.13,/Users/vazea/Desktop/NNW/transcripts_by_company/OUSTER_INC_2021Q3.txt,0.30109536580071744,0.21595201715152998,0.4829526170477526,True
IPCC,2011Q1,0.63,1.06,/Users/vazea/Desktop/NNW/transcripts_by_company/INFINITY_PROPERTY_AND_CSLTY_CORP_2011Q1.txt,0.17336822819585995,0.07029305667865941,0.7563387151254807,False
STRA,2005Q3,0.44,0.42,/Users/vazea/Desktop/NNW/transcripts_by_company/STRAYER_EDUCATION_2005Q3.txt,0.07507023639282161,0.3173263433333573,0.6076034202738211,True
VZ,2016Q2,0.94,0.93,/Users/vazea/Desktop/NNW/transcripts_by_company/VERIZON_COMMUNICATIONS_INC_2016Q2.txt,0.1954973470016562,0.25451816758167184,0.549984485416672,True
SRGA,2022Q4,-7.19,-7.84,/Users/vazea/Desktop/NNW/transcripts_by_company/SURGALIGN_HOLDINGS_INC_2022Q4.txt,0.1516589647364927,0.37498723359582387,0.47335380166768337,True
EFOI,2009Q2,-0.16,-0.05,/Users/vazea/Desktop/NNW/transcripts_by_company/ENERGY_FOCUS_INC_2009Q2.txt,0.17677074410006685,0.2039426934824442,0.6192865624174889,True
AVNW,2013Q3,0.02,0.04,/Users/vazea/Desktop/NNW/transcripts_by_company/AVIAT_NETWORKS_INC_2013Q3.txt,0.1708696306287625,0.10792808690923775,0.7212022824619998,True
AMRX,2021Q2,0.25,0.18,/Users/vazea/Desktop/NNW/transcripts_by_company/AMNEAL_PHARMACEUTICALS_INC_2021Q2.txt,0.287976383461314,0.20381541219054627,0.5082082043481397,True
UDMY,2022Q1,-0.08,-0.15,/Users/vazea/Desktop/NNW/transcripts_by_company/UDEMY_INC_2022Q1.txt,0.08460188478837104,0.18950563117892827,0.7258924840327007,True
CAMP,2013Q3,0.14,0.11,/Users/vazea/Desktop/NNW/transcripts_by_company/CALAMP_CORP_2013Q3.txt,0.18062876777738526,0.12853004240429142,0.6908411898183233,True
CFR,2015Q4,4.28,4.5,/Users/vazea/Desktop/NNW/transcripts_by_company/CULLENFROST_BANKERS_INC_2015Q4.txt,0.12497730774068817,0.1320457682472683,0.7429769240120435,True
AMSC,2007Q4,-1.04,-1.0,/Users/vazea/Desktop/NNW/transcripts_by_company/AMERICAN_SUPERCONDUCTOR_CORP_2007Q4.txt,0.24387671237865138,0.16179156374489692,0.5943317238764517,True
VCBI,2011Q4,0.71,0.71,/Users/vazea/Desktop/NNW/transcripts_by_company/VIRGINIA_COMM_BANCORP_INC_2011Q4.txt,0.10817089363147903,0.3712972436920236,0.5205318626764974,True
DSPG,2009Q2,0.03,-0.12,/Users/vazea/Desktop/NNW/transcripts_by_company/DSP_GROUP_INC_2009Q2.txt,0.07084086890229406,0.03469276499043552,0.8944663661072705,False
GLDD,2015Q1,-0.14,-0.02,/Users/vazea/Desktop/NNW/transcripts_by_company/GREAT_LAKES_DREDGE_DOCK_CORP_2015Q1.txt,0.22802546913568417,0.13874623848589326,0.6332282923784225,True
WIND,2007Q2,0.11,0.09,/Users/vazea/Desktop/NNW/transcripts_by_company/WIND_RIVER_SYSTEMS_INC_2007Q2.txt,0.2074988595315992,0.42052398163076304,0.37197715883763777,True
PES,2018Q1,-0.09,-0.13,/Users/vazea/Desktop/NNW/transcripts_by_company/PIONEER_ENERGY_SERVICES_CORP_2018Q1.txt,0.04578297581622255,0.06488636078797279,0.8893306633958046,False
HFWA,2016Q1,0.3,0.29,/Users/vazea/Desktop/NNW/transcripts_by_company/HERITAGE_FINANCIAL_CORP_2016Q1.txt,0.35825645114347054,0.5875542800283693,0.05418926882816022,True
CTLT,2016Q2,0.36,0.35,/Users/vazea/Desktop/NNW/transcripts_by_company/CATALENT_INC_2016Q2.txt,0.23605483581837375,0.2657606103710633,0.498184553810563,True
USAP,2009Q2,0.05,-0.12,/Users/vazea/Desktop/NNW/transcripts_by_company/UNIVERSAL_STAINLESS_ALLOY_PROD_2009Q2.txt,0.14395374649918852,0.09085731771803975,0.7651889357827718,False
FCH,2012Q2,0.02,-0.12,/Users/vazea/Desktop/NNW/transcripts_by_company/FELCOR_LODGING_TRUST_INC_2012Q2.txt,0.026996433970215016,0.2209453415586637,0.7520582244711214,True
IHR,2006Q3,0.42,0.11,/Users/vazea/Desktop/NNW/transcripts_by_company/INTERSTATE_HOTELS_RESORTS_INC_2006Q3.txt,0.3132412751809329,0.11647604518511097,0.5702826796339561,True
RGEN,2017Q1,0.15,0.13,/Users/vazea/Desktop/NNW/transcripts_by_company/REPLIGEN_CORP_2017Q1.txt,0.21058533278490957,0.10026243771180414,0.6891522295032864,True
LQDT,2023Q3,0.28,0.25,/Users/vazea/Desktop/NNW/transcripts_by_company/LIQUIDITY_SERVICES_INC_2023Q3.txt,0.26913343247859656,0.22832350615901353,0.5025430613623899,True
CNQR,2013Q4,0.86,0.86,/Users/vazea/Desktop/NNW/transcripts_by_company/CONCUR_TECHNOLOGIES_INC_2013Q4.txt,0.19997310255797424,0.02867380526350308,0.7713530921785227,False
DGICA,2006Q4,1.57,1.51,/Users/vazea/Desktop/NNW/transcripts_by_company/DONEGAL_GROUP_INC_2006Q4.txt,0.04152062010661266,0.04046583246425249,0.9180135474291349,False
SMPL,2018Q1,0.14,0.15,/Users/vazea/Desktop/NNW/transcripts_by_company/SIMPLY_GOOD_FOODS_CO_2018Q1.txt,0.15056914193695556,0.2336812869786428,0.6157495710844016,True
SVR,2006Q1,0.17,0.15,/Users/vazea/Desktop/NNW/transcripts_by_company/SYNIVERSE_HOLDINGS_INC_2006Q1.txt,0.27611516449599655,0.11289985822372796,0.6109849772802756,True
CHEF,2014Q2,0.18,0.2,/Users/vazea/Desktop/NNW/transcripts_by_company/CHEFS_WAREHOUSE_INC_2014Q2.txt,0.05169362768803915,0.28538104181904517,0.6629253304929157,True
IHRT,2020Q1,-11.6,-0.24,/Users/vazea/Desktop/NNW/transcripts_by_company/IHEARTMEDIA_INC_2020Q1.txt,0.15706978756665857,0.1731505041476123,0.6697797082857291,True
SOL,2009Q1,-0.44,0.01,/Users/vazea/Desktop/NNW/transcripts_by_company/RENESOLA_LTD_2009Q1.txt,0.0790294969353361,0.1106176011030457,0.8103529019616181,True
KSWS,2002Q3,0.42,0.3,/Users/vazea/Desktop/NNW/transcripts_by_company/KSWISS_INC_2002Q3.txt,0.2883418799150898,0.2779256591733586,0.43373246091155154,True
SDGR,2021Q1,0.0,-0.17,/Users/vazea/Desktop/NNW/transcripts_by_company/SCHRODINGER_INC_2021Q1.txt,0.17242117552042593,0.20579308696909324,0.6217857375104808,True
HIBB,2023Q4,9.62,9.75,/Users/vazea/Desktop/NNW/transcripts_by_company/HIBBETT_INC_2023Q4.txt,0.2734867546188187,0.6296507266541644,0.0968625187270169,True
AET,2014Q1,1.98,1.55,/Users/vazea/Desktop/NNW/transcripts_by_company/AETNA_INC_2014Q1.txt,0.2666728390699405,0.1251188250778369,0.6082083358522227,True
IP,2016Q3,0.91,0.94,/Users/vazea/Desktop/NNW/transcripts_by_company/INTERNATIONAL_PAPER_CO_2016Q3.txt,0.45477533561991734,0.05750172483192518,0.4877229395481575,False
AMZN,2006Q1,0.12,0.11,/Users/vazea/Desktop/NNW/transcripts_by_company/AMAZONCOM_INC_2006Q1.txt,0.40856664504925005,0.37600832473504275,0.21542503021570725,True
DASH,2023Q3,-0.19,-0.39,/Users/vazea/Desktop/NNW/transcripts_by_company/DOORDASH_INC_2023Q3.txt,0.06446692425104321,0.1447492791663188,0.7907837965826381,True
RESP,2003Q3,0.46,0.46,/Users/vazea/Desktop/NNW/transcripts_by_company/RESPIRONICS_INC_2003Q3.txt,0.25124728653373063,0.0679303129048934,0.680822400561376,False
FLDR,2010Q4,-0.62,0.12,/Users/vazea/Desktop/NNW/transcripts_by_company/FLANDERS_CORPORATION_2010Q4.txt,0.485788718456957,0.22265325163803468,0.2915580299050084,True
QLYS,2014Q1,0.05,0.03,/Users/vazea/Desktop/NNW/transcripts_by_company/QUALYS_INC_2014Q1.txt,0.23623174587543289,0.18382923123490805,0.5799390228896592,True
EXPO,2005Q1,0.45,0.42,/Users/vazea/Desktop/NNW/transcripts_by_company/EXPONENT_INC_2005Q1.txt,0.4937810197725849,0.16839618266363612,0.337822797563779,True
GWW,2022Q4,29.66,29.5,/Users/vazea/Desktop/NNW/transcripts_by_company/WW_GRAINGER_INC_2022Q4.txt,0.15543432579497193,0.26139472248171225,0.5831709517233158,True
SOL,2019Q4,-0.22,0.07,/Users/vazea/Desktop/NNW/transcripts_by_company/EMEREN_GROUP_LTD_2019Q4.txt,0.34510284656252543,0.13314254846616738,0.5217546049713072,True
BLK,2017Q3,5.92,5.51,/Users/vazea/Desktop/NNW/transcripts_by_company/BLACKROCK_INC_2017Q3.txt,0.4395908649639022,0.353647350331628,0.20676178470446982,True
VIRT,2018Q3,0.22,0.21,/Users/vazea/Desktop/NNW/transcripts_by_company/VIRTU_FINANCIAL_INC_2018Q3.txt,0.0974722286042951,0.23300043534969664,0.6695273360460083,True
CSGS,2010Q3,0.59,0.56,/Users/vazea/Desktop/NNW/transcripts_by_company/CSG_SYSTEMS_INTERNATIONAL_INC_2010Q3.txt,0.15858075199243435,0.07148217028524248,0.7699370777223231,False
VRNT,2022Q4,2.28,2.25,/Users/vazea/Desktop/NNW/transcripts_by_company/VERINT_SYSTEMS_INC_2022Q4.txt,0.45783927367082716,0.26317273520289464,0.27898799112627815,True
ALK,2009Q3,2.33,2.25,/Users/vazea/Desktop/NNW/transcripts_by_company/ALASKA_AIR_GROUP_INC_2009Q3.txt,0.17559845561547135,0.14881795278818943,0.6755835915963392,True
BIO,2018Q4,5.84,5.46,/Users/vazea/Desktop/NNW/transcripts_by_company/BIO_RAD_LABORATORIES_INC_2018Q4.txt,0.30791185798545934,0.5932870502802372,0.0988010917343034,True
OPCH,2021Q3,0.2,0.2,/Users/vazea/Desktop/NNW/transcripts_by_company/OPTION_CARE_HEALTH_INC_2021Q3.txt,0.3255044882498315,0.11494986793236804,0.5595456438178005,True
MSG,2019Q2,3.42,2.6,/Users/vazea/Desktop/NNW/transcripts_by_company/MADISON_SQUARE_GARDEN_SPORTS_COR_2019Q2.txt,0.10002172645187261,0.07071101892978014,0.8292672546183473,False
SFM,2013Q3,0.13,0.1,/Users/vazea/Desktop/NNW/transcripts_by_company/SPROUTS_FARMERS_MARKET_INC_2013Q3.txt,0.3086691002752189,0.10756447712192269,0.5837664226028585,True
SNV,2007Q1,0.45,0.46,/Users/vazea/Desktop/NNW/transcripts_by_company/SYNOVUS_FINANCIAL_CORPORATIO_2007Q1.txt,0.25178858738482063,0.14241647973708355,0.6057949328780958,True
IDCC,2003Q4,0.58,0.62,/Users/vazea/Desktop/NNW/transcripts_by_company/INTERDIGITAL_COMMUNICATIONS_2003Q4.txt,0.11180290119768094,0.16325269612888496,0.7249444026734342,True
DVAX,2011Q2,-0.09,-0.1,/Users/vazea/Desktop/NNW/transcripts_by_company/DYNAVAX_TECHNOLOGIES_CORP_2011Q2.txt,0.12104871495066184,0.25479716231438254,0.6241541227349556,True
MMI,2015Q1,0.35,0.19,/Users/vazea/Desktop/NNW/transcripts_by_company/MARCUS_MILLICHAP_INC_2015Q1.txt,0.4356045592699742,0.040209797341968265,0.5241856433880575,False
PII,2007Q3,1.07,1.01,/Users/vazea/Desktop/NNW/transcripts_by_company/POLARIS_INC_2007Q3.txt,0.08934960778969096,0.08937078911358409,0.821279603096725,False
TLF,2003Q3,0.06,0.07,/Users/vazea/Desktop/NNW/transcripts_by_company/LEATHER_FACTORY_INC_THE_2003Q3.txt,0.2848911611411708,0.18603712684839105,0.5290717120104381,True
GPX,2008Q2,0.18,0.19,/Users/vazea/Desktop/NNW/transcripts_by_company/GP_STRATEGIES_CORP_2008Q2.txt,0.21708938114624507,0.06398203991514256,0.7189285789386124,False
SMG,2017Q3,2.63,2.52,/Users/vazea/Desktop/NNW/transcripts_by_company/SCOTTS_MIRACLEGRO_CO_2017Q3.txt,0.33969337582277737,0.2574097046928982,0.40289691948432443,True
MITK,2020Q2,0.13,0.1,/Users/vazea/Desktop/NNW/transcripts_by_company/MITEK_SYSTEMS_INC_2020Q2.txt,0.29580591699564507,0.08908943199115328,0.6151046510132017,False
TPC,2005Q3,-1.73,-1.35,/Users/vazea/Desktop/NNW/transcripts_by_company/SUNCOM_WIRELESS_HOLDINGS_INC_2005Q3.txt,0.16761993812812745,0.11200227405734689,0.7203777878145257,True
SCSC,2006Q1,0.72,0.71,/Users/vazea/Desktop/NNW/transcripts_by_company/SCANSOURCE_INC_2006Q1.txt,0.11826603247448102,0.058240787775950556,0.8234931797495685,False
EVC,2015Q2,0.06,0.05,/Users/vazea/Desktop/NNW/transcripts_by_company/ENTRAVISION_COMMUNICATIONS_CORP_2015Q2.txt,0.40847306589850935,0.05683832085292584,0.5346886132485648,False
INFO,2018Q2,0.61,0.57,/Users/vazea/Desktop/NNW/transcripts_by_company/IHS_MARKIT_LTD_2018Q2.txt,0.3954686248043022,0.31814017295904146,0.2863912022366563,True
XRX,2004Q1,0.25,0.15,/Users/vazea/Desktop/NNW/transcripts_by_company/XEROX_CORP_2004Q1.txt,0.22490569003507432,0.17376077131081658,0.6013335386541091,True
IBM,2018Q4,13.81,13.8,/Users/vazea/Desktop/NNW/transcripts_by_company/INTERNATIONAL_BUSINESS_MACHINES_2018Q4.txt,0.19251916813941908,0.10960998878703657,0.6978708430735444,True
BEN,2016Q3,0.77,0.67,/Users/vazea/Desktop/NNW/transcripts_by_company/FRANKLIN_RESOURCES_INC_2016Q3_1.txt,0.07376974398721525,0.27672583045397103,0.6495044255588137,True
CMTL,2004Q2,0.34,0.26,/Users/vazea/Desktop/NNW/transcripts_by_company/COMTECH_TELECOMMUNICATIONS_CORP_2004Q2.txt,0.3393807765200407,0.5894223807559137,0.07119684272404558,True
AZN,2007Q1,1.02,1.04,/Users/vazea/Desktop/NNW/transcripts_by_company/ASTRAZENECA_PLC_2007Q1.txt,0.43651000851932964,0.14498419361889736,0.418505797861773,True
CNQR,2013Q2,0.15,0.16,/Users/vazea/Desktop/NNW/transcripts_by_company/CONCUR_TECHNOLOGIES_INC_2013Q2.txt,0.0794523116420263,0.366540987783623,0.5540067005743508,True
CSOD,2013Q3,-0.04,-0.03,/Users/vazea/Desktop/NNW/transcripts_by_company/CORNERSTONE_ONDEMAND_INC_2013Q3.txt,0.09327552489702774,0.30153391572694915,0.6051905593760232,True
UFCS,2018Q2,-0.03,0.2,/Users/vazea/Desktop/NNW/transcripts_by_company/UNITED_FIRE_GROUP_INC_2018Q2.txt,0.0958840088687625,0.19663560777668826,0.7074803833545493,True
AMT,2013Q2,0.25,0.52,/Users/vazea/Desktop/NNW/transcripts_by_company/AMERICAN_TOWER_CORP_2013Q2.txt,0.14187386007763114,0.17577827505956833,0.6823478648628005,True
FLY,2018Q2,0.87,0.73,/Users/vazea/Desktop/NNW/transcripts_by_company/FLY_LEASING_LTD_2018Q2.txt,0.19575691817333,0.5345326679933639,0.2697104138333062,True
ABMD,2006Q4,-0.64,-0.63,/Users/vazea/Desktop/NNW/transcripts_by_company/ABIOMED_INC_2006Q4.txt,0.17824200172644317,0.061450260063382244,0.7603077382101745,False
ETH,2005Q1,0.51,0.5,/Users/vazea/Desktop/NNW/transcripts_by_company/ETHAN_ALLEN_INTERIORS_INC_2005Q1.txt,0.0684725788355627,0.38027438565783805,0.5512530355065992,True
GTN,2009Q2,-0.22,-0.11,/Users/vazea/Desktop/NNW/transcripts_by_company/GRAY_TELEVISION_INC_2009Q2.txt,0.43238770347540323,0.15087829699896946,0.4167339995256273,True
LXU,2011Q3,0.27,0.7,/Users/vazea/Desktop/NNW/transcripts_by_company/LSB_INDUSTRIES_INC_2011Q3.txt,0.10059103274924713,0.12307067520917694,0.7763382920415759,True
LSTR,2015Q2,0.92,0.89,/Users/vazea/Desktop/NNW/transcripts_by_company/LANDSTAR_SYSTEM_INC_2015Q2.txt,0.1844004292625201,0.058427312751263054,0.7571722579862169,False
ARIA,2015Q2,-0.33,-0.28,/Users/vazea/Desktop/NNW/transcripts_by_company/ARIAD_PHARMACEUTICALS_INC_2015Q2.txt,0.11701418829910513,0.1437145031162447,0.7392713085846502,True
CVX,2016Q1,-0.11,-0.15,/Users/vazea/Desktop/NNW/transcripts_by_company/CHEVRON_CORP_2016Q1.txt,0.3622575301897584,0.05143399717514019,0.5863084726351014,False
DSW,2015Q2,0.37,0.32,/Users/vazea/Desktop/NNW/transcripts_by_company/DSW_INC_2015Q2.txt,0.11505295684596438,0.33958140282874316,0.5453656403252924,True
GMLP,2015Q2,0.65,0.69,/Users/vazea/Desktop/NNW/transcripts_by_company/GOLAR_LNG_PARTNERS_LP_2015Q2.txt,0.21526564018629485,0.15072101304638502,0.6340133467673201,True
ENPH,2022Q2,1.07,0.86,/Users/vazea/Desktop/NNW/transcripts_by_company/ENPHASE_ENERGY_INC_2022Q2.txt,0.4838470309053095,0.28426546833521665,0.23188750075947379,True
BOH,2020Q2,0.98,0.91,/Users/vazea/Desktop/NNW/transcripts_by_company/BANK_OF_HAWAII_CORP_2020Q2.txt,0.1546351555847448,0.164366099960462,0.6809987444547931,True
AZZ,2022Q2,0.76,0.65,/Users/vazea/Desktop/NNW/transcripts_by_company/AZZ_INC_2022Q2.txt,0.22744115657442224,0.22301957581857954,0.5495392676069982,True
AMRI,2015Q3,0.14,0.13,/Users/vazea/Desktop/NNW/transcripts_by_company/ALBANY_MOLECULAR_RESEARCH_2015Q3.txt,0.10088315995270271,0.10861131522228416,0.7905055248250131,True
XLNX,2009Q3,0.32,0.32,/Users/vazea/Desktop/NNW/transcripts_by_company/XILINX_INC_2009Q3.txt,0.1788621125988224,0.13448481425364092,0.6866530731475368,True
TDC,2016Q1,0.47,0.36,/Users/vazea/Desktop/NNW/transcripts_by_company/TERADATA_CORP_2016Q1.txt,0.27786213867346204,0.07543127938607724,0.6467065819404607,False
PLXT,2009Q4,-0.19,-0.25,/Users/vazea/Desktop/NNW/transcripts_by_company/PLX_TECHNOLOGY_INC_2009Q4.txt,0.07322719720951389,0.2814852165982364,0.6452875861922498,True
LLNW,2011Q3,-0.02,-0.06,/Users/vazea/Desktop/NNW/transcripts_by_company/EDGIO_INC_2011Q3.txt,0.15513432126043822,0.11996115002647127,0.7249045287130905,True
FSYS,2014Q1,-0.1,-0.05,/Users/vazea/Desktop/NNW/transcripts_by_company/FUEL_SYSTEMS_SOLUTIONS_INC_2014Q1.txt,0.23781623368252403,0.27767405279704366,0.4845097135204323,True
RIG,2004Q3,0.08,0.05,/Users/vazea/Desktop/NNW/transcripts_by_company/TRANSOCEAN_INC_2004Q3.txt,0.03938002615792091,0.012849133118082244,0.9477708407239969,False
UCBI,2016Q4,1.48,1.47,/Users/vazea/Desktop/NNW/transcripts_by_company/UNITED_COMMUNITY_BANKS_INC_2016Q4.txt,0.26582320729882297,0.37704300582314637,0.3571337868780307,True
BBT,2005Q4,3.04,3.06,/Users/vazea/Desktop/NNW/transcripts_by_company/BBT_CORP_2005Q4.txt,0.216060399567081,0.16337261772509246,0.6205669827078265,True
WAAS,2018Q2,-0.19,-0.22,/Users/vazea/Desktop/NNW/transcripts_by_company/AQUAVENTURE_HOLDINGS_LTD_2018Q2.txt,0.12652294362573274,0.24343469433423723,0.6300423620400301,True
FB,2018Q3,1.76,1.47,/Users/vazea/Desktop/NNW/transcripts_by_company/META_PLATFORMS_INC_2018Q3.txt,0.19697873726468074,0.013415793312387044,0.7896054694229322,False
USX,2020Q4,0.39,0.43,/Users/vazea/Desktop/NNW/transcripts_by_company/US_XPRESS_ENTERPRISES_INC_2020Q4.txt,0.43108919545827873,0.03326266328452564,0.5356481412571956,False
IDCC,2006Q3,0.4,0.4,/Users/vazea/Desktop/NNW/transcripts_by_company/INTERDIGITAL_COMMUNICATIONS_2006Q3.txt,0.06010650093371311,0.6334615277383461,0.30643197132794087,True
FLDM,2021Q1,-0.25,-0.12,/Users/vazea/Desktop/NNW/transcripts_by_company/STANDARD_BIOTOOLS_INC_2021Q1.txt,0.1984762596864165,0.11434062453301025,0.6871831157805732,True
GIII,2020Q3,1.99,1.94,/Users/vazea/Desktop/NNW/transcripts_by_company/GIII_APPAREL_GROUP_LTD_2020Q3.txt,0.2915225781006205,0.4112851589878843,0.29719226291149514,True
APOG,2020Q3,0.57,0.77,/Users/vazea/Desktop/NNW/transcripts_by_company/APOGEE_ENTERPRISES_INC_2020Q3.txt,0.10712777360855245,0.09612265059690604,0.7967495757945415,False
STRM,2009Q4,-0.15,-0.1,/Users/vazea/Desktop/NNW/transcripts_by_company/STREAMLINE_HEALTH_SOLUTIONS_INC_2009Q4.txt,0.14928988913030272,0.17497803739819456,0.6757320734715027,True
AZO,2021Q3,26.48,19.49,/Users/vazea/Desktop/NNW/transcripts_by_company/AUTOZONE_INC_2021Q3.txt,0.3406126986218805,0.18691415855338558,0.47247314282473396,True
PXS,2022Q3,0.42,0.55,/Users/vazea/Desktop/NNW/transcripts_by_company/PYXIS_TANKERS_INC_2022Q3.txt,0.1746784945418953,0.09382366123376487,0.7314978442243398,False
FSTR,2021Q3,0.22,0.27,/Users/vazea/Desktop/NNW/transcripts_by_company/L_B_FOSTER_CO_2021Q3.txt,0.10065065423145471,0.16059607367643636,0.738753272092109,True
RUTH,2021Q3,0.2,0.14,/Users/vazea/Desktop/NNW/transcripts_by_company/RUTHS_HOSPITALITY_GROUP_INC_2021Q3.txt,0.07952119012660118,0.06661789951924935,0.8538609103541495,False
NNN,2018Q4,1.77,1.77,/Users/vazea/Desktop/NNW/transcripts_by_company/NNN_REIT_INC_2018Q4.txt,0.2972243631098898,0.4508204997814701,0.25195513710864004,True
CELG,2012Q1,1.08,1.13,/Users/vazea/Desktop/NNW/transcripts_by_company/CELGENE_CORP_2012Q1.txt,0.507349254874135,0.20093800357163236,0.29171274155423266,True
CAMT,2020Q2,0.16,0.15,/Users/vazea/Desktop/NNW/transcripts_by_company/CAMTEK_LTD_2020Q2.txt,0.23621460425752094,0.16913886262490802,0.594646533117571,True
DV,2022Q1,0.03,0.01,/Users/vazea/Desktop/NNW/transcripts_by_company/DOUBLEVERIFY_HOLDINGS_INC_2022Q1.txt,0.2821024477723893,0.06835956194247073,0.64953799028514,False
PBI,2009Q3,0.55,0.54,/Users/vazea/Desktop/NNW/transcripts_by_company/PITNEY_BOWES_INC_2009Q3.txt,0.13132993114511343,0.23569276107822368,0.6329773077766628,True
CNP,2016Q1,0.32,0.32,/Users/vazea/Desktop/NNW/transcripts_by_company/CENTERPOINT_ENERGY_INC_2016Q1.txt,0.08052709975595741,0.060331034341876005,0.8591418659021666,False
GGP,2002Q3,0.71,0.71,/Users/vazea/Desktop/NNW/transcripts_by_company/GENERAL_GROWTH_PROPERTIES_2002Q3.txt,0.06541930505259018,0.07047594258959966,0.8641047523578101,False
OO,2003Q1,0.05,0.01,/Users/vazea/Desktop/NNW/transcripts_by_company/OAKLEY_2003Q1.txt,0.2741161636326689,0.09269391262088265,0.6331899237464484,False
RRGB,2023Q1,0.25,-0.67,/Users/vazea/Desktop/NNW/transcripts_by_company/RED_ROBIN_GOURMET_BURGERS_INC_2023Q1.txt,0.36520073977745676,0.02306233656850092,0.6117369236540423,False
BCOV,2015Q1,-0.02,-0.05,/Users/vazea/Desktop/NNW/transcripts_by_company/BRIGHTCOVE_INC_2015Q1.txt,0.15511337553423749,0.05994934343738342,0.784937281028379,False
STAN,2012Q4,1.27,1.26,/Users/vazea/Desktop/NNW/transcripts_by_company/STANDARD_PARKING_CORP_2012Q4.txt,0.13158011164258337,0.18193243545901974,0.6864874528983969,True
DDOG,2019Q4,-0.01,-0.12,/Users/vazea/Desktop/NNW/transcripts_by_company/DATADOG_INC_2019Q4.txt,0.08402690191206856,0.23192239498512884,0.6840507031028027,True
ADAP,2023Q2,-0.23,-0.16,/Users/vazea/Desktop/NNW/transcripts_by_company/ADAPTIMMUNE_THERAPEUTICS_PLC_2023Q2.txt,0.3304503081528661,0.06000891743963421,0.6095407744074998,False
FAST,2022Q3,0.5,0.48,/Users/vazea/Desktop/NNW/transcripts_by_company/FASTENAL_CO_2022Q3.txt,0.18191096909703383,0.25719357704944,0.5608954538535261,True
MDRX,2014Q4,0.31,0.31,/Users/vazea/Desktop/NNW/transcripts_by_company/VERADIGM_INC_2014Q4.txt,0.1599176888316563,0.2810618539457919,0.5590204572225519,True
WNS,2009Q4,1.1,1.07,/Users/vazea/Desktop/NNW/transcripts_by_company/WNS_HOLDINGS_LTD_2009Q4.txt,0.16786259745814416,0.31128040074845886,0.520857001793397,True
UPBD,2023Q1,0.83,0.64,/Users/vazea/Desktop/NNW/transcripts_by_company/UPBOUND_GROUP_INC_2023Q1.txt,0.3305219149185741,0.31797818952880047,0.35149989555262545,True
PNW,2007Q3,1.99,1.55,/Users/vazea/Desktop/NNW/transcripts_by_company/PINNACLE_WEST_CAPITAL_CORP_2007Q3.txt,0.14694788930405367,0.14842746508786242,0.7046246456080839,True
CMA,2008Q3,0.18,0.04,/Users/vazea/Desktop/NNW/transcripts_by_company/COMERICA_INC_2008Q3.txt,0.19429984023062732,0.1255621604532685,0.6801379993161042,True
AET,2004Q1,1.75,1.72,/Users/vazea/Desktop/NNW/transcripts_by_company/AETNA_INC_2004Q1_2.txt,0.29322334464295663,0.1689369010098701,0.5378397543471732,True
UBSH,2017Q2,0.46,0.47,/Users/vazea/Desktop/NNW/transcripts_by_company/UNION_BANKSHARES_CORP_2017Q2.txt,0.2716166337722045,0.20404292767415802,0.5243404385536374,True
HA,2014Q3,0.79,0.79,/Users/vazea/Desktop/NNW/transcripts_by_company/HAWAIIAN_HOLDINGS_INC_2014Q3.txt,0.331488038840897,0.2977790217571317,0.37073293940197133,True
OIIM,2015Q3,-0.09,-0.09,/Users/vazea/Desktop/NNW/transcripts_by_company/O2MICRO_INTERNATIONAL_LTD_2015Q3.txt,0.10316424305893687,0.041378663787030506,0.8554570931540326,False
RMD,2022Q1,1.51,1.34,/Users/vazea/Desktop/NNW/transcripts_by_company/RESMED_INC_2022Q1.txt,0.24463449261088702,0.19042257489349018,0.5649429324956228,True
VLTR,2007Q1,0.07,0.07,/Users/vazea/Desktop/NNW/transcripts_by_company/VOLTERRA_SEMICONDUCTOR_CORP_2007Q1.txt,0.2392282900200072,0.1624243848350012,0.5983473251449916,True
GAIA,2008Q1,0.09,0.09,/Users/vazea/Desktop/NNW/transcripts_by_company/GAIAM_INC_2008Q1.txt,0.2028724858142118,0.1789526394011979,0.6181748747845903,True
EDU,2020Q3,0.93,0.78,/Users/vazea/Desktop/NNW/transcripts_by_company/NEW_ORIENTAL_EDUCATION_TECHNOL_2020Q3.txt,0.35667141368754707,0.13717341230906727,0.5061551740033856,True
MLCO,2019Q3,0.17,0.26,/Users/vazea/Desktop/NNW/transcripts_by_company/MELCO_RESORTS_ENTERTAINMENT_LT_2019Q3.txt,0.37998609333284644,0.10271708018479943,0.5172968264823541,True
ARNA,2002Q2,-0.27,-0.23,/Users/vazea/Desktop/NNW/transcripts_by_company/ARENA_PHARMACEUTICALS_INC_2002Q2.txt,0.08084489898053708,0.2074175580310497,0.7117375429884133,True
ADBE,2021Q3,3.11,3.0,/Users/vazea/Desktop/NNW/transcripts_by_company/ADOBE_INC_2021Q3.txt,0.10484300277026874,0.21403510222159616,0.6811218950081351,True
AVNW,2023Q1,0.75,0.73,/Users/vazea/Desktop/NNW/transcripts_by_company/AVIAT_NETWORKS_INC_2023Q1.txt,0.43243064550613436,0.20907369225260228,0.3584956622412633,True
ZEUS,2010Q2,0.3,0.47,/Users/vazea/Desktop/NNW/transcripts_by_company/OLYMPIC_STEEL_INC_2010Q2.txt,0.10160321543610717,0.12139666022312956,0.7770001243407633,True
EA,2018Q3,2.18,2.2,/Users/vazea/Desktop/NNW/transcripts_by_company/ELECTRONIC_ARTS_INC_2018Q3.txt,0.0306857220296772,0.1398781882020221,0.8294360897683006,True
FSYS,2011Q2,0.19,0.12,/Users/vazea/Desktop/NNW/transcripts_by_company/FUEL_SYSTEMS_SOLUTIONS_INC_2011Q2.txt,0.057722545578843744,0.02675845819797049,0.9155189962231858,False
DZSI,2018Q3,0.18,0.16,/Users/vazea/Desktop/NNW/transcripts_by_company/DASAN_ZHONE_SOLUTIONS_INC_2018Q3.txt,0.23693907669109823,0.09897347274014645,0.6640874505687553,False
RNG,2015Q3,0.0,-0.04,/Users/vazea/Desktop/NNW/transcripts_by_company/RINGCENTRAL_INC_2015Q3.txt,0.2632890766713733,0.04650828762454676,0.6902026357040799,False
DIN,2022Q2,1.65,1.65,/Users/vazea/Desktop/NNW/transcripts_by_company/DINE_BRANDS_GLOBAL_INC_2022Q2.txt,0.09649542871354509,0.29469802478856,0.6088065464978949,True
NTRS,2011Q2,0.7,0.68,/Users/vazea/Desktop/NNW/transcripts_by_company/NORTHERN_TRUST_CORP_2011Q2.txt,0.20479632017720228,0.1143255882095751,0.6808780916132227,True
FLWS,2021Q1,-0.1,-0.13,/Users/vazea/Desktop/NNW/transcripts_by_company/1800FLOWERSCOM_INC_2021Q1.txt,0.07564568179690315,0.20591535756810914,0.7184389606349877,True
AVX,2011Q4,1.46,1.4,/Users/vazea/Desktop/NNW/transcripts_by_company/AVX_CORP_2011Q4.txt,0.17559256313704422,0.16154229694960304,0.6628651399133527,True
NVST,2019Q4,1.79,1.74,/Users/vazea/Desktop/NNW/transcripts_by_company/ENVISTA_HOLDINGS_CORP_2019Q4.txt,0.045136859940022256,0.1626984969106811,0.7921646431492966,True
ETR,2008Q2,1.46,1.57,/Users/vazea/Desktop/NNW/transcripts_by_company/ENTERGY_CORP_2008Q2.txt,0.20773698458401563,0.06156709748086254,0.7306959179351219,False
VYYO,2006Q1,-0.5,-0.4,/Users/vazea/Desktop/NNW/transcripts_by_company/VYYO_INC_2006Q1.txt,0.2998946716610848,0.12785977544814947,0.5722455528907657,True
BERY,2021Q1,1.12,0.92,/Users/vazea/Desktop/NNW/transcripts_by_company/BERRY_GLOBAL_GROUP_INC_2021Q1.txt,0.3316607833823975,0.33700114766990635,0.3313380689476962,True
DSX,2017Q4,-0.79,-0.9,/Users/vazea/Desktop/NNW/transcripts_by_company/DIANA_SHIPPING_INC_2017Q4.txt,0.2190557083429801,0.2830484392256502,0.49789585243136975,True
CAT,2006Q4,5.17,5.19,/Users/vazea/Desktop/NNW/transcripts_by_company/CATERPILLAR_INC_2006Q4.txt,0.27815244685746726,0.383927605582197,0.3379199475603358,True
WLB,2014Q1,0.46,-0.09,/Users/vazea/Desktop/NNW/transcripts_by_company/WESTMORELAND_COAL_CO_2014Q1.txt,0.10644203399202913,0.4026265177948495,0.4909314482131214,True
NWL,2023Q2,0.24,0.13,/Users/vazea/Desktop/NNW/transcripts_by_company/NEWELL_BRANDS_INC_2023Q2.txt,0.09995265089112414,0.16906406980537061,0.7309832793035053,True
FN,2021Q3,1.21,1.15,/Users/vazea/Desktop/NNW/transcripts_by_company/FABRINET_2021Q3.txt,0.19815147986933035,0.22230311563111502,0.5795454044995546,True
ENTX,2021Q2,-0.21,-0.12,/Users/vazea/Desktop/NNW/transcripts_by_company/ENTERA_BIO_LTD_2021Q2.txt,0.1779672194344511,0.13049861334863183,0.6915341672169171,True
FCL,2006Q3,0.16,0.18,/Users/vazea/Desktop/NNW/transcripts_by_company/FOUNDATION_COAL_HOLDINGS_INC_2006Q3.txt,0.1374478269321823,0.17421411052147423,0.6883380625463436,True
TNP,2023Q1,5.69,2.79,/Users/vazea/Desktop/NNW/transcripts_by_company/TSAKOS_ENERGY_NAVIGATION_LTD_2023Q1.txt,0.38971394484420424,0.21028981117092355,0.39999624398487227,True
BGG,2009Q2,0.06,0.02,/Users/vazea/Desktop/NNW/transcripts_by_company/BRIGGS_STRATTON_CORP_2009Q2.txt,0.008330643035150248,0.2894976348589392,0.7021717221059105,True
SDRL,2011Q1,0.78,0.67,/Users/vazea/Desktop/NNW/transcripts_by_company/SEADRILL_LTD_2011Q1.txt,0.1603822491514541,0.32303410221132683,0.5165836486372191,True
NLST,2007Q3,-0.03,-0.16,/Users/vazea/Desktop/NNW/transcripts_by_company/NETLIST_INC_2007Q3.txt,0.053232044941346084,0.16787084128205632,0.7788971137765976,True
ARC,2015Q2,0.13,0.12,/Users/vazea/Desktop/NNW/transcripts_by_company/ARC_DOCUMENT_SOLUTIONS_INC_2015Q2.txt,0.3833533354013433,0.19923121056386162,0.4174154540347951,True
KMB,2005Q1,0.93,0.93,/Users/vazea/Desktop/NNW/transcripts_by_company/KIMBERLYCLARK_CORP_2005Q1.txt,0.2364910946693694,0.16169602980138284,0.6018128755292477,True
CMRE,2023Q2,0.56,0.65,/Users/vazea/Desktop/NNW/transcripts_by_company/COSTAMARE_INC_2023Q2.txt,0.13597887817539553,0.19466455464342583,0.6693565671811786,True
NVRO,2020Q1,-0.78,-0.99,/Users/vazea/Desktop/NNW/transcripts_by_company/NEVRO_CORP_2020Q1.txt,0.07864948415913435,0.16005127811473027,0.7612992377261354,True
CADE,2020Q3,0.4,0.2,/Users/vazea/Desktop/NNW/transcripts_by_company/CADENCE_BANCORP_2020Q3.txt,0.2215193104710512,0.2432335859353025,0.5352471035936462,True
IKAN,2009Q4,-0.28,-0.27,/Users/vazea/Desktop/NNW/transcripts_by_company/IKANOS_COMMUNICATIONS_INC_2009Q4.txt,0.06586386321081471,0.09266720132926712,0.8414689354599182,False
VAR,2006Q4,1.85,1.78,/Users/vazea/Desktop/NNW/transcripts_by_company/VARIAN_MEDICAL_SYSTEMS_INC_2006Q4.txt,0.24742082960607514,0.11769899354515156,0.6348801768487733,True
AKER,2014Q4,-0.66,-0.64,/Users/vazea/Desktop/NNW/transcripts_by_company/AKERS_BIOSCIENCES_INC_2014Q4.txt,0.45486711784612355,0.3031112785788701,0.24202160357500635,True
VLO,2008Q1,0.36,0.25,/Users/vazea/Desktop/NNW/transcripts_by_company/VALERO_ENERGY_CORP_2008Q1.txt,0.40810490316065784,0.23721584841097632,0.35467924842836585,True
CENX,2011Q3,0.03,0.16,/Users/vazea/Desktop/NNW/transcripts_by_company/CENTURY_ALUMINUM_CO_2011Q3.txt,0.09420193425492077,0.12157721760749554,0.7842208481375837,True
LKQ,2015Q1,0.36,0.31,/Users/vazea/Desktop/NNW/transcripts_by_company/LKQ_CORP_2015Q1.txt,0.4090540078288969,0.40688997284140377,0.18405601932969934,True
TITN,2020Q3,0.44,0.48,/Users/vazea/Desktop/NNW/transcripts_by_company/TITAN_MACHINERY_INC_2020Q3.txt,0.03293405131793468,0.022259637798203884,0.9448063108838615,False
SAIA,2013Q2,0.54,0.54,/Users/vazea/Desktop/NNW/transcripts_by_company/SAIA_INC_2013Q2.txt,0.15538634751499178,0.1779813361417045,0.6666323163433037,True
ARQL,2014Q3,-0.1,-0.13,/Users/vazea/Desktop/NNW/transcripts_by_company/ARQULE_INC_2014Q3.txt,0.09848979374796824,0.16958980256645392,0.7319204036855778,True
BLUE,2020Q3,-2.94,-3.17,/Users/vazea/Desktop/NNW/transcripts_by_company/BLUEBIRD_BIO_INC_2020Q3.txt,0.028505278972550136,0.33399500383448427,0.6374997171929655,True
EVRG,2020Q3,1.73,1.56,/Users/vazea/Desktop/NNW/transcripts_by_company/EVERGY_INC_2020Q3.txt,0.3073496725839333,0.10784200336353059,0.5848083240525361,True
CBRL,2004Q2,0.57,0.56,/Users/vazea/Desktop/NNW/transcripts_by_company/CBRL_GROUP_INC_2004Q2.txt,0.33467222507013356,0.1588030626217737,0.5065247123080928,True
LVS,2009Q4,0.07,0.07,/Users/vazea/Desktop/NNW/transcripts_by_company/LAS_VEGAS_SANDS_CORP_2009Q4.txt,0.3328743247985888,0.14624725286916265,0.5208784223322486,True
BGS,2015Q1,0.38,0.33,/Users/vazea/Desktop/NNW/transcripts_by_company/BG_FOODS_INC_2015Q1.txt,0.1839522291061668,0.08330150000020826,0.7327462708936249,False
WIFI,2017Q3,-0.09,-0.12,/Users/vazea/Desktop/NNW/transcripts_by_company/BOINGO_WIRELESS_INC_2017Q3.txt,0.22733758491759673,0.20902018118960308,0.5636422338928002,True
HZO,2023Q4,5.21,5.25,/Users/vazea/Desktop/NNW/transcripts_by_company/MARINEMAX_INC_2023Q4.txt,0.4544133832260995,0.18005181154616753,0.36553480522773296,True
GCAP,2015Q4,0.71,0.63,/Users/vazea/Desktop/NNW/transcripts_by_company/GAIN_CAPITAL_HOLDINGS_INC_2015Q4.txt,0.16628203803415476,0.33073459256825594,0.5029833693975894,True
GPC,2010Q1,0.63,0.61,/Users/vazea/Desktop/NNW/transcripts_by_company/GENUINE_PARTS_CO_2010Q1.txt,0.22290723523786254,0.5386008831784432,0.23849188158369428,True
TZOO,2012Q3,0.22,0.22,/Users/vazea/Desktop/NNW/transcripts_by_company/TRAVELZOO_INC_2012Q3.txt,0.13704958987200896,0.3311212397772944,0.5318291703506965,True
VTSS,2013Q3,-0.13,-0.15,/Users/vazea/Desktop/NNW/transcripts_by_company/VITESSE_SEMICONDUCTOR_CORP_2013Q3.txt,0.3532174359881885,0.1599671471891569,0.48681541682265456,True
EOLS,2019Q1,-0.4,-0.68,/Users/vazea/Desktop/NNW/transcripts_by_company/EVOLUS_INC_2019Q1.txt,0.3427065553397236,0.06250644515908244,0.594786999501194,False
IZEA,2017Q3,-0.1,-0.22,/Users/vazea/Desktop/NNW/transcripts_by_company/IZEA_INC_2017Q3.txt,0.24452961908788656,0.1035444121598589,0.6519259687522546,True
CPG,2021Q3,0.24,0.25,/Users/vazea/Desktop/NNW/transcripts_by_company/VEREN_INC_2021Q3.txt,0.18349400578999064,0.13095007370952094,0.6855559205004884,True
AAON,2005Q2,0.24,0.3,/Users/vazea/Desktop/NNW/transcripts_by_company/AAON_INC_2005Q2.txt,0.22956965354437525,0.07577510698610213,0.6946552394695227,False
GMED,2016Q2,0.29,0.29,/Users/vazea/Desktop/NNW/transcripts_by_company/GLOBUS_MEDICAL_INC_2016Q2.txt,0.22796708164782067,0.306780527878882,0.46525239047329736,True
UNP,2010Q2,1.4,1.2,/Users/vazea/Desktop/NNW/transcripts_by_company/UNION_PACIFIC_CORP_2010Q2.txt,0.04670695128787814,0.2514379351673323,0.7018551135447895,True
SMSC,2009Q2,0.46,0.47,/Users/vazea/Desktop/NNW/transcripts_by_company/STANDARD_MICROSYSTEMS_CORP_2009Q2.txt,0.22806267017386822,0.16345758685140063,0.6084797429747312,True
PKD,2014Q4,0.32,0.29,/Users/vazea/Desktop/NNW/transcripts_by_company/PARKER_DRILLING_CO_2014Q4.txt,0.4044472921688917,0.16652824994854354,0.4290244578825647,True
RBNC,2006Q1,0.22,0.22,/Users/vazea/Desktop/NNW/transcripts_by_company/REPUBLIC_BANCORP_INC_2006Q1.txt,0.10274521389901642,0.23434089485179763,0.662913891249186,True
IONQ,2022Q1,-0.09,-0.08,/Users/vazea/Desktop/NNW/transcripts_by_company/IONQ_INC_2022Q1.txt,0.2285643751449903,0.23281125375252829,0.5386243711024814,True
OCIP,2017Q1,0.16,0.13,/Users/vazea/Desktop/NNW/transcripts_by_company/OCI_PARTNERS_LP_2017Q1.txt,0.1904726799800754,0.14632466227700974,0.6632026577429149,True
GNTX,2014Q1,0.47,0.45,/Users/vazea/Desktop/NNW/transcripts_by_company/GENTEX_CORP_2014Q1.txt,0.15927973045551957,0.14800013192317446,0.6927201376213059,True
VAR,2009Q3,0.68,0.63,/Users/vazea/Desktop/NNW/transcripts_by_company/VARIAN_MEDICAL_SYSTEMS_INC_2009Q3.txt,0.3256318589509214,0.29425870861776193,0.3801094324313167,True
TPH,2020Q4,2.17,1.92,/Users/vazea/Desktop/NNW/transcripts_by_company/TRI_POINTE_HOMES_INC_DELAWARE_2020Q4.txt,0.12570831388680404,0.10809044037954424,0.7662012457336518,True
SO,2008Q1,0.47,0.42,/Users/vazea/Desktop/NNW/transcripts_by_company/SOUTHERN_CO_2008Q1.txt,0.2973627557466023,0.3195640767726201,0.3830731674807776,True
IVC,2010Q1,0.23,0.17,/Users/vazea/Desktop/NNW/transcripts_by_company/INVACARE_CORP_2010Q1.txt,0.22852147364378883,0.222735053043764,0.5487434733124472,True
PQ,2012Q3,-0.05,0.01,/Users/vazea/Desktop/NNW/transcripts_by_company/PETROQUEST_ENERGY_INC_2012Q3.txt,0.06157089938085666,0.3936672880764503,0.544761812542693,True
LUX,2007Q2,0.42,0.43,/Users/vazea/Desktop/NNW/transcripts_by_company/LUXOTTICA_GROUP_SPA_2007Q2.txt,0.13540668033798398,0.16319768562150908,0.701395634040507,True
KERN,2020Q2,-0.4,-0.23,/Users/vazea/Desktop/NNW/transcripts_by_company/AKERNA_CORP_2020Q2.txt,0.1931621660016671,0.07373028046864494,0.7331075535296879,False
ABAX,2017Q1,0.3,0.32,/Users/vazea/Desktop/NNW/transcripts_by_company/ABAXIS_INC_2017Q1.txt,0.11245760336755337,0.21778519702329832,0.6697571996091483,True
MATR,2017Q1,-0.19,-0.17,/Users/vazea/Desktop/NNW/transcripts_by_company/MATTERSIGHT_CORP_2017Q1.txt,0.19317278982037106,0.09693814679644079,0.7098890633831882,False
FIG,2013Q3,0.12,0.15,/Users/vazea/Desktop/NNW/transcripts_by_company/FORTRESS_INVESTMENT_GROUP_LLC_2013Q3.txt,0.175596122077969,0.09496475323163234,0.7294391246903986,False
BGCP,2020Q2,0.15,0.15,/Users/vazea/Desktop/NNW/transcripts_by_company/BGC_PARTNERS_INC_2020Q2.txt,0.13411767241482744,0.40971010562896487,0.4561722219562077,True
SAVE,2013Q4,2.43,2.36,/Users/vazea/Desktop/NNW/transcripts_by_company/SPIRIT_AIRLINES_INC_2013Q4.txt,0.08076189504221376,0.28710796562078333,0.6321301393370029,True
LINC,2009Q4,1.82,1.69,/Users/vazea/Desktop/NNW/transcripts_by_company/LINCOLN_EDUCATIONAL_SERVICES_COR_2009Q4.txt,0.26346305021410743,0.17114424780158374,0.5653927019843088,True
RTIX,2018Q1,0.01,0.01,/Users/vazea/Desktop/NNW/transcripts_by_company/RTI_SURGICAL_HOLDINGS_INC_2018Q1.txt,0.004711148236653486,0.22084581079782284,0.7744430409655236,True
AZPN,2012Q3,0.01,-0.04,/Users/vazea/Desktop/NNW/transcripts_by_company/ASPEN_TECHNOLOGY_INC_2012Q3.txt,0.1661402122766115,0.20593188741059706,0.6279279003127914,True
CA,2006Q2,0.24,0.27,/Users/vazea/Desktop/NNW/transcripts_by_company/COMPUTER_ASSOCIATES_INTL_INC_2006Q2.txt,0.2843897604737622,0.23156595587006162,0.4840442836561762,True
DISCA,2013Q2,0.82,0.91,/Users/vazea/Desktop/NNW/transcripts_by_company/DISCOVERY_INC_2013Q2.txt,0.30461113920849114,0.1561815697801035,0.5392072910114054,True
BWA,2003Q3,1.3,1.3,/Users/vazea/Desktop/NNW/transcripts_by_company/BORGWARNER_INC_2003Q3.txt,0.15693748283658016,0.008694416144997935,0.834368101018422,False
TRVN,2016Q1,-0.35,-0.32,/Users/vazea/Desktop/NNW/transcripts_by_company/TREVENA_INC_2016Q1.txt,0.46105236292698476,0.04820626981133422,0.49074136726168105,False
RLH,2019Q3,0.08,0.12,/Users/vazea/Desktop/NNW/transcripts_by_company/RED_LION_HOTELS_CORP_2019Q3.txt,0.06804125643678487,0.12850043674835968,0.8034583068148555,True
CAMP,2014Q1,0.16,0.13,/Users/vazea/Desktop/NNW/transcripts_by_company/CALAMP_CORP_2014Q1.txt,0.17357559774074668,0.1505126767772047,0.6759117254820486,True
SYNA,2009Q1,0.5,0.43,/Users/vazea/Desktop/NNW/transcripts_by_company/SYNAPTICS_INC_2009Q1.txt,0.16510046085498595,0.259289001190319,0.575610537954695,True
ACCO,2016Q4,0.87,0.85,/Users/vazea/Desktop/NNW/transcripts_by_company/ACCO_BRANDS_CORP_2016Q4.txt,0.05579323263051569,0.3296705582007732,0.6145362091687111,True
DLNG,2017Q1,0.32,0.38,/Users/vazea/Desktop/NNW/transcripts_by_company/DYNAGAS_LNG_PARTNERS_LP_2017Q1.txt,0.19682169545119454,0.12440000868137918,0.6787782958674262,True
RAIL,2006Q4,10.07,10.3,/Users/vazea/Desktop/NNW/transcripts_by_company/FREIGHTCAR_AMERICA_INC_2006Q4.txt,0.1803052131607138,0.1872981859910103,0.6323966008482759,True
WYNN,2009Q4,0.26,0.24,/Users/vazea/Desktop/NNW/transcripts_by_company/WYNN_RESORTS_LTD_2009Q4.txt,0.07316362760804271,0.23530577425705324,0.691530598134904,True
YCBD,2021Q4,-0.5,-0.05,/Users/vazea/Desktop/NNW/transcripts_by_company/CBDMD_INC_2021Q4.txt,0.22405766612042147,0.12054799894833891,0.6553943349312397,True
BDX,2017Q2,2.3,2.24,/Users/vazea/Desktop/NNW/transcripts_by_company/BECTON_DICKINSON_AND_CO_2017Q2.txt,0.042777146119787265,0.31486759770094497,0.6423552561792678,True
M,2019Q1,0.48,0.35,/Users/vazea/Desktop/NNW/transcripts_by_company/MACYS_INC_2019Q1.txt,0.27367109506558296,0.04471588544959843,0.6816130194848186,False
DGII,2005Q2,0.13,0.13,/Users/vazea/Desktop/NNW/transcripts_by_company/DIGI_INTERNATIONAL_INC_2005Q2.txt,0.12492431157382933,0.16384409348626344,0.7112315949399073,True
MVIS,2015Q3,-0.07,-0.07,/Users/vazea/Desktop/NNW/transcripts_by_company/MICROVISION_INC_2015Q3.txt,0.4995636528862287,0.16524097863735873,0.3351953684764125,True
ANF,2017Q3,0.02,0.21,/Users/vazea/Desktop/NNW/transcripts_by_company/ABERCROMBIE_FITCH_CO_2017Q3.txt,0.10963294772102883,0.25801783358887437,0.6323492186900967,True
TRTN,2022Q3,2.88,2.79,/Users/vazea/Desktop/NNW/transcripts_by_company/TRITON_INTERNATIONAL_LTD_2022Q3.txt,0.1783728309114279,0.07472617500889972,0.7469009940796725,False
GHL,2014Q3,0.66,0.62,/Users/vazea/Desktop/NNW/transcripts_by_company/GREENHILL_CO_INC_2014Q3.txt,0.23756542511189646,0.3338932222076838,0.4285413526804197,True
PQ,2013Q1,0.05,0.03,/Users/vazea/Desktop/NNW/transcripts_by_company/PETROQUEST_ENERGY_INC_2013Q1.txt,0.1373631493666503,0.31855810947919755,0.5440787411541521,True
ABM,2008Q1,0.16,0.17,/Users/vazea/Desktop/NNW/transcripts_by_company/ABM_INDUSTRIES_INC_2008Q1.txt,0.29585957034135374,0.14040892406006367,0.5637315055985825,True
CINF,2004Q4,3.08,2.85,/Users/vazea/Desktop/NNW/transcripts_by_company/CINCINNATI_FINANCIAL_CORP_2004Q4.txt,0.19839785007142985,0.1486674304334096,0.6529347194951606,True
WDC,2013Q1,2.36,2.29,/Users/vazea/Desktop/NNW/transcripts_by_company/WESTERN_DIGITAL_CORP_2013Q1.txt,0.027140752783860495,0.2882606414441753,0.6845986057719642,True
CACH,2014Q1,-0.5,-0.39,/Users/vazea/Desktop/NNW/transcripts_by_company/CACHE_INC_2014Q1.txt,0.05828954318465818,0.28879691846589,0.6529135383494518,True
EL,2020Q2,2.11,1.89,/Users/vazea/Desktop/NNW/transcripts_by_company/ESTEE_LAUDER_COMPANIES_INC_2020Q2.txt,0.3215255919743972,0.31815176663550493,0.36032264139009795,True
STMP,2005Q2,0.09,0.06,/Users/vazea/Desktop/NNW/transcripts_by_company/STAMPSCOM_INC_2005Q2.txt,0.2055210360214766,0.09714331053190844,0.6973356534466151,False
OSUR,2011Q3,-0.03,-0.07,/Users/vazea/Desktop/NNW/transcripts_by_company/ORASURE_TECHNOLOGIES_INC_2011Q3.txt,0.15744355670211924,0.10426370358037698,0.7382927397175038,True
BC,2013Q2,1.23,1.06,/Users/vazea/Desktop/NNW/transcripts_by_company/BRUNSWICK_CORP_2013Q2.txt,0.19887163868761276,0.09231223067746704,0.7088161306349201,False
FWONA,2017Q1,-0.55,-0.09,/Users/vazea/Desktop/NNW/transcripts_by_company/LIBERTY_MEDIA_CORP_2017Q1.txt,0.05808063875835074,0.33757563007014846,0.6043437311715008,True
AJX,2017Q2,0.36,0.46,/Users/vazea/Desktop/NNW/transcripts_by_company/RITHM_PROPERTY_TRUST_INC_2017Q2.txt,0.1481630656948218,0.1831037517882711,0.668733182516907,True
ALIM,2014Q2,0.04,-0.23,/Users/vazea/Desktop/NNW/transcripts_by_company/ALIMERA_SCIENCES_INC_2014Q2.txt,0.1954087256514144,0.08947055021147958,0.715120724137106,False
PPG,2015Q4,5.69,5.7,/Users/vazea/Desktop/NNW/transcripts_by_company/PPG_INDUSTRIES_INC_2015Q4.txt,0.5191483778030941,0.27322416376281433,0.20762745843409158,True
YUM,2019Q1,0.82,0.81,/Users/vazea/Desktop/NNW/transcripts_by_company/YUM_BRANDS_INC_2019Q1.txt,0.1488932421590835,0.2994616180827265,0.5516451397581901,True
BAM,2018Q2,0.62,0.25,/Users/vazea/Desktop/NNW/transcripts_by_company/BROOKFIELD_ASSET_MANAGEMENT_INC_2018Q2.txt,0.15232462626798465,0.15257170051985416,0.6951036732121612,True
AXP,2003Q4,2.31,2.29,/Users/vazea/Desktop/NNW/transcripts_by_company/AMERICAN_EXPRESS_CO_2003Q4.txt,0.19695625240068226,0.06626297032945289,0.7367807772698649,False
NEWR,2015Q4,-0.85,-0.91,/Users/vazea/Desktop/NNW/transcripts_by_company/NEW_RELIC_INC_2015Q4.txt,0.18407159136260692,0.5836011059017994,0.23232730273559365,True
LM,2017Q4,2.19,2.06,/Users/vazea/Desktop/NNW/transcripts_by_company/LEGG_MASON_INC_2017Q4.txt,0.1502881329920417,0.14936337962432414,0.7003484873836342,True
AVDL,2022Q1,-0.45,-0.43,/Users/vazea/Desktop/NNW/transcripts_by_company/AVADEL_PHARMACEUTICALS_PLC_2022Q1.txt,0.32495160248970256,0.25852316082527255,0.4165252366850249,True
LTRX,2017Q3,-0.01,-0.02,/Users/vazea/Desktop/NNW/transcripts_by_company/LANTRONIX_INC_2017Q3.txt,0.14710941388914528,0.14747474835319918,0.7054158377576555,True
WEX,2022Q3,3.51,3.42,/Users/vazea/Desktop/NNW/transcripts_by_company/WEX_INC_2022Q3.txt,0.3246760349581063,0.10415521988240456,0.5711687451594891,True
DRI,2012Q1,0.78,0.78,/Users/vazea/Desktop/NNW/transcripts_by_company/DARDEN_RESTAURANTS_INC_2012Q1.txt,0.16255450928824508,0.22393438010083389,0.613511110610921,True
CTS,2021Q4,1.93,1.93,/Users/vazea/Desktop/NNW/transcripts_by_company/CTS_CORP_2021Q4.txt,0.29686073860120676,0.08513934946302723,0.617999911935766,False
SYY,2019Q3,0.79,0.7,/Users/vazea/Desktop/NNW/transcripts_by_company/SYSCO_CORP_2019Q3.txt,0.2255400383655653,0.2779564862402029,0.49650347539423184,True
STN,2008Q3,0.53,0.44,/Users/vazea/Desktop/NNW/transcripts_by_company/STANTEC_INC_2008Q3.txt,0.15908467623990885,0.4244652093172567,0.4164501144428345,True
ARIS,2005Q4,0.43,0.32,/Users/vazea/Desktop/NNW/transcripts_by_company/ARI_NETWORK_SERVICES_INC_2005Q4.txt,0.06224285990368411,0.11969096278734555,0.8180661773089702,True
BCC,2015Q3,0.56,0.55,/Users/vazea/Desktop/NNW/transcripts_by_company/BOISE_CASCADE_CO_2015Q3.txt,0.46867728102236356,0.13395814526661076,0.3973645737110256,True
CBM,2013Q3,0.2,0.2,/Users/vazea/Desktop/NNW/transcripts_by_company/CAMBREX_CORPORATION_2013Q3.txt,0.15452598479646518,0.09477515398985191,0.7506988612136829,False
TNET,2020Q2,2.03,1.08,/Users/vazea/Desktop/NNW/transcripts_by_company/TRINET_GROUP_INC_2020Q2.txt,0.21529774433537985,0.12607927711254857,0.6586229785520716,True
MANU,2015Q3,-1.75,-7.0,/Users/vazea/Desktop/NNW/transcripts_by_company/MANCHESTER_UNITED_PLC_2015Q3.txt,0.11280866563407674,0.14421840597928998,0.7429729283866333,True
RAD,2014Q3,0.04,0.04,/Users/vazea/Desktop/NNW/transcripts_by_company/RITE_AID_CORPORATION_2014Q3.txt,0.12345139084062191,0.2918171629290267,0.5847314462303513,True
RLOC,2012Q1,-0.03,-0.06,/Users/vazea/Desktop/NNW/transcripts_by_company/REACHLOCAL_INC_2012Q1.txt,0.30395813790158815,0.23065107695793524,0.46539078514047666,True
SMG,2011Q3,1.91,2.21,/Users/vazea/Desktop/NNW/transcripts_by_company/SCOTTS_MIRACLEGRO_CO_2011Q3.txt,0.3877649336276531,0.3321828044390666,0.2800522619332803,True
ATTO,2020Q1,-0.05,0.06,/Users/vazea/Desktop/NNW/transcripts_by_company/ATENTO_SA_2020Q1.txt,0.2740926141593143,0.14449991912989626,0.5814074667107895,True
CLDX,2009Q1,-0.49,-0.46,/Users/vazea/Desktop/NNW/transcripts_by_company/CELLDEX_THERAPEUTICS_INC_2009Q1.txt,0.17646614022547216,0.24229227448878266,0.5812415852857452,True
ARRS,2010Q2,0.24,0.24,/Users/vazea/Desktop/NNW/transcripts_by_company/ARRIS_GROUP_INC_2010Q2.txt,0.2705841688903954,0.18472552185450591,0.5446903092550988,True
MRAM,2019Q1,-0.25,-0.26,/Users/vazea/Desktop/NNW/transcripts_by_company/EVERSPIN_TECHNOLOGIES_INC_2019Q1.txt,0.1355636061407882,0.02597406097772112,0.8384623328814906,False
BANC,2020Q2,0.1,-0.37,/Users/vazea/Desktop/NNW/transcripts_by_company/BANC_OF_CALIFORNIA_INC_2020Q2.txt,0.1983117886982166,0.027869527082569352,0.773818684219214,False
NWPX,2007Q2,0.61,0.61,/Users/vazea/Desktop/NNW/transcripts_by_company/NORTHWEST_PIPE_CO_2007Q2.txt,0.0880769671211669,0.07038632316414034,0.8415367097146929,False
VRDN,2023Q1,-1.61,-1.02,/Users/vazea/Desktop/NNW/transcripts_by_company/VIRIDIAN_THERAPEUTICS_INC_2023Q1.txt,0.08691122961248265,0.2900590638004161,0.6230297065871013,True
MLM,2013Q3,1.55,1.48,/Users/vazea/Desktop/NNW/transcripts_by_company/MARTIN_MARIETTA_MATERIALS_INC_2013Q3.txt,0.26002910395183165,0.3082930147982824,0.43167788124988593,True
SAIA,2014Q1,0.34,0.33,/Users/vazea/Desktop/NNW/transcripts_by_company/SAIA_INC_2014Q1.txt,0.23288811669850362,0.10280574559473794,0.6643061377067584,True
TRP,2022Q2,1.0,1.01,/Users/vazea/Desktop/NNW/transcripts_by_company/TC_ENERGY_CORP_2022Q2.txt,0.22736919090683924,0.4343296661804899,0.3383011429126708,True
HUBB,2017Q2,1.43,1.41,/Users/vazea/Desktop/NNW/transcripts_by_company/HUBBELL_INC_2017Q2.txt,0.16396395683579937,0.15475797639406397,0.6812780667701367,True
NCI,2017Q2,0.24,0.33,/Users/vazea/Desktop/NNW/transcripts_by_company/NAVIGANT_CONSULTING_INC_2017Q2.txt,0.20209682351493966,0.14253577264184156,0.6553674038432188,True
WEC,2008Q4,3.03,2.9,/Users/vazea/Desktop/NNW/transcripts_by_company/WISCONSIN_ENERGY_CORP_2008Q4.txt,0.10914958240578285,0.44669293581806696,0.44415748177615016,True
ECHO,2019Q2,0.42,0.42,/Users/vazea/Desktop/NNW/transcripts_by_company/ECHO_GLOBAL_LOGISTICS_INC_2019Q2.txt,0.026189503775175097,0.14375503968460537,0.8300554565402195,True
UTI,2015Q3,-0.12,-0.09,/Users/vazea/Desktop/NNW/transcripts_by_company/UNIVERSAL_TECHNICAL_INSTITUTE_IN_2015Q3.txt,0.20176212126736204,0.24832381982565305,0.5499140589069849,True
AOS,2021Q3,0.79,0.68,/Users/vazea/Desktop/NNW/transcripts_by_company/A_O_SMITH_CORP_2021Q3.txt,0.05489341955757101,0.29698988718137126,0.6481166932610578,True
OPLK,2007Q1,0.17,0.14,/Users/vazea/Desktop/NNW/transcripts_by_company/OPLINK_COMMUNICATIONS_INC_2007Q1.txt,0.2946213000995296,0.5088289867664629,0.1965497131340075,True
AEIS,2020Q1,0.91,0.68,/Users/vazea/Desktop/NNW/transcripts_by_company/ADVANCED_ENERGY_INDUSTRIES_INC_2020Q1.txt,0.35764338003178997,0.05850836834707179,0.5838482516211383,False
BMC,2009Q2,0.56,0.51,/Users/vazea/Desktop/NNW/transcripts_by_company/BMC_SOFTWARE_2009Q2.txt,0.47291688390464853,0.2342997624344401,0.29278335366091146,True
AWI,2016Q4,2.29,2.24,/Users/vazea/Desktop/NNW/transcripts_by_company/ARMSTRONG_WORLD_INDUSTRIES_INC_2016Q4.txt,0.18820682574474112,0.5458883088385554,0.26590486541670344,True
HEI,2005Q1,0.17,0.17,/Users/vazea/Desktop/NNW/transcripts_by_company/HEICO_CORP_2005Q1.txt,0.10903880130795464,0.31085648092307844,0.5801047177689669,True
GHLD,2021Q4,4.27,4.61,/Users/vazea/Desktop/NNW/transcripts_by_company/GUILD_HOLDINGS_CO_2021Q4.txt,0.21475076000872728,0.06998540505930058,0.7152638349319721,False
FORA,2023Q1,-0.08,-0.11,/Users/vazea/Desktop/NNW/transcripts_by_company/FORIAN_INC_2023Q1_1.txt,0.15620969566754514,0.4435517563569862,0.40023854797546865,True
APO,2022Q2,0.94,1.14,/Users/vazea/Desktop/NNW/transcripts_by_company/APOLLO_GLOBAL_MANAGEMENT_INC_2022Q2.txt,0.17532573566310353,0.058699446659556016,0.7659748176773404,False
NOC,2002Q3,1.53,1.56,/Users/vazea/Desktop/NNW/transcripts_by_company/NORTHROP_GRUMMAN_CORP_2002Q3_1.txt,0.34466146245548146,0.11766898366185051,0.537669553882668,True
OSIS,2009Q1,0.04,0.04,/Users/vazea/Desktop/NNW/transcripts_by_company/OSI_SYSTEMS_INC_2009Q1.txt,0.15547423602677,0.14248726692033933,0.7020384970528907,True
B,2022Q1,0.41,0.4,/Users/vazea/Desktop/NNW/transcripts_by_company/BARNES_GROUP_INC_2022Q1.txt,0.14727311799250864,0.07542796105380889,0.7772989209536825,False
DO,2016Q3,0.1,0.06,/Users/vazea/Desktop/NNW/transcripts_by_company/DIAMOND_OFFSHORE_DRILLING_INC_2016Q3.txt,0.08847468880743929,0.2059308551584067,0.705594456034154,True
STT,2020Q4,6.7,6.56,/Users/vazea/Desktop/NNW/transcripts_by_company/STATE_STREET_CORP_2020Q4.txt,0.17982482173676037,0.0982113206926415,0.7219638575705981,False
WAB,2005Q1,0.2,0.2,/Users/vazea/Desktop/NNW/transcripts_by_company/WESTINGHOUSE_AIR_BRAKE_TECHNOLOG_2005Q1.txt,0.362534776131125,0.5203854875116306,0.11707973635724434,True
WWE,2019Q2,0.11,0.0,/Users/vazea/Desktop/NNW/transcripts_by_company/WORLD_WRESTLING_ENTERTAINMENT_IN_2019Q2.txt,0.12327682634495307,0.12862825322550353,0.7480949204295434,True
DTAS,2003Q3,0.08,0.07,/Users/vazea/Desktop/NNW/transcripts_by_company/DIGITAS_INC_2003Q3.txt,0.32587465621468314,0.2657676227744678,0.40835772101084905,True
FAF,2018Q1,0.67,0.67,/Users/vazea/Desktop/NNW/transcripts_by_company/FIRST_AMERICAN_FINANCIAL_CORP_2018Q1.txt,0.16917076180313698,0.3964799377830006,0.43434930041386244,True
ALBO,2022Q1,-2.19,-2.02,/Users/vazea/Desktop/NNW/transcripts_by_company/ALBIREO_PHARMA_INC_2022Q1.txt,0.32866289879377153,0.2544234545431689,0.4169136466630596,True
MCD,2005Q3,0.58,0.54,/Users/vazea/Desktop/NNW/transcripts_by_company/MCDONALDS_CORP_2005Q3.txt,0.29164053927224126,0.5123040602696841,0.19605540045807468,True
CENT,2015Q2,0.47,0.43,/Users/vazea/Desktop/NNW/transcripts_by_company/CENTRAL_GARDEN_PET_CO_2015Q2.txt,0.0763113427627638,0.3190814476840768,0.6046072095531594,True
PFS,2007Q3,0.14,0.17,/Users/vazea/Desktop/NNW/transcripts_by_company/PROVIDENT_FINANCIAL_SERVICES_INC_2007Q3.txt,0.3127409362952212,0.20237896741455907,0.4848800962902198,True
TDY,2010Q1,0.68,0.61,/Users/vazea/Desktop/NNW/transcripts_by_company/TELEDYNE_TECHNOLOGIES_INC_2010Q1.txt,0.057133074822965015,0.14864591283067177,0.7942210123463632,True
CERS,2019Q1,-0.14,-0.11,/Users/vazea/Desktop/NNW/transcripts_by_company/CERUS_CORP_2019Q1.txt,0.06716850614249008,0.04497934484455547,0.8878521490129545,False
H,2014Q1,0.13,0.12,/Users/vazea/Desktop/NNW/transcripts_by_company/HYATT_HOTELS_CORP_2014Q1.txt,0.13494881175127899,0.17250854321878972,0.6925426450299313,True
ARIA,2010Q4,0.74,0.85,/Users/vazea/Desktop/NNW/transcripts_by_company/ARIAD_PHARMACEUTICALS_INC_2010Q4.txt,0.4147737849635551,0.09053614467893831,0.49469007035750656,False
QNST,2021Q3,0.2,0.16,/Users/vazea/Desktop/NNW/transcripts_by_company/QUINSTREET_INC_2021Q3.txt,0.24851094369045032,0.37108695610961884,0.3804021001999308,True
WEBX,2003Q2,0.14,0.11,/Users/vazea/Desktop/NNW/transcripts_by_company/WEBEX_COMMUNICATIONS_2003Q2.txt,0.0878121734606681,0.0845217871161217,0.8276660394232103,False
UTEK,2007Q1,-0.14,-0.2,/Users/vazea/Desktop/NNW/transcripts_by_company/ULTRATECH_INCORPORATED_2007Q1.txt,0.03988147453296872,0.1910671764170397,0.7690513490499915,True
GIGM,2010Q1,0.02,-0.03,/Users/vazea/Desktop/NNW/transcripts_by_company/GIGAMEDIA_LIMITED_2010Q1.txt,0.27274468601458585,0.2757864846480279,0.4514688293373862,True
KVHI,2012Q2,0.03,0.03,/Users/vazea/Desktop/NNW/transcripts_by_company/KVH_INDUSTRIES_INC_2012Q2.txt,0.20141353624620348,0.0765797452161557,0.7220067185376408,False
GNRC,2019Q4,5.06,4.92,/Users/vazea/Desktop/NNW/transcripts_by_company/GENERAC_HOLDINGS_INC_2019Q4.txt,0.22280481551153666,0.21210553509831293,0.5650896493901505,True
A,2011Q4,2.95,2.91,/Users/vazea/Desktop/NNW/transcripts_by_company/AGILENT_TECHNOLOGIES_INC_2011Q4.txt,0.24305138346650765,0.1236400337323899,0.6333085828011025,True
RAD,2007Q4,-0.01,0.0,/Users/vazea/Desktop/NNW/transcripts_by_company/RITE_AID_CORPORATION_2007Q4.txt,0.35993239170074937,0.27506407290658774,0.36500353539266295,True
SEIC,2014Q2,0.48,0.42,/Users/vazea/Desktop/NNW/transcripts_by_company/SEI_INVESTMENTS_CO_2014Q2.txt,0.17525170821814917,0.05326746475931299,0.7714808270225378,False
CNXC,2023Q1,2.56,2.6,/Users/vazea/Desktop/NNW/transcripts_by_company/CONCENTRIX_CORP_2023Q1.txt,0.3316955088886646,0.49070553854178955,0.17759895256954583,True
MPLX,2018Q4,2.36,2.45,/Users/vazea/Desktop/NNW/transcripts_by_company/MPLX_LP_2018Q4.txt,0.09880173812143987,0.2068576501786736,0.6943406116998865,True
LMAT,2017Q4,0.86,0.84,/Users/vazea/Desktop/NNW/transcripts_by_company/LEMAITRE_VASCULAR_INC_2017Q4.txt,0.039546167916407075,0.39588698460307964,0.5645668474805132,True
RGEN,2020Q3,0.4,0.27,/Users/vazea/Desktop/NNW/transcripts_by_company/REPLIGEN_CORP_2020Q3.txt,0.2975708804288091,0.3312207429187138,0.37120837665247713,True
MTNB,2020Q2,-0.03,-0.03,/Users/vazea/Desktop/NNW/transcripts_by_company/MATINAS_BIOPHARMA_HOLDINGS_INC_2020Q2.txt,0.07752060868986375,0.09796168620163596,0.8245177051085003,False
TECH,2019Q4,4.51,4.6,/Users/vazea/Desktop/NNW/transcripts_by_company/BIOTECHNE_CORP_2019Q4.txt,0.21463274495330878,0.2783540441329781,0.5070132109137131,True
CHKR,2013Q1,0.67,0.69,/Users/vazea/Desktop/NNW/transcripts_by_company/CHESAPEAKE_GRANITE_WASH_TRUST_2013Q1.txt,0.39083489457066595,0.40953513939622666,0.19962996603310745,True
MAN,2009Q2,0.17,0.09,/Users/vazea/Desktop/NNW/transcripts_by_company/MANPOWERGROUP_INC_2009Q2.txt,0.04561597871611159,0.35507922018366467,0.5993048011002238,True
LAD,2021Q2,11.12,5.8,/Users/vazea/Desktop/NNW/transcripts_by_company/LITHIA_MOTORS_INC_2021Q2.txt,0.21966971171739016,0.22303432959590472,0.5572959586867051,True
LVS,2011Q3,0.55,0.52,/Users/vazea/Desktop/NNW/transcripts_by_company/LAS_VEGAS_SANDS_CORP_2011Q3.txt,0.03912924432949563,0.10280052094361676,0.8580702347268876,True
LNT,2006Q1,0.47,0.33,/Users/vazea/Desktop/NNW/transcripts_by_company/ALLIANT_ENERGY_CORP_2006Q1.txt,0.1758037946090776,0.22948797863940756,0.5947082267515149,True
GIGM,2009Q2,0.0,0.09,/Users/vazea/Desktop/NNW/transcripts_by_company/GIGAMEDIA_LIMITED_2009Q2.txt,0.010212500953734637,0.22725357692764733,0.762533922118618,True
DAVA,2019Q3,19.0,17.0,/Users/vazea/Desktop/NNW/transcripts_by_company/ENDAVA_PLC_2019Q3.txt,0.057152735083674584,0.13429742752866808,0.8085498373876574,True
VRS,2009Q3,-0.35,-0.83,/Users/vazea/Desktop/NNW/transcripts_by_company/VERSO_CORP_2009Q3.txt,0.11067879455710157,0.07432216056739316,0.8149990448755052,False
ALB,2005Q2,0.6,0.57,/Users/vazea/Desktop/NNW/transcripts_by_company/ALBEMARLE_CORP_2005Q2.txt,0.036095766786337864,0.20121647232844714,0.762687760885215,True
GPC,2008Q2,0.81,0.79,/Users/vazea/Desktop/NNW/transcripts_by_company/GENUINE_PARTS_CO_2008Q2.txt,0.24352476270669443,0.08700074811851262,0.6694744891747929,False
SNI,2015Q3,1.06,0.98,/Users/vazea/Desktop/NNW/transcripts_by_company/SCRIPPS_NETWORKS_INTERACTIVE_INC_2015Q3.txt,0.22793961233102603,0.13825544784982954,0.6338049398191444,True
LAKE,2017Q2,0.2,0.1,/Users/vazea/Desktop/NNW/transcripts_by_company/LAKELAND_INDUSTRIES_INC_2017Q2.txt,0.4233742959522936,0.25680915148807043,0.319816552559636,True
PX,2015Q1,1.43,1.44,/Users/vazea/Desktop/NNW/transcripts_by_company/PRAXAIR_INC_2015Q1.txt,0.07290704577746451,0.08795347182530305,0.8391394823972325,False
HPQ,2016Q2,0.41,0.38,/Users/vazea/Desktop/NNW/transcripts_by_company/HP_INC_2016Q2.txt,0.14446904880822914,0.05948586008455609,0.7960450911072147,False
DSPG,2021Q1,0.05,0.05,/Users/vazea/Desktop/NNW/transcripts_by_company/DSP_GROUP_INC_2021Q1.txt,0.05183772810156993,0.03989692886472999,0.9082653430337001,False
ABCL,2022Q2,-0.02,0.01,/Users/vazea/Desktop/NNW/transcripts_by_company/ABCELLERA_BIOLOGICS_INC_2022Q2.txt,0.11828932401817392,0.2254270316727441,0.6562836443090819,True
AEHR,2006Q1,-0.03,-0.02,/Users/vazea/Desktop/NNW/transcripts_by_company/AEHR_TEST_SYSTEMS_2006Q1.txt,0.46606148912765316,0.23845881144984424,0.29547969942250263,True
CCOI,2012Q3,0.0,0.01,/Users/vazea/Desktop/NNW/transcripts_by_company/COGENT_COMMUNICATIONS_HOLDINGS_I_2012Q3.txt,0.2823960570855714,0.13623971598267173,0.5813642269317568,True
ST,2019Q4,3.56,3.53,/Users/vazea/Desktop/NNW/transcripts_by_company/SENSATA_TECHNOLOGIES_HOLDING_PLC_2019Q4.txt,0.07450447504546819,0.31724608761243916,0.6082494373420926,True
RGEN,2004Q4,-0.24,-0.26,/Users/vazea/Desktop/NNW/transcripts_by_company/REPLIGEN_CORP_2004Q4.txt,0.02099030279149164,0.16482696004123248,0.8141827371672758,True
CSL,2021Q1,1.47,0.67,/Users/vazea/Desktop/NNW/transcripts_by_company/CARLISLE_COMPANIES_INC_2021Q1.txt,0.018629138475054898,0.16515198693380023,0.816218874591145,True
PH,2011Q3,1.68,1.53,/Users/vazea/Desktop/NNW/transcripts_by_company/PARKERHANNIFIN_CORP_2011Q3.txt,0.24066128964162373,0.1486105001925069,0.6107282101658694,True
CAKE,2012Q3,0.49,0.49,/Users/vazea/Desktop/NNW/transcripts_by_company/CHEESECAKE_FACTORY_INC_2012Q3.txt,0.10935617649142136,0.04021999395237041,0.8504238295562082,False
PSXP,2017Q4,2.55,2.63,/Users/vazea/Desktop/NNW/transcripts_by_company/PHILLIPS_66_PARTNERS_LP_2017Q4.txt,0.5834173133026692,0.11149618776711126,0.30508649893021955,True
CHUY,2017Q2,0.31,0.3,/Users/vazea/Desktop/NNW/transcripts_by_company/CHUYS_HOLDINGS_INC_2017Q2.txt,0.14250872920901322,0.035655932610772614,0.8218353381802141,False
PTLA,2015Q4,-4.36,-4.29,/Users/vazea/Desktop/NNW/transcripts_by_company/PORTOLA_PHARMACEUTICALS_INC_2015Q4.txt,0.12005576604121389,0.13606947106892303,0.743874762889863,True
AN,2015Q4,3.98,4.11,/Users/vazea/Desktop/NNW/transcripts_by_company/AUTONATION_INC_2015Q4.txt,0.050679752383269806,0.28022141684028073,0.6690988307764494,True
MDCO,2007Q3,-0.46,-0.54,/Users/vazea/Desktop/NNW/transcripts_by_company/MEDICINES_CO_2007Q3.txt,0.3204891132308258,0.03166331520135677,0.6478475715678174,False
CHIC,2005Q3,0.14,0.15,/Users/vazea/Desktop/NNW/transcripts_by_company/CHARLOTTE_RUSSE_HOLDING_INC_2005Q3.txt,0.14284526627697647,0.11724812405967673,0.7399066096633468,True
AX,2023Q4,5.07,4.9,/Users/vazea/Desktop/NNW/transcripts_by_company/AXOS_FINANCIAL_INC_2023Q4.txt,0.14500029659300054,0.11712655878221123,0.7378731446247883,True
SON,2020Q2,0.79,0.78,/Users/vazea/Desktop/NNW/transcripts_by_company/SONOCO_PRODUCTS_CO_2020Q2.txt,0.19605233682862144,0.28031874877628243,0.5236289143950961,True
UFI,2020Q1,0.2,0.17,/Users/vazea/Desktop/NNW/transcripts_by_company/UNIFI_INC_2020Q1.txt,0.1577766447018204,0.10117239509599917,0.7410509602021804,True
HWM,2023Q1,0.42,0.38,/Users/vazea/Desktop/NNW/transcripts_by_company/HOWMET_AEROSPACE_INC_2023Q1.txt,0.25372095535240347,0.33320783735844495,0.4130712072891516,True
ATOM,2022Q1,-0.15,-0.16,/Users/vazea/Desktop/NNW/transcripts_by_company/ATOMERA_INC_2022Q1.txt,0.060148420982317576,0.10510711379853196,0.8347444652191505,True
CRRC,2011Q2,0.03,0.16,/Users/vazea/Desktop/NNW/transcripts_by_company/COURIER_CORPORATION_2011Q2.txt,0.13205200640693165,0.31902402400950275,0.5489239695835655,True
AKSY,2003Q1,-0.18,-0.19,/Users/vazea/Desktop/NNW/transcripts_by_company/AKSYS_LTD_2003Q1.txt,0.12670817278778232,0.31916846058176435,0.5541233666304533,True
STEL,2023Q1,0.7,0.7,/Users/vazea/Desktop/NNW/transcripts_by_company/STELLAR_BANCORP_INC_2023Q1.txt,0.2760808276923446,0.1771409447990807,0.5467782275085747,True
KNL,2010Q1,0.1,0.14,/Users/vazea/Desktop/NNW/transcripts_by_company/KNOLL_INC_2010Q1.txt,0.3501684886675499,0.17330091097375838,0.4765306003586917,True
TRLG,2011Q2,0.38,0.34,/Users/vazea/Desktop/NNW/transcripts_by_company/TRUE_RELIGION_APPAREL_INC_2011Q2.txt,0.08504529710066008,0.05832622076433456,0.8566284821350053,False
LGIH,2017Q3,1.4,1.31,/Users/vazea/Desktop/NNW/transcripts_by_company/LGI_HOMES_INC_2017Q3.txt,0.3045752985167308,0.2023305204879063,0.49309418099536284,True
UPLD,2017Q4,1.37,0.94,/Users/vazea/Desktop/NNW/transcripts_by_company/UPLAND_SOFTWARE_INC_2017Q4.txt,0.054289639976336644,0.31519028502595586,0.6305200749977076,True
PTRY,2010Q3,0.94,0.54,/Users/vazea/Desktop/NNW/transcripts_by_company/PANTRY_INC_2010Q3.txt,0.1751231653871893,0.06724677476994674,0.7576300598428639,False
EPAM,2023Q1,2.47,2.34,/Users/vazea/Desktop/NNW/transcripts_by_company/EPAM_SYSTEMS_INC_2023Q1.txt,0.17460735234252586,0.3184848028449059,0.5069078448125682,True
PNR,2012Q1,0.64,0.56,/Users/vazea/Desktop/NNW/transcripts_by_company/PENTAIR_INC_2012Q1.txt,0.350949326081521,0.3659383601685095,0.2831123137499694,True
HTGC,2022Q1,0.3,0.31,/Users/vazea/Desktop/NNW/transcripts_by_company/HERCULES_CAPITAL_INC_2022Q1.txt,0.26749946009658343,0.09529033696854289,0.6372102029348736,False
EGN,2007Q1,1.44,1.35,/Users/vazea/Desktop/NNW/transcripts_by_company/ENERGEN_CORPORATION_2007Q1.txt,0.0639720123170893,0.17548526382287644,0.7605427238600343,True
CHTT,2008Q4,4.04,4.04,/Users/vazea/Desktop/NNW/transcripts_by_company/CHATTEM_INCORPORATED_2008Q4.txt,0.2740302463917302,0.48558653524271733,0.24038321836555254,True
NTCT,2004Q2,0.0,-0.01,/Users/vazea/Desktop/NNW/transcripts_by_company/NETSCOUT_SYSTEMS_INC_2004Q2.txt,0.2159467066958804,0.1194510287989869,0.6646022645051326,True
BIIB,2023Q3,4.36,4.01,/Users/vazea/Desktop/NNW/transcripts_by_company/BIOGEN_INC_2023Q3.txt,0.41920914192348224,0.3163080271531567,0.26448283092336106,True
MSFT,2003Q2,0.265,0.46,/Users/vazea/Desktop/NNW/transcripts_by_company/MICROSOFT_CORP_2003Q2.txt,0.12006885867396257,0.10532634834631804,0.7746047929797194,True
EXPE,2016Q4,4.49,4.7,/Users/vazea/Desktop/NNW/transcripts_by_company/EXPEDIA_GROUP_INC_2016Q4.txt,0.15057756927356733,0.15479190141058094,0.6946305293158517,True
GIB,2011Q3,0.38,0.38,/Users/vazea/Desktop/NNW/transcripts_by_company/CGI_2011Q3.txt,0.421577104115167,0.1054203948800015,0.4730025010048315,True
BLIN,2012Q4,-0.07,-0.08,/Users/vazea/Desktop/NNW/transcripts_by_company/BRIDGELINE_DIGITAL_INC_2012Q4.txt,0.3544193125151983,0.13630712844291926,0.5092735590418824,True
DHX,2021Q4,-0.64,-0.64,/Users/vazea/Desktop/NNW/transcripts_by_company/DHI_GROUP_INC_2021Q4.txt,0.0664600647623253,0.23349142192768108,0.7000485133099936,True
LEN,2006Q4,3.69,5.97,/Users/vazea/Desktop/NNW/transcripts_by_company/LENNAR_CORP_2006Q4.txt,0.18374856663512865,0.18722752783732663,0.6290239055275447,True
GCI,2020Q3,-0.24,-0.44,/Users/vazea/Desktop/NNW/transcripts_by_company/GANNETT_CO_INC_2020Q3.txt,0.23257947879403154,0.19659509505681205,0.5708254261491564,True
VMEM,2014Q4,-2.54,-2.11,/Users/vazea/Desktop/NNW/transcripts_by_company/VIOLIN_MEMORY_INC_2014Q4.txt,0.26500888318936927,0.09982944806864462,0.6351616687419861,False
ECPG,2013Q3,1.02,0.95,/Users/vazea/Desktop/NNW/transcripts_by_company/ENCORE_CAPITAL_GROUP_INC_2013Q3.txt,0.07052518224991954,0.4060111692125629,0.5234636485375175,True
NUAN,2004Q2,-0.05,-0.07,/Users/vazea/Desktop/NNW/transcripts_by_company/NUANCE_COMMUNICATIONS_INC_2004Q2.txt,0.4194146078507813,0.34672080182966497,0.2338645903195538,True
MCS,2011Q2,0.07,0.07,/Users/vazea/Desktop/NNW/transcripts_by_company/MARCUS_CORP_2011Q2.txt,0.03867328800011976,0.27476109005434635,0.6865656219455339,True
WMGI,2002Q2,0.11,0.07,/Users/vazea/Desktop/NNW/transcripts_by_company/WRIGHT_MEDICAL_GROUP_INC_2002Q2.txt,0.0860676310380234,0.5087637712723682,0.40516859768960845,True
NMM,2020Q3,0.78,0.34,/Users/vazea/Desktop/NNW/transcripts_by_company/NAVIOS_MARITIME_PARTNERS_LP_2020Q3.txt,0.3965872936543147,0.2735962288541108,0.32981647749157456,True
HAIN,2007Q2,0.38,0.38,/Users/vazea/Desktop/NNW/transcripts_by_company/HAIN_CELESTIAL_GROUP_INC_2007Q2.txt,0.18960320763464442,0.020733516000744762,0.7896632763646108,False
LLY,2006Q3,0.8,0.79,/Users/vazea/Desktop/NNW/transcripts_by_company/ELI_LILLY_AND_CO_2006Q3_1.txt,0.18548872143147657,0.06092666753672148,0.753584611031802,False
TLND,2018Q1,-0.18,-0.18,/Users/vazea/Desktop/NNW/transcripts_by_company/TALEND_SA_2018Q1.txt,0.1693954324919082,0.11767511204417394,0.7129294554639178,True
BERY,2019Q2,0.84,0.98,/Users/vazea/Desktop/NNW/transcripts_by_company/BERRY_GLOBAL_GROUP_INC_2019Q2.txt,0.08955545256899035,0.27480191779736907,0.6356426296336406,True
NVTA,2018Q4,-1.94,-1.97,/Users/vazea/Desktop/NNW/transcripts_by_company/INVITAE_CORP_2018Q4.txt,0.04712719659698799,0.05014564799115687,0.9027271554118552,False
SBUX,2023Q2,0.74,0.65,/Users/vazea/Desktop/NNW/transcripts_by_company/STARBUCKS_CORP_2023Q2.txt,0.2194998948284671,0.1816208629814403,0.5988792421900926,True
BDK,2004Q4,5.38,5.36,/Users/vazea/Desktop/NNW/transcripts_by_company/BLACK_DECKER_CORP_2004Q4.txt,0.2255151337608382,0.2644980379227451,0.5099868283164166,True
NUVA,2008Q2,-0.01,-0.03,/Users/vazea/Desktop/NNW/transcripts_by_company/NUVASIVE_INC_2008Q2.txt,0.22735456109994331,0.12422882473596888,0.6484166141640878,True
STX,2016Q3,0.22,0.37,/Users/vazea/Desktop/NNW/transcripts_by_company/SEAGATE_TECHNOLOGY_PLC_2016Q3.txt,0.10475465803999279,0.20573952114749708,0.6895058208125102,True
AAL,2022Q4,0.5,-0.07,/Users/vazea/Desktop/NNW/transcripts_by_company/AMERICAN_AIRLINES_GROUP_INC_2022Q4.txt,0.07378267008574453,0.24047694585083715,0.6857403840634183,True
GT,2011Q1,0.51,0.15,/Users/vazea/Desktop/NNW/transcripts_by_company/GOODYEAR_TIRE_RUBBER_CO_2011Q1.txt,0.1639080967933787,0.269527613895089,0.5665642893115324,True
GHDX,2016Q2,-0.18,-0.19,/Users/vazea/Desktop/NNW/transcripts_by_company/GENOMIC_HEALTH_INC_2016Q2.txt,0.46924662360843883,0.16046849390237797,0.37028488248918323,True
JOUT,2021Q1,1.96,0.89,/Users/vazea/Desktop/NNW/transcripts_by_company/JOHNSON_OUTDOORS_INC_2021Q1.txt,0.17757396519413446,0.3310572203185274,0.4913688144873381,True
TUP,2016Q3,0.87,0.8,/Users/vazea/Desktop/NNW/transcripts_by_company/TUPPERWARE_BRANDS_CORP_2016Q3.txt,0.14329840346180153,0.1316062479014139,0.7250953486367846,True
SHEL,2023Q3,1.86,1.85,/Users/vazea/Desktop/NNW/transcripts_by_company/SHELL_PLC_2023Q3.txt,0.16570432975229613,0.18635039303157386,0.64794527721613,True
WAGE,2013Q2,0.2,0.17,/Users/vazea/Desktop/NNW/transcripts_by_company/WAGEWORKS_INC_2013Q2.txt,0.17953904745727875,0.17922349236891,0.6412374601738112,True
UCTT,2021Q1,0.92,0.86,/Users/vazea/Desktop/NNW/transcripts_by_company/ULTRA_CLEAN_HOLDINGS_INC_2021Q1.txt,0.3956729860321742,0.17219326297999582,0.43213375098783,True
SPCE,2022Q4,-1.89,-1.86,/Users/vazea/Desktop/NNW/transcripts_by_company/VIRGIN_GALACTIC_HOLDINGS_INC_2022Q4.txt,0.26283571953265256,0.21227358138763247,0.5248906990797151,True
VAC,2018Q1,1.39,1.49,/Users/vazea/Desktop/NNW/transcripts_by_company/MARRIOTT_VACATIONS_WORLDWIDE_COR_2018Q1_1.txt,0.10999185842438461,0.36574664465249435,0.524261496923121,True
PUBM,2021Q4,0.92,0.78,/Users/vazea/Desktop/NNW/transcripts_by_company/PUBMATIC_INC_2021Q4.txt,0.12765114047548795,0.039323397069237126,0.8330254624552749,False
JFIN,2020Q2,0.76,0.59,/Users/vazea/Desktop/NNW/transcripts_by_company/JIAYIN_GROUP_INC_2020Q2.txt,0.1792605313036319,0.15644648168516578,0.6642929870112022,True
TRU,2021Q3,1.01,0.93,/Users/vazea/Desktop/NNW/transcripts_by_company/TRANSUNION_2021Q3.txt,0.2058108835659275,0.06766139617746836,0.7265277202566042,False
CMCM,2016Q3,0.51,0.14,/Users/vazea/Desktop/NNW/transcripts_by_company/CHEETAH_MOBILE_INC_2016Q3.txt,0.08378851899522094,0.03965656319183027,0.8765549178129487,False
BBY,2005Q1,0.34,0.33,/Users/vazea/Desktop/NNW/transcripts_by_company/BEST_BUY_CO_INC_2005Q1.txt,0.13455567563672025,0.11540680690350183,0.750037517459778,True
IDA,2008Q3,1.14,0.88,/Users/vazea/Desktop/NNW/transcripts_by_company/IDACORP_INC_2008Q3.txt,0.44905974914446845,0.39235803317645945,0.1585822176790721,True
ABTL,2006Q1,-0.18,0.0,/Users/vazea/Desktop/NNW/transcripts_by_company/AUTOBYTEL_INC_2006Q1.txt,0.38075270659778576,0.23111886912968796,0.38812842427252625,True
CHD,2019Q4,2.47,2.48,/Users/vazea/Desktop/NNW/transcripts_by_company/CHURCH_DWIGHT_CO_INC_2019Q4.txt,0.15745271752725015,0.14365689040725058,0.6988903920654992,True
SBGI,2011Q4,0.97,0.98,/Users/vazea/Desktop/NNW/transcripts_by_company/SINCLAIR_BROADCAST_GROUP_INC_2011Q4.txt,0.12105664520210574,0.11104029682668423,0.76790305797121,True
SYK,2016Q2,1.39,1.36,/Users/vazea/Desktop/NNW/transcripts_by_company/STRYKER_CORP_2016Q2.txt,0.28213803313216557,0.2273380268799687,0.4905239399878657,True
XL,2017Q2,0.96,0.88,/Users/vazea/Desktop/NNW/transcripts_by_company/XL_GROUP_LTD_2017Q2.txt,0.03242212450830063,0.1685873432469457,0.7989905322447537,True
RXN,2014Q3,0.34,0.32,/Users/vazea/Desktop/NNW/transcripts_by_company/REXNORD_CORP_2014Q3.txt,0.38387313625060127,0.15888449049343256,0.4572423732559662,True
CA,2003Q1,0.02,0.0,/Users/vazea/Desktop/NNW/transcripts_by_company/COMPUTER_ASSOCIATES_INTL_INC_2003Q1.txt,0.1167415172386656,0.05535101313521095,0.8279074696261234,False
DHI,2016Q3,0.66,0.65,/Users/vazea/Desktop/NNW/transcripts_by_company/DR_HORTON_INC_2016Q3.txt,0.24021961595979857,0.09501605666772578,0.6647643273724757,False
MBUU,2014Q3,0.2,0.15,/Users/vazea/Desktop/NNW/transcripts_by_company/MALIBU_BOATS_INC_2014Q3.txt,0.04956041584830385,0.3436897932805126,0.6067497908711836,True
NKE,2012Q3,1.2,1.16,/Users/vazea/Desktop/NNW/transcripts_by_company/NIKE_INC_2012Q3.txt,0.2975050675003544,0.20734830065326487,0.4951466318463808,True
ADS,2020Q3,3.45,2.36,/Users/vazea/Desktop/NNW/transcripts_by_company/BREAD_FINANCIAL_HOLDINGS_INC_2020Q3.txt,0.2527706307164483,0.08238876529534736,0.6648406039882043,False
AL,2019Q1,1.23,1.19,/Users/vazea/Desktop/NNW/transcripts_by_company/AIR_LEASE_CORP_2019Q1.txt,0.23181369753331527,0.22322883463619178,0.5449574678304929,True
AZN,2007Q4,4.38,4.05,/Users/vazea/Desktop/NNW/transcripts_by_company/ASTRAZENECA_PLC_2007Q4.txt,0.08312223507726159,0.31814857027844956,0.5987291946442889,True
NILE,2008Q1,0.16,0.13,/Users/vazea/Desktop/NNW/transcripts_by_company/BLUE_NILE_INC_2008Q1.txt,0.1270476419861952,0.11331708479196766,0.7596352732218371,True
LOPE,2010Q1,0.25,0.2,/Users/vazea/Desktop/NNW/transcripts_by_company/GRAND_CANYON_EDUCATION_INC_2010Q1.txt,0.22170972371447523,0.16749317662386565,0.6107970996616592,True
GMS,2021Q1,0.94,0.82,/Users/vazea/Desktop/NNW/transcripts_by_company/GMS_INC_2021Q1.txt,0.10051462069809676,0.6082318051262845,0.2912535741756187,True
MED,2013Q1,0.43,0.34,/Users/vazea/Desktop/NNW/transcripts_by_company/MEDIFAST_INC_2013Q1.txt,0.10938652961856148,0.2309814710645444,0.6596319993168942,True
RPAY,2023Q1,0.2,0.2,/Users/vazea/Desktop/NNW/transcripts_by_company/REPAY_HOLDINGS_CORP_2023Q1.txt,0.34983650841348185,0.34600066526301365,0.30416282632350455,True
DAN,2009Q4,-2.69,-0.79,/Users/vazea/Desktop/NNW/transcripts_by_company/DANA_INC_2009Q4.txt,0.030065727091802188,0.2261401897629615,0.7437940831452363,True
PJC,2014Q3,1.03,0.56,/Users/vazea/Desktop/NNW/transcripts_by_company/PIPER_SANDLER_COMPANIES_2014Q3.txt,0.33981191312168235,0.45640650067426475,0.2037815862040529,True
APD,2014Q2,1.32,1.35,/Users/vazea/Desktop/NNW/transcripts_by_company/AIR_PRODUCTS_AND_CHEMICALS_INC_2014Q2.txt,0.08731927728520361,0.2410674072075082,0.6716133155072882,True
XNCR,2015Q4,-0.45,-1.0,/Users/vazea/Desktop/NNW/transcripts_by_company/XENCOR_INC_2015Q4.txt,0.30119641912341427,0.25598662800510513,0.44281695287148065,True
CARR,2022Q2,0.69,0.61,/Users/vazea/Desktop/NNW/transcripts_by_company/CARRIER_GLOBAL_CORP_2022Q2.txt,0.476675302113317,0.2645044284291636,0.2588202694575194,True
KO,2022Q4,2.48,2.48,/Users/vazea/Desktop/NNW/transcripts_by_company/COCACOLA_CO_2022Q4.txt,0.2436233549900596,0.1546203365285048,0.6017563084814356,True
CSBR,2021Q4,0.02,0.06,/Users/vazea/Desktop/NNW/transcripts_by_company/CHAMPIONS_ONCOLOGY_INC_2021Q4.txt,0.24633498979509577,0.2583629951912423,0.495302015013662,True
ITI,2018Q1,-0.01,-0.01,/Users/vazea/Desktop/NNW/transcripts_by_company/ITERIS_INC_2018Q1.txt,0.10385227032802499,0.39347147634211044,0.5026762533298645,True
STTX,2005Q4,2.72,2.71,/Users/vazea/Desktop/NNW/transcripts_by_company/STEEL_TECHNOLOGIES_INC_2005Q4.txt,0.1675210156993241,0.14930993612014956,0.6831690481805264,True
GLOG,2016Q1,-0.09,-0.02,/Users/vazea/Desktop/NNW/transcripts_by_company/GASLOG_LTD_2016Q1.txt,0.08410282322540806,0.023012933509719332,0.8928842432648726,False
MSCC,2014Q3,0.58,0.58,/Users/vazea/Desktop/NNW/transcripts_by_company/MICROSEMI_CORPORATION_2014Q3.txt,0.06654498802512457,0.1650301665986384,0.768424845376237,True
VTSS,2003Q3,-0.04,-0.04,/Users/vazea/Desktop/NNW/transcripts_by_company/VITESSE_SEMICONDUCTOR_CORP_2003Q3.txt,0.4052342701203342,0.1916311690196119,0.4031345608600539,True
UTHR,2019Q1,2.81,2.75,/Users/vazea/Desktop/NNW/transcripts_by_company/UNITED_THERAPEUTICS_CORP_2019Q1.txt,0.4542298473373017,0.19076880212281008,0.35500135053988824,True
MDP,2002Q4,1.43,1.37,/Users/vazea/Desktop/NNW/transcripts_by_company/MEREDITH_CORP_2002Q4.txt,0.20040954411424244,0.11345403997083854,0.686136415914919,True
SCVL,2009Q4,0.43,0.58,/Users/vazea/Desktop/NNW/transcripts_by_company/SHOE_CARNIVAL_INC_2009Q4.txt,0.17362308083203806,0.04661289511378185,0.7797640240541801,False
OXY,2003Q4,4.26,4.3,/Users/vazea/Desktop/NNW/transcripts_by_company/OCCIDENTAL_PETROLEUM_CORP_2003Q4.txt,0.1451443150034694,0.10601554562128017,0.7488401393752505,True
ROLL,2006Q3,0.29,0.25,/Users/vazea/Desktop/NNW/transcripts_by_company/RBC_BEARINGS_INC_2006Q3.txt,0.019800274069064237,0.3653455001341771,0.6148542257967586,True
RDFN,2017Q4,-0.2,-0.23,/Users/vazea/Desktop/NNW/transcripts_by_company/REDFIN_CORP_2017Q4.txt,0.35468653124959043,0.1252842482703965,0.5200292204800131,True
KLXE,2020Q4,-1.12,-1.21,/Users/vazea/Desktop/NNW/transcripts_by_company/KLX_ENERGY_SERVICES_HOLDINGS_INC_2020Q4.txt,0.30019650614223126,0.18344605937028954,0.5163574344874792,True
FITB,2020Q1,0.13,0.5,/Users/vazea/Desktop/NNW/transcripts_by_company/FIFTH_THIRD_BANCORP_2020Q1.txt,0.12130179399816808,0.1955530793361039,0.683145126665728,True
ISSI,2004Q4,-0.15,0.17,/Users/vazea/Desktop/NNW/transcripts_by_company/INTEGRATED_SILICON_SOLUTION_INC_2004Q4.txt,0.28927262930772,0.07686230481179487,0.6338650658804851,False
MCHX,2016Q3,-0.06,-0.05,/Users/vazea/Desktop/NNW/transcripts_by_company/MARCHEX_INC_2016Q3.txt,0.058511947615402,0.3110789806278821,0.6304090717567159,True
VRNS,2016Q4,-0.17,-0.21,/Users/vazea/Desktop/NNW/transcripts_by_company/VARONIS_SYSTEMS_INC_2016Q4.txt,0.22983543610592155,0.10576103659928701,0.6644035272947914,True
AMZN,2017Q1,1.48,1.08,/Users/vazea/Desktop/NNW/transcripts_by_company/AMAZONCOM_INC_2017Q1.txt,0.3546015577912444,0.14347773778238965,0.5019207044263658,True
INST,2023Q2,0.19,0.19,/Users/vazea/Desktop/NNW/transcripts_by_company/INSTRUCTURE_HOLDINGS_INC_2023Q2.txt,0.2567928321124168,0.3261346024964707,0.4170725653911124,True
HUBB,2004Q1,0.56,0.43,/Users/vazea/Desktop/NNW/transcripts_by_company/HUBBELL_INC_2004Q1.txt,0.2433771270792442,0.20939997120471265,0.5472229017160432,True
PCH,2015Q3,0.53,0.52,/Users/vazea/Desktop/NNW/transcripts_by_company/POTLATCHDELTIC_CORP_2015Q3.txt,0.14858686743023838,0.268715464073037,0.5826976684967247,True
PLAY,2019Q1,1.04,0.94,/Users/vazea/Desktop/NNW/transcripts_by_company/DAVE_BUSTERS_ENTERTAINMENT_IN_2019Q1.txt,0.40249295209009167,0.2173491688674915,0.38015787904241677,True
TVPT,2016Q4,1.23,1.21,/Users/vazea/Desktop/NNW/transcripts_by_company/TRAVELPORT_WORLDWIDE_LTD_2016Q4.txt,0.28705082689694544,0.043066108706013094,0.6698830643970415,False
HCA,2014Q4,4.7,4.56,/Users/vazea/Desktop/NNW/transcripts_by_company/HCA_HEALTHCARE_INC_2014Q4.txt,0.12539907870483985,0.057587623839156,0.8170132974560043,False
LXP,2011Q3,-0.24,-0.02,/Users/vazea/Desktop/NNW/transcripts_by_company/LXP_INDUSTRIAL_TRUST_2011Q3.txt,0.07368343545429852,0.18048860773406472,0.7458279568116367,True
FFIV,2005Q3,0.35,0.34,/Users/vazea/Desktop/NNW/transcripts_by_company/F5_INC_2005Q3.txt,0.4290529457576552,0.2690314396414788,0.301915614600866,True
BGFV,2019Q2,0.03,0.03,/Users/vazea/Desktop/NNW/transcripts_by_company/BIG_5_SPORTING_GOODS_CORP_2019Q2.txt,0.2710376259893875,0.20775872733549436,0.5212036466751181,True
KNBE,2021Q2,0.02,-0.02,/Users/vazea/Desktop/NNW/transcripts_by_company/KNOWBE4_INC_2021Q2.txt,0.2085354334896258,0.14287574678753395,0.6485888197228402,True
AVXL,2020Q2,-0.12,-0.14,/Users/vazea/Desktop/NNW/transcripts_by_company/ANAVEX_LIFE_SCIENCES_CORP_2020Q2.txt,0.0653572006971946,0.26732719305820946,0.667315606244596,True
I,2019Q4,-6.51,-6.48,/Users/vazea/Desktop/NNW/transcripts_by_company/INTELSAT_SA_2019Q4.txt,0.08222872066828586,0.4103639380975028,0.5074073412342113,True
MGLN,2013Q2,1.15,1.02,/Users/vazea/Desktop/NNW/transcripts_by_company/MAGELLAN_HEALTH_INC_2013Q2.txt,0.32789669734603877,0.21912139540572742,0.45298190724823384,True
IRWD,2022Q3,0.28,0.27,/Users/vazea/Desktop/NNW/transcripts_by_company/IRONWOOD_PHARMACEUTICALS_INC_2022Q3.txt,0.02253366341016133,0.08199640775077172,0.8954699288390668,False
MXL,2022Q1,1.0,0.91,/Users/vazea/Desktop/NNW/transcripts_by_company/MAXLINEAR_INC_2022Q1.txt,0.03507645989197093,0.38999571982138187,0.5749278202866472,True
TRMR,2022Q3,0.22,0.25,/Users/vazea/Desktop/NNW/transcripts_by_company/NEXXEN_INTERNATIONAL_LTD_2022Q3.txt,0.13144085102390476,0.0735075457043369,0.7950516032717583,False
SMSI,2013Q1,-0.08,-0.08,/Users/vazea/Desktop/NNW/transcripts_by_company/SMITH_MICRO_SOFTWARE_INC_2013Q1.txt,0.17476541696202755,0.02552612309857679,0.7997084599393957,False
VLTR,2006Q1,0.06,0.07,/Users/vazea/Desktop/NNW/transcripts_by_company/VOLTERRA_SEMICONDUCTOR_CORP_2006Q1.txt,0.3331571321250226,0.10266185844402406,0.5641810094309533,True
RGSE,2014Q3,-0.06,-0.13,/Users/vazea/Desktop/NNW/transcripts_by_company/REAL_GOODS_SOLAR_INC_2014Q3.txt,0.13710375327962745,0.2267214379028914,0.6361748088174812,True
BRKS,2005Q2,0.12,0.07,/Users/vazea/Desktop/NNW/transcripts_by_company/AZENTA_INC_2005Q2_1.txt,0.3101965833237312,0.31364875014179594,0.3761546665344728,True
UA,2007Q3,0.4,0.35,/Users/vazea/Desktop/NNW/transcripts_by_company/UNDER_ARMOUR_INC_2007Q3.txt,0.31483868012075394,0.16958656619392753,0.5155747536853186,True
CMPR,2021Q4,-1.13,-0.8,/Users/vazea/Desktop/NNW/transcripts_by_company/CIMPRESS_PLC_2021Q4.txt,0.29520585670167737,0.06977163002244831,0.6350225132758743,False
MYE,2010Q4,0.37,0.38,/Users/vazea/Desktop/NNW/transcripts_by_company/MYERS_INDUSTRIES_INC_2010Q4.txt,0.3363275382912602,0.2778946450270032,0.38577781668173655,True
PWR,2003Q1,-0.04,-0.06,/Users/vazea/Desktop/NNW/transcripts_by_company/QUANTA_SERVICES_INC_2003Q1.txt,0.33534938156900157,0.10717381276911458,0.5574768056618837,True
RY,2019Q3,2.26,2.32,/Users/vazea/Desktop/NNW/transcripts_by_company/ROYAL_BANK_OF_CANADA_2019Q3.txt,0.04738346461961788,0.12559862227125856,0.8270179131091235,True
USB,2015Q1,0.76,0.76,/Users/vazea/Desktop/NNW/transcripts_by_company/US_BANCORP_2015Q1.txt,0.20089676156364114,0.30198878308983534,0.49711445534652354,True
ABR,2004Q4,1.75,1.75,/Users/vazea/Desktop/NNW/transcripts_by_company/ARBOR_REALTY_TRUST_INC_2004Q4.txt,0.47200404788191097,0.09981793435516002,0.428178017762929,False
VIAV,2022Q1,0.24,0.21,/Users/vazea/Desktop/NNW/transcripts_by_company/VIAVI_SOLUTIONS_INC_2022Q1.txt,0.42615653696941763,0.33841799567769465,0.23542546735288777,True
DOC,2018Q3,0.11,0.07,/Users/vazea/Desktop/NNW/transcripts_by_company/PHYSICIANS_REALTY_TRUST_2018Q3.txt,0.12089799678642148,0.23111290304849905,0.6479891001650795,True
DWCH,2011Q4,0.02,0.01,/Users/vazea/Desktop/NNW/transcripts_by_company/DATAWATCH_CORPORATION_2011Q4.txt,0.31365353714547006,0.24152938455900655,0.4448170782955234,True
ETFC,2011Q3,0.16,0.18,/Users/vazea/Desktop/NNW/transcripts_by_company/ETRADE_FINANCIAL_CORP_2011Q3.txt,0.12800260165177532,0.47406985149188624,0.3979275468563384,True
AEHR,2022Q2,0.05,0.04,/Users/vazea/Desktop/NNW/transcripts_by_company/AEHR_TEST_SYSTEMS_2022Q2.txt,0.3084303386057083,0.15173443471246464,0.539835226681827,True
TWIN,2015Q2,0.33,0.21,/Users/vazea/Desktop/NNW/transcripts_by_company/TWIN_DISC_INC_2015Q2.txt,0.15608765164363742,0.22602941403381616,0.6178829343225465,True
HDIX,2008Q1,0.01,0.01,/Users/vazea/Desktop/NNW/transcripts_by_company/HOME_DIAGNOSTICS_INC_2008Q1.txt,0.2896155872812681,0.24845024349714437,0.4619341692215875,True
MPWR,2017Q3,0.84,0.82,/Users/vazea/Desktop/NNW/transcripts_by_company/MONOLITHIC_POWER_SYSTEMS_INC_2017Q3.txt,0.28396174654279277,0.34307247341057895,0.3729657800466282,True
ALLT,2012Q2,0.15,0.15,/Users/vazea/Desktop/NNW/transcripts_by_company/ALLOT_LTD_2012Q2.txt,0.1952631514883568,0.2393383110680382,0.565398537443605,True
GMAN,2012Q2,0.15,0.11,/Users/vazea/Desktop/NNW/transcripts_by_company/GORDMANS_STORES_INC_2012Q2.txt,0.05849533502851163,0.19959273546650344,0.7419119295049849,True
SND,2019Q3,0.42,0.35,/Users/vazea/Desktop/NNW/transcripts_by_company/SMART_SAND_INC_2019Q3.txt,0.31676103882525575,0.11222207283745404,0.5710168883372903,True
BEAM,2013Q3,0.59,0.58,/Users/vazea/Desktop/NNW/transcripts_by_company/BEAM_INC_2013Q3.txt,0.16539263043383318,0.368182712640482,0.46642465692568486,True
PALM,2007Q1,0.21,0.18,/Users/vazea/Desktop/NNW/transcripts_by_company/PALM_INC_2007Q1.txt,0.1319782838027114,0.235376811865656,0.6326449043316327,True
SNPS,2007Q3,0.32,0.3,/Users/vazea/Desktop/NNW/transcripts_by_company/SYNOPSYS_INC_2007Q3.txt,0.19664755866914888,0.2762815375656339,0.5270709037652173,True
IDXX,2014Q1,0.89,0.86,/Users/vazea/Desktop/NNW/transcripts_by_company/IDEXX_LABORATORIES_INC_2014Q1.txt,0.259756980186611,0.06151791800279243,0.6787251018105966,False
BEN,2007Q2,1.73,1.63,/Users/vazea/Desktop/NNW/transcripts_by_company/FRANKLIN_RESOURCES_INC_2007Q2.txt,0.1620778996997562,0.34390977109395476,0.49401232920628907,True
USFD,2020Q4,0.09,0.25,/Users/vazea/Desktop/NNW/transcripts_by_company/US_FOODS_HOLDING_CORP_2020Q4.txt,0.14897976210117375,0.2230344929128283,0.627985744985998,True
ECL,2006Q2,0.36,0.36,/Users/vazea/Desktop/NNW/transcripts_by_company/ECOLAB_INC_2006Q2.txt,0.09621449315412375,0.037831745203601795,0.8659537616422744,False
STNG,2022Q1,-0.27,-0.63,/Users/vazea/Desktop/NNW/transcripts_by_company/SCORPIO_TANKERS_INC_2022Q1.txt,0.15681678185233333,0.2775499787629449,0.5656332393847217,True
TAST,2014Q3,-0.03,-0.04,/Users/vazea/Desktop/NNW/transcripts_by_company/CARROLS_RESTAURANT_GROUP_INC_2014Q3.txt,0.29133486751415416,0.16024871302452942,0.5484164194613164,True
SO,2017Q1,0.66,0.57,/Users/vazea/Desktop/NNW/transcripts_by_company/SOUTHERN_CO_2017Q1.txt,0.2266562699956645,0.20545351878753326,0.5678902112168023,True
HSII,2006Q3,0.6,0.54,/Users/vazea/Desktop/NNW/transcripts_by_company/HEIDRICK_STRUGGLES_INTERNATION_2006Q3.txt,0.12727826067157488,0.09186822518688187,0.7808535141415432,False
TIVO,2005Q4,-0.99,-1.0,/Users/vazea/Desktop/NNW/transcripts_by_company/TIVO_INC_2005Q4.txt,0.29314314495597116,0.21916819360277617,0.48768866144125267,True
OTEX,2023Q4,3.29,3.24,/Users/vazea/Desktop/NNW/transcripts_by_company/OPEN_TEXT_CORP_2023Q4.txt,0.2188970996474988,0.027056812555638864,0.7540460877968623,False
EDU,2010Q1,1.47,1.56,/Users/vazea/Desktop/NNW/transcripts_by_company/NEW_ORIENTAL_EDUCATION_TECHNOL_2010Q1.txt,0.20115337730648655,0.06381600035397217,0.7350306223395413,False
LMNX,2018Q4,0.41,0.52,/Users/vazea/Desktop/NNW/transcripts_by_company/LUMINEX_CORP_2018Q4.txt,0.3442699094711284,0.35298840453381486,0.3027416859950568,True
KLAC,2015Q1,0.47,0.46,/Users/vazea/Desktop/NNW/transcripts_by_company/KLA_CORP_2015Q1.txt,0.24358902432454346,0.1837315054662206,0.5726794702092359,True
IDTI,2016Q1,0.31,0.29,/Users/vazea/Desktop/NNW/transcripts_by_company/INTEGRATED_DEVICE_TECHNOLOGY_INC_2016Q1.txt,0.28599807288138845,0.13001527726056714,0.5839866498580444,True
PKI,2016Q1,0.56,0.51,/Users/vazea/Desktop/NNW/transcripts_by_company/REVVITY_INC_2016Q1_1.txt,0.3191982241734282,0.18913859943972233,0.49166317638684953,True
BRC,2010Q4,1.76,1.75,/Users/vazea/Desktop/NNW/transcripts_by_company/BRADY_CORP_2010Q4.txt,0.08774470538358711,0.267779468944887,0.6444758256715258,True
SAH,2012Q2,0.43,0.42,/Users/vazea/Desktop/NNW/transcripts_by_company/SONIC_AUTOMOTIVE_INC_2012Q2.txt,0.08585430679665607,0.1589001805952683,0.7552455126080756,True
EBS,2014Q2,0.25,0.32,/Users/vazea/Desktop/NNW/transcripts_by_company/EMERGENT_BIOSOLUTIONS_INC_2014Q2.txt,0.3590763287903141,0.5395432772213757,0.10138039398831022,True
AVDL,2017Q3,0.52,-0.06,/Users/vazea/Desktop/NNW/transcripts_by_company/AVADEL_PHARMACEUTICALS_PLC_2017Q3.txt,0.04335178326120572,0.2391473797284673,0.717500837010327,True
HUN,2012Q2,0.58,0.52,/Users/vazea/Desktop/NNW/transcripts_by_company/HUNTSMAN_CORP_2012Q2.txt,0.09133378477777336,0.18513725213260418,0.7235289630896224,True
LXK,2008Q4,3.55,3.5,/Users/vazea/Desktop/NNW/transcripts_by_company/LEXMARK_INTERNATIONAL_INC_2008Q4.txt,0.17543958701038465,0.015213988542128113,0.8093464244474873,False
ASTE,2013Q2,0.48,0.54,/Users/vazea/Desktop/NNW/transcripts_by_company/ASTEC_INDUSTRIES_INC_2013Q2.txt,0.25185646580212956,0.10493101108579149,0.6432125231120789,True
RYTM,2023Q1,-0.92,-0.73,/Users/vazea/Desktop/NNW/transcripts_by_company/RHYTHM_PHARMACEUTICALS_INC_2023Q1.txt,0.18065835024372529,0.16317115136614463,0.65617049839013,True
MBWM,2007Q1,0.5048,0.56,/Users/vazea/Desktop/NNW/transcripts_by_company/MERCANTILE_BANK_CORP_2007Q1.txt,0.2113289116780305,0.026062219880188003,0.7626088684417816,False
WIN,2008Q1,0.27,0.25,/Users/vazea/Desktop/NNW/transcripts_by_company/WINDSTREAM_CORP_2008Q1.txt,0.12328510858529991,0.25352751548842045,0.6231873759262796,True
DX,2021Q3,0.54,0.48,/Users/vazea/Desktop/NNW/transcripts_by_company/DYNEX_CAPITAL_INC_2021Q3.txt,0.5420974733446611,0.06133082950040806,0.39657169715493085,False
CFW,2007Q3,-0.06,-0.03,/Users/vazea/Desktop/NNW/transcripts_by_company/CANO_PETROLEUM_INC_2007Q3.txt,0.1600171084882865,0.14228571008799884,0.6976971814237146,True
IVC,2013Q4,-1.2,-1.08,/Users/vazea/Desktop/NNW/transcripts_by_company/INVACARE_CORP_2013Q4.txt,0.24013744498923933,0.14943374093593986,0.6104288140748209,True
INWK,2013Q2,0.04,0.06,/Users/vazea/Desktop/NNW/transcripts_by_company/INNERWORKINGS_INC_2013Q2.txt,0.06294197551566527,0.4054377394947334,0.5316202849896013,True
TRCA,2006Q1,-0.4,-0.4,/Users/vazea/Desktop/NNW/transcripts_by_company/TERCICA_INC_2006Q1.txt,0.14878619227935455,0.5027123145785395,0.348501493142106,True
TCS,2015Q3,0.07,0.07,/Users/vazea/Desktop/NNW/transcripts_by_company/CONTAINER_STORE_GROUP_INC_2015Q3.txt,0.34128517297590527,0.29213917937224465,0.36657564765185013,True
HSII,2011Q2,0.41,0.2,/Users/vazea/Desktop/NNW/transcripts_by_company/HEIDRICK_STRUGGLES_INTERNATION_2011Q2.txt,0.08969652714781857,0.10207690250010884,0.8082265703520726,True
HPQ,2014Q4,3.74,3.73,/Users/vazea/Desktop/NNW/transcripts_by_company/HEWLETTPACKARD_CO_2014Q4.txt,0.40020941000328014,0.13203435889550277,0.4677562311012171,True
PIRS,2020Q2,-0.09,-0.18,/Users/vazea/Desktop/NNW/transcripts_by_company/PIERIS_PHARMACEUTICALS_INC_2020Q2.txt,0.1596412346402923,0.1269673132809185,0.7133914520787892,True
GT,2020Q3,0.1,-0.18,/Users/vazea/Desktop/NNW/transcripts_by_company/GOODYEAR_TIRE_RUBBER_CO_2020Q3.txt,0.244735416724895,0.1500081583196288,0.6052564249554763,True
FLOW,2021Q3,0.79,0.72,/Users/vazea/Desktop/NNW/transcripts_by_company/SPX_FLOW_INC_2021Q3.txt,0.08617828091273026,0.13475547891830655,0.7790662401689632,True
JBL,2014Q2,0.1,0.1,/Users/vazea/Desktop/NNW/transcripts_by_company/JABIL_INC_2014Q2.txt,0.1826647715061437,0.09098217111387,0.7263530573799863,False
MNTG,2013Q2,0.08,0.06,/Users/vazea/Desktop/NNW/transcripts_by_company/MTR_GAMING_GROUP_INC_2013Q2.txt,0.4035727172622687,0.2730625766362237,0.3233647061015076,True
BGFV,2006Q1,0.26,0.18,/Users/vazea/Desktop/NNW/transcripts_by_company/BIG_5_SPORTING_GOODS_CORP_2006Q1.txt,0.356858739240208,0.3079430054212307,0.33519825533856124,True
ORN,2010Q4,0.81,0.8,/Users/vazea/Desktop/NNW/transcripts_by_company/ORION_GROUP_HOLDINGS_INC_2010Q4.txt,0.1774209500695776,0.10811970249528441,0.714459347435138,True
FGP,2018Q2,-0.02,0.61,/Users/vazea/Desktop/NNW/transcripts_by_company/FERRELLGAS_PARTNERS_LP_2018Q2.txt,0.159396040326331,0.11748201119030674,0.7231219484833622,True
AIRS,2022Q2,0.01,0.0,/Users/vazea/Desktop/NNW/transcripts_by_company/AIRSCULPT_TECHNOLOGIES_INC_2022Q2.txt,0.17339249361506887,0.34430938756449886,0.48229811882043233,True
AES,2014Q4,1.3,1.27,/Users/vazea/Desktop/NNW/transcripts_by_company/AES_CORP_2014Q4.txt,0.23767789843645573,0.10098505823357329,0.661337043329971,True
HUBG,2016Q2,0.61,0.59,/Users/vazea/Desktop/NNW/transcripts_by_company/HUB_GROUP_INC_2016Q2.txt,0.4175568709309615,0.2650330237977332,0.3174101052713053,True
GD,2020Q2,2.18,2.18,/Users/vazea/Desktop/NNW/transcripts_by_company/GENERAL_DYNAMICS_CORP_2020Q2.txt,0.11412668866535511,0.3588070488599839,0.5270662624746609,True
HTGC,2018Q4,1.19,1.18,/Users/vazea/Desktop/NNW/transcripts_by_company/HERCULES_CAPITAL_INC_2018Q4.txt,0.10584381204636538,0.06956261227758812,0.8245935756760465,False
PPC,2005Q3,1.28,1.2,/Users/vazea/Desktop/NNW/transcripts_by_company/PILGRIMS_PRIDE_CORP_2005Q3.txt,0.14280534631336422,0.1035716905653573,0.7536229631212784,True
QEP,2019Q2,-0.04,0.03,/Users/vazea/Desktop/NNW/transcripts_by_company/QEP_RESOURCES_INC_2019Q2.txt,0.06843241121305618,0.11975493921718029,0.8118126495697635,True
ROST,2004Q1,0.63,0.63,/Users/vazea/Desktop/NNW/transcripts_by_company/ROSS_STORES_INC_2004Q1.txt,0.272654549409727,0.15804113805225525,0.5693043125380177,True
SITC,2023Q1,0.06,0.04,/Users/vazea/Desktop/NNW/transcripts_by_company/SITE_CENTERS_CORP_2023Q1.txt,0.05011819258473778,0.2002815985823754,0.7496002088328868,True
SAGE,2019Q2,-3.28,-3.37,/Users/vazea/Desktop/NNW/transcripts_by_company/SAGE_THERAPEUTICS_INC_2019Q2.txt,0.41924313364244636,0.12672072492672767,0.45403614143082593,True
ZFGN,2017Q1,-0.48,-0.43,/Users/vazea/Desktop/NNW/transcripts_by_company/ZAFGEN_INC_2017Q1.txt,0.17386263720809214,0.221204990697359,0.6049323720945489,True
ICUI,2014Q4,2.38,2.3,/Users/vazea/Desktop/NNW/transcripts_by_company/ICU_MEDICAL_INC_2014Q4.txt,0.2589703043227755,0.26757135740061916,0.4734583382766053,True
AMAT,2015Q2,0.29,0.28,/Users/vazea/Desktop/NNW/transcripts_by_company/APPLIED_MATERIALS_INC_2015Q2.txt,0.0281052025539162,0.5743460743158373,0.3975487231302465,True
PNR,2018Q4,2.35,2.33,/Users/vazea/Desktop/NNW/transcripts_by_company/PENTAIR_PLC_2018Q4.txt,0.282917361317436,0.3598925375866264,0.3571901010959375,True
PBI,2020Q3,0.08,0.05,/Users/vazea/Desktop/NNW/transcripts_by_company/PITNEY_BOWES_INC_2020Q3.txt,0.2308668176415132,0.27107539215177795,0.4980577902067089,True
STMP,2014Q4,2.47,2.38,/Users/vazea/Desktop/NNW/transcripts_by_company/STAMPSCOM_INC_2014Q4.txt,0.24807651732155003,0.15995336841128938,0.5919701142671606,True
QLYS,2021Q4,3.22,3.17,/Users/vazea/Desktop/NNW/transcripts_by_company/QUALYS_INC_2021Q4.txt,0.16027564433249272,0.13177371369456786,0.7079506419729393,True
HITT,2009Q3,0.4,0.35,/Users/vazea/Desktop/NNW/transcripts_by_company/HITTITE_MICROWAVE_CORP_2009Q3.txt,0.3219594626441554,0.3381222886024692,0.3399182487533754,True
EE,2017Q1,-0.1,-0.04,/Users/vazea/Desktop/NNW/transcripts_by_company/EL_PASO_ELEC_CO_2017Q1.txt,0.08316203129541812,0.1305957310567843,0.7862422376477975,True
TMO,2017Q4,9.49,9.35,/Users/vazea/Desktop/NNW/transcripts_by_company/THERMO_FISHER_SCIENTIFIC_INC_2017Q4.txt,0.22773156139466488,0.15628434237661332,0.6159840962287217,True
ENCY,2006Q2,-0.48,-0.49,/Users/vazea/Desktop/NNW/transcripts_by_company/ENCYSIVE_PHARMACEUTICALS_INC_2006Q2.txt,0.037929669889306954,0.09674108365337727,0.8653292464573158,False
MMP,2014Q3,0.71,0.65,/Users/vazea/Desktop/NNW/transcripts_by_company/MAGELLAN_MIDSTREAM_PARTNERS_LP_2014Q3.txt,0.07732960415330016,0.1536574093833106,0.7690129864633892,True
LOW,2006Q4,3.46,3.39,/Users/vazea/Desktop/NNW/transcripts_by_company/LOWES_COMPANIES_INC_2006Q4.txt,0.3651693298913878,0.08109621884745605,0.5537344512611562,False
POWI,2004Q3,0.18,0.16,/Users/vazea/Desktop/NNW/transcripts_by_company/POWER_INTEGRATIONS_INC_2004Q3.txt,0.11468831460121776,0.1715406193620307,0.7137710660367516,True
SLTM,2013Q1,-0.04,-0.02,/Users/vazea/Desktop/NNW/transcripts_by_company/SOLTA_MEDICAL_INC_2013Q1.txt,0.08553636582043635,0.147059439809168,0.7674041943703956,True
P,2013Q2,0.0,-0.1,/Users/vazea/Desktop/NNW/transcripts_by_company/PANDORA_MEDIA_INC_2013Q2.txt,0.14562049646096348,0.18368801026304504,0.6706914932759914,True
OCLR,2016Q3,0.03,0.01,/Users/vazea/Desktop/NNW/transcripts_by_company/OCLARO_INC_2016Q3.txt,0.36724107736864425,0.17218259798745933,0.46057632464389636,True
KTOS,2023Q1,0.06,0.06,/Users/vazea/Desktop/NNW/transcripts_by_company/KRATOS_DEFENSE_AND_SECURITY_SOLU_2023Q1.txt,0.12884758820208744,0.264517887351097,0.6066345244468156,True
CSOD,2019Q4,1.17,1.08,/Users/vazea/Desktop/NNW/transcripts_by_company/CORNERSTONE_ONDEMAND_INC_2019Q4.txt,0.46786949072695966,0.17411798626439293,0.3580125230086475,True
CACH,2005Q3,0.07,0.06,/Users/vazea/Desktop/NNW/transcripts_by_company/CACHE_INC_2005Q3.txt,0.1085030045700102,0.23817442705890915,0.6533225683710807,True
VECO,2020Q4,0.86,0.87,/Users/vazea/Desktop/NNW/transcripts_by_company/VEECO_INSTRUMENTS_INC_2020Q4.txt,0.30387510678529484,0.2540619342008602,0.44206295901384496,True
MELI,2015Q3,0.75,0.63,/Users/vazea/Desktop/NNW/transcripts_by_company/MERCADOLIBRE_INC_2015Q3.txt,0.18681451353425713,0.21138651819658014,0.6017989682691627,True
NBL,2010Q3,1.27,0.8,/Users/vazea/Desktop/NNW/transcripts_by_company/NOBLE_ENERGY_INC_2010Q3.txt,0.14816275080970742,0.21430415571444525,0.6375330934758473,True
CSL,2015Q4,4.82,4.7,/Users/vazea/Desktop/NNW/transcripts_by_company/CARLISLE_COMPANIES_INC_2015Q4.txt,0.22147577054679596,0.13739992536844126,0.6411243040847627,True
STRC,2022Q4,-0.46,-0.5,/Users/vazea/Desktop/NNW/transcripts_by_company/SARCOS_TECHNOLOGY_AND_ROBOTICS_C_2022Q4.txt,0.06285001073488508,0.3399197014654613,0.5972302877996536,True
BKNG,2018Q3,37.78,38.08,/Users/vazea/Desktop/NNW/transcripts_by_company/BOOKING_HOLDINGS_INC_2018Q3.txt,0.1409839327022213,0.24549696364027448,0.6135191036575042,True
CNSL,2013Q4,1.01,0.96,/Users/vazea/Desktop/NNW/transcripts_by_company/CONSOLIDATED_COMMUNICATIONS_HOLD_2013Q4.txt,0.1399816301849533,0.04684889148867064,0.8131694783263761,False
EW,2016Q4,2.89,2.86,/Users/vazea/Desktop/NNW/transcripts_by_company/EDWARDS_LIFESCIENCES_CORP_2016Q4.txt,0.2037392305261381,0.08384043323346216,0.7124203362403998,False
NWY,2011Q4,-0.3,-0.38,/Users/vazea/Desktop/NNW/transcripts_by_company/NEW_YORK_CO_INC_2011Q4.txt,0.20310065633685698,0.21815149296598496,0.5787478506971582,True
HCKT,2020Q2,0.06,0.04,/Users/vazea/Desktop/NNW/transcripts_by_company/HACKETT_GROUP_INC_2020Q2.txt,0.24887732176501234,0.14820956532676532,0.6029131129082224,True
HTV,2003Q1,0.11,0.09,/Users/vazea/Desktop/NNW/transcripts_by_company/HEARSTARGYLE_TELEVISION_2003Q1.txt,0.32324494636181,0.20299082363105034,0.47376423000713963,True
MGAM,2009Q4,-0.32,-0.32,/Users/vazea/Desktop/NNW/transcripts_by_company/MULTIMEDIA_GAMES_HOLDING_CO_INC_2009Q4.txt,0.17790570725406485,0.03534536278219823,0.7867489299637369,False
UNFI,2015Q2,0.65,0.67,/Users/vazea/Desktop/NNW/transcripts_by_company/UNITED_NATURAL_FOODS_INC_2015Q2.txt,0.20564551425661168,0.2387219708205618,0.5556325149228265,True
SLXP,2007Q4,0.88,0.88,/Users/vazea/Desktop/NNW/transcripts_by_company/SALIX_PHARMACEUTICALS_LTD_2007Q4.txt,0.37945300886665884,0.04971812921970083,0.5708288619136404,False
BIO,2021Q2,3.54,2.78,/Users/vazea/Desktop/NNW/transcripts_by_company/BIO_RAD_LABORATORIES_INC_2021Q2.txt,0.20060204709197688,0.3767763710435893,0.42262158186443377,True
CODA,2023Q1,0.12,0.09,/Users/vazea/Desktop/NNW/transcripts_by_company/CODA_OCTOPUS_GROUP_INC_2023Q1.txt,0.17194601549328348,0.11493762610989894,0.7131163583968176,True
MKSI,2003Q4,-0.02,-0.05,/Users/vazea/Desktop/NNW/transcripts_by_company/MKS_INSTRUMENTS_INC_2003Q4.txt,0.30191385282779415,0.20076658661395294,0.4973195605582529,True
VC,2014Q4,3.86,3.39,/Users/vazea/Desktop/NNW/transcripts_by_company/VISTEON_CORP_2014Q4.txt,0.18683916712652507,0.08388813234725441,0.7292727005262205,False
MAT,2003Q1,0.09,0.03,/Users/vazea/Desktop/NNW/transcripts_by_company/MATTEL_INC_2003Q1.txt,0.42893512384542737,0.019391118848480215,0.5516737573060925,False
CALP,2002Q1,-0.4,-0.34,/Users/vazea/Desktop/NNW/transcripts_by_company/CALIPER_TECHNOLOGIES_CORP_2002Q1.txt,0.34061577462597425,0.08558913020344537,0.5737950951705804,False
RRGB,2007Q4,1.98,1.91,/Users/vazea/Desktop/NNW/transcripts_by_company/RED_ROBIN_GOURMET_BURGERS_INC_2007Q4.txt,0.13111937514358055,0.1482679861746184,0.720612638681801,True
AMSC,2016Q3,-0.36,-0.57,/Users/vazea/Desktop/NNW/transcripts_by_company/AMERICAN_SUPERCONDUCTOR_CORP_2016Q3.txt,0.1552495052932145,0.03667580820367422,0.8080746865031113,False
DO,2010Q4,6.7,6.49,/Users/vazea/Desktop/NNW/transcripts_by_company/DIAMOND_OFFSHORE_DRILLING_INC_2010Q4.txt,0.34732972480544155,0.533825123212231,0.11884515198232748,True
FIVN,2018Q1,0.08,0.03,/Users/vazea/Desktop/NNW/transcripts_by_company/FIVE9_INC_2018Q1.txt,0.2624050489070789,0.17946874993337925,0.5581262011595419,True
ACOR,2017Q4,1.75,1.73,/Users/vazea/Desktop/NNW/transcripts_by_company/ACORDA_THERAPEUTICS_INC_2017Q4.txt,0.3509683347944547,0.09150665146553251,0.5575250137400127,False
GEVO,2019Q2,-0.6,-0.37,/Users/vazea/Desktop/NNW/transcripts_by_company/GEVO_INC_2019Q2.txt,0.17218951613119038,0.30108052078343994,0.5267299630853697,True
TD,2014Q2,1.09,1.02,/Users/vazea/Desktop/NNW/transcripts_by_company/TORONTODOMINION_BANK_2014Q2.txt,0.2030310584291482,0.147309369765886,0.6496595718049658,True
SRI,2011Q3,0.18,0.17,/Users/vazea/Desktop/NNW/transcripts_by_company/STONERIDGE_INC_2011Q3.txt,0.1538292891894826,0.25964062842305996,0.5865300823874575,True
PBYI,2022Q3,-0.01,-0.07,/Users/vazea/Desktop/NNW/transcripts_by_company/PUMA_BIOTECHNOLOGY_INC_2022Q3.txt,0.1459779017986641,0.08401712790689622,0.7700049702944397,False
HIBB,2015Q3,0.67,0.62,/Users/vazea/Desktop/NNW/transcripts_by_company/HIBBETT_INC_2015Q3.txt,0.10954366143208048,0.3220266716701209,0.5684296668977986,True
RF,2003Q3,0.73,0.73,/Users/vazea/Desktop/NNW/transcripts_by_company/REGIONS_FINANCIAL_CORPORATION_2003Q3_1.txt,0.264271908339632,0.09756281539908934,0.6381652762612786,False
ARCO,2022Q2,0.07,0.05,/Users/vazea/Desktop/NNW/transcripts_by_company/ARCOS_DORADOS_HOLDINGS_INC_2022Q2.txt,0.20627936316461334,0.1857592722489989,0.6079613645863877,True
FCX,2004Q3,0.1,0.12,/Users/vazea/Desktop/NNW/transcripts_by_company/FREEPORTMCMORAN_INC_2004Q3.txt,0.2288119115887319,0.16201773647078388,0.6091703519404842,True
AZPN,2002Q4,-0.91,-0.66,/Users/vazea/Desktop/NNW/transcripts_by_company/ASPEN_TECHNOLOGY_INC_2002Q4.txt,0.3222773221105884,0.372421281874344,0.30530139601506767,True
ADSK,2016Q1,0.3,0.28,/Users/vazea/Desktop/NNW/transcripts_by_company/AUTODESK_INC_2016Q1.txt,0.03566912200230375,0.19289629998947352,0.7714345780082227,True
NI,2022Q3,0.1,0.11,/Users/vazea/Desktop/NNW/transcripts_by_company/NISOURCE_INC_2022Q3.txt,0.20603755098011245,0.23147997954399657,0.562482469475891,True
DSW,2014Q4,1.88,1.86,/Users/vazea/Desktop/NNW/transcripts_by_company/DSW_INC_2014Q4.txt,0.3560748149732446,0.2757376116235299,0.36818757340322544,True
LW,2019Q2,0.8,0.71,/Users/vazea/Desktop/NNW/transcripts_by_company/LAMB_WESTON_HOLDINGS_INC_2019Q2.txt,0.0753580099317621,0.08370710762504348,0.8409348824431944,False
CHMI,2018Q4,2.23,2.07,/Users/vazea/Desktop/NNW/transcripts_by_company/CHERRY_HILL_MORTGAGE_INVESTMENT_2018Q4.txt,0.3266432028210817,0.15170113425906442,0.5216556629198539,True
BIO,2023Q2,3.0,2.65,/Users/vazea/Desktop/NNW/transcripts_by_company/BIO_RAD_LABORATORIES_INC_2023Q2.txt,0.20962786250895396,0.29592808382549995,0.4944440536655461,True
DIN,2011Q3,1.04,0.98,/Users/vazea/Desktop/NNW/transcripts_by_company/DINE_BRANDS_GLOBAL_INC_2011Q3.txt,0.22979062728115177,0.2418618245755317,0.5283475481433165,True
NM,2013Q4,-0.58,-0.45,/Users/vazea/Desktop/NNW/transcripts_by_company/NAVIOS_MARITIME_HOLDINGS_INC_2013Q4.txt,0.25097005812103634,0.1435753854473774,0.6054545564315863,True
CHRD,2003Q2,0.0,-0.01,/Users/vazea/Desktop/NNW/transcripts_by_company/CHORDIANT_SOFTWARE_INC_2003Q2.txt,0.09160509984986484,0.28714200550938646,0.6212528946407487,True
SWC,2013Q2,-0.04,0.04,/Users/vazea/Desktop/NNW/transcripts_by_company/STILLWATER_MINING_CO_2013Q2.txt,0.02685392368294579,0.12745446590897802,0.8456916104080762,True
GES,2015Q1,-0.03,-0.07,/Users/vazea/Desktop/NNW/transcripts_by_company/GUESS_INC_2015Q1.txt,0.2998353231925314,0.11361770916979469,0.5865469676376738,True
AINV,2015Q2,0.28,0.23,/Users/vazea/Desktop/NNW/transcripts_by_company/APOLLO_INVESTMENT_CORP_2015Q2.txt,0.0823239519432396,0.10097581979079938,0.816700228265961,True
TZOO,2010Q2,0.2,0.11,/Users/vazea/Desktop/NNW/transcripts_by_company/TRAVELZOO_INC_2010Q2.txt,0.14878229677181365,0.22244434458237394,0.6287733586458124,True
PFCB,2007Q3,0.2,0.19,/Users/vazea/Desktop/NNW/transcripts_by_company/PF_CHANGS_CHINA_BISTRO_INC_2007Q3.txt,0.5340160023100282,0.11712842294424203,0.34885557474572976,True
HES,2013Q3,1.18,1.45,/Users/vazea/Desktop/NNW/transcripts_by_company/HESS_CORP_2013Q3.txt,0.1740647923701965,0.37148522419547286,0.4544499834343306,True
SQNS,2021Q1,-0.15,-0.21,/Users/vazea/Desktop/NNW/transcripts_by_company/SEQUANS_COMMUNICATIONS_SA_2021Q1.txt,0.25144538628018726,0.62857090855624,0.11998370516357271,True
YJ,2021Q1,0.008,-0.05,/Users/vazea/Desktop/NNW/transcripts_by_company/YUNJI_INC_2021Q1.txt,0.11038076338699038,0.09005666402514353,0.799562572587866,False
GIS,2016Q3,0.65,0.62,/Users/vazea/Desktop/NNW/transcripts_by_company/GENERAL_MILLS_INC_2016Q3.txt,0.36998441509156726,0.1393278522083347,0.4906877327000981,True
RTIX,2003Q4,0.24,0.23,/Users/vazea/Desktop/NNW/transcripts_by_company/REGENERATION_TECHNOLOGIES_2003Q4.txt,0.03445263458881431,0.2840376741268723,0.6815096912843134,True
NWN,2003Q4,1.76,1.75,/Users/vazea/Desktop/NNW/transcripts_by_company/NORTHWEST_NAT_GAS_CO_2003Q4.txt,0.3393808768917966,0.21926352931383314,0.44135559379437034,True
CXM,2023Q2,-0.03,-0.06,/Users/vazea/Desktop/NNW/transcripts_by_company/SPRINKLR_INC_2023Q2.txt,0.059144343610951985,0.12012586231387998,0.820729794075168,True
ICUI,2016Q3,1.35,1.15,/Users/vazea/Desktop/NNW/transcripts_by_company/ICU_MEDICAL_INC_2016Q3.txt,0.44948214132055675,0.24611123780765534,0.30440662087178794,True
SYNA,2007Q3,0.28,0.23,/Users/vazea/Desktop/NNW/transcripts_by_company/SYNAPTICS_INC_2007Q3.txt,0.2776065711527547,0.2321811142721608,0.4902123145750845,True
CNK,2014Q4,1.66,1.63,/Users/vazea/Desktop/NNW/transcripts_by_company/CINEMARK_HOLDINGS_INC_2014Q4.txt,0.08580645962026509,0.2695367350466287,0.6446568053331062,True
VSH,2005Q3,0.14,0.11,/Users/vazea/Desktop/NNW/transcripts_by_company/VISHAY_INTERTECHNOLOGY_INC_2005Q3.txt,0.1925575321155305,0.3840905047385776,0.4233519631458919,True
LYTS,2005Q1,0.17,0.13,/Users/vazea/Desktop/NNW/transcripts_by_company/LSI_INDUSTRIES_INC_2005Q1.txt,0.25405365744839914,0.2611835903347352,0.48476275221686566,True
RRGB,2014Q4,2.66,2.68,/Users/vazea/Desktop/NNW/transcripts_by_company/RED_ROBIN_GOURMET_BURGERS_INC_2014Q4.txt,0.1142101410957476,0.13671095797121818,0.7490789009330343,True
ASPS,2019Q4,1.34,1.56,/Users/vazea/Desktop/NNW/transcripts_by_company/ALTISOURCE_PORTFOLIO_SOLUTIONS_S_2019Q4.txt,0.15163786357309275,0.10388981920849533,0.744472317218412,True
CNA,2002Q3,0.17,0.55,/Users/vazea/Desktop/NNW/transcripts_by_company/CNA_FINANCIAL_CORP_2002Q3.txt,0.40379753219696574,0.15559157209029575,0.4406108957127385,True
CTMX,2020Q3,-0.32,-0.4,/Users/vazea/Desktop/NNW/transcripts_by_company/CYTOMX_THERAPEUTICS_INC_2020Q3.txt,0.20334934487169287,0.21017726640437567,0.5864733887239315,True
RCL,2021Q1,-4.44,-4.47,/Users/vazea/Desktop/NNW/transcripts_by_company/ROYAL_CARIBBEAN_CRUISES_LTD_2021Q1.txt,0.34002872645363724,0.0409449992011578,0.619026274345205,False
BALL,2023Q2,0.61,0.6,/Users/vazea/Desktop/NNW/transcripts_by_company/BALL_CORP_2023Q2.txt,0.26479601848699097,0.17007952227543224,0.5651244592375768,True
TDOC,2018Q4,-1.47,-1.49,/Users/vazea/Desktop/NNW/transcripts_by_company/TELADOC_HEALTH_INC_2018Q4.txt,0.2506347291325626,0.44180937906501455,0.3075558918024229,True
CBMX,2015Q1,-0.15,-0.16,/Users/vazea/Desktop/NNW/transcripts_by_company/COMBIMATRIX_CORP_2015Q1.txt,0.29355370866480185,0.6359273751717687,0.07051891616342942,True
DRYS,2007Q4,9.54,9.11,/Users/vazea/Desktop/NNW/transcripts_by_company/DRYSHIPS_INC_2007Q4.txt,0.4240088274413147,0.2035917566428152,0.37239941591587006,True
AAWW,2016Q1,0.31,0.25,/Users/vazea/Desktop/NNW/transcripts_by_company/ATLAS_AIR_WORLDWIDE_HOLDINGS_INC_2016Q1.txt,0.09701061081196184,0.05328976916168596,0.8496996200263522,False
JILL,2024Q2,1.1,0.8,/Users/vazea/Desktop/NNW/transcripts_by_company/JJILL_INC_2024Q2.txt,0.3119899338664129,0.2121159070881626,0.4758941590454244,True
NXTM,2008Q1,-0.38,-0.39,/Users/vazea/Desktop/NNW/transcripts_by_company/NXSTAGE_MEDICAL_INC_2008Q1.txt,0.4788750244962806,0.04626610798651968,0.4748588675171997,False
NVTA,2022Q2,-0.68,-0.74,/Users/vazea/Desktop/NNW/transcripts_by_company/INVITAE_CORP_2022Q2.txt,0.28593436111644976,0.11342964273026485,0.6006359961532854,True
DD,2022Q2,0.88,0.75,/Users/vazea/Desktop/NNW/transcripts_by_company/DUPONT_DE_NEMOURS_INC_2022Q2.txt,0.24299779398016771,0.21609103550400813,0.5409111705158242,True
EPD,2020Q1,0.61,0.52,/Users/vazea/Desktop/NNW/transcripts_by_company/ENTERPRISE_PRODUCTS_PARTNERS_LP_2020Q1.txt,0.4009596869089846,0.2584422149644473,0.34059809812656805,True
CAL,2019Q2,0.59,0.58,/Users/vazea/Desktop/NNW/transcripts_by_company/CALERES_INC_2019Q2.txt,0.5392872787359614,0.37523507491724173,0.08547764634679689,True
KIN,2019Q2,-0.37,-0.4,/Users/vazea/Desktop/NNW/transcripts_by_company/KINDRED_BIOSCIENCES_INC_2019Q2.txt,0.2331614002045582,0.04541047343008686,0.7214281263653549,False
RBCN,2011Q2,0.59,0.54,/Users/vazea/Desktop/NNW/transcripts_by_company/RUBICON_TECHNOLOGY_INC_2011Q2.txt,0.2626633760338879,0.1712519864407288,0.5660846375253833,True
MATR,2012Q2,-0.13,-0.15,/Users/vazea/Desktop/NNW/transcripts_by_company/MATTERSIGHT_CORP_2012Q2.txt,0.2807760816898691,0.13949851427911159,0.5797254040310194,True
ARTG,2003Q3,-0.04,-0.05,/Users/vazea/Desktop/NNW/transcripts_by_company/ART_TECHNOLOGY_GROUP_INC_2003Q3.txt,0.056938105321927036,0.29064412346634455,0.6524177712117285,True
COLB,2009Q4,-0.38,-0.56,/Users/vazea/Desktop/NNW/transcripts_by_company/COLUMBIA_BANKING_SYSTEM_INC_2009Q4.txt,0.3329851001947329,0.07871763725675339,0.5882972625485138,False
SINA,2018Q3,0.93,0.7,/Users/vazea/Desktop/NNW/transcripts_by_company/SINA_CORP_2018Q3.txt,0.05861337615270702,0.05768544523377989,0.883701178613513,False
MMSI,2008Q2,0.21,0.19,/Users/vazea/Desktop/NNW/transcripts_by_company/MERIT_MEDICAL_SYSTEMS_INC_2008Q2.txt,0.2819727812626829,0.18306137325343147,0.5349658454838857,True
MA,2008Q1,2.59,1.98,/Users/vazea/Desktop/NNW/transcripts_by_company/MASTERCARD_INC_2008Q1.txt,0.05396214411695859,0.03267494658495037,0.913362909298091,False
AXTI,2002Q2,-0.09,-0.14,/Users/vazea/Desktop/NNW/transcripts_by_company/AXT_INC_2002Q2.txt,0.09275558786977198,0.26940454507275874,0.6378398670574692,True
GASS,2021Q2,0.13,-0.04,/Users/vazea/Desktop/NNW/transcripts_by_company/STEALTHGAS_INC_2021Q2.txt,0.1379620312241432,0.257314291976079,0.6047236767997778,True
RRGB,2018Q1,0.69,0.75,/Users/vazea/Desktop/NNW/transcripts_by_company/RED_ROBIN_GOURMET_BURGERS_INC_2018Q1.txt,0.12293392271897516,0.16609040852173423,0.7109756687592905,True
OPRX,2020Q1,-0.06,-0.02,/Users/vazea/Desktop/NNW/transcripts_by_company/OPTIMIZERX_CORP_2020Q1.txt,0.307011084716096,0.13272455753837112,0.5602643577455328,True
CODI,2021Q2,0.72,0.46,/Users/vazea/Desktop/NNW/transcripts_by_company/COMPASS_DIVERSIFIED_HOLDINGS_2021Q2.txt,0.1294961749057178,0.18972384041351195,0.6807799846807703,True
ASB,2015Q3,0.31,0.3,/Users/vazea/Desktop/NNW/transcripts_by_company/ASSOCIATED_BANCCORP_2015Q3.txt,0.05427375097722863,0.18760713967249582,0.7581191093502755,True
HAIN,2018Q1,0.23,0.24,/Users/vazea/Desktop/NNW/transcripts_by_company/HAIN_CELESTIAL_GROUP_INC_2018Q1.txt,0.11635968128880617,0.38399538450977544,0.4996449342014184,True
QUMU,2020Q3,-0.14,-0.12,/Users/vazea/Desktop/NNW/transcripts_by_company/QUMU_CORP_2020Q3.txt,0.2179211101353502,0.34750133371078235,0.43457755615386745,True
ZNGA,2013Q3,-0.02,-0.05,/Users/vazea/Desktop/NNW/transcripts_by_company/ZYNGA_INC_2013Q3.txt,0.23829391393073815,0.37702350022610803,0.3846825858431538,True
MCK,2013Q1,1.55,1.48,/Users/vazea/Desktop/NNW/transcripts_by_company/MCKESSON_CORP_2013Q1.txt,0.20089115810679994,0.4124929942988925,0.38661584759430756,True
KMPH,2016Q1,-0.2,-0.41,/Users/vazea/Desktop/NNW/transcripts_by_company/KEMPHARM_INC_2016Q1.txt,0.35532438702345204,0.2398709246781452,0.40480468829840277,True
TTIL,2003Q4,-1.95,-1.91,/Users/vazea/Desktop/NNW/transcripts_by_company/TTI_TEAM_TELECOM_INTL_LTD_2003Q4.txt,0.3631780447503218,0.11619563452834207,0.5206263207213362,True
TPH,2017Q2,0.21,0.2,/Users/vazea/Desktop/NNW/transcripts_by_company/TRI_POINTE_HOMES_INC_DELAWARE_2017Q2.txt,0.2742362690953553,0.35149953883365176,0.374264192070993,True
PEET,2003Q3,0.13,0.14,/Users/vazea/Desktop/NNW/transcripts_by_company/PEETS_COFFEE_TEA_INC_2003Q3.txt,0.174155592757824,0.4041475570723503,0.4216968501698257,True
ACXM,2016Q4,0.59,0.53,/Users/vazea/Desktop/NNW/transcripts_by_company/ACXIOM_CORPORATION_2016Q4.txt,0.16075173960877814,0.3218073063770718,0.5174409540141501,True
IBKR,2010Q3,0.26,0.2,/Users/vazea/Desktop/NNW/transcripts_by_company/INTERACTIVE_BROKERS_GROUP_INC_2010Q3.txt,0.5020584782721859,0.29688594305198807,0.20105557867582607,True
GRA,2019Q2,1.16,1.14,/Users/vazea/Desktop/NNW/transcripts_by_company/W_R_GRACE_CO_2019Q2.txt,0.20711213873317472,0.13060753936322558,0.6622803219035998,True
WKHS,2021Q3,-0.77,-0.22,/Users/vazea/Desktop/NNW/transcripts_by_company/WORKHORSE_GROUP_INC_2021Q3.txt,0.4712381569904918,0.32772209112027606,0.20103975188923218,True
MDT,2022Q4,5.55,5.66,/Users/vazea/Desktop/NNW/transcripts_by_company/MEDTRONIC_PLC_2022Q4.txt,0.08593250030356717,0.0920500608968871,0.8220174387995458,False
MSM,2002Q4,0.52,0.53,/Users/vazea/Desktop/NNW/transcripts_by_company/MSC_INDUSTRIAL_DIRECT_CO_INC_2002Q4.txt,0.12441341833915436,0.39786075905127827,0.4777258226095674,True
SNCR,2020Q4,-0.01,0.08,/Users/vazea/Desktop/NNW/transcripts_by_company/SYNCHRONOSS_TECHNOLOGIES_INC_2020Q4.txt,0.12652143323746762,0.1437256122542865,0.729752954508246,True
NANO,2008Q4,-0.68,-0.85,/Users/vazea/Desktop/NNW/transcripts_by_company/NANOMETRICS_INC_2008Q4.txt,0.07271470841506242,0.05985918257746,0.8674261090074775,False
CRIS,2007Q3,-0.06,-0.01,/Users/vazea/Desktop/NNW/transcripts_by_company/CURIS_INCORPORATED_2007Q3.txt,0.20416488740962593,0.43968721666239985,0.35614789592797425,True
AVNS,2020Q4,0.79,0.72,/Users/vazea/Desktop/NNW/transcripts_by_company/AVANOS_MEDICAL_INC_2020Q4.txt,0.14197121222933526,0.3351073751915954,0.5229214125790693,True
PFG,2012Q2,0.72,0.74,/Users/vazea/Desktop/NNW/transcripts_by_company/PRINCIPAL_FINANCIAL_GROUP_INC_2012Q2.txt,0.16308729757025361,0.2612333532850332,0.5756793491447132,True
ENB,2015Q2,0.6,0.47,/Users/vazea/Desktop/NNW/transcripts_by_company/ENBRIDGE_INC_2015Q2.txt,0.39030109730929424,0.2226507219558579,0.3870481807348479,True
AUDC,2013Q4,0.14,0.14,/Users/vazea/Desktop/NNW/transcripts_by_company/AUDIOCODES_LTD_2013Q4.txt,0.0550324374604823,0.12566025988418306,0.8193073026553347,True
GHDX,2015Q4,-1.04,-0.96,/Users/vazea/Desktop/NNW/transcripts_by_company/GENOMIC_HEALTH_INC_2015Q4.txt,0.12523128194835342,0.3019572246862746,0.572811493365372,True
HES,2008Q3,2.37,2.43,/Users/vazea/Desktop/NNW/transcripts_by_company/HESS_CORP_2008Q3.txt,0.21283667466951,0.09226401542368189,0.694899309906808,False
ACV,2009Q1,0.41,0.35,/Users/vazea/Desktop/NNW/transcripts_by_company/ALBERTO_CULVER_CO_2009Q1.txt,0.19317998439159928,0.05891070177283184,0.7479093138355688,False
CPTS,2008Q4,0.0,0.01,/Users/vazea/Desktop/NNW/transcripts_by_company/CONCEPTUS_INC_2008Q4.txt,0.4361271863584971,0.3725580979569525,0.19131471568455038,True
WDR,2015Q2,0.8,0.82,/Users/vazea/Desktop/NNW/transcripts_by_company/WADDELL_REED_FINANCIAL_INC_2015Q2.txt,0.040535411996192275,0.3180072231582418,0.6414573648455659,True
JOE,2008Q4,-0.4,-0.07,/Users/vazea/Desktop/NNW/transcripts_by_company/ST_JOE_COMPANY_2008Q4.txt,0.40308641751752317,0.3495316340458521,0.24738194843662475,True
JD,2014Q4,0.3,0.01,/Users/vazea/Desktop/NNW/transcripts_by_company/JDCOM_INC_2014Q4.txt,0.06740595825990195,0.4303235825050342,0.5022704592350639,True
AMLX,2022Q3,-0.92,-0.98,/Users/vazea/Desktop/NNW/transcripts_by_company/AMYLYX_PHARMACEUTICALS_INC_2022Q3.txt,0.15197324771367526,0.09118851089951988,0.7568382413868049,False
BIG,2022Q1,2.62,1.46,/Users/vazea/Desktop/NNW/transcripts_by_company/BIG_LOTS_INC_2022Q1.txt,0.056258251396636635,0.2387347445299538,0.7050070040734095,True
KCG,2014Q1,0.3,0.17,/Users/vazea/Desktop/NNW/transcripts_by_company/KCG_HOLDINGS_INC_2014Q1.txt,0.013791215411412715,0.19590511405103805,0.7903036705375492,True
SRDX,2009Q3,0.2,0.2,/Users/vazea/Desktop/NNW/transcripts_by_company/SURMODICS_INC_2009Q3.txt,0.38350298993635684,0.2466341981495875,0.36986281191405557,True
GFF,2023Q3,1.29,0.95,/Users/vazea/Desktop/NNW/transcripts_by_company/GRIFFON_CORP_2023Q3.txt,0.11071808228394589,0.14811660104272745,0.7411653166733267,True
DENN,2011Q1,0.06,0.08,/Users/vazea/Desktop/NNW/transcripts_by_company/DENNYS_CORP_2011Q1.txt,0.2828761953056,0.2966211985757931,0.42050260611860685,True
CIT,2012Q1,-2.22,-1.79,/Users/vazea/Desktop/NNW/transcripts_by_company/CIT_GROUP_INC_2012Q1.txt,0.13291839273785044,0.309918817818116,0.5571627894440336,True
DAL,2009Q3,0.06,-0.05,/Users/vazea/Desktop/NNW/transcripts_by_company/DELTA_AIR_LINES_INC_2009Q3.txt,0.43943250694765346,0.21488434659966996,0.3456831464526766,True
VRTV,2015Q2,0.27,0.57,/Users/vazea/Desktop/NNW/transcripts_by_company/VERITIV_CORP_2015Q2.txt,0.13797839530244743,0.022249138559423395,0.8397724661381293,False
EXPE,2023Q3,5.41,5.06,/Users/vazea/Desktop/NNW/transcripts_by_company/EXPEDIA_GROUP_INC_2023Q3.txt,0.16782897106339192,0.1472997002401054,0.6848713286965027,True
SSTI,2018Q4,-0.26,-0.28,/Users/vazea/Desktop/NNW/transcripts_by_company/SOUNDTHINKING_INC_2018Q4.txt,0.12078090528624809,0.4614720105111939,0.417747084202558,True
DXPE,2020Q4,0.76,0.41,/Users/vazea/Desktop/NNW/transcripts_by_company/DXP_ENTERPRISES_INC_2020Q4.txt,0.07950169555584559,0.2878802223607621,0.6326180820833922,True
RRGB,2005Q3,0.45,0.41,/Users/vazea/Desktop/NNW/transcripts_by_company/RED_ROBIN_GOURMET_BURGERS_INC_2005Q3.txt,0.2938681451320317,0.39660308988003173,0.3095287649879365,True
SMTL,2002Q2,-0.14,-0.15,/Users/vazea/Desktop/NNW/transcripts_by_company/SEMITOOL_INC_2002Q2.txt,0.19934319326181815,0.02980272080673578,0.7708540859314461,False
WY,2016Q4,0.75,0.78,/Users/vazea/Desktop/NNW/transcripts_by_company/WEYERHAEUSER_CO_2016Q4.txt,0.014039315337140945,0.024222980596960694,0.9617377040658983,False
NOVA,2010Q3,0.23,0.23,/Users/vazea/Desktop/NNW/transcripts_by_company/NOVAMED_INC_2010Q3.txt,0.4366229102849369,0.16850182191016433,0.39487526780489884,True
GDOT,2011Q4,1.55,1.55,/Users/vazea/Desktop/NNW/transcripts_by_company/GREEN_DOT_CORP_2011Q4.txt,0.13446641542406526,0.2630005226232265,0.6025330619527083,True
TXU,2006Q4,5.55,5.55,/Users/vazea/Desktop/NNW/transcripts_by_company/TXU_CORPORATION_2006Q4.txt,0.08027977894468478,0.30323167425317277,0.6164885468021425,True
MMM,2017Q1,2.16,2.06,/Users/vazea/Desktop/NNW/transcripts_by_company/3M_CO_2017Q1.txt,0.051251435477775595,0.16587195810931685,0.7828766064129076,True
RITT,2007Q3,-0.19,-0.07,/Users/vazea/Desktop/NNW/transcripts_by_company/RIT_TECHNOLOGIES_LTD_2007Q3.txt,0.08710643843558392,0.20358613710933324,0.7093074244550828,True
PCBC,2004Q1,1.24,1.2,/Users/vazea/Desktop/NNW/transcripts_by_company/PACIFIC_CAPITAL_BANCORP_2004Q1.txt,0.2628014785067174,0.04855552025760233,0.6886430012356802,False
OXLC,2017Q4,1.32,1.43,/Users/vazea/Desktop/NNW/transcripts_by_company/OXFORD_LANE_CAPITAL_CORP_2017Q4.txt,0.2969572697505217,0.22008223305118937,0.48296049719828893,True
ILPT,2018Q4,1.16,1.17,/Users/vazea/Desktop/NNW/transcripts_by_company/INDUSTRIAL_LOGISTICS_PROPERTIES_2018Q4.txt,0.15754487610030873,0.08004888780699351,0.7624062360926978,False
INTC,2020Q1,1.45,1.3,/Users/vazea/Desktop/NNW/transcripts_by_company/INTEL_CORP_2020Q1.txt,0.6736499477813208,0.31593105312358977,0.01041899909508942,True
WOOF,2022Q3,0.2,0.17,/Users/vazea/Desktop/NNW/transcripts_by_company/PETCO_HEALTH_AND_WELLNESS_COMPAN_2022Q3.txt,0.14504354170505904,0.17531823251824433,0.6796382257766966,True
MIDD,2023Q2,2.47,2.33,/Users/vazea/Desktop/NNW/transcripts_by_company/MIDDLEBY_CORP_2023Q2.txt,0.18018124442461256,0.30433696574418484,0.5154817898312025,True
NBSE,2020Q4,-0.89,-0.88,/Users/vazea/Desktop/NNW/transcripts_by_company/NEUBASE_THERAPEUTICS_INC_2020Q4.txt,0.07544943943121765,0.1296131493075073,0.794937411261275,True
ALVR,2002Q3,-0.07,-0.08,/Users/vazea/Desktop/NNW/transcripts_by_company/ALVARION_2002Q3.txt,0.17251364870119576,0.20995683548720084,0.6175295158116034,True
MGRC,2017Q3,0.69,0.57,/Users/vazea/Desktop/NNW/transcripts_by_company/MCGRATH_RENTCORP_2017Q3.txt,0.3357713777831815,0.11877662256971783,0.5454519996471008,True
CINF,2004Q3,0.56,0.35,/Users/vazea/Desktop/NNW/transcripts_by_company/CINCINNATI_FINANCIAL_CORP_2004Q3.txt,0.4618143029797763,0.09821192841762029,0.4399737686026034,False
VIP,2011Q1,0.46,0.33,/Users/vazea/Desktop/NNW/transcripts_by_company/VIMPELCOM_LTD_2011Q1.txt,0.2686118735927295,0.14428956823175124,0.5870985581755194,True
WAGE,2012Q4,0.58,0.55,/Users/vazea/Desktop/NNW/transcripts_by_company/WAGEWORKS_INC_2012Q4.txt,0.04245275852846869,0.11012135694973084,0.8474258845218006,True
PGNX,2019Q1,-0.22,-0.17,/Users/vazea/Desktop/NNW/transcripts_by_company/PROGENICS_PHARMACEUTICALS_INC_2019Q1.txt,0.06356740051287216,0.3061142929572513,0.6303183065298765,True
ACAD,2012Q3,-0.04,-0.1,/Users/vazea/Desktop/NNW/transcripts_by_company/ACADIA_PHARMACEUTICALS_INC_2012Q3.txt,0.04059589861571288,0.1760742588050777,0.7833298425792095,True
SIX,2011Q3,3.43,2.47,/Users/vazea/Desktop/NNW/transcripts_by_company/SIX_FLAGS_ENTERTAINMENT_CORP_DE_2011Q3.txt,0.09860553503202436,0.13980256002022753,0.7615919049477481,True
KURA,2018Q1,-0.46,-0.35,/Users/vazea/Desktop/NNW/transcripts_by_company/KURA_ONCOLOGY_INC_2018Q1.txt,0.13877431900604534,0.18739090576879444,0.6738347752251602,True
LPG,2020Q4,2.41,2.19,/Users/vazea/Desktop/NNW/transcripts_by_company/DORIAN_LPG_LTD_2020Q4.txt,0.06940230449372817,0.12956820823492066,0.8010294872713511,True
NERV,2018Q1,-0.32,-0.28,/Users/vazea/Desktop/NNW/transcripts_by_company/MINERVA_NEUROSCIENCES_INC_2018Q1.txt,0.27855644052650913,0.15310617553089262,0.5683373839425983,True
WETF,2020Q3,0.07,0.05,/Users/vazea/Desktop/NNW/transcripts_by_company/WISDOMTREE_INC_2020Q3.txt,0.08554310735692691,0.27714317316459924,0.6373137194784738,True
HCC,2022Q1,2.97,3.24,/Users/vazea/Desktop/NNW/transcripts_by_company/WARRIOR_MET_COAL_INC_2022Q1.txt,0.22622237576309734,0.1697624118433269,0.6040152123935758,True
SUMR,2007Q3,0.08,0.07,/Users/vazea/Desktop/NNW/transcripts_by_company/SUMMER_INFANT_INC_2007Q3.txt,0.3101916364605377,0.1506148777462608,0.5391934857932015,True
FWLT,2013Q1,0.14,0.3,/Users/vazea/Desktop/NNW/transcripts_by_company/FOSTER_WHEELER_AG_2013Q1.txt,0.1569174409954091,0.32670874303021535,0.5163738159743756,True
MBI,2007Q3,1.52,1.59,/Users/vazea/Desktop/NNW/transcripts_by_company/MBIA_INC_2007Q3.txt,0.34841717981007014,0.073776048393993,0.5778067717959369,False
PDFS,2008Q2,0.03,0.03,/Users/vazea/Desktop/NNW/transcripts_by_company/PDF_SOLUTIONS_INC_2008Q2.txt,0.22922310164835083,0.12276278494191298,0.6480141134097362,True
SILC,2020Q1,0.31,0.19,/Users/vazea/Desktop/NNW/transcripts_by_company/SILICOM_LTD_2020Q1.txt,0.13207337538969033,0.1450876255264348,0.7228389990838748,True
GD,2006Q2,1.03,0.99,/Users/vazea/Desktop/NNW/transcripts_by_company/GENERAL_DYNAMICS_CORP_2006Q2.txt,0.147825353893792,0.4276977710736789,0.42447687503252907,True
IMVT,2022Q1,-0.31,-0.3,/Users/vazea/Desktop/NNW/transcripts_by_company/IMMUNOVANT_INC_2022Q1.txt,0.12188024922813001,0.20813711724060294,0.6699826335312671,True
CRK,2018Q3,-0.36,-0.02,/Users/vazea/Desktop/NNW/transcripts_by_company/COMSTOCK_RESOURCES_INC_2018Q3.txt,0.29447679235798807,0.17356155749405894,0.5319616501479529,True
RICK,2009Q2,0.16,0.14,/Users/vazea/Desktop/NNW/transcripts_by_company/RICKS_CABARET_INTERNATIONAL_IN_2009Q2.txt,0.2559311266563211,0.04316335263662,0.7009055207070589,False
HOLX,2019Q2,0.58,0.57,/Users/vazea/Desktop/NNW/transcripts_by_company/HOLOGIC_INC_2019Q2.txt,0.20379966478766334,0.10661606762090843,0.6895842675914282,True
EGRX,2021Q4,2.59,2.62,/Users/vazea/Desktop/NNW/transcripts_by_company/EAGLE_PHARMACEUTICALS_INC_2021Q4.txt,0.05658328365482541,0.2640873722030265,0.679329344142148,True
ALGT,2018Q4,10.0,9.96,/Users/vazea/Desktop/NNW/transcripts_by_company/ALLEGIANT_TRAVEL_CO_2018Q4.txt,0.11541564304862896,0.09162727192437284,0.7929570850269982,False
EXR,2006Q1,0.01,0.04,/Users/vazea/Desktop/NNW/transcripts_by_company/EXTRA_SPACE_STORAGE_INC_2006Q1.txt,0.09552851560225523,0.23697071525278526,0.6675007691449596,True
DLX,2020Q1,1.08,1.04,/Users/vazea/Desktop/NNW/transcripts_by_company/DELUXE_CORP_2020Q1.txt,0.0237899680611132,0.36752396427262024,0.6086860676662665,True
KR,2023Q2,0.9,0.79,/Users/vazea/Desktop/NNW/transcripts_by_company/KROGER_CO_2023Q2.txt,0.07220559772556047,0.14706691936530653,0.7807274829091331,True
BRFH,2020Q1,-0.01,-0.01,/Users/vazea/Desktop/NNW/transcripts_by_company/BARFRESH_FOOD_GROUP_INC_2020Q1.txt,0.06583966990553579,0.12556294878726587,0.8085973813071983,True
PFGC,2020Q3,0.58,0.33,/Users/vazea/Desktop/NNW/transcripts_by_company/PERFORMANCE_FOOD_GROUP_CO_2020Q3.txt,0.16450911379008054,0.04460810231298199,0.7908827838969376,False
EMR,2007Q1,0.55,0.53,/Users/vazea/Desktop/NNW/transcripts_by_company/EMERSON_ELECTRIC_CO_2007Q1.txt,0.2904469702198925,0.174844407418912,0.5347086223611954,True
WERN,2021Q4,3.45,3.29,/Users/vazea/Desktop/NNW/transcripts_by_company/WERNER_ENTERPRISES_INC_2021Q4.txt,0.13327334356608925,0.24698053361247854,0.6197461228214323,True
SNI,2010Q1,0.5,0.43,/Users/vazea/Desktop/NNW/transcripts_by_company/SCRIPPS_NETWORKS_INTERACTIVE_INC_2010Q1.txt,0.16037134716059395,0.07578663408766442,0.7638420187517416,False
RGS,2024Q1,0.03,-0.08,/Users/vazea/Desktop/NNW/transcripts_by_company/REGIS_CORP_2024Q1.txt,0.18477563271549216,0.03286287785790927,0.7823614894265986,False
BGG,2006Q2,0.42,0.45,/Users/vazea/Desktop/NNW/transcripts_by_company/BRIGGS_STRATTON_CORP_2006Q2.txt,0.18029295135027115,0.19124256863363,0.6284644800160989,True
CSL,2015Q1,0.59,0.58,/Users/vazea/Desktop/NNW/transcripts_by_company/CARLISLE_COMPANIES_INC_2015Q1.txt,0.20618944371543937,0.1427533443286053,0.6510572119559553,True
RLRN,2008Q2,0.12,0.12,/Users/vazea/Desktop/NNW/transcripts_by_company/RENAISSANCE_LEARNING_INC_2008Q2.txt,0.35710306873205,0.39115647861390823,0.25174045265404177,True
HLT,2014Q3,0.18,0.17,/Users/vazea/Desktop/NNW/transcripts_by_company/HILTON_WORLDWIDE_HOLDINGS_INC_2014Q3.txt,0.16235056968346065,0.06095359778380192,0.7766958325327374,False
ESNT,2015Q2,0.41,0.4,/Users/vazea/Desktop/NNW/transcripts_by_company/ESSENT_GROUP_LTD_2015Q2.txt,0.37298678314389616,0.3140155672908153,0.31299764956528847,True
KBH,2023Q3,1.8,1.4,/Users/vazea/Desktop/NNW/transcripts_by_company/KB_HOME_2023Q3.txt,0.1905957423087757,0.2153828115695994,0.5940214461216249,True
CAS,2003Q3,-0.16,-0.01,/Users/vazea/Desktop/NNW/transcripts_by_company/AM_CASTLE_CO_2003Q3_1.txt,0.1686163945136806,0.17288300844787058,0.6585005970384488,True
NPO,2013Q4,1.17,1.21,/Users/vazea/Desktop/NNW/transcripts_by_company/ENPRO_INC_2013Q4.txt,0.5902976332326444,0.3305403893189404,0.07916197744841519,True
PCG,2013Q1,0.63,0.7,/Users/vazea/Desktop/NNW/transcripts_by_company/PGE_CORP_2013Q1.txt,0.27875528353822093,0.36158564196564524,0.35965907449613377,True
MC,2007Q4,0.84,0.84,/Users/vazea/Desktop/NNW/transcripts_by_company/MATSUSHITA_ELECTRIC_INDUSTRIAL_C_2007Q4.txt,0.02776557747418746,0.14562153086011861,0.8266128916656938,True
FAF,2019Q2,1.58,1.38,/Users/vazea/Desktop/NNW/transcripts_by_company/FIRST_AMERICAN_FINANCIAL_CORP_2019Q2.txt,0.25175755078691253,0.24208874075518944,0.506153708457898,True
ALNY,2023Q3,1.15,-1.55,/Users/vazea/Desktop/NNW/transcripts_by_company/ALNYLAM_PHARMACEUTICALS_INC_2023Q3.txt,0.07436902676489887,0.17809397378130962,0.7475369994537915,True
AXTI,2013Q2,-0.06,-0.06,/Users/vazea/Desktop/NNW/transcripts_by_company/AXT_INC_2013Q2.txt,0.18464220625582933,0.07024344172685126,0.7451143520173195,False
AMPH,2018Q4,0.21,0.2,/Users/vazea/Desktop/NNW/transcripts_by_company/AMPHASTAR_PHARMACEUTICALS_INC_2018Q4.txt,0.0731291515928442,0.21439353813132575,0.7124773102758301,True
ENTA,2023Q1,-1.39,-1.56,/Users/vazea/Desktop/NNW/transcripts_by_company/ENANTA_PHARMACEUTICALS_INC_2023Q1.txt,0.22076471673630754,0.1680115583070848,0.6112237249566076,True
BBY,2002Q4,2.65,2.63,/Users/vazea/Desktop/NNW/transcripts_by_company/BEST_BUY_CO_INC_2002Q4.txt,0.3806402493004795,0.26380522589078204,0.3555545248087385,True
ITRN,2010Q2,0.23,0.25,/Users/vazea/Desktop/NNW/transcripts_by_company/ITURAN_LOCATION_AND_CONTROL_LTD_2010Q2.txt,0.23659235225923517,0.24010058198450793,0.523307065756257,True
LPNT,2018Q1,1.22,1.13,/Users/vazea/Desktop/NNW/transcripts_by_company/LIFEPOINT_HEALTH_INC_2018Q1.txt,0.15409712576581375,0.18856225624483383,0.6573406179893525,True
BKU,2015Q2,0.43,0.43,/Users/vazea/Desktop/NNW/transcripts_by_company/BANKUNITED_INC_2015Q2.txt,0.1265111069609312,0.16852128076220546,0.7049676122768633,True
TDG,2023Q3,7.25,6.38,/Users/vazea/Desktop/NNW/transcripts_by_company/TRANSDIGM_GROUP_INC_2023Q3.txt,0.41237373624579304,0.32372160533536565,0.26390465841884125,True
HCP,2008Q3,0.49,0.4,/Users/vazea/Desktop/NNW/transcripts_by_company/HCP_INC_2008Q3.txt,0.2254200443115472,0.12048198596943512,0.6540979697190177,True
PEET,2010Q3,0.28,0.24,/Users/vazea/Desktop/NNW/transcripts_by_company/PEETS_COFFEE_TEA_INC_2010Q3.txt,0.36051912000836334,0.4329680128018552,0.2065128671897815,True
CRCM,2015Q3,-0.18,-0.24,/Users/vazea/Desktop/NNW/transcripts_by_company/CARECOM_INC_2015Q3.txt,0.29179334173909816,0.17131342680407602,0.5368932314568259,True
YTEN,2021Q3,-0.49,-0.65,/Users/vazea/Desktop/NNW/transcripts_by_company/YIELD10_BIOSCIENCE_INC_2021Q3.txt,0.15557051963742477,0.15781316276694837,0.6866163175956269,True
IPW,2023Q3,-0.051,-0.06,/Users/vazea/Desktop/NNW/transcripts_by_company/IPOWER_INC_2023Q3.txt,0.18820545330199898,0.17669443224549672,0.6351001144525042,True
TAST,2016Q4,0.4,0.52,/Users/vazea/Desktop/NNW/transcripts_by_company/CARROLS_RESTAURANT_GROUP_INC_2016Q4.txt,0.4209560824398628,0.10585045552391784,0.47319346203621937,True
AMRB,2011Q4,0.25,0.2,/Users/vazea/Desktop/NNW/transcripts_by_company/AMERICAN_RIVER_BANKSHARES_2011Q4.txt,0.1767256511838022,0.08602188493876727,0.7372524638774305,False
DGX,2005Q4,2.63,2.65,/Users/vazea/Desktop/NNW/transcripts_by_company/QUEST_DIAGNOSTICS_INC_2005Q4.txt,0.12415931779357782,0.03166804278725641,0.8441726394191658,False
DMRC,2017Q4,-2.44,-2.41,/Users/vazea/Desktop/NNW/transcripts_by_company/DIGIMARC_CORP_2017Q4.txt,0.11397857114649496,0.2829843090708576,0.6030371197826475,True
SVVS,2010Q4,-0.98,-1.15,/Users/vazea/Desktop/NNW/transcripts_by_company/SAVVIS_INC_2010Q4.txt,0.29724636456196546,0.3500629304166126,0.35269070502142197,True
ULTA,2022Q4,17.98,17.1,/Users/vazea/Desktop/NNW/transcripts_by_company/ULTA_BEAUTY_INC_2022Q4.txt,0.13392672369594558,0.33853685300610065,0.5275364232979538,True
DYNT,2011Q4,0.02,0.03,/Users/vazea/Desktop/NNW/transcripts_by_company/DYNATRONICS_CORPORATION_2011Q4.txt,0.15064331091286157,0.3757472548958851,0.47360943419125334,True
BAM,2017Q4,1.34,0.45,/Users/vazea/Desktop/NNW/transcripts_by_company/BROOKFIELD_ASSET_MANAGEMENT_INC_2017Q4.txt,0.30632312877312073,0.07834663948304181,0.6153302317438375,False
NTLS,2013Q4,1.13,1.22,/Users/vazea/Desktop/NNW/transcripts_by_company/NTELOS_HOLDINGS_CORP_2013Q4.txt,0.058189775901236925,0.1108133973804663,0.8309968267182968,True
HIBB,2013Q2,0.3,0.28,/Users/vazea/Desktop/NNW/transcripts_by_company/HIBBETT_INC_2013Q2.txt,0.20098391621923012,0.2183140640942337,0.5807020196865361,True
GD,2016Q2,2.44,2.32,/Users/vazea/Desktop/NNW/transcripts_by_company/GENERAL_DYNAMICS_CORP_2016Q2.txt,0.3476586573224418,0.12434489577525826,0.5279964469023,True
SNH,2009Q2,0.25,0.26,/Users/vazea/Desktop/NNW/transcripts_by_company/SENIOR_HOUSING_PROPERTIES_TRUST_2009Q2.txt,0.212521183466528,0.3380971041949839,0.44938171233848806,True
JNPR,2009Q1,0.17,0.17,/Users/vazea/Desktop/NNW/transcripts_by_company/JUNIPER_NETWORKS_INC_2009Q1.txt,0.18611689869369383,0.3398617496362182,0.47402135167008796,True
TMRK,2009Q1,0.03,-0.05,/Users/vazea/Desktop/NNW/transcripts_by_company/TERREMARK_WORLDWIDE_INC_2009Q1.txt,0.2550123444963551,0.09226431192948238,0.6527233435741625,False
LYB,2017Q1,2.26,2.37,/Users/vazea/Desktop/NNW/transcripts_by_company/LYONDELLBASELL_INDUSTRIES_NV_2017Q1.txt,0.24375479591158347,0.023462287653872562,0.732782916434544,False
MX,2018Q4,0.71,0.62,/Users/vazea/Desktop/NNW/transcripts_by_company/MAGNACHIP_SEMICONDUCTOR_CORP_2018Q4.txt,0.17835223826541058,0.36490970064056244,0.456738061094027,True
ENBL,2015Q2,0.18,0.24,/Users/vazea/Desktop/NNW/transcripts_by_company/ENABLE_MIDSTREAM_PARTNERS_LP_2015Q2.txt,0.03500868993049537,0.3312977012200581,0.6336936088494466,True
AZPN,2021Q2,2.04,1.05,/Users/vazea/Desktop/NNW/transcripts_by_company/ASPEN_TECHNOLOGY_INC_2021Q2.txt,0.2660154823725605,0.07102185143927829,0.6629626661881612,False
SSW,2008Q2,0.3,0.28,/Users/vazea/Desktop/NNW/transcripts_by_company/ATLAS_CORP_CANADA_2008Q2.txt,0.06510131462569813,0.1041656825942808,0.830733002780021,True
BLDE,2022Q3,0.1,-0.14,/Users/vazea/Desktop/NNW/transcripts_by_company/BLADE_AIR_MOBILITY_INC_2022Q3.txt,0.2911050872405564,0.0418903387581421,0.6670045740013015,False
ESTC,2020Q4,-0.93,-1.13,/Users/vazea/Desktop/NNW/transcripts_by_company/ELASTIC_NV_2020Q4.txt,0.03398324031131574,0.2738743326179139,0.6921424270707703,True
EIX,2010Q2,0.62,0.68,/Users/vazea/Desktop/NNW/transcripts_by_company/EDISON_INTERNATIONAL_2010Q2.txt,0.08308767460520713,0.20682252447016156,0.7100898009246313,True
BTE,2013Q3,0.7,0.51,/Users/vazea/Desktop/NNW/transcripts_by_company/BAYTEX_ENERGY_CORP_2013Q3.txt,0.2022929230867132,0.38611523551410615,0.41159184139918065,True
DLR,2021Q4,5.94,2.5,/Users/vazea/Desktop/NNW/transcripts_by_company/DIGITAL_REALTY_TRUST_INC_2021Q4.txt,0.1572530036356207,0.2914337152769735,0.5513132810874058,True
ULTA,2019Q1,2.7,2.48,/Users/vazea/Desktop/NNW/transcripts_by_company/ULTA_BEAUTY_INC_2019Q1.txt,0.14050158869082907,0.18000388230051892,0.679494529008652,True
MCFT,2021Q2,0.75,0.51,/Users/vazea/Desktop/NNW/transcripts_by_company/MASTERCRAFT_BOAT_HOLDINGS_INC_2021Q2.txt,0.5224997521460709,0.06607465331194612,0.41142559454198296,False
AXP,2017Q4,5.87,5.85,/Users/vazea/Desktop/NNW/transcripts_by_company/AMERICAN_EXPRESS_CO_2017Q4.txt,0.2726506845817024,0.03103657195691823,0.6963127434613794,False
NTGR,2021Q4,2.44,2.28,/Users/vazea/Desktop/NNW/transcripts_by_company/NETGEAR_INC_2021Q4.txt,0.03586325305662357,0.05672125892719613,0.9074154880161803,False
BK,2013Q3,0.6,0.59,/Users/vazea/Desktop/NNW/transcripts_by_company/BANK_OF_NEW_YORK_MELLON_CORP_2013Q3.txt,0.32484889547247514,0.1199120358923277,0.5552390686351972,True
CNSL,2009Q4,0.84,0.84,/Users/vazea/Desktop/NNW/transcripts_by_company/CONSOLIDATED_COMMUNICATIONS_HOLD_2009Q4.txt,0.28310229638311096,0.15053146182212648,0.5663662417947626,True
HELE,2020Q3,3.12,2.51,/Users/vazea/Desktop/NNW/transcripts_by_company/HELEN_OF_TROY_LTD_2020Q3.txt,0.19964036076323924,0.1365076588219794,0.6638519804147813,True
NHI,2017Q4,3.87,3.9,/Users/vazea/Desktop/NNW/transcripts_by_company/NATIONAL_HEALTH_INVESTORS_INC_2017Q4.txt,0.13071152163930705,0.34640068546301134,0.5228877928976816,True
FHS,2021Q4,0.33,0.06,/Users/vazea/Desktop/NNW/transcripts_by_company/FIRST_HIGH_SCHOOL_EDUCATION_GROU_2021Q4.txt,0.2768272189360706,0.2729122294796652,0.45026055158426426,True
SMSI,2020Q2,0.07,0.05,/Users/vazea/Desktop/NNW/transcripts_by_company/SMITH_MICRO_SOFTWARE_INC_2020Q2.txt,0.2139546749831119,0.40845860655583793,0.37758671846105013,True
DTLK,2006Q2,0.18,0.07,/Users/vazea/Desktop/NNW/transcripts_by_company/DATALINK_CORP_2006Q2.txt,0.3072864977132324,0.1029487341938095,0.5897647680929582,True
MGM,2023Q1,0.44,0.08,/Users/vazea/Desktop/NNW/transcripts_by_company/MGM_RESORTS_INTERNATIONAL_2023Q1.txt,0.10326571588783298,0.27677243134185875,0.6199618527703084,True
GBX,2011Q3,0.15,0.21,/Users/vazea/Desktop/NNW/transcripts_by_company/GREENBRIER_COMPANIES_INC_2011Q3.txt,0.12015575009509079,0.4014647921468966,0.47837945775801255,True
AZUL,2020Q1,-0.365,0.15,/Users/vazea/Desktop/NNW/transcripts_by_company/AZUL_SA_2020Q1.txt,0.07563733756378911,0.39789326549872023,0.5264693969374907,True
VIOT,2020Q4,3.42,2.94,/Users/vazea/Desktop/NNW/transcripts_by_company/VIOMI_TECHNOLOGY_CO_LTD_2020Q4.txt,0.0968576524883455,0.011666602432086283,0.8914757450795682,False
ESTA,2022Q3,-0.76,-0.57,/Users/vazea/Desktop/NNW/transcripts_by_company/ESTABLISHMENT_LABS_HOLDINGS_INC_2022Q3.txt,0.15011850796740894,0.10869230410158785,0.7411891879310032,True
NMIH,2018Q2,0.4,0.34,/Users/vazea/Desktop/NNW/transcripts_by_company/NMI_HOLDINGS_INC_2018Q2.txt,0.22083392259410303,0.04237808046555022,0.7367879969403467,False
NIO,2022Q4,-7.32,-6.55,/Users/vazea/Desktop/NNW/transcripts_by_company/NIO_INC_2022Q4.txt,0.10651597579526899,0.20680934905037945,0.6866746751543515,True
BK,2008Q2,0.67,0.76,/Users/vazea/Desktop/NNW/transcripts_by_company/BANK_OF_NEW_YORK_MELLON_CORP_2008Q2.txt,0.1945256860286861,0.23998218001107482,0.565492133960239,True
AYTU,2021Q4,-3.39,-2.44,/Users/vazea/Desktop/NNW/transcripts_by_company/AYTU_BIOPHARMA_INC_2021Q4.txt,0.3658659230021862,0.1321658821614953,0.5019681948363186,True
FIGS,2021Q4,0.3,0.22,/Users/vazea/Desktop/NNW/transcripts_by_company/FIGS_INC_2021Q4.txt,0.247781786472299,0.32197373280203523,0.4302444807256658,True
CL,2022Q2,0.72,0.71,/Users/vazea/Desktop/NNW/transcripts_by_company/COLGATEPALMOLIVE_CO_2022Q2.txt,0.12241224767430088,0.16047636683434344,0.7171113854913557,True
DTEA,2017Q3,-0.1,-0.08,/Users/vazea/Desktop/NNW/transcripts_by_company/DAVIDSTEA_INC_2017Q3.txt,0.010003919677170108,0.10093233315574773,0.8890637471670821,True
ODFL,2019Q2,2.16,2.12,/Users/vazea/Desktop/NNW/transcripts_by_company/OLD_DOMINION_FREIGHT_LINE_INC_2019Q2.txt,0.1990840555392133,0.19577109017715816,0.6051448542836286,True
XRX,2012Q4,1.03,1.02,/Users/vazea/Desktop/NNW/transcripts_by_company/XEROX_CORP_2012Q4.txt,0.11542919420971397,0.039424018100473725,0.8451467876898123,False
TECH,2019Q2,1.06,0.97,/Users/vazea/Desktop/NNW/transcripts_by_company/BIOTECHNE_CORP_2019Q2.txt,0.08166578989336269,0.22087640614672174,0.6974578039599155,True
GVA,2017Q3,1.14,1.09,/Users/vazea/Desktop/NNW/transcripts_by_company/GRANITE_CONSTRUCTION_INC_2017Q3.txt,0.19737504414935694,0.4210151718194428,0.38160978403120027,True
SHLO,2017Q3,0.07,0.09,/Users/vazea/Desktop/NNW/transcripts_by_company/SHILOH_INDUSTRIES_INC_2017Q3.txt,0.31980092550589884,0.3536207922891532,0.3265782822049479,True
ACIA,2017Q3,0.46,0.35,/Users/vazea/Desktop/NNW/transcripts_by_company/ACACIA_COMMUNICATIONS_INC_2017Q3.txt,0.12911047175228463,0.2738072361994276,0.5970822920482878,True
INAP,2019Q2,-0.78,-0.56,/Users/vazea/Desktop/NNW/transcripts_by_company/INTERNAP_CORP_2019Q2.txt,0.31298886555089633,0.3078469966362606,0.3791641378128431,True
WLDN,2008Q4,-0.22,-0.08,/Users/vazea/Desktop/NNW/transcripts_by_company/WILLDAN_GROUP_INC_2008Q4.txt,0.16285744552536296,0.17738414607258918,0.6597584084020478,True
DOW,2011Q4,2.54,2.62,/Users/vazea/Desktop/NNW/transcripts_by_company/DOW_CHEMICAL_CO_2011Q4.txt,0.26323505015200954,0.2840708048591236,0.45269414498886684,True
ICPT,2015Q3,-2.1,-2.86,/Users/vazea/Desktop/NNW/transcripts_by_company/INTERCEPT_PHARMACEUTICALS_INC_2015Q3.txt,0.3651825409903156,0.28573599247563,0.3490814665340545,True
DUSA,2008Q1,-0.05,-0.05,/Users/vazea/Desktop/NNW/transcripts_by_company/DUSA_PHARMACEUTICALS_INC_2008Q1.txt,0.011375677496792963,0.572314991619956,0.41630933088325106,True
TKR,2020Q4,4.1,4.17,/Users/vazea/Desktop/NNW/transcripts_by_company/TIMKEN_CO_2020Q4.txt,0.20088311342556112,0.1494692032869176,0.6496476832875213,True
NS,2016Q4,2.02,2.12,/Users/vazea/Desktop/NNW/transcripts_by_company/NUSTAR_ENERGY_LP_2016Q4.txt,0.46584851623368334,0.2536196346270734,0.28053184913924323,True
DAN,2018Q4,2.97,2.9,/Users/vazea/Desktop/NNW/transcripts_by_company/DANA_INC_2018Q4.txt,0.3451355833159387,0.1591168963169227,0.49574752036713865,True
EPR,2010Q1,0.52,0.47,/Users/vazea/Desktop/NNW/transcripts_by_company/ENTERTAINMENT_PROPERTIES_TR_2010Q1.txt,0.08894551710749779,0.1902746339865757,0.7207798489059265,True
NYCB,2013Q2,0.28,0.25,/Users/vazea/Desktop/NNW/transcripts_by_company/NEW_YORK_COMMUNITY_BANCORP_INC_2013Q2.txt,0.22003691431038438,0.13075312432923117,0.6492099613603844,True
BIOL,2021Q1,-0.06,-0.05,/Users/vazea/Desktop/NNW/transcripts_by_company/BIOLASE_INC_2021Q1.txt,0.5002584319171811,0.3473868765207018,0.15235469156211706,True
CATT,2005Q2,0.36,0.34,/Users/vazea/Desktop/NNW/transcripts_by_company/CATAPULT_COMMUNICATIONS_CORP_2005Q2.txt,0.1327563363750018,0.2092658098895482,0.6579778537354499,True
MFA,2020Q1,-2.01,0.21,/Users/vazea/Desktop/NNW/transcripts_by_company/MFA_FINANCIAL_INC_2020Q1.txt,0.3333582478088632,0.354395774117066,0.31224597807407073,True
AIT,2003Q2,0.2,0.17,/Users/vazea/Desktop/NNW/transcripts_by_company/APPLIED_INDUSTRIAL_TECHNOLOGIES_2003Q2.txt,0.206314717639621,0.07483792306259335,0.7188473592977858,False
TW,2020Q3,0.3,0.29,/Users/vazea/Desktop/NNW/transcripts_by_company/TRADEWEB_MARKETS_INC_2020Q3.txt,0.139565539876514,0.12047136475340198,0.739963095370084,True
PKI,2011Q1,0.34,0.3,/Users/vazea/Desktop/NNW/transcripts_by_company/REVVITY_INC_2011Q1.txt,0.3018754395950476,0.18330380453761932,0.5148207558673331,True
OKTA,2019Q4,-0.32,-0.37,/Users/vazea/Desktop/NNW/transcripts_by_company/OKTA_INC_2019Q4.txt,0.3369286687823591,0.26426843241524667,0.39880289880239417,True
BTE,2017Q4,0.37,-0.13,/Users/vazea/Desktop/NNW/transcripts_by_company/BAYTEX_ENERGY_CORP_2017Q4.txt,0.09428757081430658,0.16871158594882124,0.7370008432368722,True
EGOV,2009Q4,0.22,0.25,/Users/vazea/Desktop/NNW/transcripts_by_company/NIC_INC_2009Q4.txt,0.37429284361534887,0.4605354248960438,0.1651717314886073,True
VIP,2007Q3,0.45,0.43,/Users/vazea/Desktop/NNW/transcripts_by_company/VIMPEL_COMMUNICATIONS_2007Q3.txt,0.0034386770775328324,0.08225943046447752,0.9143018924579897,False
MDT,2022Q1,1.41,1.32,/Users/vazea/Desktop/NNW/transcripts_by_company/MEDTRONIC_PLC_2022Q1.txt,0.1448230760896388,0.21584627922692506,0.6393306446834361,True
ANFI,2013Q4,0.59,0.59,/Users/vazea/Desktop/NNW/transcripts_by_company/AMIRA_NATURE_FOODS_LTD_2013Q4.txt,0.21351192183304826,0.41623637785229634,0.37025170031465543,True
PWFL,2021Q3,-0.13,-0.05,/Users/vazea/Desktop/NNW/transcripts_by_company/POWERFLEET_INC_2021Q3.txt,0.13844818885653706,0.47885580036838227,0.38269601077508064,True
JKS,2022Q2,-1.11,0.19,/Users/vazea/Desktop/NNW/transcripts_by_company/JINKOSOLAR_HOLDING_CO_LTD_2022Q2.txt,0.19818355988064398,0.1422497955723607,0.6595666445469953,True
PFCB,2002Q1,0.2,0.39,/Users/vazea/Desktop/NNW/transcripts_by_company/PF_CHANGS_CHINA_BISTRO_INC_2002Q1.txt,0.1340942743918087,0.05529480822149559,0.8106109173866957,False
WGO,2007Q1,0.25,0.32,/Users/vazea/Desktop/NNW/transcripts_by_company/WINNEBAGO_INDUSTRIES_INC_2007Q1.txt,0.18899745397687845,0.20942723417967696,0.6015753118434446,True
IART,2021Q1,0.69,0.56,/Users/vazea/Desktop/NNW/transcripts_by_company/INTEGRA_LIFESCIENCES_HOLDINGS_CO_2021Q1.txt,0.28175533722188084,0.05318278523000895,0.6650618775481102,False
INFS,2007Q3,-0.07,-0.11,/Users/vazea/Desktop/NNW/transcripts_by_company/INFOCUS_CORPORATION_2007Q3.txt,0.1682920816136368,0.167636397759892,0.6640715206264711,True
UEIC,2009Q4,1.05,1.05,/Users/vazea/Desktop/NNW/transcripts_by_company/UNIVERSAL_ELECTRONICS_INC_2009Q4.txt,0.4526728035525904,0.20204915410767624,0.34527804233973336,True
CBAY,2023Q3,-0.32,-0.3,/Users/vazea/Desktop/NNW/transcripts_by_company/CYMABAY_THERAPEUTICS_INC_2023Q3.txt,0.18147924708107127,0.0989079755531052,0.7196127773658235,False
ITW,2015Q1,1.21,1.18,/Users/vazea/Desktop/NNW/transcripts_by_company/ILLINOIS_TOOL_WORKS_INC_2015Q1.txt,0.15051313702025707,0.21665157003573343,0.6328352929440095,True
NGLS,2007Q3,0.12,0.14,/Users/vazea/Desktop/NNW/transcripts_by_company/TARGA_RESOURCES_PARTNERS_LP_2007Q3.txt,0.5838933020626262,0.22967335710606027,0.1864333408313135,True
MCRB,2018Q4,-2.43,-2.53,/Users/vazea/Desktop/NNW/transcripts_by_company/SERES_THERAPEUTICS_INC_2018Q4.txt,0.36142491448679187,0.21133424161788247,0.4272408438953257,True
SATS,2020Q2,-0.12,-0.21,/Users/vazea/Desktop/NNW/transcripts_by_company/ECHOSTAR_CORP_2020Q2.txt,0.2781993806293093,0.2615238191297046,0.4602768002409861,True
IDSY,2005Q3,0.07,0.08,/Users/vazea/Desktop/NNW/transcripts_by_company/ID_SYSTEMS_INC_2005Q3.txt,0.04740489234285175,0.18474497727941552,0.7678501303777328,True
STN,2002Q3,0.12,0.11,/Users/vazea/Desktop/NNW/transcripts_by_company/STATION_CASINOS_INC_2002Q3.txt,0.4260713394753142,0.18202996770461186,0.39189869282007395,True
IGT,2008Q3,0.35,0.36,/Users/vazea/Desktop/NNW/transcripts_by_company/INTERNATIONAL_GAME_TECHNOLOGY_2008Q3.txt,0.2940068341775283,0.1599036380528961,0.5460895277695755,True
PBYI,2021Q4,-0.72,-1.02,/Users/vazea/Desktop/NNW/transcripts_by_company/PUMA_BIOTECHNOLOGY_INC_2021Q4.txt,0.062937269611948,0.19972185494860795,0.737340875439444,True
LPTH,2021Q2,0.01,0.01,/Users/vazea/Desktop/NNW/transcripts_by_company/LIGHTPATH_TECHNOLOGIES_INC_2021Q2.txt,0.2824348186590354,0.07392131960211706,0.6436438617388476,False
ENR,2022Q3,0.77,0.76,/Users/vazea/Desktop/NNW/transcripts_by_company/ENERGIZER_HOLDINGS_INC_2022Q3.txt,0.09824171255865786,0.2535863972283877,0.6481718902129544,True
CF,2021Q4,4.24,4.44,/Users/vazea/Desktop/NNW/transcripts_by_company/CF_INDUSTRIES_HOLDINGS_INC_2021Q4.txt,0.3884911813640113,0.19858518643488351,0.4129236322011052,True
BA,2013Q3,1.8,1.54,/Users/vazea/Desktop/NNW/transcripts_by_company/BOEING_CO_2013Q3.txt,0.41708575271181114,0.12630715609900484,0.456607091189184,True
BDK,2008Q2,1.58,1.43,/Users/vazea/Desktop/NNW/transcripts_by_company/BLACK_DECKER_CORP_2008Q2.txt,0.27974834190418224,0.10015827389986717,0.6200933841959506,True
ARAY,2017Q3,-0.06,0.01,/Users/vazea/Desktop/NNW/transcripts_by_company/ACCURAY_INC_2017Q3.txt,0.12046465703682041,0.04788557626571433,0.8316497666974653,False
BRFH,2021Q1,0.0,-0.01,/Users/vazea/Desktop/NNW/transcripts_by_company/BARFRESH_FOOD_GROUP_INC_2021Q1.txt,0.29474874661619876,0.18552976993479312,0.5197214834490081,True
VIAV,2023Q2,0.14,0.11,/Users/vazea/Desktop/NNW/transcripts_by_company/VIAVI_SOLUTIONS_INC_2023Q2.txt,0.06279614415830413,0.15398728053489788,0.783216575306798,True
KERX,2015Q3,-0.29,-0.25,/Users/vazea/Desktop/NNW/transcripts_by_company/KERYX_BIOPHARMACEUTICALS_2015Q3.txt,0.22768820997705727,0.396540953632738,0.3757708363902047,True
IQV,2022Q3,2.48,2.38,/Users/vazea/Desktop/NNW/transcripts_by_company/IQVIA_HOLDINGS_INC_2022Q3.txt,0.15586447454781469,0.08982440613145139,0.7543111193207339,False
CMPO,2023Q1,0.23,0.21,/Users/vazea/Desktop/NNW/transcripts_by_company/COMPOSECURE_INC_2023Q1.txt,0.1650160741752005,0.12645090848327176,0.7085330173415277,True
NWSA,2016Q3,0.04,0.08,/Users/vazea/Desktop/NNW/transcripts_by_company/NEWS_CORP_2016Q3.txt,0.055842226507337715,0.04059625379320361,0.9035615196994586,False
PKI,2020Q3,2.09,1.47,/Users/vazea/Desktop/NNW/transcripts_by_company/REVVITY_INC_2020Q3.txt,0.2019660758998246,0.22203549855576243,0.5759984255444129,True
DIOD,2018Q2,0.58,0.53,/Users/vazea/Desktop/NNW/transcripts_by_company/DIODES_INC_2018Q2.txt,0.0868125351389807,0.1340331092085052,0.7791543556525141,True
ZTS,2019Q2,0.9,0.82,/Users/vazea/Desktop/NNW/transcripts_by_company/ZOETIS_INC_2019Q2.txt,0.12726683203153039,0.23748876831826454,0.6352443996502051,True
ECOM,2021Q2,0.26,0.19,/Users/vazea/Desktop/NNW/transcripts_by_company/CHANNELADVISOR_CORP_2021Q2.txt,0.2659735562509898,0.16395116284754077,0.5700752809014695,True
WG,2017Q4,-1.68,-0.89,/Users/vazea/Desktop/NNW/transcripts_by_company/WILLBROS_GROUP_INCORPORATED_2017Q4.txt,0.21360440270901937,0.2713961378412014,0.5149994594497792,True
ARCE,2023Q1,1.38,-0.47,/Users/vazea/Desktop/NNW/transcripts_by_company/ARCO_PLATFORM_LTD_2023Q1.txt,0.1239776469139838,0.304275366204844,0.5717469868811722,True
UPH,2021Q2,-0.38,-0.13,/Users/vazea/Desktop/NNW/transcripts_by_company/UPHEALTH_INC_2021Q2.txt,0.08442554795771545,0.10891573509602712,0.8066587169462575,True
GEL,2013Q2,0.33,0.34,/Users/vazea/Desktop/NNW/transcripts_by_company/GENESIS_ENERGY_LP_2013Q2.txt,0.13128848795716155,0.18944778017392,0.6792637318689185,True
PLT,2021Q1,0.33,-0.01,/Users/vazea/Desktop/NNW/transcripts_by_company/PLANTRONICS_INC_2021Q1.txt,0.1297660000584185,0.09841113011965096,0.7718228698219305,False
ANEN,2007Q3,0.27,0.23,/Users/vazea/Desktop/NNW/transcripts_by_company/ANAREN_INC_2007Q3.txt,0.14543612317330737,0.4277306363661954,0.42683324046049725,True
LCTX,2022Q3,-0.04,-0.03,/Users/vazea/Desktop/NNW/transcripts_by_company/LINEAGE_CELL_THERAPEUTICS_INC_2022Q3.txt,0.24872756680628924,0.22129628962485873,0.529976143568852,True
SNX,2008Q1,0.51,0.5,/Users/vazea/Desktop/NNW/transcripts_by_company/TD_SYNNEX_CORP_2008Q1.txt,0.15251649325866184,0.11310275993854162,0.7343807468027966,True
COUP,2021Q1,0.2,0.07,/Users/vazea/Desktop/NNW/transcripts_by_company/COUPA_SOFTWARE_INC_2021Q1.txt,0.4225653204334307,0.17007091756222822,0.407363762004341,True
TTEC,2007Q2,0.24,0.22,/Users/vazea/Desktop/NNW/transcripts_by_company/TELETECH_HOLDINGS_INC_2007Q2.txt,0.09035596179822482,0.12747870611758927,0.7821653320841859,True
CDW,2019Q4,6.1,6.03,/Users/vazea/Desktop/NNW/transcripts_by_company/CDW_CORP_2019Q4.txt,0.23145923482035582,0.35651762389836544,0.41202314128127876,True
X,2008Q1,1.77,1.85,/Users/vazea/Desktop/NNW/transcripts_by_company/UNITED_STATES_STEEL_CORP_2008Q1.txt,0.07192803551767832,0.05846766519352459,0.8696042992887971,False
PLCE,2009Q1,0.66,0.48,/Users/vazea/Desktop/NNW/transcripts_by_company/CHILDRENS_PLACE_INC_2009Q1.txt,0.09721374658768556,0.2126917974434201,0.6900944559688944,True
ABAX,2012Q1,0.1,0.16,/Users/vazea/Desktop/NNW/transcripts_by_company/ABAXIS_INC_2012Q1.txt,0.00432278628186446,0.2557196121581482,0.7399576015599874,True
SCHN,2017Q3,0.56,0.41,/Users/vazea/Desktop/NNW/transcripts_by_company/RADIUS_RECYCLING_INC_2017Q3.txt,0.09535744567843334,0.3254980010102135,0.5791445533113533,True
LLY,2017Q1,0.98,0.97,/Users/vazea/Desktop/NNW/transcripts_by_company/ELI_LILLY_AND_CO_2017Q1.txt,0.029179519695910566,0.045310152030387005,0.9255103282737024,False
DGII,2005Q1,0.13,0.12,/Users/vazea/Desktop/NNW/transcripts_by_company/DIGI_INTERNATIONAL_INC_2005Q1.txt,0.15094344263059603,0.3085421639968174,0.5405143933725867,True
PRGX,2004Q2,-0.01,-0.01,/Users/vazea/Desktop/NNW/transcripts_by_company/PRGSHULTZ_INTL_INC_2004Q2.txt,0.1151161537221628,0.16502942145162697,0.7198544248262102,True
TITN,2023Q4,4.52,4.81,/Users/vazea/Desktop/NNW/transcripts_by_company/TITAN_MACHINERY_INC_2023Q4.txt,0.03214728882598246,0.05273316549934435,0.9151195456746731,False
AFAM,2011Q3,0.54,0.52,/Users/vazea/Desktop/NNW/transcripts_by_company/ALMOST_FAMILY_INC_2011Q3.txt,0.20786385768146112,0.13335119608553933,0.6587849462329995,True
SOMX,2008Q4,-2.04,-2.01,/Users/vazea/Desktop/NNW/transcripts_by_company/SOMAXON_PHARMACEUTICALS_INC_2008Q4.txt,0.3569754355274972,0.18976722931601991,0.45325733515648287,True
BSX,2019Q4,1.58,1.57,/Users/vazea/Desktop/NNW/transcripts_by_company/BOSTON_SCIENTIFIC_CORP_2019Q4.txt,0.49991416506130953,0.27240487985816425,0.22768095508052627,True
VVI,2013Q2,0.33,0.29,/Users/vazea/Desktop/NNW/transcripts_by_company/VIAD_CORP_2013Q2.txt,0.04313748645583196,0.19010009601761604,0.766762417526552,True
ADVS,2003Q4,-0.28,-0.31,/Users/vazea/Desktop/NNW/transcripts_by_company/ADVENT_SOFTWARE_INC_2003Q4.txt,0.20322042827623488,0.25843461131224804,0.5383449604115171,True
BLBD,2019Q1,0.05,-0.03,/Users/vazea/Desktop/NNW/transcripts_by_company/BLUE_BIRD_CORP_2019Q1.txt,0.2521361704359514,0.2126937072687379,0.5351701222953107,True
PER,2004Q4,0.76,0.76,/Users/vazea/Desktop/NNW/transcripts_by_company/PEROT_SYSTEMS_CORPORATION_2004Q4.txt,0.29606253037620595,0.40069202004044535,0.30324544958334876,True
CHDX,2008Q3,0.42,0.26,/Users/vazea/Desktop/NNW/transcripts_by_company/CHINDEX_INTERNATIONAL_INC_2008Q3.txt,0.15412609766615848,0.18692023958417703,0.6589536627496645,True
BBY,2019Q1,0.82,0.74,/Users/vazea/Desktop/NNW/transcripts_by_company/BEST_BUY_CO_INC_2019Q1.txt,0.22117016855401073,0.38174323779819386,0.3970865936477954,True
HASI,2018Q2,0.39,0.33,/Users/vazea/Desktop/NNW/transcripts_by_company/HA_SUSTAINABLE_INFRASTRUCTURE_CA_2018Q2.txt,0.29285111962988564,0.09248373643084692,0.6146651439392674,False
AVXL,2022Q4,-0.62,-0.6,/Users/vazea/Desktop/NNW/transcripts_by_company/ANAVEX_LIFE_SCIENCES_CORP_2022Q4.txt,0.3811769271241752,0.13895618960754155,0.4798668832682833,True
N,2013Q3,0.09,0.08,/Users/vazea/Desktop/NNW/transcripts_by_company/NETSUITE_INC_2013Q3.txt,0.1923487731978306,0.13810900168136828,0.6695422251208011,True
ARQL,2008Q4,-1.16,-1.23,/Users/vazea/Desktop/NNW/transcripts_by_company/ARQULE_INC_2008Q4.txt,0.02403651511049998,0.3663902798218317,0.6095732050676683,True
ZIGO,2006Q2,0.21,0.17,/Users/vazea/Desktop/NNW/transcripts_by_company/ZYGO_CORP_2006Q2.txt,0.15343026789038833,0.06001991274195623,0.7865498193676554,False
TEVA,2003Q1,0.5,0.45,/Users/vazea/Desktop/NNW/transcripts_by_company/TEVA_PHARMACEUTICAL_INDUSTRIES_L_2003Q1.txt,0.2548713595233073,0.19566670940679312,0.5494619310698996,True
VERO,2022Q3,-0.22,-0.15,/Users/vazea/Desktop/NNW/transcripts_by_company/VENUS_CONCEPT_INC_2022Q3.txt,0.12243015534489177,0.004561971268809719,0.8730078733862985,False
ACAT,2007Q1,-0.23,-0.28,/Users/vazea/Desktop/NNW/transcripts_by_company/ARCTIC_CAT_INC_2007Q1.txt,0.2696663668316798,0.1847958842240895,0.5455377489442306,True
CURV,2023Q1,0.23,0.2,/Users/vazea/Desktop/NNW/transcripts_by_company/TORRID_HOLDINGS_INC_2023Q1.txt,0.0521857868277924,0.10586295648070233,0.8419512566915053,True
WRLD,2015Q2,2.16,2.2,/Users/vazea/Desktop/NNW/transcripts_by_company/WORLD_ACCEPTANCE_CORP_2015Q2.txt,0.4742802451701479,0.02655600491581057,0.49916374991404155,False
JCOM,2005Q4,1.86,1.87,/Users/vazea/Desktop/NNW/transcripts_by_company/J2_GLOBAL_COMMUNICATION_2005Q4.txt,0.10858451385420463,0.2416775115607723,0.649737974585023,True
MHR,2012Q3,-0.08,-0.05,/Users/vazea/Desktop/NNW/transcripts_by_company/MAGNUM_HUNTER_RESOURCES_CORP_2012Q3.txt,0.06666773981557234,0.3023558714202172,0.6309763887642104,True
CIVB,2017Q2,0.29,0.31,/Users/vazea/Desktop/NNW/transcripts_by_company/CIVISTA_BANCSHARES_INC_2017Q2.txt,0.09013235711976737,0.24172848043798903,0.6681391624422436,True
ALOY,2003Q3,0.19,0.18,/Users/vazea/Desktop/NNW/transcripts_by_company/ALLOY_INC_2003Q3.txt,0.3134320675065274,0.059244469340147626,0.627323463153325,False
TEP,2017Q3,1.96,1.73,/Users/vazea/Desktop/NNW/transcripts_by_company/TALLGRASS_ENERGY_PARTNERS_LP_2017Q3.txt,0.09938561446564743,0.28768970897042423,0.6129246765639284,True
GH,2022Q2,-1.27,-1.23,/Users/vazea/Desktop/NNW/transcripts_by_company/GUARDANT_HEALTH_INC_2022Q2.txt,0.21676282539988154,0.23176357489216273,0.5514735997079557,True
SYX,2020Q1,0.21,0.26,/Users/vazea/Desktop/NNW/transcripts_by_company/SYSTEMAX_INC_2020Q1.txt,0.42851608627237436,0.11065598619382945,0.4608279275337962,True
OTEX,2017Q2,0.54,1.04,/Users/vazea/Desktop/NNW/transcripts_by_company/OPEN_TEXT_CORP_2017Q2.txt,0.08820756912033269,0.3654108044702534,0.5463816264094139,True
FCEL,2003Q1,-0.41,-0.44,/Users/vazea/Desktop/NNW/transcripts_by_company/FUELCELL_ENERGY_INC_2003Q1.txt,0.35633821438198204,0.12746339782665678,0.5161983877913612,True
ETWO,2023Q3,0.06,0.07,/Users/vazea/Desktop/NNW/transcripts_by_company/E2OPEN_PARENT_HOLDINGS_INC_2023Q3.txt,0.2813778794318903,0.12499427300592104,0.5936278475621887,True
SODA,2016Q4,2.07,1.66,/Users/vazea/Desktop/NNW/transcripts_by_company/SODASTREAM_INTERNATIONAL_LTD_2016Q4.txt,0.024316416350878747,0.21271284538802793,0.7629707382610933,True
HOMB,2016Q2,0.31,0.29,/Users/vazea/Desktop/NNW/transcripts_by_company/HOME_BANCSHARES_INC_2016Q2.txt,0.3423926432160074,0.2430676329431171,0.41453972384087556,True
VSTO,2021Q3,1.03,0.65,/Users/vazea/Desktop/NNW/transcripts_by_company/VISTA_OUTDOOR_INC_2021Q3.txt,0.2831144240666442,0.2005906520542867,0.5162949238790691,True
AMWD,2010Q2,-0.36,-0.15,/Users/vazea/Desktop/NNW/transcripts_by_company/AMERICAN_WOODMARK_CORP_2010Q2.txt,0.022286811187264697,0.33782684527824897,0.6398863435344864,True
CBK,2010Q3,0.19,0.21,/Users/vazea/Desktop/NNW/transcripts_by_company/CHRISTOPHER_BANKS_CORP_2010Q3.txt,0.18599571710199242,0.04183874953313974,0.7721655333648679,False
LNT,2012Q1,0.5,0.66,/Users/vazea/Desktop/NNW/transcripts_by_company/ALLIANT_ENERGY_CORP_2012Q1.txt,0.2081957435086039,0.4995587096970076,0.29224554679438847,True
CSL,2004Q2,1.25,1.08,/Users/vazea/Desktop/NNW/transcripts_by_company/CARLISLE_COMPANIES_INC_2004Q2.txt,0.1515510471395247,0.5498751912972082,0.2985737615632671,True
PLD,2018Q2,0.62,0.35,/Users/vazea/Desktop/NNW/transcripts_by_company/PROLOGIS_INC_2018Q2.txt,0.12182035229869216,0.23288787523285379,0.645291772468454,True
CLPT,2021Q3,-0.18,-0.16,/Users/vazea/Desktop/NNW/transcripts_by_company/CLEARPOINT_NEURO_INC_2021Q3.txt,0.04250473199337685,0.22356249917663717,0.7339327688299859,True
EYPT,2020Q3,-0.03,-0.09,/Users/vazea/Desktop/NNW/transcripts_by_company/EYEPOINT_PHARMACEUTICALS_INC_2020Q3.txt,0.2563331435287946,0.11902444737924395,0.6246424090919616,True
BIG,2018Q3,0.06,0.04,/Users/vazea/Desktop/NNW/transcripts_by_company/BIG_LOTS_INC_2018Q3.txt,0.006505952358560634,0.08308984810001384,0.9104041995414255,False
DLR,2023Q3,0.08,0.21,/Users/vazea/Desktop/NNW/transcripts_by_company/DIGITAL_REALTY_TRUST_INC_2023Q3.txt,0.18698571056720587,0.3044546593704463,0.5085596300623478,True
GHLD,2022Q1,0.53,0.41,/Users/vazea/Desktop/NNW/transcripts_by_company/GUILD_HOLDINGS_CO_2022Q1.txt,0.1314532530046748,0.10723280164751912,0.761313945347806,True
URGN,2020Q1,-1.79,-1.59,/Users/vazea/Desktop/NNW/transcripts_by_company/UROGEN_PHARMA_LTD_2020Q1.txt,0.16528251361140786,0.0975954111983805,0.7371220751902117,False
SCIL,2008Q1,-0.27,-0.09,/Users/vazea/Desktop/NNW/transcripts_by_company/SCIENTIFIC_LEARNING_CORP_2008Q1.txt,0.25238245972498086,0.5228871473027674,0.22473039297225172,True
SNH,2010Q2,0.19,0.24,/Users/vazea/Desktop/NNW/transcripts_by_company/SENIOR_HOUSING_PROPERTIES_TRUST_2010Q2.txt,0.12455787291503906,0.07228830122091923,0.8031538258640417,False
DPZ,2019Q1,2.2,2.1,/Users/vazea/Desktop/NNW/transcripts_by_company/DOMINOS_PIZZA_INC_2019Q1.txt,0.24775015920252424,0.10645605283072303,0.6457937879667528,True
DNKN,2014Q3,0.49,0.47,/Users/vazea/Desktop/NNW/transcripts_by_company/DUNKIN_BRANDS_GROUP_INC_2014Q3.txt,0.17731671550628542,0.21193306925364172,0.6107502152400729,True
PBYI,2019Q3,-0.44,-0.72,/Users/vazea/Desktop/NNW/transcripts_by_company/PUMA_BIOTECHNOLOGY_INC_2019Q3.txt,0.12832297742803514,0.16949627532907088,0.702180747242894,True
IPCS,2009Q1,0.34,0.1,/Users/vazea/Desktop/NNW/transcripts_by_company/IPCS_INC_2009Q1.txt,0.19236810170321572,0.326435106103234,0.48119679219355027,True
A,2009Q1,0.2,0.29,/Users/vazea/Desktop/NNW/transcripts_by_company/AGILENT_TECHNOLOGIES_INC_2009Q1.txt,0.1961438545868704,0.1537271073577861,0.6501290380553435,True
IRIS,2004Q4,0.17,0.16,/Users/vazea/Desktop/NNW/transcripts_by_company/IRIS_INTERNATIONAL_INC_2004Q4.txt,0.3711765972081495,0.13259283631375676,0.4962305664780937,True
CDNS,2023Q1,1.29,1.25,/Users/vazea/Desktop/NNW/transcripts_by_company/CADENCE_DESIGN_SYSTEMS_INC_2023Q1.txt,0.293412895814781,0.02531027047942452,0.6812768337057945,False
RMBS,2013Q2,-0.06,-0.12,/Users/vazea/Desktop/NNW/transcripts_by_company/RAMBUS_INC_2013Q2.txt,0.267512972518794,0.272914919049275,0.45957210843193097,True
CYD,2017Q4,3.09,2.83,/Users/vazea/Desktop/NNW/transcripts_by_company/CHINA_YUCHAI_INTERNATIONAL_LTD_2017Q4.txt,0.27995711849732385,0.43013908985602756,0.2899037916466486,True
ANAD,2011Q3,-0.12,-0.15,/Users/vazea/Desktop/NNW/transcripts_by_company/ANADIGICS_INC_2011Q3.txt,0.080470018593254,0.23809594133897652,0.6814340400677695,True
SUSS,2012Q3,0.49,0.37,/Users/vazea/Desktop/NNW/transcripts_by_company/SUSSER_HOLDINGS_CORP_2012Q3.txt,0.09711699814056231,0.28430306011364304,0.6185799417457947,True
CMCO,2010Q4,0.32,0.34,/Users/vazea/Desktop/NNW/transcripts_by_company/COLUMBUS_MCKINNON_CORP_2010Q4.txt,0.12157347141384554,0.030470738362133983,0.8479557902240205,False
MED,2010Q1,0.33,0.27,/Users/vazea/Desktop/NNW/transcripts_by_company/MEDIFAST_INC_2010Q1.txt,0.20382809370927946,0.20128361013676127,0.5948882961539592,True
VITL,2004Q3,0.47,0.47,/Users/vazea/Desktop/NNW/transcripts_by_company/VITAL_SIGNS_INC_2004Q3.txt,0.03497553717732712,0.10291405838044218,0.8621104044422306,True
REED,2017Q1,-0.14,-0.02,/Users/vazea/Desktop/NNW/transcripts_by_company/REEDS_INC_2017Q1.txt,0.15815210258376283,0.41830969706445054,0.4235382003517866,True
SII,2007Q4,3.18,3.23,/Users/vazea/Desktop/NNW/transcripts_by_company/SMITH_INTL_INC_2007Q4.txt,0.2991185957589148,0.6143333660288695,0.08654803821221568,True
CA,2006Q4,0.84,0.93,/Users/vazea/Desktop/NNW/transcripts_by_company/CA_INC_2006Q4.txt,0.3145124181328799,0.07027428667732971,0.6152132951897904,False
BPOP,2022Q3,5.7,2.77,/Users/vazea/Desktop/NNW/transcripts_by_company/POPULAR_INC_2022Q3.txt,0.03586108376691039,0.17463229825986934,0.7895066179732202,True
OM,2022Q3,-0.85,-0.88,/Users/vazea/Desktop/NNW/transcripts_by_company/OUTSET_MEDICAL_INC_2022Q3.txt,0.2098009680743472,0.3468591858594237,0.44333984606622906,True
HEP,2009Q3,0.78,0.76,/Users/vazea/Desktop/NNW/transcripts_by_company/HOLLY_ENERGY_PARTNERS_LP_2009Q3.txt,0.17321239891474818,0.023661587251832924,0.803126013833419,False
WLTW,2019Q3,1.31,1.31,/Users/vazea/Desktop/NNW/transcripts_by_company/WILLIS_TOWERS_WATSON_PLC_2019Q3.txt,0.25389647536689214,0.08341280499190284,0.662690719641205,False
UBNT,2014Q3,0.5,0.49,/Users/vazea/Desktop/NNW/transcripts_by_company/UBIQUITI_NETWORKS_INC_2014Q3.txt,0.15228940525964207,0.4275305218484161,0.4201800728919418,True
STBA,2015Q2,0.52,0.48,/Users/vazea/Desktop/NNW/transcripts_by_company/ST_BANCORP_INC_2015Q2.txt,0.2471973514188944,0.39418859795946315,0.3586140506216424,True
WKME,2021Q4,-0.65,-0.63,/Users/vazea/Desktop/NNW/transcripts_by_company/WALKME_LTD_2021Q4.txt,0.10267008299848188,0.055325736811658206,0.8420041801898599,False
SBH,2021Q4,2.4,2.25,/Users/vazea/Desktop/NNW/transcripts_by_company/SALLY_BEAUTY_HOLDINGS_INC_2021Q4.txt,0.06100300581100409,0.21295432151555455,0.7260426726734415,True
CRK,2011Q4,-0.22,-0.29,/Users/vazea/Desktop/NNW/transcripts_by_company/COMSTOCK_RESOURCES_2011Q4.txt,0.2864021660533938,0.16862120992003304,0.5449766240265732,True
RMD,2010Q2,0.62,0.55,/Users/vazea/Desktop/NNW/transcripts_by_company/RESMED_INC_2010Q2.txt,0.2688705562893222,0.10648909196097674,0.624640351749701,True
FR,2018Q2,0.36,0.17,/Users/vazea/Desktop/NNW/transcripts_by_company/FIRST_INDUSTRIAL_REALTY_TRUST_IN_2018Q2.txt,0.29588583589456063,0.3087313703049247,0.39538279380051466,True
WDR,2018Q1,0.56,0.53,/Users/vazea/Desktop/NNW/transcripts_by_company/WADDELL_REED_FINANCIAL_INC_2018Q1.txt,0.1856771898879779,0.08053038844554512,0.733792421666477,False
KMG,2017Q4,2.27,2.09,/Users/vazea/Desktop/NNW/transcripts_by_company/KMG_CHEMICALS_INC_2017Q4.txt,0.0941407263827263,0.062056982007687604,0.8438022916095861,False
CALX,2017Q4,-1.31,-1.28,/Users/vazea/Desktop/NNW/transcripts_by_company/CALIX_INC_2017Q4.txt,0.06085567614539456,0.1723337192154893,0.7668106046391161,True
BBT,2011Q1,0.32,0.3,/Users/vazea/Desktop/NNW/transcripts_by_company/BBT_CORP_2011Q1.txt,0.18463801131065705,0.24444826048230794,0.570913728207035,True
MVIS,2008Q4,-0.53,-0.51,/Users/vazea/Desktop/NNW/transcripts_by_company/MICROVISION_INC_2008Q4.txt,0.17426768662978878,0.3462598702003155,0.47947244316989573,True
GBX,2010Q3,0.23,-0.01,/Users/vazea/Desktop/NNW/transcripts_by_company/GREENBRIER_COMPANIES_INC_2010Q3.txt,0.2042855930564914,0.09535265977117682,0.7003617471723318,False
ASB,2019Q3,0.51,0.47,/Users/vazea/Desktop/NNW/transcripts_by_company/ASSOCIATED_BANCCORP_2019Q3.txt,0.09190314380265524,0.11707766146176017,0.7910191947355847,True
XOM,2003Q2,0.62,0.56,/Users/vazea/Desktop/NNW/transcripts_by_company/EXXON_MOBIL_CORP_2003Q2.txt,0.07902788935652438,0.14736097797264136,0.7736111326708343,True
CLSN,2019Q1,-0.1,-0.27,/Users/vazea/Desktop/NNW/transcripts_by_company/CELSION_CORP_2019Q1.txt,0.10567282601034644,0.13800178304421218,0.7563253909454414,True
LII,2017Q1,0.9,0.76,/Users/vazea/Desktop/NNW/transcripts_by_company/LENNOX_INTERNATIONAL_INC_2017Q1.txt,0.23323659427806995,0.2494880408749527,0.5172753648469773,True
MT,2013Q4,-1.46,-0.61,/Users/vazea/Desktop/NNW/transcripts_by_company/ARCELORMITTAL_SA_2013Q4.txt,0.3251446109646952,0.2188873484087123,0.4559680406265926,True
GLNG,2008Q2,-0.09,0.08,/Users/vazea/Desktop/NNW/transcripts_by_company/GOLAR_LNG_LTD_2008Q2.txt,0.10320915137756466,0.05292807283430516,0.8438627757881302,False
VECO,2023Q3,0.53,0.36,/Users/vazea/Desktop/NNW/transcripts_by_company/VEECO_INSTRUMENTS_INC_2023Q3.txt,0.07211667704157634,0.2043844156841957,0.7234989072742279,True
NVDA,2024Q1,1.09,0.91,/Users/vazea/Desktop/NNW/transcripts_by_company/NVIDIA_CORP_2024Q1.txt,0.1207260509399783,0.065958816703275,0.8133151323567467,False
HOMB,2023Q1,0.51,0.5,/Users/vazea/Desktop/NNW/transcripts_by_company/HOME_BANCSHARES_INC_2023Q1.txt,0.43978042320111005,0.32686756708939446,0.23335200970949554,True
TJX,2014Q3,0.75,0.74,/Users/vazea/Desktop/NNW/transcripts_by_company/TJX_COMPANIES_INC_2014Q3.txt,0.10342828123808824,0.027638878304466975,0.8689328404574448,False
MOH,2010Q2,0.41,0.29,/Users/vazea/Desktop/NNW/transcripts_by_company/MOLINA_HEALTHCARE_INC_2010Q2.txt,0.22283359505997638,0.39213411689642846,0.3850322880435952,True
PAG,2017Q1,0.97,0.96,/Users/vazea/Desktop/NNW/transcripts_by_company/PENSKE_AUTOMOTIVE_GROUP_INC_2017Q1.txt,0.1181210204027499,0.05769275268859959,0.8241862269086505,False
F,2017Q3,0.43,0.33,/Users/vazea/Desktop/NNW/transcripts_by_company/FORD_MOTOR_CO_2017Q3.txt,0.11922086366101982,0.20955532439159394,0.6712238119473862,True
SPR,2013Q4,0.4,0.41,/Users/vazea/Desktop/NNW/transcripts_by_company/SPIRIT_AEROSYSTEMS_HOLDINGS_INC_2013Q4.txt,0.3003736232566918,0.25802535213083855,0.44160102461246964,True
SRI,2006Q1,0.16,0.14,/Users/vazea/Desktop/NNW/transcripts_by_company/STONERIDGE_INC_2006Q1.txt,0.3324175317526679,0.06964431634701383,0.5979381519003183,False
SRDX,2004Q1,0.23,0.29,/Users/vazea/Desktop/NNW/transcripts_by_company/SURMODICS_INC_2004Q1.txt,0.09134544448881775,0.3075347306888253,0.6011198248223569,True
CDNS,2013Q2,0.21,0.2,/Users/vazea/Desktop/NNW/transcripts_by_company/CADENCE_DESIGN_SYSTEMS_INC_2013Q2.txt,0.04090214244767335,0.2664685110839198,0.6926293464684069,True
NMTI,2006Q3,-0.11,-0.28,/Users/vazea/Desktop/NNW/transcripts_by_company/NMT_MEDICAL_INC_2006Q3.txt,0.21558317028897367,0.07902306013767778,0.7053937695733485,False
CHNL,2005Q3,-0.12,0.1,/Users/vazea/Desktop/NNW/transcripts_by_company/CHANNELL_COMMERCIAL_CORP_2005Q3.txt,0.18488266624016136,0.3457683163462318,0.46934901741360685,True
MGLN,2005Q2,0.58,0.58,/Users/vazea/Desktop/NNW/transcripts_by_company/MAGELLAN_HEALTH_INC_2005Q2.txt,0.22367227207508328,0.17012333914492223,0.6062043887799946,True
KLAC,2012Q4,4.64,4.45,/Users/vazea/Desktop/NNW/transcripts_by_company/KLA_CORP_2012Q4.txt,0.0922368081930962,0.042220544040861736,0.8655426477660421,False
WFC,2011Q1,0.67,0.66,/Users/vazea/Desktop/NNW/transcripts_by_company/WELLS_FARGO_CO_2011Q1.txt,0.2709980513406499,0.13218815296591627,0.5968137956934338,True
PCG,2021Q3,0.24,0.26,/Users/vazea/Desktop/NNW/transcripts_by_company/PGE_CORP_2021Q3.txt,0.11123588014242401,0.15297722023660407,0.7357868996209719,True
SRI,2012Q1,0.22,0.22,/Users/vazea/Desktop/NNW/transcripts_by_company/STONERIDGE_INC_2012Q1.txt,0.18432866740311973,0.08981192139206662,0.7258594112048137,False
HASI,2021Q3,0.41,0.42,/Users/vazea/Desktop/NNW/transcripts_by_company/HA_SUSTAINABLE_INFRASTRUCTURE_CA_2021Q3.txt,0.4448642340611721,0.05072874410929418,0.5044070218295337,False
HMSY,2019Q4,1.32,1.35,/Users/vazea/Desktop/NNW/transcripts_by_company/HMS_HOLDINGS_CORP_2019Q4.txt,0.10132341090996584,0.1387966588350593,0.7598799302549748,True
MGAM,2005Q1,0.17,0.17,/Users/vazea/Desktop/NNW/transcripts_by_company/MULTIMEDIA_GAMES_HOLDING_CO_INC_2005Q1.txt,0.11722443227702313,0.24636112284692083,0.636414444876056,True
WHR,2007Q3,2.2,2.11,/Users/vazea/Desktop/NNW/transcripts_by_company/WHIRLPOOL_CORP_2007Q3.txt,0.08114986064544596,0.2752209487030713,0.6436291906514828,True
NCR,2003Q2,0.09,0.08,/Users/vazea/Desktop/NNW/transcripts_by_company/NCR_VOYIX_CORP_2003Q2.txt,0.12155543407641761,0.08509760128930774,0.7933469646342747,False
PB,2021Q3,1.39,1.37,/Users/vazea/Desktop/NNW/transcripts_by_company/PROSPERITY_BANCSHARES_INC_2021Q3.txt,0.34567363478906443,0.06420937363404144,0.5901169915768941,False
TSEM,2009Q4,-0.71,-0.65,/Users/vazea/Desktop/NNW/transcripts_by_company/TOWER_SEMICONDUCTOR_LTD_2009Q4.txt,0.40478371510739775,0.14855428936938084,0.4466619955232214,True
TBPH,2022Q3,-0.21,-0.23,/Users/vazea/Desktop/NNW/transcripts_by_company/THERAVANCE_BIOPHARMA_INC_2022Q3.txt,0.20276151931340192,0.175281584104018,0.6219568965825801,True
LVS,2018Q2,0.74,0.8,/Users/vazea/Desktop/NNW/transcripts_by_company/LAS_VEGAS_SANDS_CORP_2018Q2.txt,0.18235282153883675,0.049429712327925236,0.7682174661332379,False
LNN,2010Q2,0.32,0.33,/Users/vazea/Desktop/NNW/transcripts_by_company/LINDSAY_CORP_2010Q2.txt,0.07088221079254482,0.14156637048980866,0.7875514187176464,True
EXTN,2020Q2,-0.62,-0.97,/Users/vazea/Desktop/NNW/transcripts_by_company/EXTERRAN_CORP_2020Q2.txt,0.1399001503859687,0.15790361685282883,0.7021962327612025,True
LG,2008Q3,0.41,0.16,/Users/vazea/Desktop/NNW/transcripts_by_company/LACLEDE_GROUP_INC_2008Q3.txt,0.05459561944378876,0.19457470490824602,0.7508296756479652,True
POOL,2016Q1,0.38,0.25,/Users/vazea/Desktop/NNW/transcripts_by_company/POOL_CORP_2016Q1.txt,0.30824524322132807,0.1574633052510146,0.5342914515276573,True
LEVP,2007Q3,-0.06,-0.05,/Users/vazea/Desktop/NNW/transcripts_by_company/LEV_PHARMACEUTICALS_INC_2007Q3.txt,0.02531270247822631,0.4705702002845227,0.5041170972372511,True
COMS,2003Q4,-0.23,-0.2,/Users/vazea/Desktop/NNW/transcripts_by_company/3COM_CORPORATION_2003Q4.txt,0.48599603804486585,0.2626323261743249,0.2513716357808093,True
CTRA,2019Q2,2.58,1.5,/Users/vazea/Desktop/NNW/transcripts_by_company/CONTURA_ENERGY_INC_2019Q2.txt,0.18819544732828458,0.5356771058878887,0.2761274467838267,True
ABTX,2019Q1,0.58,0.65,/Users/vazea/Desktop/NNW/transcripts_by_company/ALLEGIANCE_BANCSHARES_INC_2019Q1.txt,0.21081249194881402,0.06989623341547234,0.7192912746357136,False
SNI,2010Q4,2.37,2.38,/Users/vazea/Desktop/NNW/transcripts_by_company/SCRIPPS_NETWORKS_INTERACTIVE_INC_2010Q4.txt,0.42885763809417227,0.041006858955324285,0.5301355029505035,False
XOXO,2017Q2,0.11,0.11,/Users/vazea/Desktop/NNW/transcripts_by_company/XO_GROUP_INC_2017Q2.txt,0.11806708628030016,0.17969621181905412,0.7022367019006457,True
ACOR,2011Q3,0.9,0.73,/Users/vazea/Desktop/NNW/transcripts_by_company/ACORDA_THERAPEUTICS_INC_2011Q3.txt,0.15787150003516842,0.08255959758187285,0.7595689023829587,False
ERF,2010Q2,0.18,0.09,/Users/vazea/Desktop/NNW/transcripts_by_company/ENERPLUS_RESOURCES_FUND_2010Q2.txt,0.3362964851920915,0.24285472760638516,0.4208487872015233,True
MRK,2008Q2,0.86,0.83,/Users/vazea/Desktop/NNW/transcripts_by_company/MERCK_CO_INC_2008Q2_1.txt,0.31694659919328433,0.12063948432050618,0.5624139164862095,True
KVHI,2022Q2,0.04,-0.1,/Users/vazea/Desktop/NNW/transcripts_by_company/KVH_INDUSTRIES_INC_2022Q2.txt,0.19665648203892505,0.05655400679887577,0.7467895111621992,False
OIS,2018Q3,0.01,0.03,/Users/vazea/Desktop/NNW/transcripts_by_company/OIL_STATES_INTERNATIONAL_INC_2018Q3.txt,0.1831663962998133,0.24633321101883127,0.5705003926813554,True
STGW,2023Q1,0.13,0.21,/Users/vazea/Desktop/NNW/transcripts_by_company/STAGWELL_INC_2023Q1.txt,0.42646326053331535,0.48778192359383243,0.08575481587285216,True
FND,2023Q2,0.66,0.65,/Users/vazea/Desktop/NNW/transcripts_by_company/FLOOR_DECOR_HOLDINGS_INC_2023Q2.txt,0.13563430286475686,0.16750706888457736,0.6968586282506658,True
HQCL,2016Q1,0.35,0.24,/Users/vazea/Desktop/NNW/transcripts_by_company/HANWHA_Q_CELLS_CO_LTD_2016Q1.txt,0.15744596713168038,0.14623808707605696,0.6963159457922627,True
IDCC,2005Q1,-0.02,-0.04,/Users/vazea/Desktop/NNW/transcripts_by_company/INTERDIGITAL_COMMUNICATIONS_2005Q1.txt,0.2589097788409084,0.246143970906237,0.49494625025285466,True
EVBN,2023Q2,0.9,0.64,/Users/vazea/Desktop/NNW/transcripts_by_company/EVANS_BANCORP_INC_2023Q2.txt,0.17044799374772024,0.24370585633529457,0.5858461499169851,True
HIBB,2015Q4,2.87,2.76,/Users/vazea/Desktop/NNW/transcripts_by_company/HIBBETT_INC_2015Q4.txt,0.13690690694184576,0.4295241132722068,0.4335689797859474,True
LAMR,2006Q3,0.16,0.17,/Users/vazea/Desktop/NNW/transcripts_by_company/LAMAR_ADVERTISING_CO_2006Q3.txt,0.2568595662064985,0.14476943310290247,0.598371000690599,True
TRGP,2017Q3,-0.16,-0.14,/Users/vazea/Desktop/NNW/transcripts_by_company/TARGA_RESOURCES_CORP_2017Q3.txt,0.29929595074562143,0.3741745211835522,0.32652952807082636,True
NETL,2008Q1,0.38,0.33,/Users/vazea/Desktop/NNW/transcripts_by_company/NETLOGIC_MICROSYSTEMS_INC_2008Q1.txt,0.0957470874948902,0.32106258029099183,0.5831903322141179,True
ASC,2017Q4,-0.37,-0.35,/Users/vazea/Desktop/NNW/transcripts_by_company/ARDMORE_SHIPPING_CORP_2017Q4.txt,0.18999646514400323,0.06818415200767754,0.7418193828483192,False
RENT,2012Q4,-0.51,-0.18,/Users/vazea/Desktop/NNW/transcripts_by_company/RENTRAK_CORP_2012Q4.txt,0.38112497535825296,0.09441959446191976,0.5244554301798273,False
HMHC,2020Q3,-0.11,0.52,/Users/vazea/Desktop/NNW/transcripts_by_company/HOUGHTON_MIFFLIN_HARCOURT_CO_2020Q3.txt,0.25868698161204184,0.12155379832621308,0.6197592200617451,True
WRI,2003Q1,0.48,0.46,/Users/vazea/Desktop/NNW/transcripts_by_company/WEINGARTEN_REALTY_INVESTORS_2003Q1.txt,0.19874788666552207,0.4854188325423699,0.315833280792108,True
ATHM,2016Q1,2.54,1.71,/Users/vazea/Desktop/NNW/transcripts_by_company/AUTOHOME_INC_2016Q1.txt,0.23408451244508452,0.11124524406970565,0.6546702434852099,True
PVH,2005Q4,1.37,1.3,/Users/vazea/Desktop/NNW/transcripts_by_company/PHILLIPS_VAN_HEUSEN_CORP_2005Q4.txt,0.06861792575578986,0.3070328189490214,0.6243492552951888,True
CMC,2005Q2,0.91,0.89,/Users/vazea/Desktop/NNW/transcripts_by_company/COMMERCIAL_METALS_CO_2005Q2.txt,0.1629894540171908,0.06399548468638981,0.7730150612964194,False
NTRS,2013Q2,0.78,0.82,/Users/vazea/Desktop/NNW/transcripts_by_company/NORTHERN_TRUST_CORP_2013Q2.txt,0.09765520447373824,0.21164493055142608,0.6906998649748357,True
B,2009Q3,0.2,0.21,/Users/vazea/Desktop/NNW/transcripts_by_company/BARNES_GROUP_INC_2009Q3.txt,0.21035279322278194,0.14531482722728045,0.6443323795499376,True
AGCO,2009Q2,0.64,0.55,/Users/vazea/Desktop/NNW/transcripts_by_company/AGCO_CORP_2009Q2.txt,0.4057627319616689,0.4420578463527536,0.15217942168557752,True
SRDX,2020Q1,0.05,-0.09,/Users/vazea/Desktop/NNW/transcripts_by_company/SURMODICS_INC_2020Q1.txt,0.08926067378647969,0.058189013913482905,0.8525503123000374,False
SMPL,2022Q3,0.44,0.35,/Users/vazea/Desktop/NNW/transcripts_by_company/SIMPLY_GOOD_FOODS_CO_2022Q3.txt,0.17308369052346895,0.07405853284888039,0.7528577766276506,False
SOL,2011Q2,0.03,0.25,/Users/vazea/Desktop/NNW/transcripts_by_company/RENESOLA_LTD_2011Q2.txt,0.1114023897912048,0.07037630010488893,0.8182213101039063,False
XCRA,2015Q3,0.1,0.08,/Users/vazea/Desktop/NNW/transcripts_by_company/XCERRA_CORP_2015Q3.txt,0.08773520038263134,0.09571656518655713,0.8165482344308115,False
WOOF,2023Q2,0.19,0.23,/Users/vazea/Desktop/NNW/transcripts_by_company/PETCO_HEALTH_AND_WELLNESS_COMPAN_2023Q2.txt,0.2347394554633857,0.14538804163238844,0.6198725029042258,True
DHI,2013Q2,0.32,0.19,/Users/vazea/Desktop/NNW/transcripts_by_company/DR_HORTON_INC_2013Q2.txt,0.07550383626081303,0.21011977420397218,0.7143763895352148,True
SKYW,2007Q2,0.62,0.6,/Users/vazea/Desktop/NNW/transcripts_by_company/SKYWEST_INC_2007Q2_1.txt,0.2509186448349705,0.2733682459285847,0.4757131092364448,True
XRX,2007Q2,0.28,0.28,/Users/vazea/Desktop/NNW/transcripts_by_company/XEROX_CORP_2007Q2.txt,0.255301219646827,0.1014001746595255,0.6432986056936476,True
CYBX,2014Q1,0.48,0.46,/Users/vazea/Desktop/NNW/transcripts_by_company/CYBERONICS_INC_2014Q1.txt,0.12450255010769071,0.17410239306478545,0.7013950568275238,True
FDS,2006Q4,1.58,1.56,/Users/vazea/Desktop/NNW/transcripts_by_company/FACTSET_RESEARCH_SYSTEMS_INC_2006Q4.txt,0.19453508031608158,0.4246029113166795,0.38086200836723894,True
SQSP,2022Q2,0.45,0.17,/Users/vazea/Desktop/NNW/transcripts_by_company/SQUARESPACE_INC_2022Q2.txt,0.5494190997735873,0.4481665878944514,0.01,True
MTB,2014Q1,1.61,1.64,/Users/vazea/Desktop/NNW/transcripts_by_company/MT_BANK_CORP_2014Q1.txt,0.022060732896084873,0.04532094012827483,0.9326183269756403,False
KFRC,2004Q1,0.03,0.03,/Users/vazea/Desktop/NNW/transcripts_by_company/KFORCE_INC_2004Q1.txt,0.15314384436462986,0.06263712046584569,0.7842190351695245,False
TAP,2014Q3,1.46,1.49,/Users/vazea/Desktop/NNW/transcripts_by_company/MOLSON_COORS_BEVERAGE_CO_2014Q3_1.txt,0.4088027893566912,0.07863962231120765,0.5125575883321011,False
AN,2021Q1,2.79,1.83,/Users/vazea/Desktop/NNW/transcripts_by_company/AUTONATION_INC_2021Q1.txt,0.24302199599915753,0.23430959950951138,0.5226684044913311,True
TOST,2023Q2,-0.19,-0.14,/Users/vazea/Desktop/NNW/transcripts_by_company/TOAST_INC_2023Q2.txt,0.2503446339009613,0.16407647578303594,0.5855788903160027,True
ADP,2014Q2,0.8,0.77,/Users/vazea/Desktop/NNW/transcripts_by_company/AUTOMATIC_DATA_PROCESSING_INC_2014Q2.txt,0.3942678467116756,0.09317721433265087,0.5125549389556735,False
BHE,2007Q3,0.23,0.29,/Users/vazea/Desktop/NNW/transcripts_by_company/BENCHMARK_ELECTRONICS_INC_2007Q3.txt,0.32104507580225666,0.17572389412558623,0.5032310300721571,True
UCBI,2014Q1,0.25,0.25,/Users/vazea/Desktop/NNW/transcripts_by_company/UNITED_COMMUNITY_BANKS_INC_2014Q1.txt,0.23038783069345614,0.43156596765156524,0.3380462016549786,True
NCI,2002Q1,0.08,0.08,/Users/vazea/Desktop/NNW/transcripts_by_company/NAVIGANT_CONSULTING_INC_2002Q1.txt,0.2743182422590699,0.04660622292186775,0.6790755348190622,False
HOFT,2017Q1,0.31,0.46,/Users/vazea/Desktop/NNW/transcripts_by_company/HOOKER_FURNISHINGS_CORP_2017Q1.txt,0.09448936086348345,0.17858567683957915,0.7269249622969374,True
ARIA,2013Q4,-1.49,-1.56,/Users/vazea/Desktop/NNW/transcripts_by_company/ARIAD_PHARMACEUTICALS_INC_2013Q4.txt,0.1596459506007196,0.1220397870546363,0.7183142623446441,True
PRFT,2012Q2,0.24,0.24,/Users/vazea/Desktop/NNW/transcripts_by_company/PERFICIENT_INC_2012Q2.txt,0.3825346344886311,0.341204208951905,0.27626115655946387,True
ASML,2015Q2,0.95,0.89,/Users/vazea/Desktop/NNW/transcripts_by_company/ASML_HOLDING_NV_2015Q2.txt,0.38779421853504986,0.04761934147695498,0.5645864399879952,False
CERN,2015Q3,0.54,0.54,/Users/vazea/Desktop/NNW/transcripts_by_company/CERNER_CORP_2015Q3.txt,0.21115321983587493,0.1474356711271247,0.6414111090370003,True
EDR,2023Q3,0.34,0.3,/Users/vazea/Desktop/NNW/transcripts_by_company/ENDEAVOR_GROUP_HOLDINGS_INC_2023Q3.txt,0.16445042508898716,0.33094481862230307,0.5046047562887098,True
WEN,2020Q2,0.12,0.11,/Users/vazea/Desktop/NNW/transcripts_by_company/WENDYS_CO_2020Q2.txt,0.09503672632571297,0.13659108861549357,0.7683721850587935,True
UTHR,2015Q3,4.91,2.37,/Users/vazea/Desktop/NNW/transcripts_by_company/UNITED_THERAPEUTICS_CORP_2015Q3.txt,0.27180104090049895,0.205382986943132,0.522815972156369,True
EXC,2009Q3,0.96,0.95,/Users/vazea/Desktop/NNW/transcripts_by_company/EXELON_CORP_2009Q3.txt,0.021712835903857815,0.04763771954291084,0.9306494445532313,False
TOO,2017Q2,0.07,0.07,/Users/vazea/Desktop/NNW/transcripts_by_company/TEEKAY_OFFSHORE_PARTNERS_LP_2017Q2.txt,0.1029778583875537,0.16797187052300647,0.7290502710894399,True
MDNA,2023Q3,-0.02,-0.1,/Users/vazea/Desktop/NNW/transcripts_by_company/MEDICENNA_THERAPEUTICS_CORP_2023Q3.txt,0.2325661923900876,0.20614267123056984,0.5612911363793426,True
IFF,2014Q2,1.37,1.35,/Users/vazea/Desktop/NNW/transcripts_by_company/INTERNATIONAL_FLAVORS_FRAGRANC_2014Q2.txt,0.22406473484469064,0.28259317553250807,0.49334208962280124,True
CLDT,2018Q4,0.66,0.69,/Users/vazea/Desktop/NNW/transcripts_by_company/CHATHAM_LODGING_TRUST_2018Q4.txt,0.16727956656111387,0.06647180028916051,0.7662486331497256,False
FVE,2008Q4,0.47,0.58,/Users/vazea/Desktop/NNW/transcripts_by_company/FIVE_STAR_SENIOR_LIVING_INC_2008Q4.txt,0.2879375277074926,0.164995977738063,0.5470664945544444,True
ONCT,2021Q3,-0.19,-0.16,/Users/vazea/Desktop/NNW/transcripts_by_company/ONCTERNAL_THERAPEUTICS_INC_2021Q3.txt,0.22800903077436155,0.22781368677708339,0.5441772824485551,True
PEGA,2015Q3,0.17,0.16,/Users/vazea/Desktop/NNW/transcripts_by_company/PEGASYSTEMS_INC_2015Q3.txt,0.4435201714842831,0.18278521583838533,0.3736946126773315,True
STON,2014Q4,-0.42,-0.21,/Users/vazea/Desktop/NNW/transcripts_by_company/STONEMOR_PARTNERS_LP_2014Q4.txt,0.16143271724141497,0.13051753679297765,0.7080497459656074,True
CDNS,2011Q3,0.14,0.12,/Users/vazea/Desktop/NNW/transcripts_by_company/CADENCE_DESIGN_SYSTEMS_INC_2011Q3.txt,0.08038025262811395,0.08058263708662741,0.8390371102852586,False
AMTD,2006Q3,0.23,0.22,/Users/vazea/Desktop/NNW/transcripts_by_company/TD_AMERITRADE_HOLDING_CORP_2006Q3.txt,0.21415901241931648,0.17372529938332038,0.6121156881973632,True
TIVO,2006Q3,-0.17,-0.24,/Users/vazea/Desktop/NNW/transcripts_by_company/TIVO_INC_2006Q3.txt,0.08026752630039105,0.2248742212479348,0.6948582524516742,True
SFSF,2009Q2,0.0,-0.05,/Users/vazea/Desktop/NNW/transcripts_by_company/SUCCESSFACTORS_INC_2009Q2.txt,0.06156696828832031,0.2651336745512983,0.6732993571603814,True
IPGP,2009Q1,0.03,0.12,/Users/vazea/Desktop/NNW/transcripts_by_company/IPG_PHOTONICS_CORP_2009Q1.txt,0.14609226500556913,0.08258480190216386,0.771322933092267,False
PCOR,2022Q3,-0.09,-0.17,/Users/vazea/Desktop/NNW/transcripts_by_company/PROCORE_TECHNOLOGIES_INC_2022Q3.txt,0.07682128509652694,0.28650046828623554,0.6366782466172375,True
PARL,2008Q3,0.01,0.09,/Users/vazea/Desktop/NNW/transcripts_by_company/PARLUX_FRAGRANCES_2008Q3.txt,0.22144237027344973,0.05134033641494549,0.7272172933116048,False
GGP,2005Q3,-0.03,0.01,/Users/vazea/Desktop/NNW/transcripts_by_company/GENERAL_GROWTH_PROPERTIES_2005Q3.txt,0.0900602393557684,0.06961064371567707,0.8403291169285546,False
PTNR,2010Q2,1.88,2.07,/Users/vazea/Desktop/NNW/transcripts_by_company/PARTNER_COMMUNICATIONS_CO_LTD_2010Q2.txt,0.18404986703501,0.29551689533025105,0.5204332376347389,True
HUBB,2022Q4,10.62,10.45,/Users/vazea/Desktop/NNW/transcripts_by_company/HUBBELL_INC_2022Q4.txt,0.08308894208341275,0.17652507890099128,0.740385979015596,True
WBS,2019Q2,1.05,1.04,/Users/vazea/Desktop/NNW/transcripts_by_company/WEBSTER_FINANCIAL_CORP_2019Q2.txt,0.057553642102489,0.2640687071583846,0.6783776507391264,True
BR,2010Q3,0.22,0.21,/Users/vazea/Desktop/NNW/transcripts_by_company/BROADRIDGE_FINANCIAL_SOLUTIONS_I_2010Q3.txt,0.25688584561626154,0.3495559215222405,0.393558232861498,True
BEBE,2015Q2,0.02,-0.02,/Users/vazea/Desktop/NNW/transcripts_by_company/BEBE_STORES_INC_2015Q2.txt,0.3630407673699674,0.2388998297117029,0.39805940291832975,True
TBPH,2016Q4,-4.26,-3.9,/Users/vazea/Desktop/NNW/transcripts_by_company/THERAVANCE_BIOPHARMA_INC_2016Q4.txt,0.2667084771769216,0.09186299463563227,0.6414285281874461,False
WASH,2009Q1,0.17,0.29,/Users/vazea/Desktop/NNW/transcripts_by_company/WASHINGTON_TRUST_BANCORP_INC_2009Q1.txt,0.06358041627968386,0.18541770025693557,0.7510018834633806,True
LTRX,2016Q4,-0.13,-0.16,/Users/vazea/Desktop/NNW/transcripts_by_company/LANTRONIX_INC_2016Q4.txt,0.5350893257607069,0.5619046696561298,0.01,True
F,2005Q3,-0.1,-0.09,/Users/vazea/Desktop/NNW/transcripts_by_company/FORD_MOTOR_CO_2005Q3_1.txt,0.10955818924883164,0.08163402717361005,0.8088077835775583,False
GIGM,2007Q1,0.14,0.14,/Users/vazea/Desktop/NNW/transcripts_by_company/GIGAMEDIA_LIMITED_2007Q1.txt,0.125881509173379,0.3284855735693623,0.5456329172572587,True
LWSN,2004Q4,0.13,0.12,/Users/vazea/Desktop/NNW/transcripts_by_company/LAWSON_SOFTWARE_INC_2004Q4.txt,0.42703838808977634,0.18072422689831666,0.39223738501190697,True
AUDC,2020Q4,1.41,1.33,/Users/vazea/Desktop/NNW/transcripts_by_company/AUDIOCODES_LTD_2020Q4.txt,0.23373535878841487,0.517237889979531,0.2490267512320541,True
CABO,2019Q3,8.68,8.16,/Users/vazea/Desktop/NNW/transcripts_by_company/CABLE_ONE_INC_2019Q3.txt,0.16294081647522757,0.18828561876682812,0.6487735647579443,True
ZOES,2016Q3,0.04,0.05,/Users/vazea/Desktop/NNW/transcripts_by_company/ZOES_KITCHEN_INC_2016Q3.txt,0.1459080017241183,0.176839632984609,0.6772523652912726,True
RDN,2017Q1,0.37,0.44,/Users/vazea/Desktop/NNW/transcripts_by_company/RADIAN_GROUP_INC_2017Q1.txt,0.3243348999025827,0.1664740002897978,0.5091910998076195,True
ATRA,2020Q2,-1.14,-1.22,/Users/vazea/Desktop/NNW/transcripts_by_company/ATARA_BIOTHERAPEUTICS_INC_2020Q2.txt,0.14897805751678656,0.36324930077375706,0.48777264170945644,True
VLN,2022Q2,-0.04,-0.1,/Users/vazea/Desktop/NNW/transcripts_by_company/VALENS_SEMICONDUCTOR_LTD_2022Q2.txt,0.15023727496945638,0.16779224893225814,0.6819704760982854,True
CYNO,2013Q4,1.06,0.88,/Users/vazea/Desktop/NNW/transcripts_by_company/CYNOSURE_INC_2013Q4.txt,0.11960793812292599,0.14782255467488722,0.7325695072021867,True
HST,2010Q1,-0.13,-0.13,/Users/vazea/Desktop/NNW/transcripts_by_company/HOST_HOTELS_RESORTS_INC_2010Q1.txt,0.0956255016460714,0.3399610133777527,0.5644134849761759,True
AMWL,2023Q3,-0.48,-0.21,/Users/vazea/Desktop/NNW/transcripts_by_company/AMERICAN_WELL_CORP_2023Q3.txt,0.17315730502709561,0.15341338536439264,0.6734293096085118,True
PRAA,2020Q3,0.92,0.63,/Users/vazea/Desktop/NNW/transcripts_by_company/PRA_GROUP_INC_2020Q3.txt,0.34205288638185904,0.25442540439737843,0.4035217092207625,True
MTSI,2017Q3,0.67,0.69,/Users/vazea/Desktop/NNW/transcripts_by_company/MACOM_TECHNOLOGY_SOLUTIONS_HOLDI_2017Q3.txt,0.050179744002829596,0.0886912675768321,0.8611289884203384,False
MCFT,2017Q3,0.28,0.33,/Users/vazea/Desktop/NNW/transcripts_by_company/MCBC_HOLDINGS_INC_2017Q3.txt,0.16017722134111498,0.11178919760693123,0.7280335810519538,True
INST,2023Q1,0.19,0.18,/Users/vazea/Desktop/NNW/transcripts_by_company/INSTRUCTURE_HOLDINGS_INC_2023Q1.txt,0.10529967289517676,0.2737873502988692,0.620912976805954,True
DLB,2007Q3,0.26,0.2,/Users/vazea/Desktop/NNW/transcripts_by_company/DOLBY_LABORATORIES_INC_2007Q3.txt,0.14011451146538195,0.09546367949127178,0.7644218090433463,False
ESNC,2017Q3,-0.09,-0.09,/Users/vazea/Desktop/NNW/transcripts_by_company/ENSYNC_INC_2017Q3.txt,0.12185559798140107,0.07640428888127021,0.8017401131373287,False
EMR,2015Q2,0.65,0.77,/Users/vazea/Desktop/NNW/transcripts_by_company/EMERSON_ELECTRIC_CO_2015Q2.txt,0.15377545264311446,0.23003569500370138,0.6161888523531842,True
CALX,2013Q1,0.06,0.0,/Users/vazea/Desktop/NNW/transcripts_by_company/CALIX_INC_2013Q1.txt,0.3759920241163475,0.5177540126773521,0.10625396320630043,True
NKE,2007Q2,1.28,1.12,/Users/vazea/Desktop/NNW/transcripts_by_company/NIKE_INC_2007Q2.txt,0.108601851214725,0.12206827785237488,0.7693298709329002,True
ARW,2009Q1,0.36,0.35,/Users/vazea/Desktop/NNW/transcripts_by_company/ARROW_ELECTRONICS_INC_2009Q1_1.txt,0.32224914249653996,0.19998504956062446,0.47776580794283563,True
PINC,2018Q2,0.5,0.48,/Users/vazea/Desktop/NNW/transcripts_by_company/PREMIER_INC_2018Q2.txt,0.21814174132025582,0.2541146622217095,0.5277435964580348,True
SHLD,2016Q2,-2.4,-2.65,/Users/vazea/Desktop/NNW/transcripts_by_company/SEARS_HOLDINGS_CORP_2016Q2.txt,0.44162041516598394,0.10574998075277076,0.4526296040812453,True
LNY,2006Q3,0.29,0.23,/Users/vazea/Desktop/NNW/transcripts_by_company/LANDRYS_RESTAURANTS_INC_2006Q3.txt,0.05293561799856069,0.07265147066087128,0.874412911340568,False
NTRA,2015Q3,-0.39,-0.41,/Users/vazea/Desktop/NNW/transcripts_by_company/NATERA_INC_2015Q3.txt,0.04269643315345942,0.1203799497693013,0.8369236170772393,True
ZNGA,2018Q2,0.04,0.03,/Users/vazea/Desktop/NNW/transcripts_by_company/ZYNGA_INC_2018Q2.txt,0.14580766319675414,0.13422830558661,0.7199640312166358,True
NMTI,2008Q1,-0.3,-0.36,/Users/vazea/Desktop/NNW/transcripts_by_company/NMT_MEDICAL_INC_2008Q1.txt,0.20044742544426003,0.2754904491466034,0.5240621254091364,True
WINS,2004Q3,0.08,0.07,/Users/vazea/Desktop/NNW/transcripts_by_company/SMA_2004Q3.txt,0.3137442864149065,0.0813568145052135,0.60489889907988,False
SPNC,2016Q1,-0.32,-0.29,/Users/vazea/Desktop/NNW/transcripts_by_company/SPECTRANETICS_CORP_2016Q1.txt,0.09223672292015238,0.41085191840278545,0.49691135867706215,True
ALSK,2005Q1,-0.06,-0.07,/Users/vazea/Desktop/NNW/transcripts_by_company/ALASKA_COMMUNICATIONS_SYS_GR_INC_2005Q1.txt,0.028353207029237427,0.1456434280114744,0.8260033649592882,True
BZH,2022Q4,7.17,6.39,/Users/vazea/Desktop/NNW/transcripts_by_company/BEAZER_HOMES_USA_INC_2022Q4.txt,0.5171015596690983,0.18253909024675913,0.30035935008414255,True
PFCB,2011Q2,0.4,0.56,/Users/vazea/Desktop/NNW/transcripts_by_company/PF_CHANGS_CHINA_BISTRO_INC_2011Q2.txt,0.14239246876660558,0.18778843466363737,0.669819096569757,True
NI,2017Q4,1.21,1.19,/Users/vazea/Desktop/NNW/transcripts_by_company/NISOURCE_INC_2017Q4.txt,0.3120414064490704,0.20579467064285503,0.4821639229080745,True
HTCH,2004Q4,1.27,1.27,/Users/vazea/Desktop/NNW/transcripts_by_company/HUTCHINSON_TECHNOLOGY_INC_2004Q4.txt,0.07576727312221683,0.2574531139947986,0.6667796128829846,True
DO,2012Q3,1.28,1.01,/Users/vazea/Desktop/NNW/transcripts_by_company/DIAMOND_OFFSHORE_DRILLING_INC_2012Q3.txt,0.14802065116902682,0.1997517656958967,0.6522275831350764,True
ROLL,2009Q1,0.52,0.51,/Users/vazea/Desktop/NNW/transcripts_by_company/RBC_BEARINGS_INC_2009Q1.txt,0.056651517848537516,0.28788303717156566,0.6554654449798969,True
CTL,2006Q2,0.61,0.57,/Users/vazea/Desktop/NNW/transcripts_by_company/CENTURYLINK_INC_2006Q2.txt,0.49367157578455423,0.1981156164246973,0.30821280779074844,True
WERN,2019Q2,0.63,0.64,/Users/vazea/Desktop/NNW/transcripts_by_company/WERNER_ENTERPRISES_INC_2019Q2.txt,0.12857017010355495,0.14213009955148206,0.729299730344963,True
EVAR,2015Q3,-0.45,-0.51,/Users/vazea/Desktop/NNW/transcripts_by_company/LOMBARD_MEDICAL_INC_2015Q3.txt,0.043881165988174486,0.1993505555919382,0.7567682784198873,True
PANW,2016Q2,0.4,0.39,/Users/vazea/Desktop/NNW/transcripts_by_company/PALO_ALTO_NETWORKS_INC_2016Q2.txt,0.39363979024435386,0.12221164603475476,0.48414856372089143,True
ELY,2009Q1,0.12,0.42,/Users/vazea/Desktop/NNW/transcripts_by_company/TOPGOLF_CALLAWAY_BRANDS_CORP_2009Q1.txt,0.14811369414976502,0.20834259820004086,0.6435437076501941,True
DGII,2005Q4,0.52,0.52,/Users/vazea/Desktop/NNW/transcripts_by_company/DIGI_INTERNATIONAL_INC_2005Q4.txt,0.4635676667913538,0.08193287901381673,0.4544994541948295,False
WNR,2007Q4,3.53,3.89,/Users/vazea/Desktop/NNW/transcripts_by_company/WESTERN_REFINING_INC_2007Q4.txt,0.19865823017186876,0.2053945163806349,0.5959472534474963,True
ARII,2017Q4,1.83,2.06,/Users/vazea/Desktop/NNW/transcripts_by_company/AMERICAN_RAILCAR_INDUSTRIES_INC_2017Q4.txt,0.17088720050923756,0.12418215546453726,0.7049306440262252,True
SHW,2009Q2,1.35,1.31,/Users/vazea/Desktop/NNW/transcripts_by_company/SHERWINWILLIAMS_CO_2009Q2.txt,0.32361537279152913,0.2531069124209533,0.4232777147875175,True
DTE,2018Q3,2.13,1.71,/Users/vazea/Desktop/NNW/transcripts_by_company/DTE_ENERGY_CO_2018Q3.txt,0.09437098071508818,0.11462311951531903,0.7910058997695928,True
SHW,2019Q2,6.57,6.42,/Users/vazea/Desktop/NNW/transcripts_by_company/SHERWINWILLIAMS_CO_2019Q2.txt,0.13894686781554763,0.2760671507138569,0.5849859814705954,True
XXIA,2009Q1,0.01,0.01,/Users/vazea/Desktop/NNW/transcripts_by_company/IXIA_INC_2009Q1.txt,0.21386000789950418,0.4221234361750448,0.364016555925451,True
STX,2010Q4,3.36,1.03,/Users/vazea/Desktop/NNW/transcripts_by_company/SEAGATE_TECHNOLOGY_2010Q4.txt,0.2771661589444952,0.22549842978057305,0.4973354112749318,True
WYNN,2010Q3,0.39,0.41,/Users/vazea/Desktop/NNW/transcripts_by_company/WYNN_RESORTS_LTD_2010Q3.txt,0.1900853683133288,0.2254082550442808,0.5845063766423904,True
SNRR,2005Q3,0.24,0.18,/Users/vazea/Desktop/NNW/transcripts_by_company/SUNTERRA_CORP_2005Q3.txt,0.031444272650481636,0.09226104291133722,0.8762946844381811,False
BK,2002Q3,0.11,0.51,/Users/vazea/Desktop/NNW/transcripts_by_company/BANK_OF_NEW_YORK_CO_INC_2002Q3_1.txt,0.18602144937446463,0.18853251147329758,0.6254460391522378,True
HIBB,2008Q3,0.25,0.24,/Users/vazea/Desktop/NNW/transcripts_by_company/HIBBETT_INC_2008Q3.txt,0.14307641243638075,0.12188551449862385,0.7350380730649954,True
VIGN,2002Q2,-0.05,-0.05,/Users/vazea/Desktop/NNW/transcripts_by_company/VIGNETTE_CORPORATION_2002Q2.txt,0.18543346513904682,0.22522583497684287,0.5893406998841103,True
MANH,2020Q1,0.4,0.33,/Users/vazea/Desktop/NNW/transcripts_by_company/MANHATTAN_ASSOCIATES_INC_2020Q1.txt,0.16928850448460375,0.19702490117791427,0.633686594337482,True
X,2022Q3,1.95,1.93,/Users/vazea/Desktop/NNW/transcripts_by_company/UNITED_STATES_STEEL_CORP_2022Q3.txt,0.1694156482295842,0.4150076565114522,0.41557669525896357,True
CHH,2023Q2,1.75,1.65,/Users/vazea/Desktop/NNW/transcripts_by_company/CHOICE_HOTELS_INTERNATIONAL_INC_2023Q2.txt,0.20388770101225823,0.41852877175579395,0.3775835272319479,True
CHD,2007Q1,0.66,0.63,/Users/vazea/Desktop/NNW/transcripts_by_company/CHURCH_DWIGHT_CO_INC_2007Q1.txt,0.32133975493969924,0.2262157364975818,0.45244450856271895,True
CACC,2022Q4,39.32,34.98,/Users/vazea/Desktop/NNW/transcripts_by_company/CREDIT_ACCEPTANCE_CORP_2022Q4.txt,0.0803533169866511,0.014546648990841666,0.9051000340225073,False
TAX,2017Q4,1.15,1.3,/Users/vazea/Desktop/NNW/transcripts_by_company/LIBERTY_TAX_INC_2017Q4.txt,0.14011745347864057,0.18356482429446985,0.6763177222268896,True
JNS,2013Q4,0.66,0.64,/Users/vazea/Desktop/NNW/transcripts_by_company/JANUS_CAPITAL_GROUP_INC_2013Q4.txt,0.08159558738551917,0.17429764799243097,0.7441067646220498,True
IVAC,2016Q4,-0.36,-0.43,/Users/vazea/Desktop/NNW/transcripts_by_company/INTEVAC_INC_2016Q4.txt,0.1256493633680149,0.11528303956665495,0.7590675970653301,True
EXC,2014Q1,0.62,0.65,/Users/vazea/Desktop/NNW/transcripts_by_company/EXELON_CORP_2014Q1.txt,0.1873637186291546,0.3532161002522438,0.4594201811186016,True
ROH,2006Q3,0.83,0.8,/Users/vazea/Desktop/NNW/transcripts_by_company/ROHM_HAAS_CO_2006Q3.txt,0.07393263881903227,0.04928807568209413,0.8767792854988736,False
RGNX,2021Q2,-1.36,-1.02,/Users/vazea/Desktop/NNW/transcripts_by_company/REGENXBIO_INC_2021Q2.txt,0.20981271176270422,0.17401318251862544,0.6161741057186704,True
BNED,2020Q2,0.74,0.96,/Users/vazea/Desktop/NNW/transcripts_by_company/BARNES_NOBLE_EDUCATION_INC_2020Q2.txt,0.205093685810494,0.1655890083543942,0.6293173058351118,True
MBRX,2006Q1,-0.3,-0.28,/Users/vazea/Desktop/NNW/transcripts_by_company/METABASIS_THERAPEUTICS_INC_2006Q1.txt,0.08277226094742296,0.037178138199147934,0.8800496008534291,False
DFS,2015Q1,1.28,1.27,/Users/vazea/Desktop/NNW/transcripts_by_company/DISCOVER_FINANCIAL_SERVICES_2015Q1.txt,0.1294566333183686,0.22833285681746968,0.6422105098641617,True
SURG,2022Q1,-0.1,-0.04,/Users/vazea/Desktop/NNW/transcripts_by_company/SURGEPAYS_INC_2022Q1.txt,0.02773750881300927,0.16989711790950496,0.8023653732774858,True
LOV,2015Q4,-0.05,-0.01,/Users/vazea/Desktop/NNW/transcripts_by_company/SPARK_NETWORKS_LTD_2015Q4.txt,0.09557438869351896,0.2567494885511202,0.6476761227553609,True
SLVM,2023Q3,1.7,1.33,/Users/vazea/Desktop/NNW/transcripts_by_company/SYLVAMO_CORP_2023Q3.txt,0.1298122180386387,0.05168930588503403,0.8184984760763272,False
PFS,2010Q3,0.24,0.24,/Users/vazea/Desktop/NNW/transcripts_by_company/PROVIDENT_FINANCIAL_SERVICES_INC_2010Q3.txt,0.11418290559949608,0.22307782151698266,0.6627392728835213,True
BONT,2011Q4,1.13,1.02,/Users/vazea/Desktop/NNW/transcripts_by_company/BONTON_STORES_INC_2011Q4.txt,0.03521664751486337,0.28282519976561343,0.6819581527195231,True
HD,2023Q3,4.24,4.1,/Users/vazea/Desktop/NNW/transcripts_by_company/HOME_DEPOT_INC_2023Q3.txt,0.07025191779118867,0.3096556574294418,0.6200924247793695,True
AYI,2013Q3,0.97,0.88,/Users/vazea/Desktop/NNW/transcripts_by_company/ACUITY_BRANDS_INC_2013Q3.txt,0.15727284628205948,0.03312530607682442,0.8096018476411161,False
SILK,2021Q2,-0.31,-0.35,/Users/vazea/Desktop/NNW/transcripts_by_company/SILK_ROAD_MEDICAL_INC_2021Q2.txt,0.3654810730811736,0.08887854190904652,0.5456403850097798,False
HD,2003Q3,0.4,0.4,/Users/vazea/Desktop/NNW/transcripts_by_company/HOME_DEPOT_INC_2003Q3.txt,0.26367698134865974,0.12918616161226004,0.6071368570390803,True
LLAP,2022Q4,-0.78,-1.1,/Users/vazea/Desktop/NNW/transcripts_by_company/TERRAN_ORBITAL_CORP_2022Q4.txt,0.19217411507872892,0.3112025321357977,0.49662335278547337,True
RPM,2013Q4,1.82,1.79,/Users/vazea/Desktop/NNW/transcripts_by_company/RPM_INTERNATIONAL_INC_2013Q4.txt,0.24604764059889475,0.20663450239554065,0.5473178570055646,True
NDAQ,2005Q2,0.13,0.09,/Users/vazea/Desktop/NNW/transcripts_by_company/NASDAQ_INC_2005Q2.txt,0.4027783105173519,0.15114588479136676,0.44607580469128133,True
LRCX,2004Q1,0.04,0.03,/Users/vazea/Desktop/NNW/transcripts_by_company/LAM_RESEARCH_CORP_2004Q1.txt,0.06244785902478391,0.39749608394667985,0.5400560570285362,True
MSCI,2018Q2,1.3,1.28,/Users/vazea/Desktop/NNW/transcripts_by_company/MSCI_INC_2018Q2.txt,0.38814562137544567,0.06300851286713265,0.5488458657574217,False
SIRO,2008Q4,1.75,1.61,/Users/vazea/Desktop/NNW/transcripts_by_company/SIRONA_DENTAL_SYSTEMS_INC_2008Q4.txt,0.23519055058396326,0.146789593098012,0.6180198563180247,True
MKC,2002Q4,1.3,1.3,/Users/vazea/Desktop/NNW/transcripts_by_company/MCCORMICK_COMPANY_INC_2002Q4.txt,0.3367621185146282,0.25511733000895903,0.40812055147641285,True
AINV,2014Q1,0.25,0.2,/Users/vazea/Desktop/NNW/transcripts_by_company/APOLLO_INVESTMENT_CORP_2014Q1.txt,0.06953223792489502,0.22409212327241218,0.7063756388026927,True
SRAD,2022Q3,0.042,0.04,/Users/vazea/Desktop/NNW/transcripts_by_company/SPORTRADAR_GROUP_AG_2022Q3.txt,0.13960176419230097,0.22753262434270533,0.6328656114649938,True
MPAA,2012Q1,0.15,0.23,/Users/vazea/Desktop/NNW/transcripts_by_company/MOTORCAR_PARTS_OF_AMERICA_INC_2012Q1.txt,0.30076247526222766,0.1414217889931623,0.5578157357446101,True
CBZ,2015Q4,0.66,0.68,/Users/vazea/Desktop/NNW/transcripts_by_company/CBIZ_INC_2015Q4.txt,0.15917661368720726,0.2033538638255467,0.637469522487246,True
ACU,2014Q3,0.34,0.35,/Users/vazea/Desktop/NNW/transcripts_by_company/ACME_UNITED_CORP_2014Q3.txt,0.1288451512615868,0.03837185062661577,0.8327829981117975,False
UIS,2015Q3,-0.19,-1.2,/Users/vazea/Desktop/NNW/transcripts_by_company/UNISYS_CORP_2015Q3.txt,0.4103946249722703,0.10888332791045582,0.48072204711727384,True
WAB,2004Q4,0.7,0.72,/Users/vazea/Desktop/NNW/transcripts_by_company/WESTINGHOUSE_AIR_BRAKE_TECHNOLOG_2004Q4.txt,0.16945115853492654,0.13590144327511855,0.6946473981899549,True
PLTR,2023Q3,0.07,0.06,/Users/vazea/Desktop/NNW/transcripts_by_company/PALANTIR_TECHNOLOGIES_INC_2023Q3.txt,0.18882459259910936,0.20952851993631588,0.6016468874645748,True
DGI,2012Q2,0.21,0.12,/Users/vazea/Desktop/NNW/transcripts_by_company/DIGITALGLOBE_INC_2012Q2.txt,0.36728553086302324,0.0816402918162758,0.5510741773207011,False
EXPR,2014Q1,0.38,0.36,/Users/vazea/Desktop/NNW/transcripts_by_company/EXPRESS_INC_2014Q1.txt,0.3908238610483881,0.26872943999208854,0.3404466989595234,True
DG,2002Q4,0.68,0.59,/Users/vazea/Desktop/NNW/transcripts_by_company/DOLLAR_GENERAL_CORPORATION_2002Q4.txt,0.07806869234820155,0.15536798988762063,0.7665633177641777,True
CHRS,2006Q4,0.76,0.75,/Users/vazea/Desktop/NNW/transcripts_by_company/CHARMING_SHOPPES_INC_2006Q4.txt,0.16955959221668573,0.24223930887924522,0.5882010989040691,True
CDW,2014Q2,0.67,0.56,/Users/vazea/Desktop/NNW/transcripts_by_company/CDW_CORP_2014Q2.txt,0.27028507976765254,0.09338451036219295,0.6363304098701544,False
P,2012Q2,0.02,0.01,/Users/vazea/Desktop/NNW/transcripts_by_company/PANDORA_MEDIA_INC_2012Q2.txt,0.4263161778363553,0.15577111096264878,0.4179127112009959,True
ABMD,2018Q4,2.45,2.31,/Users/vazea/Desktop/NNW/transcripts_by_company/ABIOMED_INC_2018Q4.txt,0.08576553947744457,0.14297232852760203,0.7712621319949534,True
YETI,2022Q2,0.63,0.68,/Users/vazea/Desktop/NNW/transcripts_by_company/YETI_HOLDINGS_INC_2022Q2.txt,0.2863934898331185,0.1457063496953963,0.5679001604714852,True
NEOG,2012Q3,0.22,0.22,/Users/vazea/Desktop/NNW/transcripts_by_company/NEOGEN_CORP_2012Q3.txt,0.15654155330472766,0.3732097843831938,0.47024866231207857,True
AMED,2005Q2,0.5,0.44,/Users/vazea/Desktop/NNW/transcripts_by_company/AMEDISYS_INC_2005Q2.txt,0.3776740530339344,0.2162101625797375,0.4061157843863281,True
PIR,2013Q1,0.16,0.16,/Users/vazea/Desktop/NNW/transcripts_by_company/PIER_1_IMPORTS_2013Q1.txt,0.09112883794025162,0.17989943297391645,0.728971729085832,True
UIS,2014Q3,0.95,0.54,/Users/vazea/Desktop/NNW/transcripts_by_company/UNISYS_CORP_2014Q3.txt,0.3895038056719761,0.18104668274220492,0.4294495115858189,True
AREN,2023Q2,-0.89,-0.8,/Users/vazea/Desktop/NNW/transcripts_by_company/ARENA_GROUP_HOLDINGS_INC_2023Q2.txt,0.2436287561448999,0.1373159329636104,0.6190553108914898,True
ZNGA,2013Q2,-0.01,-0.03,/Users/vazea/Desktop/NNW/transcripts_by_company/ZYNGA_INC_2013Q2.txt,0.14411604871185799,0.26700221279933894,0.588881738488803,True
KEYN,2004Q1,0.03,0.01,/Users/vazea/Desktop/NNW/transcripts_by_company/KEYNOTE_SYSTEMS_INC_2004Q1.txt,0.04721036345893964,0.06970642936723044,0.8830832071738299,False
PSPT,2008Q1,-1.01,0.11,/Users/vazea/Desktop/NNW/transcripts_by_company/PEOPLESUPPORT_INC_2008Q1.txt,0.236069351025124,0.36402597122891484,0.3999046777459612,True
AVNX,2005Q4,-0.49,-0.46,/Users/vazea/Desktop/NNW/transcripts_by_company/AVANEX_CORPORATION_2005Q4.txt,0.17814798982896407,0.09557524539005739,0.7262767647809786,False
AAN,2012Q2,0.47,0.47,/Users/vazea/Desktop/NNW/transcripts_by_company/AARONS_INC_2012Q2.txt,0.03178680307773563,0.1058175998404208,0.8623955970818435,True
MYL,2015Q2,0.91,0.89,/Users/vazea/Desktop/NNW/transcripts_by_company/MYLAN_NV_2015Q2.txt,0.3946582866367712,0.3350984766703738,0.27024323669285505,True
INVE,2012Q2,-0.04,-0.08,/Users/vazea/Desktop/NNW/transcripts_by_company/IDENTIVE_GROUP_INC_2012Q2.txt,0.14053642829207147,0.044502942863118615,0.8149606288448099,False
PCRX,2017Q4,0.21,-0.09,/Users/vazea/Desktop/NNW/transcripts_by_company/PACIRA_BIOSCIENCES_INC_2017Q4.txt,0.3601898645305015,0.43541190680763553,0.20439822866186297,True
CYCL,2005Q3,0.04,-0.07,/Users/vazea/Desktop/NNW/transcripts_by_company/CENTENNIAL_COMMUNICATION_2005Q3.txt,0.25156026994293695,0.1454018604115939,0.6030378696454692,True
ALKS,2021Q3,0.14,0.05,/Users/vazea/Desktop/NNW/transcripts_by_company/ALKERMES_PLC_2021Q3.txt,0.4141153749325153,0.34504006741705695,0.24084455765042778,True
IDCC,2012Q4,6.45,6.0,/Users/vazea/Desktop/NNW/transcripts_by_company/INTERDIGITAL_INC_2012Q4.txt,0.013920180727335215,0.2583491152756566,0.7277307039970081,True
GAIA,2020Q1,-0.19,-0.17,/Users/vazea/Desktop/NNW/transcripts_by_company/GAIA_INC_2020Q1_1.txt,0.21275579961789629,0.20214763865836005,0.5850965617237437,True
NOG,2012Q2,0.22,0.24,/Users/vazea/Desktop/NNW/transcripts_by_company/NORTHERN_OIL_AND_GAS_INC_2012Q2.txt,0.479382101171948,0.38265602822265493,0.13796187060539705,True
BLK,2017Q2,5.24,5.31,/Users/vazea/Desktop/NNW/transcripts_by_company/BLACKROCK_INC_2017Q2.txt,0.09048919328282298,0.1517794767361603,0.7577313299810167,True
GRPN,2014Q1,-0.01,-0.03,/Users/vazea/Desktop/NNW/transcripts_by_company/GROUPON_INC_2014Q1.txt,0.20270958655286964,0.28079965221782577,0.5164907612293046,True
RTIX,2020Q1,-0.03,-0.01,/Users/vazea/Desktop/NNW/transcripts_by_company/RTI_SURGICAL_HOLDINGS_INC_2020Q1.txt,0.05676008224070538,0.21789433634233835,0.7253455814169563,True
ACTG,2015Q4,0.18,0.18,/Users/vazea/Desktop/NNW/transcripts_by_company/ACACIA_RESEARCH_CORP_2015Q4.txt,0.48247132185158137,0.17997953489790977,0.3375491432505089,True
PLPM,2014Q1,-0.003,0.0,/Users/vazea/Desktop/NNW/transcripts_by_company/PLANET_PAYMENT_INC_2014Q1.txt,0.1504511104164815,0.1327548615184715,0.716794028065047,True
CDXC,2023Q3,-0.01,-0.03,/Users/vazea/Desktop/NNW/transcripts_by_company/CHROMADEX_CORP_2023Q3.txt,0.2290143246695801,0.028211916886360537,0.7427737584440594,False
CHD,2012Q3,0.66,0.59,/Users/vazea/Desktop/NNW/transcripts_by_company/CHURCH_DWIGHT_CO_INC_2012Q3.txt,0.16186761058266896,0.16584428477705754,0.6722881046402736,True
LIVE,2023Q2,0.49,2.21,/Users/vazea/Desktop/NNW/transcripts_by_company/LIVE_VENTURES_INC_2023Q2.txt,0.3246616546150809,0.3102634307368292,0.3650749146480899,True
JAGX,2022Q2,-0.12,-0.22,/Users/vazea/Desktop/NNW/transcripts_by_company/JAGUAR_HEALTH_INC_2022Q2.txt,0.12344211226996185,0.150450676816584,0.7261072109134542,True
IAG,2004Q1,0.04,0.06,/Users/vazea/Desktop/NNW/transcripts_by_company/IAMGOLD_CORPORATION_2004Q1.txt,0.13276647866254995,0.2295000742890187,0.6377334470484313,True
EDIT,2019Q4,-2.68,-1.84,/Users/vazea/Desktop/NNW/transcripts_by_company/EDITAS_MEDICINE_INC_2019Q4.txt,0.18229448156485806,0.08651262081562966,0.7311928976195123,False
MU,2010Q1,0.23,0.05,/Users/vazea/Desktop/NNW/transcripts_by_company/MICRON_TECHNOLOGY_INC_2010Q1.txt,0.04061384907940923,0.03449009919727156,0.9248960517233192,False
ARGX,2022Q2,-3.8,-4.66,/Users/vazea/Desktop/NNW/transcripts_by_company/ARGENX_SE_2022Q2.txt,0.025358758270431846,0.15526398591035392,0.8193772558192142,True
PKI,2007Q4,1.28,1.26,/Users/vazea/Desktop/NNW/transcripts_by_company/REVVITY_INC_2007Q4.txt,0.23666848619884262,0.2866613776483182,0.47667013615283915,True
MSTR,2019Q3,0.94,0.66,/Users/vazea/Desktop/NNW/transcripts_by_company/MICROSTRATEGY_INC_2019Q3.txt,0.03152644949217596,0.1925351927478707,0.7759383577599533,True
KRUS,2021Q2,-0.78,-0.79,/Users/vazea/Desktop/NNW/transcripts_by_company/KURA_SUSHI_USA_INC_2021Q2.txt,0.14565252502616127,0.09624369648593979,0.7581037784878989,False
ILMN,2020Q2,0.62,0.66,/Users/vazea/Desktop/NNW/transcripts_by_company/ILLUMINA_INC_2020Q2.txt,0.08649086300222832,0.042564548158712516,0.8709445888390592,False
MATX,2017Q3,0.79,0.62,/Users/vazea/Desktop/NNW/transcripts_by_company/MATSON_INC_2017Q3.txt,0.17585785144819446,0.31204651468725497,0.5120956338645506,True
CHRS,2017Q3,-1.09,-0.9,/Users/vazea/Desktop/NNW/transcripts_by_company/COHERUS_BIOSCIENCES_INC_2017Q3.txt,0.2994621203358061,0.18435339482180643,0.5161844848423874,True
LHDX,2021Q2,-0.38,-0.32,/Users/vazea/Desktop/NNW/transcripts_by_company/LUCIRA_HEALTH_INC_2021Q2.txt,0.29900342717233025,0.20844672689257004,0.49254984593509965,True
UNF,2013Q2,1.33,1.14,/Users/vazea/Desktop/NNW/transcripts_by_company/UNIFIRST_CORP_2013Q2.txt,0.18671769382516887,0.25614830771542013,0.557133998459411,True
TUTR,2009Q1,0.01,-0.12,/Users/vazea/Desktop/NNW/transcripts_by_company/PLATO_LEARNING_INC_2009Q1.txt,0.21132797545742893,0.010977289340956344,0.7776947352016148,False
UFCS,2022Q1,1.13,0.66,/Users/vazea/Desktop/NNW/transcripts_by_company/UNITED_FIRE_GROUP_INC_2022Q1.txt,0.3088324294353231,0.1296786958417143,0.5614888747229626,True
CERS,2007Q3,-0.29,-0.3,/Users/vazea/Desktop/NNW/transcripts_by_company/CERUS_CORP_2007Q3.txt,0.2226036755987297,0.07696682763963056,0.7004294967616397,False
SMTC,2009Q1,0.22,0.21,/Users/vazea/Desktop/NNW/transcripts_by_company/SEMTECH_CORP_2009Q1.txt,0.11224960423507441,0.06536971542507905,0.8223806803398465,False
NKE,2023Q1,0.93,0.93,/Users/vazea/Desktop/NNW/transcripts_by_company/NIKE_INC_2023Q1.txt,0.03259414160307979,0.13595409524914773,0.8314517631477725,True
INFY,2021Q3,0.17,0.15,/Users/vazea/Desktop/NNW/transcripts_by_company/INFOSYS_LTD_2021Q3.txt,0.32493483629487974,0.18607147596424084,0.4889936877408794,True
ARUN,2010Q4,0.29,0.28,/Users/vazea/Desktop/NNW/transcripts_by_company/ARUBA_NETWORKS_INC_2010Q4.txt,0.4994169764190913,0.2832925558853282,0.21729046769558058,True
BBOX,2003Q2,0.74,0.7,/Users/vazea/Desktop/NNW/transcripts_by_company/BLACK_BOX_CORPORATION_2003Q2.txt,0.12395842568695122,0.2934622843814303,0.5825792899316184,True
ZM,2022Q3,1.11,1.08,/Users/vazea/Desktop/NNW/transcripts_by_company/ZOOM_COMMUNICATIONS_INC_2022Q3.txt,0.14383647599088753,0.08367048643106703,0.7724930375780454,False
DNMR,2021Q1,-0.13,-0.06,/Users/vazea/Desktop/NNW/transcripts_by_company/DANIMER_SCIENTIFIC_INC_2021Q1.txt,0.025432483798914295,0.20972186715644736,0.7648456490446384,True
SLAB,2021Q4,2.18,1.97,/Users/vazea/Desktop/NNW/transcripts_by_company/SILICON_LABORATORIES_INC_2021Q4.txt,0.13762841665193545,0.13621635092616702,0.7261552324218975,True
FINL,2016Q4,1.21,1.19,/Users/vazea/Desktop/NNW/transcripts_by_company/FINISH_LINE_INC_2016Q4.txt,0.16194122586827786,0.25743103961188496,0.5806277345198372,True
RYN,2005Q2,0.67,0.6,/Users/vazea/Desktop/NNW/transcripts_by_company/RAYONIER_INC_2005Q2.txt,0.09973684455788588,0.27608047803240326,0.6241826774097108,True
AVXL,2022Q1,-0.14,-0.16,/Users/vazea/Desktop/NNW/transcripts_by_company/ANAVEX_LIFE_SCIENCES_CORP_2022Q1.txt,0.0913047062800761,0.08326954234714916,0.8254257513727747,False
TTGT,2020Q4,1.23,1.17,/Users/vazea/Desktop/NNW/transcripts_by_company/TECHTARGET_INC_2020Q4.txt,0.18605184700970417,0.21812558503867002,0.5958225679516258,True
TGH,2015Q1,0.71,0.73,/Users/vazea/Desktop/NNW/transcripts_by_company/TEXTAINER_GROUP_HOLDINGS_LTD_2015Q1.txt,0.17154266128182322,0.08383052475593636,0.7446268139622405,False
GME,2010Q4,2.27,2.27,/Users/vazea/Desktop/NNW/transcripts_by_company/GAMESTOP_CORP_2010Q4.txt,0.09880176374901048,0.161316858347181,0.7398813779038085,True
TGI,2022Q1,0.09,0.05,/Users/vazea/Desktop/NNW/transcripts_by_company/TRIUMPH_GROUP_INC_2022Q1.txt,0.32972996671157956,0.628261354600554,0.042008678687866396,True
SVU,2006Q4,2.23,2.25,/Users/vazea/Desktop/NNW/transcripts_by_company/SUPERVALU_INC_2006Q4.txt,0.010327737973652796,0.1133405368218276,0.8763317252045195,True
ACM,2016Q3,0.81,0.7,/Users/vazea/Desktop/NNW/transcripts_by_company/AECOM_2016Q3.txt,0.2984521746760576,0.1791255808416855,0.5224222444822569,True
LIVE,2022Q4,7.84,9.3,/Users/vazea/Desktop/NNW/transcripts_by_company/LIVE_VENTURES_INC_2022Q4.txt,0.09834222638777136,0.18657960362817402,0.7150781699840546,True
NI,2016Q1,0.6,0.59,/Users/vazea/Desktop/NNW/transcripts_by_company/NISOURCE_INC_2016Q1.txt,0.16033982229244004,0.13970061823745147,0.6999595594701085,True
AKAM,2009Q2,0.29,0.41,/Users/vazea/Desktop/NNW/transcripts_by_company/AKAMAI_TECHNOLOGIES_INC_2009Q2.txt,0.23850764086471932,0.26753889501755984,0.49395346411772084,True
ADVS,2005Q3,0.16,0.08,/Users/vazea/Desktop/NNW/transcripts_by_company/ADVENT_SOFTWARE_INC_2005Q3.txt,0.2015225933479059,0.48383123452797283,0.31464617212412127,True
CORT,2021Q3,0.24,0.2,/Users/vazea/Desktop/NNW/transcripts_by_company/CORCEPT_THERAPEUTICS_INC_2021Q3.txt,0.1279845120372201,0.1499046697954444,0.7221108181673356,True
RLOG,2009Q3,-0.5,0.11,/Users/vazea/Desktop/NNW/transcripts_by_company/RAND_LOGISTICS_INC_2009Q3.txt,0.11443138492113364,0.12241668458835459,0.7631519304905119,True
KO,2005Q4,2.18,2.16,/Users/vazea/Desktop/NNW/transcripts_by_company/COCACOLA_CO_2005Q4.txt,0.16407371507285778,0.37863938016801324,0.45728690475912903,True
FISV,2006Q3,0.63,0.62,/Users/vazea/Desktop/NNW/transcripts_by_company/FISERV_INC_2006Q3.txt,0.32653968268460604,0.19692729599401404,0.47653302132137987,True
PMTS,2018Q1,-0.47,-0.22,/Users/vazea/Desktop/NNW/transcripts_by_company/CPI_CARD_GROUP_INC_2018Q1.txt,0.22352948276267692,0.19246320412349702,0.584007313113826,True
AVID,2003Q2,0.25,0.17,/Users/vazea/Desktop/NNW/transcripts_by_company/AVID_TECHNOLOGY_INC_2003Q2.txt,0.08559189032691904,0.06985726225537282,0.8445508474177081,False
DENN,2020Q2,-0.25,-0.17,/Users/vazea/Desktop/NNW/transcripts_by_company/DENNYS_CORP_2020Q2.txt,0.4217295767407262,0.11207348363145882,0.466196939627815,True
GIII,2019Q4,2.86,2.75,/Users/vazea/Desktop/NNW/transcripts_by_company/GIII_APPAREL_GROUP_LTD_2019Q4.txt,0.045776163184294796,0.03942167532214063,0.9148021614935646,False
RCM,2017Q2,-0.08,-0.02,/Users/vazea/Desktop/NNW/transcripts_by_company/R1_RCM_INC_2017Q2.txt,0.3592657603501511,0.13767995680946424,0.5030542828403847,True
ECL,2023Q3,1.54,1.53,/Users/vazea/Desktop/NNW/transcripts_by_company/ECOLAB_INC_2023Q3.txt,0.2601695632139741,0.12300601354186963,0.6168244232441562,True
WEBX,2002Q2,0.06,0.04,/Users/vazea/Desktop/NNW/transcripts_by_company/WEBEX_COMMUNICATIONS_2002Q2.txt,0.05099378159565918,0.1671040365645524,0.7819021818397884,True
AMD,2008Q4,-1.67,-1.51,/Users/vazea/Desktop/NNW/transcripts_by_company/ADVANCED_MICRO_DEVICES_INC_2008Q4.txt,0.32206864877142194,0.32122557339733276,0.3567057778312453,True
WCRX,2009Q4,1.89,1.8,/Users/vazea/Desktop/NNW/transcripts_by_company/WARNER_CHILCOTT_PLC_2009Q4.txt,0.26730823783987323,0.24524577194277924,0.4874459902173475,True
STL,2006Q3,0.27,0.25,/Users/vazea/Desktop/NNW/transcripts_by_company/STERLING_BANCORP_2006Q3.txt,0.24393877516857168,0.03637720099766034,0.7196840238337681,False
BZUN,2018Q2,0.96,0.9,/Users/vazea/Desktop/NNW/transcripts_by_company/BAOZUN_INC_2018Q2.txt,0.09167901346419705,0.09354167729349352,0.8147793092423095,False
KLAC,2021Q2,3.24,3.16,/Users/vazea/Desktop/NNW/transcripts_by_company/KLA_CORP_2021Q2.txt,0.1708509053917398,0.10761966833974523,0.721529426268515,True
CIT,2019Q1,1.18,1.08,/Users/vazea/Desktop/NNW/transcripts_by_company/CIT_GROUP_INC_2019Q1.txt,0.1194220440755914,0.15325333472613883,0.7273246211982698,True
WM,2022Q3,1.56,1.51,/Users/vazea/Desktop/NNW/transcripts_by_company/WASTE_MANAGEMENT_INC_2022Q3.txt,0.22839649196665396,0.03575744354503773,0.7358460644883084,False
CEPH,2009Q2,1.44,1.29,/Users/vazea/Desktop/NNW/transcripts_by_company/CEPHALON_INC_2009Q2.txt,0.07260872661834358,0.2956868458304521,0.6317044275512043,True
TIF,2015Q4,4.2,4.18,/Users/vazea/Desktop/NNW/transcripts_by_company/TIFFANY_CO_2015Q4.txt,0.44124002510575583,0.09504970828232907,0.46371026661191517,False
HMI,2019Q2,1.73,1.72,/Users/vazea/Desktop/NNW/transcripts_by_company/HUAMI_CORP_2019Q2.txt,0.19976859411817705,0.10389131606326187,0.6963400898185611,True
SUN,2021Q3,1.0,1.04,/Users/vazea/Desktop/NNW/transcripts_by_company/SUNOCO_LP_2021Q3.txt,0.14318536329105305,0.2039346478721719,0.6528799888367751,True
DSTI,2008Q4,-0.79,-0.8,/Users/vazea/Desktop/NNW/transcripts_by_company/DAYSTAR_TECHNOLOGIES_INC_2008Q4.txt,0.24753455968272028,0.04484291366467989,0.7076225266525998,False
OAK,2012Q4,4.06,3.64,/Users/vazea/Desktop/NNW/transcripts_by_company/OAKTREE_CAPITAL_GROUP_LLC_2012Q4_1.txt,0.41164652234117816,0.05369856523583239,0.5346549124229895,False
DECK,2020Q4,9.62,9.34,/Users/vazea/Desktop/NNW/transcripts_by_company/DECKERS_OUTDOOR_CORP_2020Q4.txt,0.11265991859667301,0.19398762063718356,0.6933524607661434,True
ZEN,2016Q4,-0.22,-0.24,/Users/vazea/Desktop/NNW/transcripts_by_company/ZENDESK_INC_2016Q4.txt,0.3203450952165836,0.18557174340563645,0.49408316137777997,True
NVCR,2023Q3,-0.46,-0.55,/Users/vazea/Desktop/NNW/transcripts_by_company/NOVOCURE_LTD_2023Q3.txt,0.19887953861838037,0.2808872268894388,0.5202332344921808,True
CBK,2010Q2,-0.06,-0.14,/Users/vazea/Desktop/NNW/transcripts_by_company/CHRISTOPHER_BANKS_CORP_2010Q2.txt,0.1581777205177664,0.0448432163842299,0.7969790630980037,False
TWMC,2010Q2,-0.57,-0.62,/Users/vazea/Desktop/NNW/transcripts_by_company/TRANS_WORLD_ENTERTAINMENT_2010Q2.txt,0.019173883261345354,0.36839549410701933,0.6124306226316353,True
ICUI,2015Q2,0.97,0.69,/Users/vazea/Desktop/NNW/transcripts_by_company/ICU_MEDICAL_INC_2015Q2.txt,0.2151077596893961,0.1783981467105219,0.606494093600082,True
BAC,2012Q2,0.17,0.18,/Users/vazea/Desktop/NNW/transcripts_by_company/BANK_OF_AMERICA_CORP_2012Q2.txt,0.2739900328105462,0.13560782374148772,0.590402143447966,True
OBLN,2019Q4,-5.03,-2.72,/Users/vazea/Desktop/NNW/transcripts_by_company/OBALON_THERAPEUTICS_INC_2019Q4.txt,0.3487468683265471,0.14789316119684093,0.503359970476612,True
KIM,2019Q2,0.2,0.16,/Users/vazea/Desktop/NNW/transcripts_by_company/KIMCO_REALTY_CORP_2019Q2.txt,0.28951562088766886,0.4128937379637928,0.2975906411485384,True
SFSF,2009Q1,-0.06,-0.1,/Users/vazea/Desktop/NNW/transcripts_by_company/SUCCESSFACTORS_INC_2009Q1.txt,0.1647670166504695,0.18785339830524062,0.6473795850442898,True
ACRE,2017Q1,0.23,0.25,/Users/vazea/Desktop/NNW/transcripts_by_company/ARES_COMMERCIAL_REAL_ESTATE_CORP_2017Q1.txt,0.0947489892863912,0.24370505519825422,0.6615459555153546,True
RGF,2022Q2,-0.103,-0.24,/Users/vazea/Desktop/NNW/transcripts_by_company/REAL_GOOD_FOOD_COMPANY_INC_2022Q2.txt,0.02184455092934222,0.062267645392553674,0.9158878036781041,False
VECO,2016Q2,-0.19,-0.22,/Users/vazea/Desktop/NNW/transcripts_by_company/VEECO_INSTRUMENTS_INC_2016Q2.txt,0.30420218117440295,0.1162780348169624,0.5795197840086347,True
OC,2016Q1,0.53,0.34,/Users/vazea/Desktop/NNW/transcripts_by_company/OWENS_CORNING_2016Q1.txt,0.249100818335705,0.2793473713651247,0.4715518102991703,True
EVHC,2014Q2,0.28,0.25,/Users/vazea/Desktop/NNW/transcripts_by_company/ENVISION_HEALTHCARE_HOLDINGS_INC_2014Q2.txt,0.1764237000866333,0.0896162643567066,0.7339600355566601,False
SAGE,2023Q2,-2.68,-2.58,/Users/vazea/Desktop/NNW/transcripts_by_company/SAGE_THERAPEUTICS_INC_2023Q2.txt,0.08748046102525628,0.3180703235978421,0.5944492153769017,True
FRO,2003Q4,5.94,5.87,/Users/vazea/Desktop/NNW/transcripts_by_company/FRONTLINE_LTD_2003Q4.txt,0.03881409858608941,0.12921993943095275,0.8319659619829578,True
CMRE,2022Q1,0.84,0.95,/Users/vazea/Desktop/NNW/transcripts_by_company/COSTAMARE_INC_2022Q1.txt,0.42163727964562137,0.4416239302015851,0.13673879015279355,True
VOLT,2010Q2,-0.04,-0.03,/Users/vazea/Desktop/NNW/transcripts_by_company/VOLTAIRE_LTD_2010Q2.txt,0.40197837242093265,0.4219328253806319,0.17608880219843537,True
LH,2007Q1,0.98,0.93,/Users/vazea/Desktop/NNW/transcripts_by_company/LABORATORY_CORPORATION_OF_AMERIC_2007Q1.txt,0.5131988132549518,0.2779205406081768,0.20888064613687146,True
AOSL,2018Q4,1.14,1.02,/Users/vazea/Desktop/NNW/transcripts_by_company/ALPHA_AND_OMEGA_SEMICONDUCTOR_LT_2018Q4.txt,0.43367460731789753,0.06770126672091877,0.4986241259611837,False
NWL,2009Q3,0.38,0.34,/Users/vazea/Desktop/NNW/transcripts_by_company/NEWELL_BRANDS_INC_2009Q3.txt,0.16906937935973268,0.0329517825264887,0.7979788381137787,False
APRN,2022Q1,-1.17,-0.63,/Users/vazea/Desktop/NNW/transcripts_by_company/BLUE_APRON_HOLDINGS_INC_2022Q1.txt,0.07647884527237105,0.05916085321922021,0.8643603015084087,False
FRC,2015Q1,0.71,0.68,/Users/vazea/Desktop/NNW/transcripts_by_company/FIRST_REPUBLIC_BANK_2015Q1.txt,0.1447045464596639,0.0862592550360343,0.7690361985043018,False
EBS,2007Q2,-0.17,-0.25,/Users/vazea/Desktop/NNW/transcripts_by_company/EMERGENT_BIOSOLUTIONS_INC_2007Q2.txt,0.08917821147254928,0.3412805747150723,0.5695412138123785,True
GPI,2002Q3,0.84,0.79,/Users/vazea/Desktop/NNW/transcripts_by_company/GROUP_1_AUTOMOTIVE_INC_2002Q3.txt,0.10631228303971203,0.08574445211690572,0.8079432648433822,False
PRU,2007Q2,1.87,1.7,/Users/vazea/Desktop/NNW/transcripts_by_company/PRUDENTIAL_FINANCIAL_INC_2007Q2.txt,0.24854161628665258,0.22075503839061192,0.5307033453227354,True
RELV,2008Q2,0.04,0.06,/Users/vazea/Desktop/NNW/transcripts_by_company/RELIV_INTERNATIONAL_INC_2008Q2.txt,0.08571589295594242,0.14934735435828114,0.7649367526857764,True
BSTC,2010Q4,-0.31,-0.3,/Users/vazea/Desktop/NNW/transcripts_by_company/BIOSPECIFICS_TECHNOLOGIES_CORP_2010Q4.txt,0.20843816398018125,0.24003086531621423,0.5515309707036046,True
PNR,2011Q2,0.75,0.72,/Users/vazea/Desktop/NNW/transcripts_by_company/PENTAIR_INC_2011Q2.txt,0.05983081529863649,0.14243999250918793,0.7977291921921755,True
MFLX,2012Q4,1.3,1.53,/Users/vazea/Desktop/NNW/transcripts_by_company/MULTI_FINELINE_ELECTRONIX_INC_2012Q4.txt,0.1992470736181966,0.13438267565776402,0.6663702507240394,True
XPEL,2022Q4,1.5,1.62,/Users/vazea/Desktop/NNW/transcripts_by_company/XPEL_INC_2022Q4.txt,0.1714972260674333,0.032876372285251025,0.7956264016473157,False
LQDT,2021Q1,0.17,0.08,/Users/vazea/Desktop/NNW/transcripts_by_company/LIQUIDITY_SERVICES_INC_2021Q1.txt,0.43631604405263813,0.1639730633721266,0.3997108925752353,True
UAL,2014Q1,-1.33,-1.35,/Users/vazea/Desktop/NNW/transcripts_by_company/UNITED_AIRLINES_HOLDINGS_INC_2014Q1.txt,0.06274482671928087,0.19934361745531864,0.7379115558254006,True
ECTX,2008Q3,-0.1,-0.08,/Users/vazea/Desktop/NNW/transcripts_by_company/ECTEL_LTD_2008Q3.txt,0.128377853641781,0.15424802168550153,0.7173741246727174,True
AKS,2006Q1,0.06,0.21,/Users/vazea/Desktop/NNW/transcripts_by_company/AK_STEEL_HOLDING_CORP_2006Q1.txt,0.13243631157632202,0.058014157723865346,0.8095495306998126,False
PWR,2021Q2,1.06,1.04,/Users/vazea/Desktop/NNW/transcripts_by_company/QUANTA_SERVICES_INC_2021Q2.txt,0.3288733696438433,0.10848101342763357,0.5626456169285231,True
DYAX,2012Q1,-0.1,-0.09,/Users/vazea/Desktop/NNW/transcripts_by_company/DYAX_CORP_2012Q1.txt,0.15500451867991952,0.4000589710857884,0.4449365102342921,True
NS,2010Q3,0.9,0.76,/Users/vazea/Desktop/NNW/transcripts_by_company/NUSTAR_ENERGY_LP_2010Q3.txt,0.24737009655652398,0.17230788308763703,0.580322020355839,True
OCN,2011Q1,0.21,0.26,/Users/vazea/Desktop/NNW/transcripts_by_company/OCWEN_FINANCIAL_CORP_2011Q1.txt,0.2047386393465587,0.15319563960506366,0.6420657210483777,True
WEAV,2022Q2,-0.16,-0.16,/Users/vazea/Desktop/NNW/transcripts_by_company/WEAVE_COMMUNICATIONS_INC_2022Q2.txt,0.06885751514605322,0.08209953478563344,0.8490429500683133,False
OPGN,2018Q4,-2.22,-2.17,/Users/vazea/Desktop/NNW/transcripts_by_company/OPGEN_INC_2018Q4.txt,0.09337349501905647,0.27965284216602887,0.6269736628149147,True
TSTY,2010Q2,-0.42,-0.18,/Users/vazea/Desktop/NNW/transcripts_by_company/TASTY_BAKING_CO_2010Q2.txt,0.2810241823215084,0.28077741384505983,0.4381984038334318,True
ZUO,2019Q2,-0.13,-0.16,/Users/vazea/Desktop/NNW/transcripts_by_company/ZUORA_INC_2019Q2.txt,0.23346118106333083,0.36929830619676335,0.39724051273990585,True
NIHD,2007Q2,0.47,0.49,/Users/vazea/Desktop/NNW/transcripts_by_company/NII_HOLDINGS_INC_2007Q2.txt,0.13505780496567363,0.18624392510726287,0.6786982699270635,True
SST,2022Q2,-0.33,0.16,/Users/vazea/Desktop/NNW/transcripts_by_company/SYSTEM1_INC_2022Q2.txt,0.03236458822152823,0.4901524145420339,0.4774829972364379,True
TUP,2017Q1,1.01,0.94,/Users/vazea/Desktop/NNW/transcripts_by_company/TUPPERWARE_BRANDS_CORP_2017Q1.txt,0.0820655300050824,0.2951713246074289,0.6227631453874887,True
PNW,2013Q1,0.22,0.05,/Users/vazea/Desktop/NNW/transcripts_by_company/PINNACLE_WEST_CAPITAL_CORP_2013Q1.txt,0.20858883933016276,0.137338572955281,0.6540725877145563,True
MFRM,2015Q2,0.61,0.6,/Users/vazea/Desktop/NNW/transcripts_by_company/MATTRESS_FIRM_HOLDING_CORP_2015Q2.txt,0.09361551271603374,0.09027830932717092,0.8161061779567953,False
SCMP,2016Q1,0.21,0.19,/Users/vazea/Desktop/NNW/transcripts_by_company/SUCAMPO_PHARMACEUTICALS_INC_2016Q1.txt,0.4530385814739053,0.1425708795514592,0.4043905389746355,True
IVAC,2010Q4,1.22,1.2,/Users/vazea/Desktop/NNW/transcripts_by_company/INTEVAC_INC_2010Q4.txt,0.5858000624605559,0.17146198624550607,0.242737951293938,True
NSP,2013Q3,0.39,0.42,/Users/vazea/Desktop/NNW/transcripts_by_company/INSPERITY_INC_2013Q3.txt,0.1523064868487434,0.11636752782867921,0.7313259853225774,True
PTN,2009Q3,0.0,-0.03,/Users/vazea/Desktop/NNW/transcripts_by_company/PALATIN_TECHNOLOGIES_INC_2009Q3.txt,0.28686477107367625,0.3189194352356354,0.3942157936906884,True
EXTR,2023Q4,1.09,1.08,/Users/vazea/Desktop/NNW/transcripts_by_company/EXTREME_NETWORKS_INC_2023Q4.txt,0.22822352096668638,0.0973817804177456,0.674394698615568,False
GTX,2023Q3,0.23,0.22,/Users/vazea/Desktop/NNW/transcripts_by_company/GARRETT_MOTION_INC_2023Q3_1.txt,0.3145673871779315,0.20904185380670695,0.47639075901536154,True
ARLP,2010Q1,1.56,0.95,/Users/vazea/Desktop/NNW/transcripts_by_company/ALLIANCE_RESOURCE_PARTNERS_LP_2010Q1.txt,0.5365937133980687,0.33123981592323365,0.13216647067869763,True
VLY,2021Q2,0.3,0.29,/Users/vazea/Desktop/NNW/transcripts_by_company/VALLEY_NATIONAL_BANCORP_2021Q2.txt,0.2219510936138722,0.14398175417629197,0.6340671522098358,True
CSV,2003Q2,0.1,0.07,/Users/vazea/Desktop/NNW/transcripts_by_company/CARRIAGE_SERVICES_INC_2003Q2.txt,0.00869305600181768,0.17260608969395344,0.8187008543042289,True
TACT,2021Q2,-0.24,-0.26,/Users/vazea/Desktop/NNW/transcripts_by_company/TRANSACT_TECHNOLOGIES_INC_2021Q2.txt,0.2130651338292814,0.38574235884148905,0.40119250732922956,True
BLOX,2014Q2,0.11,0.11,/Users/vazea/Desktop/NNW/transcripts_by_company/INFOBLOX_INC_2014Q2.txt,0.37884321402506205,0.04376603956449391,0.5773907464104441,False
KSS,2008Q2,0.83,0.84,/Users/vazea/Desktop/NNW/transcripts_by_company/KOHLS_CORP_2008Q2.txt,0.036185815764030196,0.09989818621164825,0.8639159980243215,False
BMY,2021Q4,7.51,7.5,/Users/vazea/Desktop/NNW/transcripts_by_company/BRISTOLMYERS_SQUIBB_CO_2021Q4.txt,0.45153245937634534,0.29397118831691765,0.254496352306737,True
CNA,2021Q2,1.25,1.12,/Users/vazea/Desktop/NNW/transcripts_by_company/CNA_FINANCIAL_CORP_2021Q2.txt,0.4580438724304724,0.022782502467702966,0.5191736251018246,False
GVA,2022Q1,-0.29,-0.1,/Users/vazea/Desktop/NNW/transcripts_by_company/GRANITE_CONSTRUCTION_INC_2022Q1.txt,0.3313942549488984,0.3119992337208465,0.3566065113302551,True
DGICA,2022Q2,-0.05,0.29,/Users/vazea/Desktop/NNW/transcripts_by_company/DONEGAL_GROUP_INC_2022Q2.txt,0.05293053221121285,0.5690892940892157,0.3779801736995715,True
SWKS,2023Q2,2.02,2.02,/Users/vazea/Desktop/NNW/transcripts_by_company/SKYWORKS_SOLUTIONS_INC_2023Q2.txt,0.16404100362933088,0.03333710828776923,0.8026218880828998,False
PHLY,2007Q4,4.14,4.2,/Users/vazea/Desktop/NNW/transcripts_by_company/PHILADELPHIA_CONSOLIDATED_HOLDIN_2007Q4.txt,0.09860258637214973,0.08842604703124492,0.8129713665966054,False
MVIS,2015Q4,-0.31,-0.28,/Users/vazea/Desktop/NNW/transcripts_by_company/MICROVISION_INC_2015Q4.txt,0.1876790704520316,0.34970014591473214,0.4626207836332363,True
OVTI,2012Q1,0.76,0.71,/Users/vazea/Desktop/NNW/transcripts_by_company/OMNIVISION_TECHNOLOGIES_INC_2012Q1.txt,0.08507367269704486,0.12408410553905948,0.7908422217638956,True
AMAT,2010Q4,1.03,0.95,/Users/vazea/Desktop/NNW/transcripts_by_company/APPLIED_MATERIALS_INC_2010Q4.txt,0.38040545085854627,0.13988875779487514,0.4797057913465786,True
X,2006Q2,3.1,2.38,/Users/vazea/Desktop/NNW/transcripts_by_company/UNITED_STATES_STEEL_CORP_2006Q2.txt,0.14385684487487094,0.2621769982997656,0.5939661568253635,True
HUBG,2009Q3,0.26,0.23,/Users/vazea/Desktop/NNW/transcripts_by_company/HUB_GROUP_INC_2009Q3.txt,0.1320249079256409,0.16506531797336246,0.7029097741009966,True
AGRO,2019Q4,0.34,0.2,/Users/vazea/Desktop/NNW/transcripts_by_company/ADECOAGRO_SA_2019Q4.txt,0.14233502983328128,0.10134483775023534,0.7563201324164834,True
TWTI,2007Q3,-0.15,-0.16,/Users/vazea/Desktop/NNW/transcripts_by_company/THIRD_WAVE_TECHNOLOGIES_INC_2007Q3.txt,0.11001734917371402,0.1368289750607208,0.7531536757655652,True
MAT,2022Q3,0.82,0.75,/Users/vazea/Desktop/NNW/transcripts_by_company/MATTEL_INC_2022Q3.txt,0.17939550115506905,0.05930307782365891,0.761301421021272,False
RYN,2013Q1,0.79,0.62,/Users/vazea/Desktop/NNW/transcripts_by_company/RAYONIER_INC_2013Q1.txt,0.02876994419614778,0.03467604428478036,0.9365540115190719,False
CAKE,2012Q4,1.88,1.89,/Users/vazea/Desktop/NNW/transcripts_by_company/CHEESECAKE_FACTORY_INC_2012Q4.txt,0.2213953908970709,0.18930168212751852,0.5893029269754105,True
DTSI,2005Q3,0.07,0.08,/Users/vazea/Desktop/NNW/transcripts_by_company/DTS_INC_2005Q3.txt,0.08375032265574144,0.11776585915438008,0.7984838181898785,True
TUP,2019Q1,0.9,0.91,/Users/vazea/Desktop/NNW/transcripts_by_company/TUPPERWARE_BRANDS_CORP_2019Q1.txt,0.309860325863399,0.04962378538014084,0.6405158887564601,False
TVTX,2020Q4,-1.52,-1.49,/Users/vazea/Desktop/NNW/transcripts_by_company/TRAVERE_THERAPEUTICS_INC_2020Q4.txt,0.32615509018143096,0.10005547386704468,0.5737894359515243,True
NTIC,2019Q4,0.55,0.65,/Users/vazea/Desktop/NNW/transcripts_by_company/NORTHERN_TECHNOLOGIES_INTERNATIO_2019Q4.txt,0.3238977906272465,0.08872607904118356,0.58737613033157,False
SSNC,2010Q3,0.23,0.22,/Users/vazea/Desktop/NNW/transcripts_by_company/SSC_TECHNOLOGIES_HOLDINGS_INC_2010Q3.txt,0.24482870945323884,0.2877120237083421,0.46745926683841904,True
POWL,2007Q4,0.88,1.4,/Users/vazea/Desktop/NNW/transcripts_by_company/POWELL_INDUSTRIES_INC_2007Q4.txt,0.20223711692532662,0.06575282684915276,0.7320100562255206,False
IAS,2023Q1,0.02,0.01,/Users/vazea/Desktop/NNW/transcripts_by_company/INTEGRAL_AD_SCIENCE_HOLDING_CORP_2023Q1.txt,0.34579314587774684,0.2846119197811932,0.36959493434106,True
EDAP,2009Q2,-0.07,-0.22,/Users/vazea/Desktop/NNW/transcripts_by_company/EDAP_TMS_SA_2009Q2.txt,0.2508691845164336,0.11989887878466923,0.6292319366988972,True
MCK,2021Q4,17.21,17.19,/Users/vazea/Desktop/NNW/transcripts_by_company/MCKESSON_CORP_2021Q4.txt,0.24873028444616546,0.1375319412532335,0.6137377743006011,True
NWE,2009Q2,0.17,0.38,/Users/vazea/Desktop/NNW/transcripts_by_company/NORTHWESTERN_ENERGY_GROUP_INC_2009Q2.txt,0.2952900749717822,0.23555269616463873,0.46915722886357913,True
WWW,2011Q4,2.48,2.48,/Users/vazea/Desktop/NNW/transcripts_by_company/WOLVERINE_WORLD_WIDE_INC_2011Q4.txt,0.3851409011272024,0.13177034243637753,0.48308875643642,True
SPWR,2006Q2,0.11,0.06,/Users/vazea/Desktop/NNW/transcripts_by_company/SUNPOWER_CORP_2006Q2.txt,0.4832087166078775,0.38290562980679965,0.13388565358532278,True
RT,2015Q2,-0.15,-0.15,/Users/vazea/Desktop/NNW/transcripts_by_company/RUBY_TUESDAY_INC_2015Q2.txt,0.04548648628995962,0.13973536057501645,0.8147781531350239,True
ATHX,2020Q2,-0.1,-0.08,/Users/vazea/Desktop/NNW/transcripts_by_company/ATHERSYS_INC_2020Q2.txt,0.2873934374844728,0.17605052934382237,0.5365560331717047,True
CRTO,2017Q4,2.7,2.44,/Users/vazea/Desktop/NNW/transcripts_by_company/CRITEO_SA_2017Q4.txt,0.0812046962834751,0.05770813086841023,0.8610871728481146,False
NIHD,2012Q2,-0.6,0.13,/Users/vazea/Desktop/NNW/transcripts_by_company/NII_HOLDINGS_INC_2012Q2.txt,0.19290778378596413,0.24858504148856744,0.5585071747254685,True
HBI,2022Q3,0.29,0.29,/Users/vazea/Desktop/NNW/transcripts_by_company/HANESBRANDS_INC_2022Q3.txt,0.0817479458418408,0.04052332363775821,0.877728730520401,False
SMTC,2020Q4,1.52,1.48,/Users/vazea/Desktop/NNW/transcripts_by_company/SEMTECH_CORP_2020Q4.txt,0.13787158253072238,0.15487523712728837,0.7072531803419893,True
RDN,2015Q3,0.31,0.36,/Users/vazea/Desktop/NNW/transcripts_by_company/RADIAN_GROUP_INC_2015Q3.txt,0.051653968621728684,0.10691699904873624,0.8414290323295351,True
MT,2016Q2,0.21,0.07,/Users/vazea/Desktop/NNW/transcripts_by_company/ARCELORMITTAL_SA_2016Q2.txt,0.3399116748109668,0.13740568406039014,0.5226826411286432,True
AZO,2006Q2,1.25,1.27,/Users/vazea/Desktop/NNW/transcripts_by_company/AUTOZONE_INC_2006Q2.txt,0.25861598300417643,0.23755761790710622,0.5038263990887173,True
LBY,2005Q4,0.09,0.52,/Users/vazea/Desktop/NNW/transcripts_by_company/LIBBEY_INC_2005Q4.txt,0.46591949103909935,0.29318329615778743,0.24089721280311321,True
YRCW,2011Q3,-0.23,-0.42,/Users/vazea/Desktop/NNW/transcripts_by_company/YRC_WORLDWIDE_INC_2011Q3.txt,0.33702676278169924,0.010419790563756522,0.6525534466545443,False
IPAS,2009Q2,0.03,0.01,/Users/vazea/Desktop/NNW/transcripts_by_company/IPASS_INC_2009Q2.txt,0.04945667966493812,0.1881779670269255,0.7623653533081364,True
MMC,2012Q4,2.15,2.15,/Users/vazea/Desktop/NNW/transcripts_by_company/MARSH_MCLENNAN_COMPANIES_INC_2012Q4.txt,0.3964917392865092,0.2488821722136417,0.354626088499849,True
AMLN,2010Q4,-1.06,-1.27,/Users/vazea/Desktop/NNW/transcripts_by_company/AMYLIN_PHARMACEUTICALS_INC_2010Q4.txt,0.0969036162330271,0.07748220001737542,0.8256141837495975,False
DRS,2008Q3,1.03,0.95,/Users/vazea/Desktop/NNW/transcripts_by_company/DRS_TECHNOLOGIES_INC_2008Q3.txt,0.2236260099946616,0.18846780988415704,0.5879061801211813,True
TTMI,2013Q1,0.13,0.1,/Users/vazea/Desktop/NNW/transcripts_by_company/TTM_TECHNOLOGIES_INC_2013Q1.txt,0.06900603332411476,0.1210949937276135,0.8098989729482718,True
BPOP,2018Q1,0.89,0.79,/Users/vazea/Desktop/NNW/transcripts_by_company/POPULAR_INC_2018Q1.txt,0.4331416800125016,0.33421705451069883,0.23264126547679953,True
ACU,2021Q3,0.5,0.57,/Users/vazea/Desktop/NNW/transcripts_by_company/ACME_UNITED_CORP_2021Q3.txt,0.0905737642708551,0.12466110939928843,0.7847651263298565,True
AYTU,2023Q3,-1.93,-0.63,/Users/vazea/Desktop/NNW/transcripts_by_company/AYTU_BIOPHARMA_INC_2023Q3.txt,0.12081231764681659,0.2072651028791182,0.6719225794740653,True
KSHB,2021Q2,-0.04,-0.03,/Users/vazea/Desktop/NNW/transcripts_by_company/KUSHCO_HOLDINGS_INC_2021Q2.txt,0.39333016699575446,0.17366029725410026,0.4330095357501452,True
EDU,2011Q2,0.05,0.03,/Users/vazea/Desktop/NNW/transcripts_by_company/NEW_ORIENTAL_EDUCATION_TECHNOL_2011Q2.txt,0.14848703759666615,0.2112914442052563,0.6402215181980775,True
LOGM,2017Q3,1.16,1.11,/Users/vazea/Desktop/NNW/transcripts_by_company/LOGMEIN_INC_2017Q3.txt,0.43620777563230856,0.22836139759825608,0.3354308267694353,True
VG,2016Q2,0.08,0.07,/Users/vazea/Desktop/NNW/transcripts_by_company/VONAGE_HOLDINGS_CORP_2016Q2.txt,0.18548381253364846,0.1941302417008591,0.6203859457654924,True
WGO,2011Q4,0.41,0.33,/Users/vazea/Desktop/NNW/transcripts_by_company/WINNEBAGO_INDUSTRIES_INC_2011Q4.txt,0.1388721572119889,0.22989535531273927,0.6312324874752718,True
CPF,2020Q3,0.24,0.35,/Users/vazea/Desktop/NNW/transcripts_by_company/CENTRAL_PACIFIC_FINANCIAL_CORP_2020Q3.txt,0.03134184638478408,0.2991694278405687,0.6694887257746471,True
HUM,2005Q1,0.53,0.47,/Users/vazea/Desktop/NNW/transcripts_by_company/HUMANA_INC_2005Q1.txt,0.3058082397641741,0.21923005729057535,0.47496170294525053,True
UNF,2017Q2,1.1,1.01,/Users/vazea/Desktop/NNW/transcripts_by_company/UNIFIRST_CORP_2017Q2.txt,0.44073174888031824,0.31740546642882156,0.24186278469086026,True
CBZ,2011Q3,0.1,0.11,/Users/vazea/Desktop/NNW/transcripts_by_company/CBIZ_INC_2011Q3.txt,0.2259505229304274,0.04960585170565748,0.7244436253639152,False
JBLU,2018Q2,0.38,0.36,/Users/vazea/Desktop/NNW/transcripts_by_company/JETBLUE_AIRWAYS_CORP_2018Q2.txt,0.4889658687059396,0.2439603019295649,0.26707382936449553,True
SWKS,2005Q3,0.06,0.05,/Users/vazea/Desktop/NNW/transcripts_by_company/SKYWORKS_SOLUTIONS_INC_2005Q3.txt,0.11582449342170453,0.11383060659082996,0.7703448999874655,True
BBBY,2023Q3,-3.65,-1.8,/Users/vazea/Desktop/NNW/transcripts_by_company/BED_BATH_BEYOND_INC_2023Q3.txt,0.27671309450461307,0.27952320428402627,0.4437637012113607,True
STFC,2013Q2,0.13,-0.1,/Users/vazea/Desktop/NNW/transcripts_by_company/STATE_AUTO_FINANCIAL_CORP_2013Q2.txt,0.14543649444412432,0.07995596151652727,0.7746075440393484,False
OCUL,2017Q2,-0.64,-0.56,/Users/vazea/Desktop/NNW/transcripts_by_company/OCULAR_THERAPEUTIX_INC_2017Q2.txt,0.45651071067359883,0.3644786616778038,0.17901062764859738,True
KSS,2015Q1,0.6,0.63,/Users/vazea/Desktop/NNW/transcripts_by_company/KOHLS_CORP_2015Q1.txt,0.14953194626378305,0.20129199756444247,0.6491760561717744,True
TPVG,2019Q3,0.29,0.39,/Users/vazea/Desktop/NNW/transcripts_by_company/TRIPLEPOINT_VENTURE_GROWTH_BDC_C_2019Q3.txt,0.21593887501903622,0.39440390227802286,0.38965722270294095,True
NNA,2018Q3,-2.4,-0.12,/Users/vazea/Desktop/NNW/transcripts_by_company/NAVIOS_MARITIME_ACQUISITION_CORP_2018Q3.txt,0.32416712003267845,0.40571611016916564,0.2701167697981559,True
OLLI,2021Q1,0.49,0.32,/Users/vazea/Desktop/NNW/transcripts_by_company/OLLIES_BARGAIN_OUTLET_HOLDINGS_2021Q1.txt,0.3755320921739375,0.151767879894856,0.47270002793120647,True
DRI,2020Q1,1.38,1.35,/Users/vazea/Desktop/NNW/transcripts_by_company/DARDEN_RESTAURANTS_INC_2020Q1.txt,0.46549638376998165,0.15286971982786357,0.3816338964021547,True
LAZR,2021Q2,-0.11,-0.07,/Users/vazea/Desktop/NNW/transcripts_by_company/LUMINAR_TECHNOLOGIES_INC_2021Q2.txt,0.03756111207362946,0.22230591921000473,0.7401329687163658,True
SUPX,2005Q4,0.49,0.62,/Users/vazea/Desktop/NNW/transcripts_by_company/SUPERTEX_INC_2005Q4.txt,0.3474149997564392,0.1623917263719306,0.4901932738716302,True
HSKA,2008Q4,-0.02,0.06,/Users/vazea/Desktop/NNW/transcripts_by_company/HESKA_CORPORATION_2008Q4.txt,0.1857459555318472,0.19049501217710962,0.6237590322910431,True
EVOL,2004Q4,-0.16,0.09,/Users/vazea/Desktop/NNW/transcripts_by_company/EVOLVING_SYSTEMS_INC_2004Q4.txt,0.2119111253267538,0.26298100195858226,0.5251078727146639,True
GSVC,2012Q2,-0.13,0.01,/Users/vazea/Desktop/NNW/transcripts_by_company/GSV_CAPITAL_CORP_2012Q2.txt,0.2104160045253533,0.31469486275650876,0.4748891327181379,True
CARA,2019Q3,-0.74,-0.56,/Users/vazea/Desktop/NNW/transcripts_by_company/CARA_THERAPEUTICS_INC_2019Q3.txt,0.0686864382531153,0.06259029261602106,0.8687232691308637,False
DGX,2017Q4,5.67,5.65,/Users/vazea/Desktop/NNW/transcripts_by_company/QUEST_DIAGNOSTICS_INC_2017Q4.txt,0.2535949957174582,0.3390850706003876,0.40731993368215424,True
MCO,2006Q4,2.26,2.19,/Users/vazea/Desktop/NNW/transcripts_by_company/MOODYS_CORP_2006Q4.txt,0.10889605012511737,0.016995441731931828,0.8741085081429508,False
CMCO,2014Q4,1.54,1.46,/Users/vazea/Desktop/NNW/transcripts_by_company/COLUMBUS_MCKINNON_CORP_2014Q4.txt,0.06440678186630873,0.10585266633450009,0.8297405517991912,True
GT,2007Q1,0.11,0.01,/Users/vazea/Desktop/NNW/transcripts_by_company/GOODYEAR_TIRE_RUBBER_CO_2007Q1.txt,0.2965560395131637,0.21150820914224694,0.4919357513445894,True
FOR,2008Q4,0.33,0.18,/Users/vazea/Desktop/NNW/transcripts_by_company/FORESTAR_GROUP_INC_2008Q4.txt,0.30110782407226716,0.08394245262631385,0.6149497233014191,False
BORR,2023Q1,-0.03,0.01,/Users/vazea/Desktop/NNW/transcripts_by_company/BORR_DRILLING_LTD_2023Q1.txt,0.34755451873974486,0.2132362816096213,0.4392091996506339,True
SERV,2018Q4,0.95,2.1,/Users/vazea/Desktop/NNW/transcripts_by_company/SERVICEMASTER_GLOBAL_HOLDINGS_IN_2018Q4.txt,0.15856326962144549,0.3068899235375246,0.53454680684103,True
IBKR,2007Q4,1.63,1.58,/Users/vazea/Desktop/NNW/transcripts_by_company/INTERACTIVE_BROKERS_GROUP_INC_2007Q4.txt,0.44225103283593326,0.35937433380131006,0.19837463336275668,True
LCII,2022Q2,6.056,5.2,/Users/vazea/Desktop/NNW/transcripts_by_company/LCI_INDUSTRIES_2022Q2.txt,0.15999418938469373,0.17855213075884616,0.6614536798564602,True
CRM,2016Q4,0.75,0.75,/Users/vazea/Desktop/NNW/transcripts_by_company/SALESFORCE_INC_2016Q4.txt,0.4115722385726406,0.1840582706740961,0.40436949075326334,True
PEP,2019Q2,1.54,1.49,/Users/vazea/Desktop/NNW/transcripts_by_company/PEPSICO_INC_2019Q2.txt,0.3615956566528551,0.41926342242076287,0.21914092092638204,True
CVS,2006Q2,0.4,0.38,/Users/vazea/Desktop/NNW/transcripts_by_company/CVS_HEALTH_CORP_2006Q2.txt,0.1289654835225946,0.08469102970456367,0.7863434867728417,False
ACF,2010Q1,0.19,0.07,/Users/vazea/Desktop/NNW/transcripts_by_company/AMERICREDIT_CORP_2010Q1.txt,0.1447879453521442,0.16893933624976798,0.6862727183980878,True
APG,2021Q1,0.12,0.13,/Users/vazea/Desktop/NNW/transcripts_by_company/API_GROUP_CORP_2021Q1.txt,0.2075451978243134,0.10452928245196737,0.6879255197237192,True
DRS,2023Q3,0.2,0.15,/Users/vazea/Desktop/NNW/transcripts_by_company/LEONARDO_DRS_INC_2023Q3.txt,0.5012058417356391,0.23646568209825755,0.26232847616610333,True
THR,2024Q2,0.49,0.34,/Users/vazea/Desktop/NNW/transcripts_by_company/THERMON_GROUP_HOLDINGS_INC_2024Q2.txt,0.1344971486375094,0.49829660626511935,0.36720624509737126,True
VPG,2013Q4,0.62,0.75,/Users/vazea/Desktop/NNW/transcripts_by_company/VISHAY_PRECISION_GROUP_INC_2013Q4.txt,0.23698205107847178,0.10596384143718475,0.6570541074843435,True
NTGR,2008Q2,0.41,0.36,/Users/vazea/Desktop/NNW/transcripts_by_company/NETGEAR_INC_2008Q2.txt,0.2141481426447727,0.2502385993846136,0.5356132579706137,True
XRTX,2010Q2,1.49,1.36,/Users/vazea/Desktop/NNW/transcripts_by_company/XYRATEX_LTD_2010Q2.txt,0.1523505678386571,0.2034230460734432,0.6442263860878997,True
GE,2007Q1,0.44,0.44,/Users/vazea/Desktop/NNW/transcripts_by_company/GENERAL_ELECTRIC_CO_2007Q1.txt,0.4327961591423735,0.096658001201245,0.4705458396563815,False
ALNY,2007Q4,-2.21,-2.48,/Users/vazea/Desktop/NNW/transcripts_by_company/ALNYLAM_PHARMACEUTICALS_INC_2007Q4.txt,0.1408190877220851,0.42170057732566446,0.43748033495225047,True
LAZ,2007Q2,0.52,0.45,/Users/vazea/Desktop/NNW/transcripts_by_company/LAZARD_LTD_2007Q2.txt,0.21119068319244977,0.2581665416529249,0.5306427751546254,True
POR,2013Q2,0.2,0.34,/Users/vazea/Desktop/NNW/transcripts_by_company/PORTLAND_GENERAL_ELECTRIC_CO_2013Q2.txt,0.2354387556668395,0.12969333814552472,0.6348679061876358,True
GPN,2017Q4,0.85,4.0,/Users/vazea/Desktop/NNW/transcripts_by_company/GLOBAL_PAYMENTS_INC_2017Q4.txt,0.3215259029535486,0.17989604354187985,0.4985780535045715,True
SO,2003Q1,0.41,0.33,/Users/vazea/Desktop/NNW/transcripts_by_company/SOUTHERN_CO_2003Q1.txt,0.2157936234721897,0.06814724582464693,0.7160591307031634,False
EVC,2005Q2,0.03,0.03,/Users/vazea/Desktop/NNW/transcripts_by_company/ENTRAVISION_COMMUNICATIONS_CORP_2005Q2.txt,0.1220171771381623,0.2505726386037821,0.6274101842580556,True
NKTR,2004Q4,-1.03,-1.06,/Users/vazea/Desktop/NNW/transcripts_by_company/NEKTAR_THERAPEUTICS_2004Q4.txt,0.40854032632683823,0.2528163371459691,0.3386433365271927,True
WCN,2020Q1,0.65,0.63,/Users/vazea/Desktop/NNW/transcripts_by_company/WASTE_CONNECTIONS_INC_2020Q1.txt,0.006135896536305975,0.2042016568311414,0.7896624466325526,True
LSI,2004Q4,0.1,0.09,/Users/vazea/Desktop/NNW/transcripts_by_company/LSI_CORP_2004Q4_1.txt,0.16318987777980468,0.18766057929108354,0.6491495429291119,True
NWY,2014Q2,-0.04,-0.03,/Users/vazea/Desktop/NNW/transcripts_by_company/NEW_YORK_CO_INC_2014Q2.txt,0.17327163940253726,0.29521092296872026,0.5315174376287424,True
BTCY,2022Q2,-0.14,-0.1,/Users/vazea/Desktop/NNW/transcripts_by_company/BIOTRICITY_INC_2022Q2.txt,0.32302811494947764,0.3604439727900227,0.3165279122604997,True
RAVN,2011Q1,0.72,0.52,/Users/vazea/Desktop/NNW/transcripts_by_company/RAVEN_INDUSTRIES_INC_2011Q1.txt,0.1302300864267407,0.3308988128384835,0.5388711007347757,True
ULTA,2021Q4,4.66,3.39,/Users/vazea/Desktop/NNW/transcripts_by_company/ULTA_BEAUTY_INC_2021Q4.txt,0.29067788635830266,0.04322083560241009,0.6661012780392873,False
VLO,2022Q2,11.36,9.5,/Users/vazea/Desktop/NNW/transcripts_by_company/VALERO_ENERGY_CORP_2022Q2.txt,0.19664482805619343,0.07354341004575106,0.7298117618980555,False
MDTL,2004Q1,-0.13,-0.09,/Users/vazea/Desktop/NNW/transcripts_by_company/MEDIS_TECHNOLOGIES_2004Q1.txt,0.2592381087914115,0.18809305958008218,0.5526688316285063,True
MTNB,2022Q3,-0.03,-0.03,/Users/vazea/Desktop/NNW/transcripts_by_company/MATINAS_BIOPHARMA_HOLDINGS_INC_2022Q3.txt,0.3306871413863089,0.23428098711374273,0.43503187149994843,True
SWAV,2020Q1,-0.59,-0.48,/Users/vazea/Desktop/NNW/transcripts_by_company/SHOCKWAVE_MEDICAL_INC_2020Q1.txt,0.2637048782144021,0.2519414378379743,0.4843536839476237,True
NTGR,2014Q3,0.72,0.61,/Users/vazea/Desktop/NNW/transcripts_by_company/NETGEAR_INC_2014Q3.txt,0.3303270748042487,0.2024992518445516,0.4671736733511997,True
MDWD,2019Q1,-0.15,-0.14,/Users/vazea/Desktop/NNW/transcripts_by_company/MEDIWOUND_LTD_2019Q1.txt,0.23607834240963377,0.12430681471417984,0.6396148428761864,True
SEBL,2002Q4,0.25,0.25,/Users/vazea/Desktop/NNW/transcripts_by_company/SIEBEL_SYSTEMS_INC_2002Q4.txt,0.11566972677672585,0.19168182648621895,0.6926484467370553,True
CAB,2013Q2,0.62,0.6,/Users/vazea/Desktop/NNW/transcripts_by_company/CABELAS_INC_2013Q2.txt,0.09071645214917139,0.17280033018248164,0.736483217668347,True
PALM,2010Q2,-0.37,-0.29,/Users/vazea/Desktop/NNW/transcripts_by_company/PALM_INC_2010Q2.txt,0.2774818689897942,0.12236632270081202,0.6001518083093937,True
MANH,2018Q2,0.47,0.41,/Users/vazea/Desktop/NNW/transcripts_by_company/MANHATTAN_ASSOCIATES_INC_2018Q2.txt,0.09884485338031529,0.02070315484492759,0.8804519917747572,False
RF,2006Q3,0.77,0.71,/Users/vazea/Desktop/NNW/transcripts_by_company/REGIONS_FINANCIAL_CORP_2006Q3.txt,0.026725266145999432,0.08073849709310459,0.892536236760896,False
LITB,2014Q4,-0.39,-0.5,/Users/vazea/Desktop/NNW/transcripts_by_company/LIGHTINTHEBOX_HOLDING_CO_LTD_2014Q4.txt,0.48130767942970926,0.2167903364707911,0.3019019840994996,True
MMP,2005Q3,0.56,0.47,/Users/vazea/Desktop/NNW/transcripts_by_company/MAGELLAN_MIDSTREAM_PARTNERS_LP_2005Q3.txt,0.48096917293994573,0.15975428194493202,0.3592765451151223,True
NSR,2007Q3,0.32,0.28,/Users/vazea/Desktop/NNW/transcripts_by_company/NEUSTAR_INC_2007Q3.txt,0.09082945323218367,0.1573689949274477,0.7518015518403687,True
PRVB,2021Q3,-0.43,-0.52,/Users/vazea/Desktop/NNW/transcripts_by_company/PROVENTION_BIO_INC_2021Q3.txt,0.14676486963435012,0.40802038768353244,0.44521474268211747,True
KO,2017Q1,0.43,0.44,/Users/vazea/Desktop/NNW/transcripts_by_company/COCACOLA_CO_2017Q1.txt,0.11091811388332846,0.24608890309903306,0.6429929830176384,True
A,2017Q3,0.59,0.52,/Users/vazea/Desktop/NNW/transcripts_by_company/AGILENT_TECHNOLOGIES_INC_2017Q3.txt,0.2629701760728492,0.07957426129889493,0.6574555626282559,False
CRS,2022Q1,-0.28,-0.33,/Users/vazea/Desktop/NNW/transcripts_by_company/CARPENTER_TECHNOLOGY_CORP_2022Q1.txt,0.11131690955087647,0.05396039985221498,0.8347226905969085,False
CHKE,2016Q4,0.95,0.92,/Users/vazea/Desktop/NNW/transcripts_by_company/CHEROKEE_INC_2016Q4.txt,0.13166642223222694,0.26316644754189805,0.605167130225875,True
GPK,2015Q4,0.75,0.72,/Users/vazea/Desktop/NNW/transcripts_by_company/GRAPHIC_PACKAGING_HOLDING_CO_2015Q4.txt,0.30453873448304664,0.0974578921548808,0.5980033733620727,False
CORI,2018Q2,-0.43,-0.39,/Users/vazea/Desktop/NNW/transcripts_by_company/CORIUM_INTERNATIONAL_INC_2018Q2.txt,0.06480872153586416,0.04335440174565752,0.8918368767184783,False
SGEN,2021Q3,-1.61,-0.58,/Users/vazea/Desktop/NNW/transcripts_by_company/SEAGEN_INC_2021Q3.txt,0.22550549541434328,0.17540502816750034,0.5990894764181564,True
WTRH,2018Q4,-1.01,-0.34,/Users/vazea/Desktop/NNW/transcripts_by_company/WAITR_HOLDINGS_INC_2018Q4.txt,0.0625804731912397,0.13487372558441876,0.8025458012243415,True
ATI,2004Q2,-0.17,-0.2,/Users/vazea/Desktop/NNW/transcripts_by_company/ATI_INC_2004Q2.txt,0.09912488806595782,0.31730915834855,0.5835659535854921,True
AIZ,2006Q2,1.15,1.05,/Users/vazea/Desktop/NNW/transcripts_by_company/ASSURANT_INC_2006Q2.txt,0.05396234959256415,0.2071978957437155,0.7388397546637203,True
TRK,2012Q2,0.65,0.58,/Users/vazea/Desktop/NNW/transcripts_by_company/SPEEDWAY_MOTORSPORTS_2012Q2.txt,0.16965624445650354,0.19885961631432827,0.6314841392291682,True
ASNA,2011Q4,2.33,2.35,/Users/vazea/Desktop/NNW/transcripts_by_company/ASCENA_RETAIL_GROUP_INC_2011Q4.txt,0.2236755386647917,0.04910287645531048,0.7272215848798977,False
ASTE,2022Q3,0.28,0.31,/Users/vazea/Desktop/NNW/transcripts_by_company/ASTEC_INDUSTRIES_INC_2022Q3.txt,0.018772297099226072,0.4009724826993692,0.5802552202014046,True
IGMS,2021Q4,-4.93,-5.04,/Users/vazea/Desktop/NNW/transcripts_by_company/IGM_BIOSCIENCES_INC_2021Q4.txt,0.16939467877383527,0.2974559987963533,0.5331493224298114,True
EVR,2016Q3,1.22,0.98,/Users/vazea/Desktop/NNW/transcripts_by_company/EVERCORE_INC_2016Q3.txt,0.05239258371026537,0.5234048068012883,0.42420260948844635,True
TEN,2008Q1,0.2,0.2,/Users/vazea/Desktop/NNW/transcripts_by_company/TENNECO_INC_2008Q1.txt,0.5204339050709458,0.31929158110478284,0.16027451382427138,True
SMLP,2019Q3,-0.02,0.16,/Users/vazea/Desktop/NNW/transcripts_by_company/SUMMIT_MIDSTREAM_PARTNERS_LP_2019Q3.txt,0.3331714754385184,0.18803836702959656,0.47879015753188503,True
ENBL,2020Q1,0.24,0.26,/Users/vazea/Desktop/NNW/transcripts_by_company/ENABLE_MIDSTREAM_PARTNERS_LP_2020Q1.txt,0.2019754116830149,0.1316785555170602,0.6663460327999249,True
WDC,2014Q4,8.1,7.97,/Users/vazea/Desktop/NNW/transcripts_by_company/WESTERN_DIGITAL_CORP_2014Q4.txt,0.34417478487593084,0.29467258937859037,0.36115262574547874,True
WMT,2009Q1,0.76,0.75,/Users/vazea/Desktop/NNW/transcripts_by_company/WALMART_INC_2009Q1.txt,0.14373342754981683,0.31742012556476323,0.5388464468854199,True
QLGC,2015Q1,0.21,0.2,/Users/vazea/Desktop/NNW/transcripts_by_company/QLOGIC_CORP_2015Q1.txt,0.2955672892254367,0.04641363904834692,0.6580190717262164,False
CVIA,2019Q4,0.04,-1.23,/Users/vazea/Desktop/NNW/transcripts_by_company/COVIA_HOLDINGS_CORP_2019Q4.txt,0.09076429937194586,0.17503372865269712,0.734201971975357,True
CLD,2013Q2,-0.02,0.07,/Users/vazea/Desktop/NNW/transcripts_by_company/CLOUD_PEAK_ENERGY_INC_2013Q2.txt,0.17090451606384852,0.04137599966732493,0.7877194842688265,False
FMBI,2005Q1,0.55,0.54,/Users/vazea/Desktop/NNW/transcripts_by_company/FIRST_MIDWEST_BANCORP_INC_2005Q1.txt,0.09039816451223065,0.18445510163345946,0.7251467338543098,True
FC,2016Q3,-0.07,0.09,/Users/vazea/Desktop/NNW/transcripts_by_company/FRANKLIN_COVEY_CO_2016Q3.txt,0.621872432905521,0.31762187943173625,0.06050568766274278,True
SNI,2015Q1,1.02,0.92,/Users/vazea/Desktop/NNW/transcripts_by_company/SCRIPPS_NETWORKS_INTERACTIVE_INC_2015Q1.txt,0.02307914572061892,0.3202915967893597,0.6566292574900213,True
VRSN,2016Q1,0.85,0.84,/Users/vazea/Desktop/NNW/transcripts_by_company/VERISIGN_INC_2016Q1.txt,0.04395350711625221,0.022345084539418632,0.9337014083443291,False
EXEL,2015Q1,-0.18,-0.24,/Users/vazea/Desktop/NNW/transcripts_by_company/EXELIXIS_INC_2015Q1.txt,0.10073535140510474,0.20673495990022134,0.6925296886946739,True
VTNR,2017Q4,-0.37,-0.38,/Users/vazea/Desktop/NNW/transcripts_by_company/VERTEX_ENERGY_INC_2017Q4.txt,0.32084336258870993,0.05378922975144006,0.62536740765985,False
RY,2012Q2,1.15,1.19,/Users/vazea/Desktop/NNW/transcripts_by_company/ROYAL_BANK_OF_CANADA_2012Q2.txt,0.15908883874690896,0.09245025567535989,0.7484609055777312,False
IBCP,2005Q1,0.52,0.53,/Users/vazea/Desktop/NNW/transcripts_by_company/INDEPENDENT_BANK_CORP_MICH_2005Q1.txt,0.11561050570722274,0.19793501855605172,0.6864544757367255,True
SQI,2011Q4,0.29,0.28,/Users/vazea/Desktop/NNW/transcripts_by_company/SCIQUEST_INC_2011Q4.txt,0.28473624493280986,0.17697555382307695,0.5382882012441131,True
DLR,2016Q2,0.19,0.25,/Users/vazea/Desktop/NNW/transcripts_by_company/DIGITAL_REALTY_TRUST_INC_2016Q2.txt,0.5800042843217741,0.08522210943418765,0.3347736062440383,False
POOL,2014Q1,0.09,0.1,/Users/vazea/Desktop/NNW/transcripts_by_company/POOL_CORP_2014Q1.txt,0.1291812187007412,0.2265765853105018,0.644242195988757,True
VRTU,2010Q2,0.12,0.09,/Users/vazea/Desktop/NNW/transcripts_by_company/VIRTUSA_CORP_2010Q2.txt,0.2725691099983638,0.2192899493258397,0.5081409406757965,True
CAPL,2017Q2,-0.15,0.11,/Users/vazea/Desktop/NNW/transcripts_by_company/CROSSAMERICA_PARTNERS_LP_2017Q2.txt,0.29079250000492046,0.0737860801095301,0.6354214198855493,False
RNWK,2012Q1,-0.39,-0.27,/Users/vazea/Desktop/NNW/transcripts_by_company/REALNETWORKS_INC_2012Q1.txt,0.1059515575112698,0.24944337051436394,0.6446050719743662,True
ENZ,2016Q3,-0.04,-0.06,/Users/vazea/Desktop/NNW/transcripts_by_company/ENZO_BIOCHEM_INC_2016Q3.txt,0.054521554745992656,0.19933210540202045,0.746146339851987,True
MIPS,2004Q2,0.01,0.0,/Users/vazea/Desktop/NNW/transcripts_by_company/MIPS_TECHNOLOGIES_INC_2004Q2.txt,0.10921039849664356,0.3121323137900091,0.5786572877133473,True
DGLY,2020Q2,-0.11,-0.13,/Users/vazea/Desktop/NNW/transcripts_by_company/DIGITAL_ALLY_INC_2020Q2.txt,0.24434344644736813,0.31518473165265465,0.4404718218999772,True
HSIC,2005Q3,0.41,0.41,/Users/vazea/Desktop/NNW/transcripts_by_company/HENRY_SCHEIN_INC_2005Q3.txt,0.18965226209207398,0.18307082613719686,0.6272769117707292,True
TNET,2015Q1,0.35,0.33,/Users/vazea/Desktop/NNW/transcripts_by_company/TRINET_GROUP_INC_2015Q1.txt,0.15032597421202532,0.295034577395586,0.5546394483923887,True
IART,2012Q4,3.06,3.07,/Users/vazea/Desktop/NNW/transcripts_by_company/INTEGRA_LIFESCIENCES_HOLDINGS_CO_2012Q4.txt,0.09297286636747429,0.19466686849875953,0.7123602651337662,True
GES,2013Q2,0.49,0.5,/Users/vazea/Desktop/NNW/transcripts_by_company/GUESS_INC_2013Q2.txt,0.10470806520628506,0.14322507093892728,0.7520668638547876,True
MTG,2016Q1,0.18,0.22,/Users/vazea/Desktop/NNW/transcripts_by_company/MGIC_INVESTMENT_CORP_2016Q1.txt,0.22872407061147979,0.28174670330689605,0.48952922608162414,True
BWINB,2013Q1,0.38,0.4,/Users/vazea/Desktop/NNW/transcripts_by_company/BALDWIN_LYONS_INC_2013Q1.txt,0.16689457324600043,0.2991508888141505,0.5339545379398491,True
THS,2018Q1,0.18,0.13,/Users/vazea/Desktop/NNW/transcripts_by_company/TREEHOUSE_FOODS_INC_2018Q1.txt,0.15775140576360722,0.16981410996035545,0.6724344842760372,True
CIEN,2012Q3,-0.04,-0.04,/Users/vazea/Desktop/NNW/transcripts_by_company/CIENA_CORP_2012Q3.txt,0.0069951737263189385,0.3085608754721617,0.6844439508015193,True
ICL,2017Q4,0.3,0.28,/Users/vazea/Desktop/NNW/transcripts_by_company/ICL_GROUP_LTD_2017Q4.txt,0.12268918930113504,0.20582845325973192,0.6714823574391331,True
GPX,2005Q3,0.07,0.1,/Users/vazea/Desktop/NNW/transcripts_by_company/GP_STRATEGIES_CORP_2005Q3.txt,0.35519806623497296,0.08763948171863827,0.5571624520463888,False
WDR,2016Q1,0.45,0.56,/Users/vazea/Desktop/NNW/transcripts_by_company/WADDELL_REED_FINANCIAL_INC_2016Q1.txt,0.35254577580508417,0.2047108523172504,0.44274337187766544,True
WYY,2010Q4,0.05,0.05,/Users/vazea/Desktop/NNW/transcripts_by_company/WIDEPOINT_CORP_2010Q4.txt,0.2773992530022318,0.1386139774968516,0.5839867695009167,True
WEBX,2006Q2,0.34,0.33,/Users/vazea/Desktop/NNW/transcripts_by_company/WEBEX_COMMUNICATIONS_2006Q2.txt,0.29922416902749266,0.24969748783219853,0.45107834314030887,True
QURE,2022Q2,-0.84,-1.1,/Users/vazea/Desktop/NNW/transcripts_by_company/UNIQURE_NV_2022Q2.txt,0.16964801319644723,0.1481377593893435,0.6822142274142092,True
PCH,2013Q4,1.73,1.75,/Users/vazea/Desktop/NNW/transcripts_by_company/POTLATCHDELTIC_CORP_2013Q4.txt,0.3320949140226625,0.2484252424338908,0.41947984354344664,True
JILL,2019Q4,0.72,0.7,/Users/vazea/Desktop/NNW/transcripts_by_company/JJILL_INC_2019Q4.txt,0.09567900873481776,0.19667963086654175,0.7076413603986406,True
EBIX,2019Q4,3.16,3.37,/Users/vazea/Desktop/NNW/transcripts_by_company/EBIX_INC_2019Q4.txt,0.3467955727820914,0.23122968488837253,0.4219747423295361,True
ANAD,2014Q3,-0.07,-0.07,/Users/vazea/Desktop/NNW/transcripts_by_company/ANADIGICS_INC_2014Q3.txt,0.1257377281348584,0.15485080806950483,0.7194114637956368,True
RTIX,2015Q1,0.05,0.03,/Users/vazea/Desktop/NNW/transcripts_by_company/RTI_SURGICAL_HOLDINGS_INC_2015Q1.txt,0.26233355871761127,0.00972080645666535,0.7279456348257234,False
ATHX,2019Q4,-0.29,-0.31,/Users/vazea/Desktop/NNW/transcripts_by_company/ATHERSYS_INC_2019Q4.txt,0.2701578749242243,0.15873500167346516,0.5711071234023106,True
TROW,2023Q3,2.17,1.79,/Users/vazea/Desktop/NNW/transcripts_by_company/T_ROWE_PRICE_GROUP_INC_2023Q3.txt,0.17559265747511643,0.12969968383325625,0.6947076586916273,True
ABTL,2016Q1,0.22,0.26,/Users/vazea/Desktop/NNW/transcripts_by_company/AUTOBYTEL_INC_2016Q1.txt,0.018093150061049182,0.5369945358436768,0.444912314095274,True
UTHR,2009Q2,-0.09,0.53,/Users/vazea/Desktop/NNW/transcripts_by_company/UNITED_THERAPEUTICS_CORP_2009Q2.txt,0.4564751024297044,0.3896510077140302,0.15387388985626532,True
WEBM,2006Q2,0.05,0.02,/Users/vazea/Desktop/NNW/transcripts_by_company/WEBMETHODS_INC_2006Q2.txt,0.2742671418339538,0.15086513947511643,0.5748677186909299,True
TRLG,2005Q4,0.9,0.9,/Users/vazea/Desktop/NNW/transcripts_by_company/TRUE_RELIGION_APPAREL_INC_2005Q4.txt,0.19912327665086035,0.18812332405628,0.6127533992928597,True
AXGN,2023Q3,0.01,-0.06,/Users/vazea/Desktop/NNW/transcripts_by_company/AXOGEN_INC_2023Q3.txt,0.24223328823540108,0.08498744082885143,0.6727792709357475,False
NVLS,2009Q1,-0.47,-0.52,/Users/vazea/Desktop/NNW/transcripts_by_company/NOVELLUS_SYSTEMS_2009Q1.txt,0.04688708502615894,0.13810198850598635,0.8150109264678548,True
TDG,2006Q4,1.31,1.3,/Users/vazea/Desktop/NNW/transcripts_by_company/TRANSDIGM_GROUP_INC_2006Q4.txt,0.10346727961999462,0.15953860606251186,0.7369941143174936,True
SQBG,2015Q4,0.48,0.43,/Users/vazea/Desktop/NNW/transcripts_by_company/SEQUENTIAL_BRANDS_GROUP_INC_2015Q4.txt,0.3340784661117608,0.539302579594094,0.12661895429414516,True
ALV,2013Q4,5.82,5.61,/Users/vazea/Desktop/NNW/transcripts_by_company/AUTOLIV_INC_2013Q4.txt,0.42607740561414265,0.07693758946878322,0.49698500491707415,False
WGO,2017Q2,0.48,0.45,/Users/vazea/Desktop/NNW/transcripts_by_company/WINNEBAGO_INDUSTRIES_INC_2017Q2.txt,0.08872772911032571,0.30093192344102915,0.6103403474486452,True
ABMD,2017Q1,0.29,0.23,/Users/vazea/Desktop/NNW/transcripts_by_company/ABIOMED_INC_2017Q1.txt,0.21621806315505077,0.2748094058635636,0.5089725309813856,True
DTE,2020Q2,1.53,1.13,/Users/vazea/Desktop/NNW/transcripts_by_company/DTE_ENERGY_CO_2020Q2.txt,0.19023423222275596,0.10787865761371881,0.7018871101635252,True
EVC,2013Q2,0.06,0.05,/Users/vazea/Desktop/NNW/transcripts_by_company/ENTRAVISION_COMMUNICATIONS_CORP_2013Q2.txt,0.3029899468700783,0.3234367437758832,0.3735733093540385,True
RPTP,2014Q3,-0.1,-0.2,/Users/vazea/Desktop/NNW/transcripts_by_company/RAPTOR_PHARMACEUTICAL_CORP_2014Q3.txt,0.1467442259453205,0.27198332849499895,0.5812724455596806,True
KMB,2004Q1,0.91,0.91,/Users/vazea/Desktop/NNW/transcripts_by_company/KIMBERLYCLARK_CORP_2004Q1.txt,0.282746959277064,0.30506308584938435,0.4121899548735517,True
SCON,2010Q4,-0.46,-0.45,/Users/vazea/Desktop/NNW/transcripts_by_company/SUPERCONDUCTOR_TECHNOLOGIES_2010Q4.txt,0.31927579363958486,0.2291970004392026,0.4515272059212125,True
BABY,2004Q4,0.03,0.03,/Users/vazea/Desktop/NNW/transcripts_by_company/NATUS_MEDICAL_INC_2004Q4.txt,0.14978606076068493,0.23827317406529014,0.611940765174025,True
AVGR,2015Q4,-4.22,-4.15,/Users/vazea/Desktop/NNW/transcripts_by_company/AVINGER_INC_2015Q4.txt,0.26228948906410804,0.13444412618877696,0.6032663847471149,True
EPD,2017Q4,1.32,1.29,/Users/vazea/Desktop/NNW/transcripts_by_company/ENTERPRISE_PRODUCTS_PARTNERS_LP_2017Q4.txt,0.09692762432776593,0.33423090074234835,0.5688414749298858,True
ROKU,2017Q4,-2.22,-1.65,/Users/vazea/Desktop/NNW/transcripts_by_company/ROKU_INC_2017Q4.txt,0.34548951426333563,0.30262641358260456,0.3518840721540598,True
NYT,2018Q2,0.17,0.15,/Users/vazea/Desktop/NNW/transcripts_by_company/NEW_YORK_TIMES_CO_2018Q2.txt,0.05540831083679632,0.1349632316854824,0.8096284574777213,True
VRA,2015Q3,0.17,0.19,/Users/vazea/Desktop/NNW/transcripts_by_company/VERA_BRADLEY_INC_2015Q3.txt,0.34133573568187653,0.2947366743571544,0.36392758996096913,True
FNGN,2015Q1,0.22,0.22,/Users/vazea/Desktop/NNW/transcripts_by_company/FINANCIAL_ENGINES_INC_2015Q1.txt,0.3490398691675649,0.14036367604020206,0.510596454792233,True
REV,2019Q3,-0.71,-0.83,/Users/vazea/Desktop/NNW/transcripts_by_company/REVLON_INC_2019Q3.txt,0.2495998049571394,0.19418366643881227,0.5562165286040484,True
AVY,2022Q4,9.15,9.69,/Users/vazea/Desktop/NNW/transcripts_by_company/AVERY_DENNISON_CORP_2022Q4.txt,0.20541484796000573,0.11549425478307832,0.679090897256916,True
AXP,2015Q1,1.48,1.36,/Users/vazea/Desktop/NNW/transcripts_by_company/AMERICAN_EXPRESS_CO_2015Q1.txt,0.12230712928286687,0.09485347819969317,0.78283939251744,False
EVC,2012Q2,0.02,0.01,/Users/vazea/Desktop/NNW/transcripts_by_company/ENTRAVISION_COMMUNICATIONS_CORP_2012Q2.txt,0.3030657118941381,0.14970674933011835,0.5472275387757435,True
MCRB,2023Q2,0.36,0.49,/Users/vazea/Desktop/NNW/transcripts_by_company/SERES_THERAPEUTICS_INC_2023Q2.txt,0.03607762239118304,0.1889472533601429,0.774975124248674,True
MNI,2017Q2,1.14,-0.6,/Users/vazea/Desktop/NNW/transcripts_by_company/MCCLATCHY_COMPANY_2017Q2.txt,0.1336921890129727,0.08985862185005017,0.7764491891369771,False
CNOB,2020Q1,0.35,0.44,/Users/vazea/Desktop/NNW/transcripts_by_company/CONNECTONE_BANCORP_INC_2020Q1.txt,0.24769218737648746,0.24623465217262122,0.5060731604508913,True
CLUB,2007Q1,0.14,0.17,/Users/vazea/Desktop/NNW/transcripts_by_company/TOWN_SPORTS_INTERNATNL_HLDGS_INC_2007Q1.txt,0.1402478383539809,0.08193318706802198,0.7778189745779971,False
NBL,2015Q1,0.03,0.02,/Users/vazea/Desktop/NNW/transcripts_by_company/NOBLE_ENERGY_INC_2015Q1.txt,0.13428233318470154,0.20775092896252081,0.6579667378527777,True
LC,2019Q3,0.09,0.03,/Users/vazea/Desktop/NNW/transcripts_by_company/LENDINGCLUB_CORP_2019Q3.txt,0.1776845000661776,0.24788895491997157,0.5744265450138509,True
NJR,2018Q3,-0.09,0.03,/Users/vazea/Desktop/NNW/transcripts_by_company/NEW_JERSEY_RESOURCES_CORP_2018Q3.txt,0.18854420462297924,0.16451498615728635,0.6469408092197344,True
OLED,2019Q2,0.92,0.46,/Users/vazea/Desktop/NNW/transcripts_by_company/UNIVERSAL_DISPLAY_CORP_2019Q2.txt,0.04952718253456975,0.3366489172836949,0.6138239001817354,True
VTNR,2021Q2,-0.38,-0.01,/Users/vazea/Desktop/NNW/transcripts_by_company/VERTEX_ENERGY_INC_2021Q2.txt,0.16511696245740684,0.20562318853130693,0.6292598490112863,True
BBOX,2013Q2,0.65,0.7,/Users/vazea/Desktop/NNW/transcripts_by_company/BLACK_BOX_CORPORATION_2013Q2.txt,0.24502942917715528,0.20023306292455753,0.5547375078982871,True
ARNA,2020Q2,-1.61,-2.08,/Users/vazea/Desktop/NNW/transcripts_by_company/ARENA_PHARMACEUTICALS_INC_2020Q2.txt,0.277519062822567,0.25016984614526716,0.47231109103216584,True
SNOW,2017Q2,-0.45,-0.64,/Users/vazea/Desktop/NNW/transcripts_by_company/INTRAWEST_RESORTS_HOLDINGS_INC_2017Q2.txt,0.33318333345032375,0.22118242379174322,0.44563424275793295,True
UVN,2003Q2,0.16,0.13,/Users/vazea/Desktop/NNW/transcripts_by_company/UNIVISION_COMMUNICATIONS_2003Q2.txt,0.24338708482959107,0.18700558800137637,0.5696073271690326,True
NSC,2006Q4,3.57,3.58,/Users/vazea/Desktop/NNW/transcripts_by_company/NORFOLK_SOUTHERN_CORP_2006Q4.txt,0.01949577895393763,0.06001641849398282,0.9204878025520795,False
NPO,2011Q4,2.06,2.3,/Users/vazea/Desktop/NNW/transcripts_by_company/ENPRO_INC_2011Q4.txt,0.5146678569101063,0.21292290540962847,0.27240923768026526,True
HBAN,2004Q2,0.47,0.42,/Users/vazea/Desktop/NNW/transcripts_by_company/HUNTINGTON_BANCSHARES_INC_2004Q2.txt,0.2600428881121357,0.03783367485047581,0.7021234370373884,False
AER,2015Q4,6.19,6.28,/Users/vazea/Desktop/NNW/transcripts_by_company/AERCAP_HOLDINGS_NV_2015Q4.txt,0.130594261968944,0.12181666374535202,0.747589074285704,True
MYRX,2011Q2,-0.31,-0.45,/Users/vazea/Desktop/NNW/transcripts_by_company/MYREXIS_INC_2011Q2.txt,0.15438515019130344,0.07856439894513781,0.7670504508635588,False
SWKS,2021Q4,10.5,10.41,/Users/vazea/Desktop/NNW/transcripts_by_company/SKYWORKS_SOLUTIONS_INC_2021Q4.txt,0.22564014194029564,0.2179627057360382,0.5563971523236662,True
ARQL,2015Q4,-0.22,-0.23,/Users/vazea/Desktop/NNW/transcripts_by_company/ARQULE_INC_2015Q4.txt,0.0920650519698001,0.1372553735186216,0.7706795745115783,True
WEC,2010Q2,0.74,0.67,/Users/vazea/Desktop/NNW/transcripts_by_company/WISCONSIN_ENERGY_CORP_2010Q2.txt,0.0795785707039561,0.18974115056895738,0.7306802787270865,True
BYD,2014Q4,0.01,-0.06,/Users/vazea/Desktop/NNW/transcripts_by_company/BOYD_GAMING_CORP_2014Q4.txt,0.16771775565223587,0.08177475008107322,0.7505074942666908,False
FEIM,2011Q1,0.06,0.03,/Users/vazea/Desktop/NNW/transcripts_by_company/FREQUENCY_ELECTRS_INC_2011Q1.txt,0.5312924436384011,0.10686573620947279,0.36184182015212607,True
ALV,2010Q2,1.6,1.36,/Users/vazea/Desktop/NNW/transcripts_by_company/AUTOLIV_INC_2010Q2.txt,0.3077603283696108,0.08246164636502402,0.6097780252653651,False
ACEL,2022Q4,0.88,0.84,/Users/vazea/Desktop/NNW/transcripts_by_company/ACCEL_ENTERTAINMENT_INC_2022Q4.txt,0.08660438886238907,0.46965024145568046,0.44374536968193046,True
ITRI,2016Q3,0.77,0.59,/Users/vazea/Desktop/NNW/transcripts_by_company/ITRON_INC_2016Q3.txt,0.007715020205094017,0.10141159757126973,0.8908733822236362,True
INTZ,2022Q3,-0.15,-0.19,/Users/vazea/Desktop/NNW/transcripts_by_company/INTRUSION_INC_2022Q3.txt,0.07727273650492156,0.10923507469786625,0.8134921887972122,True
ITCI,2019Q2,-0.68,-0.81,/Users/vazea/Desktop/NNW/transcripts_by_company/INTRACELLULAR_THERAPIES_INC_2019Q2.txt,0.23934255371424468,0.37082536638518754,0.38983207990056784,True
CCL,2020Q2,-3.3,-1.75,/Users/vazea/Desktop/NNW/transcripts_by_company/CARNIVAL_CORP_2020Q2.txt,0.14784130272685453,0.22302478139419107,0.6291339158789544,True
CHKP,2023Q3,2.07,2.02,/Users/vazea/Desktop/NNW/transcripts_by_company/CHECK_POINT_SOFTWARE_TECHNOLOGIE_2023Q3.txt,0.324760591425761,0.25081548483561733,0.4244239237386217,True
BAM,2008Q1,0.31,0.24,/Users/vazea/Desktop/NNW/transcripts_by_company/BROOKFIELD_ASSET_MANAGEMENT_INC_2008Q1.txt,0.09681514677008528,0.12080503889997626,0.7823798143299384,True
ABTL,2005Q4,-0.15,-0.15,/Users/vazea/Desktop/NNW/transcripts_by_company/AUTOBYTEL_INC_2005Q4.txt,0.17196930103137775,0.2300352596180169,0.5979954393506053,True
ICD,2022Q4,-1.98,-5.6,/Users/vazea/Desktop/NNW/transcripts_by_company/INDEPENDENCE_CONTRACT_DRILLING_I_2022Q4.txt,0.3307412019522362,0.1343240858336378,0.5349347122141259,True
FLR,2019Q3,0.38,0.37,/Users/vazea/Desktop/NNW/transcripts_by_company/FLUOR_CORP_2019Q3.txt,0.09231231850774523,0.2308044962843285,0.6768831852079262,True
ONB,2019Q2,0.36,0.33,/Users/vazea/Desktop/NNW/transcripts_by_company/OLD_NATIONAL_BANCORP_2019Q2.txt,0.1150942681292515,0.2756637210188382,0.6092420108519103,True
MDR,2002Q1,-0.03,0.0,/Users/vazea/Desktop/NNW/transcripts_by_company/MCDERMOTT_INTERNATIONAL_INC_2002Q1.txt,0.17872868958023527,0.13778587405933326,0.6834854363604315,True
SYX,2016Q3,0.0,0.09,/Users/vazea/Desktop/NNW/transcripts_by_company/SYSTEMAX_INC_2016Q3.txt,0.23837456457761483,0.36799224683270987,0.3936331885896753,True
PLD,2003Q1,0.21,0.26,/Users/vazea/Desktop/NNW/transcripts_by_company/PROLOGIS_2003Q1.txt,0.17500251333209688,0.2540857800522007,0.5709117066157023,True
RLRN,2009Q3,0.18,0.09,/Users/vazea/Desktop/NNW/transcripts_by_company/RENAISSANCE_LEARNING_INC_2009Q3.txt,0.043780599809404776,0.16412422754245307,0.7920951726481422,True
IP,2005Q2,0.31,0.28,/Users/vazea/Desktop/NNW/transcripts_by_company/INTERNATIONAL_PAPER_CO_2005Q2.txt,0.09640915941317497,0.5359440158075058,0.3676468247793192,True
OSIS,2021Q3,1.38,1.31,/Users/vazea/Desktop/NNW/transcripts_by_company/OSI_SYSTEMS_INC_2021Q3.txt,0.15845099809375388,0.05478207785729387,0.7867669240489523,False
USB,2019Q4,4.34,4.34,/Users/vazea/Desktop/NNW/transcripts_by_company/US_BANCORP_2019Q4.txt,0.14331348418677117,0.09272881493170931,0.7639577008815195,False
CBK,2004Q4,1.02,1.02,/Users/vazea/Desktop/NNW/transcripts_by_company/CHRISTOPHER_BANKS_CORP_2004Q4.txt,0.3547125973957453,0.26051835081645586,0.3847690517877989,True
PDFS,2018Q4,0.09,0.07,/Users/vazea/Desktop/NNW/transcripts_by_company/PDF_SOLUTIONS_INC_2018Q4.txt,0.4219586996495394,0.19247609271894864,0.3855652076315119,True
STRA,2005Q2,0.85,0.83,/Users/vazea/Desktop/NNW/transcripts_by_company/STRAYER_EDUCATION_2005Q2.txt,0.3912092668000759,0.018416722097201906,0.5903740111027221,False
ALK,2022Q4,4.35,4.37,/Users/vazea/Desktop/NNW/transcripts_by_company/ALASKA_AIR_GROUP_INC_2022Q4.txt,0.08429059240365293,0.18314965355643087,0.7325597540399162,True
RGS,2015Q3,-0.07,-0.02,/Users/vazea/Desktop/NNW/transcripts_by_company/REGIS_CORP_2015Q3.txt,0.3571814502863179,0.28061012267629143,0.3622084270373906,True
SCL,2015Q3,0.92,0.81,/Users/vazea/Desktop/NNW/transcripts_by_company/STEPAN_CO_2015Q3.txt,0.1881965739126028,0.16635896435599154,0.6454444617314057,True
UNT,2015Q1,0.08,-0.15,/Users/vazea/Desktop/NNW/transcripts_by_company/UNIT_CORPORATION_2015Q1.txt,0.1217813847391683,0.363544145958298,0.5146744693025337,True
DLTR,2018Q1,0.98,0.98,/Users/vazea/Desktop/NNW/transcripts_by_company/DOLLAR_TREE_INC_2018Q1.txt,0.18907183657049964,0.11286640862298229,0.6980617548065181,True
CG,2015Q1,0.8,0.7,/Users/vazea/Desktop/NNW/transcripts_by_company/CARLYLE_GROUP_LP_2015Q1.txt,0.19960010328449707,0.40918141798354785,0.3912184787319551,True
OIG,2022Q3,-0.32,-0.07,/Users/vazea/Desktop/NNW/transcripts_by_company/ORBITAL_INFRASTRUCTURE_GROUP_INC_2022Q3.txt,0.425318535262341,0.14642147186712615,0.42825999287053285,True
PMC,2016Q1,0.45,0.43,/Users/vazea/Desktop/NNW/transcripts_by_company/PHARMERICA_CORP_2016Q1.txt,0.29345715388018573,0.27083554719151026,0.43570729892830395,True
MMM,2004Q2,0.97,0.96,/Users/vazea/Desktop/NNW/transcripts_by_company/3M_CO_2004Q2.txt,0.01701002860601413,0.12899935532711415,0.8539906160668718,True
FWRG,2023Q2,0.13,0.07,/Users/vazea/Desktop/NNW/transcripts_by_company/FIRST_WATCH_RESTAURANT_GROUP_INC_2023Q2.txt,0.4440469533792531,0.5462473096685666,0.01,True
IMMR,2008Q3,-1.1,-0.12,/Users/vazea/Desktop/NNW/transcripts_by_company/IMMERSION_CORP_2008Q3.txt,0.026049975125530794,0.11832063790065743,0.8556293869738119,True
AMG,2019Q4,14.22,14.04,/Users/vazea/Desktop/NNW/transcripts_by_company/AFFILIATED_MANAGERS_GROUP_INC_2019Q4.txt,0.262779001839883,0.33502095390999115,0.40220004425012584,True
INTC,2002Q3,0.11,0.13,/Users/vazea/Desktop/NNW/transcripts_by_company/INTEL_CORP_2002Q3.txt,0.32775100693241,0.1770155949639776,0.49523339810361244,True
RDNT,2014Q3,0.1,0.06,/Users/vazea/Desktop/NNW/transcripts_by_company/RADNET_INC_2014Q3.txt,0.29281711004908695,0.510554248179297,0.1966286417716161,True
MTRN,2022Q3,1.19,1.34,/Users/vazea/Desktop/NNW/transcripts_by_company/MATERION_CORP_2022Q3.txt,0.05920505513219491,0.09745055741798178,0.8433443874498233,False
CNX,2017Q1,0.17,0.09,/Users/vazea/Desktop/NNW/transcripts_by_company/CONSOL_ENERGY_INC_2017Q1.txt,0.3367691611268698,0.2616333316552749,0.40159750721785537,True
RYAN,2023Q3,0.32,0.31,/Users/vazea/Desktop/NNW/transcripts_by_company/RYAN_SPECIALTY_HOLDINGS_INC_2023Q3.txt,0.2607090294345764,0.47037354307080154,0.26891742749462205,True
VAR,2010Q1,0.63,0.56,/Users/vazea/Desktop/NNW/transcripts_by_company/VARIAN_MEDICAL_SYSTEMS_INC_2010Q1.txt,0.1168700425747465,0.19174890577982115,0.6913810516454323,True
IAG,2010Q3,0.13,0.2,/Users/vazea/Desktop/NNW/transcripts_by_company/IAMGOLD_CORP_2010Q3.txt,0.09645451531089726,0.2028947525324158,0.700650732156687,True
OSUR,2016Q3,0.11,0.07,/Users/vazea/Desktop/NNW/transcripts_by_company/ORASURE_TECHNOLOGIES_INC_2016Q3.txt,0.21090810525528628,0.15848757180934994,0.6306043229353638,True
KOR,2006Q4,-0.09,0.78,/Users/vazea/Desktop/NNW/transcripts_by_company/KOOR_INDUSTRIES_LTD_2006Q4.txt,0.20112366440334944,0.021474151629661504,0.7774021839669891,False
APOG,2020Q4,2.38,2.22,/Users/vazea/Desktop/NNW/transcripts_by_company/APOGEE_ENTERPRISES_INC_2020Q4.txt,0.044783892054795424,0.05988228579353479,0.8953338221516698,False
RAS,2014Q4,-1.32,-0.69,/Users/vazea/Desktop/NNW/transcripts_by_company/RAIT_FINANCIAL_TRUST_2014Q4.txt,0.2932664501505346,0.2920824963774028,0.41465105347206255,True
RCNI,2007Q1,-0.13,-0.58,/Users/vazea/Desktop/NNW/transcripts_by_company/RCN_CORP_2007Q1.txt,0.3161463724988932,0.1385152459522873,0.5453383815488195,True
HITT,2008Q2,0.43,0.43,/Users/vazea/Desktop/NNW/transcripts_by_company/HITTITE_MICROWAVE_CORP_2008Q2.txt,0.048080146034012256,0.10697734033613279,0.844942513629855,True
TSLA,2022Q4,4.07,4.02,/Users/vazea/Desktop/NNW/transcripts_by_company/TESLA_INC_2022Q4.txt,0.28547673465645823,0.6639625967812258,0.050560668562316,True
SHEN,2015Q3,0.33,0.41,/Users/vazea/Desktop/NNW/transcripts_by_company/SHENANDOAH_TELECOMMUNICATIONS_CO_2015Q3.txt,0.3137110722729484,0.0793509787568556,0.606937948970196,False
ETFC,2018Q4,3.88,3.84,/Users/vazea/Desktop/NNW/transcripts_by_company/ETRADE_FINANCIAL_CORP_2018Q4.txt,0.1282666804986843,0.13780014498153925,0.7339331745197765,True
TIG,2021Q4,0.43,0.49,/Users/vazea/Desktop/NNW/transcripts_by_company/TREAN_INSURANCE_GROUP_INC_2021Q4.txt,0.4951434837702738,0.01587122154950556,0.48898529468022073,False
CSCD,2008Q3,-0.1,-0.09,/Users/vazea/Desktop/NNW/transcripts_by_company/CASCADE_MICROTECH_INC_2008Q3.txt,0.11890338961540114,0.06922670310904783,0.8118699072755511,False
PIR,2009Q1,-0.37,-0.15,/Users/vazea/Desktop/NNW/transcripts_by_company/PIER_1_IMPORTS_2009Q1.txt,0.12124145274486645,0.2199850260508182,0.6587735212043153,True
FI,2019Q1,-0.13,-0.07,/Users/vazea/Desktop/NNW/transcripts_by_company/FRANKS_INTERNATIONAL_NV_2019Q1.txt,0.10115098827441722,0.17761189986908069,0.7212371118565021,True
HSIC,2002Q3,0.87,0.72,/Users/vazea/Desktop/NNW/transcripts_by_company/HENRY_SCHEIN_INC_2002Q3.txt,0.4487261764436858,0.24548951347773498,0.3057843100785792,True
SFNC,2019Q4,2.41,2.49,/Users/vazea/Desktop/NNW/transcripts_by_company/SIMMONS_FIRST_NATIONAL_CORP_2019Q4.txt,0.17830219551261065,0.4175066420710785,0.40419116241631087,True
GLDD,2021Q4,0.75,0.68,/Users/vazea/Desktop/NNW/transcripts_by_company/GREAT_LAKES_DREDGE_DOCK_CORP_2021Q4.txt,0.15382433264489667,0.14456997549688747,0.7016056918582159,True
NTRS,2020Q1,1.55,1.43,/Users/vazea/Desktop/NNW/transcripts_by_company/NORTHERN_TRUST_CORP_2020Q1.txt,0.08546924211377797,0.07161666225554436,0.8429140956306778,False
BCO,2017Q3,0.83,0.77,/Users/vazea/Desktop/NNW/transcripts_by_company/BRINKS_CO_2017Q3.txt,0.3731528627554784,0.20428570825818695,0.42256142898633475,True
NURO,2017Q1,-0.91,-0.49,/Users/vazea/Desktop/NNW/transcripts_by_company/NEUROMETRIX_INC_2017Q1.txt,0.09907354082370291,0.201639685830522,0.699286773345775,True
MBWM,2010Q2,-0.08,-0.36,/Users/vazea/Desktop/NNW/transcripts_by_company/MERCANTILE_BANK_CORP_2010Q2.txt,0.11080266101829321,0.23054705750883184,0.658650281472875,True
ETH,2020Q4,0.52,0.13,/Users/vazea/Desktop/NNW/transcripts_by_company/ETHAN_ALLEN_INTERIORS_INC_2020Q4.txt,0.027763016876296023,0.5683503197081856,0.4038866634155184,True
WEX,2013Q4,4.45,4.42,/Users/vazea/Desktop/NNW/transcripts_by_company/WEX_INC_2013Q4.txt,0.1309548233217963,0.5173891976299365,0.3516559790482672,True
MDC,2015Q4,1.34,1.41,/Users/vazea/Desktop/NNW/transcripts_by_company/MDC_HOLDINGS_INC_2015Q4.txt,0.054831029509159496,0.16200533924185,0.7831636312489905,True
FALC,2010Q3,-0.58,-0.05,/Users/vazea/Desktop/NNW/transcripts_by_company/FALCONSTOR_SOFTWARE_INC_2010Q3.txt,0.153627432831663,0.13438984087558062,0.7119827262927564,True
DXCM,2019Q2,0.08,0.03,/Users/vazea/Desktop/NNW/transcripts_by_company/DEXCOM_INC_2019Q2.txt,0.29116364863310573,0.1003035653752063,0.608532785991688,True
IHRT,2021Q3,0.02,0.11,/Users/vazea/Desktop/NNW/transcripts_by_company/IHEARTMEDIA_INC_2021Q3.txt,0.12708393322007883,0.29689590695497614,0.576020159824945,True
IBKR,2011Q4,1.34,1.25,/Users/vazea/Desktop/NNW/transcripts_by_company/INTERACTIVE_BROKERS_GROUP_INC_2011Q4.txt,0.1257867189227566,0.09810499619284048,0.7761082848844029,False
PLCE,2016Q2,-0.33,-0.33,/Users/vazea/Desktop/NNW/transcripts_by_company/CHILDRENS_PLACE_INC_2016Q2.txt,0.07553344740549299,0.30693753446679295,0.6175290181277141,True
ABG,2007Q1,0.45,0.43,/Users/vazea/Desktop/NNW/transcripts_by_company/ASBURY_AUTOMOTIVE_GROUP_INC_2007Q1.txt,0.42791718377051885,0.2082320944981026,0.3638507217313785,True
HOV,2014Q3,0.11,0.09,/Users/vazea/Desktop/NNW/transcripts_by_company/HOVNANIAN_ENTERPRISES_INC_2014Q3.txt,0.4023589481002752,0.13611499957121162,0.4615260523285132,True
SLGN,2005Q2,1.18,1.03,/Users/vazea/Desktop/NNW/transcripts_by_company/SILGAN_HOLDINGS_INC_2005Q2.txt,0.2813691182701953,0.192253932597397,0.5263769491324077,True
OGI,2022Q2,-0.012,-0.03,/Users/vazea/Desktop/NNW/transcripts_by_company/ORGANIGRAM_HOLDINGS_INC_2022Q2.txt,0.2552807244862687,0.18380853080746784,0.5609107447062635,True
CYBS,2008Q3,0.16,0.15,/Users/vazea/Desktop/NNW/transcripts_by_company/CYBERSOURCE_CORP_2008Q3.txt,0.07611677337369946,0.1306805614235844,0.7932026652027161,True
SCHL,2014Q3,-0.68,-0.35,/Users/vazea/Desktop/NNW/transcripts_by_company/SCHOLASTIC_CORP_2014Q3.txt,0.25327752120342095,0.10793320615475974,0.6387892726418193,True
SABA,2003Q2,-0.11,-0.1,/Users/vazea/Desktop/NNW/transcripts_by_company/SABA_SOFTWARE_INC_2003Q2.txt,0.20298657463703756,0.2895153793139089,0.5074980460490535,True
LSPD,2024Q1,-0.01,-0.03,/Users/vazea/Desktop/NNW/transcripts_by_company/LIGHTSPEED_COMMERCE_INC_2024Q1.txt,0.2717055298093432,0.15231492761107696,0.57597954257958,True
LRN,2016Q4,0.35,0.39,/Users/vazea/Desktop/NNW/transcripts_by_company/K12_INC_2016Q4.txt,0.022633520024482164,0.12948366377447834,0.8478828162010394,True
ACO,2011Q2,0.43,0.57,/Users/vazea/Desktop/NNW/transcripts_by_company/AMCOL_INTERNATIONAL_CORPORATION_2011Q2.txt,0.11215108120623132,0.1324425757262026,0.7554063430675662,True
USB,2021Q3,1.3,1.13,/Users/vazea/Desktop/NNW/transcripts_by_company/US_BANCORP_2021Q3.txt,0.06297068441766204,0.20589852345546142,0.7311307921268765,True
SPNE,2022Q1,-0.45,-0.34,/Users/vazea/Desktop/NNW/transcripts_by_company/SEASPINE_HOLDINGS_CORP_2022Q1.txt,0.11466664105468065,0.3170005536986352,0.5683328052466842,True
FC,2023Q2,0.12,0.14,/Users/vazea/Desktop/NNW/transcripts_by_company/FRANKLIN_COVEY_CO_2023Q2.txt,0.1382232517177486,0.1290351904711119,0.7327415578111395,True
BBNK,2012Q2,0.22,0.19,/Users/vazea/Desktop/NNW/transcripts_by_company/BRIDGE_CAPITAL_HOLDINGS_2012Q2.txt,0.1944897701173501,0.19080301820949844,0.6147072116731515,True
ABT,2020Q2,0.57,0.42,/Users/vazea/Desktop/NNW/transcripts_by_company/ABBOTT_LABORATORIES_2020Q2.txt,0.24693689985707695,0.362532468671016,0.3905306314719071,True
IMXI,2021Q4,1.2,1.14,/Users/vazea/Desktop/NNW/transcripts_by_company/INTERNATIONAL_MONEY_EXPRESS_INC_2021Q4.txt,0.369634617944269,0.1765373236296472,0.4538280584260838,True
CMG,2022Q2,9.3,9.09,/Users/vazea/Desktop/NNW/transcripts_by_company/CHIPOTLE_MEXICAN_GRILL_INC_2022Q2.txt,0.10085809062316385,0.10588914790572412,0.793252761471112,True
CRTO,2022Q3,0.53,0.48,/Users/vazea/Desktop/NNW/transcripts_by_company/CRITEO_SA_2022Q3.txt,0.2991349619823779,0.16916468451301445,0.5317003535046076,True
PPL,2015Q4,2.21,2.2,/Users/vazea/Desktop/NNW/transcripts_by_company/PPL_CORP_2015Q4.txt,0.20553912244378764,0.2665302203272125,0.5279306572289998,True
TECD,2016Q4,5.77,5.58,/Users/vazea/Desktop/NNW/transcripts_by_company/TECH_DATA_CORP_2016Q4.txt,0.02854551650004013,0.12240579371339826,0.8490486897865617,True
TIF,2013Q1,0.64,0.69,/Users/vazea/Desktop/NNW/transcripts_by_company/TIFFANY_CO_2013Q1.txt,0.17613593568400002,0.15324508384476243,0.6706189804712376,True
HES,2020Q1,-0.6,-0.52,/Users/vazea/Desktop/NNW/transcripts_by_company/HESS_CORP_2020Q1.txt,0.3926764770071244,0.3276769321771438,0.27964659081573184,True
SEAC,2011Q2,0.1,0.13,/Users/vazea/Desktop/NNW/transcripts_by_company/SEACHANGE_INTERNATIONAL_INC_2011Q2.txt,0.34902362819891086,0.24956907115957733,0.4014073006415118,True
VZ,2007Q3,0.63,0.62,/Users/vazea/Desktop/NNW/transcripts_by_company/VERIZON_COMMUNICATIONS_INC_2007Q3.txt,0.1462534348604173,0.027146131710919973,0.8266004334286627,False
IIIN,2014Q1,0.15,0.1,/Users/vazea/Desktop/NNW/transcripts_by_company/INSTEEL_INDUSTRIES_INC_2014Q1.txt,0.181974816499668,0.2688374239395228,0.5491877595608092,True
KEY,2008Q1,0.54,0.35,/Users/vazea/Desktop/NNW/transcripts_by_company/KEYCORP_2008Q1.txt,0.2824472397273719,0.10815180305596778,0.6094009572166603,True
SUNW,2022Q4,-0.86,-0.77,/Users/vazea/Desktop/NNW/transcripts_by_company/SUNWORKS_INC_2022Q4.txt,0.2814723895888317,0.1027542325896285,0.6157733778215398,True
LMNR,2018Q2,0.44,0.44,/Users/vazea/Desktop/NNW/transcripts_by_company/LIMONEIRA_CO_2018Q2.txt,0.21081104878354637,0.1865244966527916,0.602664454563662,True
RDC,2017Q4,-0.63,-0.62,/Users/vazea/Desktop/NNW/transcripts_by_company/ROWAN_COMPANIES_PLC_2017Q4.txt,0.128050710041352,0.24407040713644781,0.6278788828222003,True
PAG,2019Q4,5.28,5.25,/Users/vazea/Desktop/NNW/transcripts_by_company/PENSKE_AUTOMOTIVE_GROUP_INC_2019Q4.txt,0.33554973658628345,0.5040942761313744,0.16035598728234224,True
DISH,2018Q2,0.83,0.71,/Users/vazea/Desktop/NNW/transcripts_by_company/DISH_NETWORK_CORP_2018Q2.txt,0.11884289917779764,0.07652017219133862,0.8046369286308637,False
UTEK,2007Q3,-0.04,0.0,/Users/vazea/Desktop/NNW/transcripts_by_company/ULTRATECH_INCORPORATED_2007Q3.txt,0.29792688731789496,0.2189417718106513,0.4831313408714537,True
CDRE,2022Q3,0.13,0.22,/Users/vazea/Desktop/NNW/transcripts_by_company/CADRE_HOLDINGS_INC_2022Q3.txt,0.06722567117772556,0.28857130602320785,0.6442030227990665,True
ACS,2008Q1,0.77,0.84,/Users/vazea/Desktop/NNW/transcripts_by_company/AFFILIATED_COMPUTER_SERVICES_2008Q1.txt,0.28944597472458083,0.17127370496060754,0.5392803203148117,True
PHM,2023Q2,3.0,2.49,/Users/vazea/Desktop/NNW/transcripts_by_company/PULTEGROUP_INC_2023Q2.txt,0.0612152605325812,0.42407770972020775,0.514707029747211,True
NPO,2009Q2,0.47,0.28,/Users/vazea/Desktop/NNW/transcripts_by_company/ENPRO_INC_2009Q2.txt,0.30342082400142206,0.4284873839373077,0.2680917920612703,True
AVT,2009Q3,0.3,0.3,/Users/vazea/Desktop/NNW/transcripts_by_company/AVNET_INC_2009Q3.txt,0.3585921736346926,0.23164818343089955,0.4097596429344078,True
MINI,2013Q4,1.08,1.12,/Users/vazea/Desktop/NNW/transcripts_by_company/MOBILE_MINI_INC_2013Q4.txt,0.1849877955676212,0.06159762752330091,0.7534145769090779,False
COOL,2007Q3,-0.07,-0.05,/Users/vazea/Desktop/NNW/transcripts_by_company/MAJESCO_ENTERTAINMENT_COMPANY_2007Q3.txt,0.2694035884006327,0.059627813867384374,0.6709685977319829,False
RIC,2017Q1,0.08,0.05,/Users/vazea/Desktop/NNW/transcripts_by_company/RICHMONT_MINES_INC_2017Q1.txt,0.32771986337299075,0.21927822138592415,0.45300191524108513,True
SBNY,2016Q4,7.37,7.37,/Users/vazea/Desktop/NNW/transcripts_by_company/SIGNATURE_BANK_2016Q4.txt,0.36831172410260987,0.2035244917247598,0.42816378417263024,True
OSW,2020Q2,-0.37,-0.2,/Users/vazea/Desktop/NNW/transcripts_by_company/ONESPAWORLD_HOLDINGS_LTD_2020Q2.txt,0.10185093328553192,0.3682710819035024,0.5298779848109656,True
LB,2007Q4,0.71,0.7,/Users/vazea/Desktop/NNW/transcripts_by_company/LABARGE_INC_2007Q4.txt,0.1462422103715718,0.2080536435334651,0.6457041460949631,True
CAT,2017Q4,6.88,6.47,/Users/vazea/Desktop/NNW/transcripts_by_company/CATERPILLAR_INC_2017Q4.txt,0.4124299439503648,0.16798916751900464,0.4195808885306306,True
MNR,2021Q1,0.26,0.07,/Users/vazea/Desktop/NNW/transcripts_by_company/MONMOUTH_REAL_ESTATE_INVESTMENT_2021Q1.txt,0.19329464625166656,0.22184321283519276,0.5848621409131407,True
INTZ,2023Q2,-0.15,-0.13,/Users/vazea/Desktop/NNW/transcripts_by_company/INTRUSION_INC_2023Q2.txt,0.25640755306731705,0.16255306294469662,0.5810393839879863,True
SODA,2013Q3,0.76,0.71,/Users/vazea/Desktop/NNW/transcripts_by_company/SODASTREAM_INTERNATIONAL_LTD_2013Q3.txt,0.12401667447897044,0.12805879029259637,0.7479245352284332,True
MKTX,2017Q1,1.11,0.95,/Users/vazea/Desktop/NNW/transcripts_by_company/MARKETAXESS_HOLDINGS_INC_2017Q1.txt,0.34337506959890435,0.46594158685834525,0.19068334354275035,True
ICXT,2009Q3,-0.11,-0.07,/Users/vazea/Desktop/NNW/transcripts_by_company/ICX_TECHNOLOGIES_INC_2009Q3.txt,0.14399300761382375,0.24526152688963512,0.6107454654965412,True
GMDA,2022Q4,-1.24,-1.19,/Users/vazea/Desktop/NNW/transcripts_by_company/GAMIDA_CELL_LTD_2022Q4.txt,0.03395381921397026,0.06630384845492612,0.8997423323311037,False
INSP,2023Q2,-0.41,-0.51,/Users/vazea/Desktop/NNW/transcripts_by_company/INSPIRE_MEDICAL_SYSTEMS_INC_2023Q2.txt,0.5221867582219226,0.18086002735575346,0.2969532144223239,True
INMD,2007Q2,0.1,0.09,/Users/vazea/Desktop/NNW/transcripts_by_company/INTEGRAMED_AMERICA_INC_2007Q2.txt,0.1604150211739585,0.3402726159393693,0.49931236288667213,True
SPWH,2019Q4,0.6,0.61,/Users/vazea/Desktop/NNW/transcripts_by_company/SPORTSMANS_WAREHOUSE_HOLDINGS_IN_2019Q4.txt,0.20782989602307833,0.22933168574392535,0.5628384182329963,True
ASAN,2022Q2,-0.23,-0.26,/Users/vazea/Desktop/NNW/transcripts_by_company/ASANA_INC_2022Q2.txt,0.027957924779465893,0.11604648089999721,0.8559955943205368,True
SMP,2011Q3,0.59,0.48,/Users/vazea/Desktop/NNW/transcripts_by_company/STANDARD_MOTOR_PRODUCTS_INC_2011Q3.txt,0.13673171504009987,0.46548573977920726,0.3977825451806929,True
OBLG,2020Q4,-1.06,-1.97,/Users/vazea/Desktop/NNW/transcripts_by_company/OBLONG_INC_2020Q4.txt,0.05004362679108323,0.25747983109288164,0.6924765421160352,True
AOS,2011Q4,2.11,2.07,/Users/vazea/Desktop/NNW/transcripts_by_company/A_O_SMITH_CORP_2011Q4.txt,0.18196226830544204,0.08735890303125322,0.7306788286633047,False
BEN,2014Q3,0.92,0.96,/Users/vazea/Desktop/NNW/transcripts_by_company/FRANKLIN_RESOURCES_INC_2014Q3.txt,0.29769889914212966,0.06546293201114625,0.6368381688467241,False
TRUE,2020Q4,0.19,0.17,/Users/vazea/Desktop/NNW/transcripts_by_company/TRUECAR_INC_2020Q4.txt,0.17234001241679275,0.11049854949591359,0.7171614380872937,True
SCCO,2012Q2,0.66,0.6,/Users/vazea/Desktop/NNW/transcripts_by_company/SOUTHERN_COPPER_CORP_2012Q2.txt,0.2591603553810131,0.02403617268858624,0.7168034719304006,False
RL,2010Q2,1.75,1.29,/Users/vazea/Desktop/NNW/transcripts_by_company/POLO_RALPH_LAUREN_CORP_2010Q2.txt,0.17827078947192543,0.41193212432799414,0.40979708620008043,True
ZRAN,2010Q1,-0.03,-0.03,/Users/vazea/Desktop/NNW/transcripts_by_company/ZORAN_CORPORATION_2010Q1.txt,0.27813707975162993,0.1667749010176374,0.5550880192307327,True
CRIS,2008Q1,-0.05,-0.13,/Users/vazea/Desktop/NNW/transcripts_by_company/CURIS_INCORPORATED_2008Q1.txt,0.34535617721979345,0.07410428054378966,0.5805395422364168,False
CRBG,2022Q4,2.87,2.68,/Users/vazea/Desktop/NNW/transcripts_by_company/COREBRIDGE_FINANCIAL_INC_2022Q4.txt,0.03411330160339582,0.17065100507794542,0.7952356933186587,True
FGEN,2018Q2,-0.28,-0.58,/Users/vazea/Desktop/NNW/transcripts_by_company/FIBROGEN_INC_2018Q2.txt,0.1631006612446795,0.05188146426543729,0.7850178744898832,False
INCY,2016Q4,0.54,0.61,/Users/vazea/Desktop/NNW/transcripts_by_company/INCYTE_CORP_2016Q4.txt,0.13878761569199669,0.3405893172975218,0.5206230670104814,True
OCLR,2015Q4,-0.38,-0.41,/Users/vazea/Desktop/NNW/transcripts_by_company/OCLARO_INC_2015Q4.txt,0.19026395084940423,0.25469490171064735,0.5550411474399485,True
KN,2019Q1,0.13,0.11,/Users/vazea/Desktop/NNW/transcripts_by_company/KNOWLES_CORP_2019Q1.txt,0.09173229977441513,0.29233064415400334,0.6159370560715816,True
PLCE,2023Q2,-0.89,0.74,/Users/vazea/Desktop/NNW/transcripts_by_company/CHILDRENS_PLACE_INC_2023Q2.txt,0.215872459242876,0.18195277955326353,0.6021747612038605,True
AMRS,2016Q3,-0.08,-0.07,/Users/vazea/Desktop/NNW/transcripts_by_company/AMYRIS_INC_2016Q3.txt,0.12071824104230759,0.22559388401446093,0.6536878749432316,True
BKU,2022Q1,0.79,0.82,/Users/vazea/Desktop/NNW/transcripts_by_company/BANKUNITED_INC_2022Q1.txt,0.19233820114979958,0.15278834397282326,0.6548734548773771,True
ENB,2022Q2,0.67,0.71,/Users/vazea/Desktop/NNW/transcripts_by_company/ENBRIDGE_INC_2022Q2.txt,0.18358476192738787,0.23640068624489619,0.580014551827716,True
WWD,2013Q1,0.39,0.47,/Users/vazea/Desktop/NNW/transcripts_by_company/WOODWARD_INC_2013Q1.txt,0.07606858151090369,0.277240607355301,0.6466908111337953,True
SHOO,2007Q4,1.58,1.51,/Users/vazea/Desktop/NNW/transcripts_by_company/STEVEN_MADDEN_LTD_2007Q4.txt,0.13784013118404906,0.2021931829959507,0.6599666858200003,True
DRRX,2003Q3,-0.13,-0.14,/Users/vazea/Desktop/NNW/transcripts_by_company/DURECT_CORP_2003Q3.txt,0.2824741070025078,0.39995001617404874,0.3175758768234434,True
ERII,2011Q4,-0.5,-0.38,/Users/vazea/Desktop/NNW/transcripts_by_company/ENERGY_RECOVERY_INC_2011Q4.txt,0.1269332997128785,0.3258039002400458,0.5472628000470757,True
