ticker,period,eps_actual,eps_forecast,transcript_path,cosine_prepared,cosine_qa,nnw_final,has_qa_section
IIIN,2013Q2,0.2,0.12,/Users/vazea/Desktop/NNW/transcripts_by_company/INSTEEL_INDUSTRIES_INC_2013Q2.txt,0.21875277161598206,0.2709161937236786,0.765598201751709,True
MOV,2017Q1,0.19,0.18,/Users/vazea/Desktop/NNW/transcripts_by_company/MOVADO_GROUP_INC_2017Q1.txt,0.1635681688785553,0.38091132044792175,0.7712288856506347,True
PII,2015Q2,1.49,1.57,/Users/vazea/Desktop/NNW/transcripts_by_company/POLARIS_INC_2015Q2.txt,0.1108734980225563,0.28404614329338074,0.8371747083961963,True
CUTR,2019Q2,0.31,-0.04,/Users/vazea/Desktop/NNW/transcripts_by_company/CUTERA_INC_2019Q2.txt,0.16579890251159668,0.20452959835529327,0.8225818887352944,True
SLB,2005Q3,0.86,0.86,/Users/vazea/Desktop/NNW/transcripts_by_company/SCHLUMBERGER_NV_2005Q3.txt,0.1429453045129776,-0.038995277136564255,0.911636869981885,True
STX,2006Q2,0.57,0.52,/Users/vazea/Desktop/NNW/transcripts_by_company/SEAGATE_TECHNOLOGY_2006Q2.txt,0.1966838240623474,0.2561351954936981,0.7854807645082473,True
TLND,2018Q2,-0.12,-0.12,/Users/vazea/Desktop/NNW/transcripts_by_company/TALEND_SA_2018Q2.txt,0.2908918857574463,0.254229336977005,0.7201068788766861,True
TPR,2021Q3,0.51,0.3,/Users/vazea/Desktop/NNW/transcripts_by_company/TAPESTRY_INC_2021Q3.txt,0.2759333848953247,0.3099466562271118,0.7138626337051392,True
ZION,2019Q2,0.99,1.11,/Users/vazea/Desktop/NNW/transcripts_by_company/ZIONS_BANCORPORATION_NA_2019Q2.txt,0.16344156861305237,0.17538103461265564,0.8329765915870666,True
NWL,2007Q4,0.47,1.8,/Users/vazea/Desktop/NNW/transcripts_by_company/NEWELL_BRANDS_INC_2007Q4.txt,0.1783452183008194,0.3611226975917816,0.7668215379118919,True
MPAA,2010Q3,0.18,0.17,/Users/vazea/Desktop/NNW/transcripts_by_company/MOTORCAR_PARTS_OF_AMERICA_INC_2010Q3.txt,0.15976528823375702,0.20974363386631012,0.825241208076477,True
PROJ,2009Q3,0.15,0.12,/Users/vazea/Desktop/NNW/transcripts_by_company/DELTEK_INC_2009Q3.txt,0.15567179024219513,0.40138745307922363,0.7706135109066963,True
ARRY,2014Q4,-0.22,-0.7,/Users/vazea/Desktop/NNW/transcripts_by_company/ARRAY_BIOPHARMA_INC_2014Q4.txt,0.23340503871440887,0.17869405448436737,0.7830082565546036,True
SODA,2018Q2,1.14,0.73,/Users/vazea/Desktop/NNW/transcripts_by_company/SODASTREAM_INTERNATIONAL_LTD_2018Q2.txt,0.18843528628349304,0.25526055693626404,0.7915171325206757,True
SMLR,2021Q3,0.51,0.65,/Users/vazea/Desktop/NNW/transcripts_by_company/SEMLER_SCIENTIFIC_INC_2021Q3.txt,0.22273239493370056,-0.03830685466527939,0.8555793799459934,True
TSCO,2016Q3,0.67,0.66,/Users/vazea/Desktop/NNW/transcripts_by_company/TRACTOR_SUPPLY_CO_2016Q3.txt,0.11910630762577057,0.16066356003284454,0.8684265166521072,True
GNC,2015Q3,0.76,0.83,/Users/vazea/Desktop/NNW/transcripts_by_company/GNC_HOLDINGS_INC_2015Q3.txt,0.18682174384593964,0.34535565972328186,0.7656180813908577,True
MDXG,2015Q4,0.11,0.2,/Users/vazea/Desktop/NNW/transcripts_by_company/MIMEDX_GROUP_INC_2015Q4.txt,0.21389570832252502,0.2593076825141907,0.7724806994199753,True
RGC,2007Q3,0.36,0.29,/Users/vazea/Desktop/NNW/transcripts_by_company/REGAL_ENTERTAINMENT_GROUP_2007Q3.txt,0.3383445143699646,0.14274556934833527,0.7203351691365243,True
VLY,2013Q1,0.15,0.18,/Users/vazea/Desktop/NNW/transcripts_by_company/VALLEY_NATIONAL_BANCORP_2013Q1.txt,0.1934880018234253,0.300746887922287,0.7743343323469162,True
BABA,2015Q3,0.81,0.76,/Users/vazea/Desktop/NNW/transcripts_by_company/ALIBABA_GROUP_HOLDING_LTD_2015Q3.txt,0.07577457278966904,0.39275801181793213,0.8291303955018521,True
ESPR,2022Q4,-0.76,-3.62,/Users/vazea/Desktop/NNW/transcripts_by_company/ESPERION_THERAPEUTICS_INC_2022Q4.txt,0.16039177775382996,0.17590323090553284,0.8349547863006592,True
WLH,2015Q3,0.31,0.36,/Users/vazea/Desktop/NNW/transcripts_by_company/WILLIAM_LYON_HOMES_2015Q3.txt,0.17584028840065002,0.1538110077381134,0.830768495798111,True
DOW,2023Q1,0.58,0.36,/Users/vazea/Desktop/NNW/transcripts_by_company/DOW_INC_2023Q1.txt,0.14661304652690887,0.21856176853179932,0.831802336871624,True
SXC,2019Q2,0.03,0.11,/Users/vazea/Desktop/NNW/transcripts_by_company/SUNCOKE_ENERGY_INC_2019Q2.txt,0.17182016372680664,0.3341173827648163,0.7794906705617906,True
LPX,2010Q1,-0.17,-0.15,/Users/vazea/Desktop/NNW/transcripts_by_company/LOUISIANAPACIFIC_CORP_2010Q1.txt,0.2044527530670166,0.15596485137939453,0.8100936174392701,True
FAST,2018Q2,0.59,0.67,/Users/vazea/Desktop/NNW/transcripts_by_company/FASTENAL_CO_2018Q2.txt,0.1946273148059845,0.28917157649993896,0.7770094066858292,True
MPC,2018Q1,0.04,0.66,/Users/vazea/Desktop/NNW/transcripts_by_company/MARATHON_PETROLEUM_CORP_2018Q1.txt,0.27267947793006897,0.21652433276176453,0.7441670656204223,True
MUR,2022Q3,1.84,1.56,/Users/vazea/Desktop/NNW/transcripts_by_company/MURPHY_OIL_CORP_2022Q3.txt,0.09072857350111008,0.2636585235595703,0.8573924414813519,True
SAIA,2010Q2,0.12,0.1,/Users/vazea/Desktop/NNW/transcripts_by_company/SAIA_INC_2010Q2.txt,0.309802383184433,0.32714715600013733,0.6849941849708557,True
MNTA,2013Q1,-0.48,-0.42,/Users/vazea/Desktop/NNW/transcripts_by_company/MOMENTA_PHARMACEUTICALS_INC_2013Q1.txt,0.1117902472615242,0.01501717884093523,0.9172416732646524,True
ADP,2005Q3,0.57,0.57,/Users/vazea/Desktop/NNW/transcripts_by_company/AUTOMATIC_DATA_PROCESSING_INC_2005Q3.txt,0.327827513217926,0.35968053340911865,0.6626165807247162,True
PWER,2010Q3,0.4,0.23,/Users/vazea/Desktop/NNW/transcripts_by_company/POWERONE_INC_2010Q3.txt,0.1068720892071724,0.21433480083942413,0.8608890973031521,True
ARCL,2010Q4,0.08,0.23,/Users/vazea/Desktop/NNW/transcripts_by_company/ARCHIPELAGO_LEARNING_INC_2010Q4.txt,0.1253979504108429,0.1789115071296692,0.8585479825735092,True
MTH,2014Q4,1.19,3.28,/Users/vazea/Desktop/NNW/transcripts_by_company/MERITAGE_HOMES_CORP_2014Q4.txt,0.1018252968788147,0.1244926005601883,0.8913745120167732,True
ZS,2019Q2,0.09,-0.01,/Users/vazea/Desktop/NNW/transcripts_by_company/ZSCALER_INC_2019Q2.txt,0.234524667263031,0.2837330400943756,0.7507128208875656,True
AMR,2023Q1,17.01,14.13,/Users/vazea/Desktop/NNW/transcripts_by_company/ALPHA_METALLURGICAL_RESOURCES_IN_2023Q1.txt,0.2041894644498825,0.3466211259365082,0.7530810371041298,True
DLTR,2016Q2,0.67,0.68,/Users/vazea/Desktop/NNW/transcripts_by_company/DOLLAR_TREE_INC_2016Q2.txt,0.1371523141860962,0.26725253462791443,0.8238176196813584,True
CIO,2020Q1,-0.02,-0.03,/Users/vazea/Desktop/NNW/transcripts_by_company/CITY_OFFICE_REIT_INC_2020Q1.txt,0.2624545991420746,0.20139040052890778,0.7558646604418755,True
MD,2019Q1,0.65,0.71,/Users/vazea/Desktop/NNW/transcripts_by_company/PEDIATRIX_MEDICAL_GROUP_INC_2019Q1.txt,0.18137229979038239,0.24255919456481934,0.8002716317772866,True
EXPO,2013Q1,0.56,0.45,/Users/vazea/Desktop/NNW/transcripts_by_company/EXPONENT_INC_2013Q1.txt,0.1368524432182312,0.23412539064884186,0.8339656725525856,True
SC,2016Q4,0.17,2.33,/Users/vazea/Desktop/NNW/transcripts_by_company/SANTANDER_CONSUMER_USA_HOLDINGS_2016Q4.txt,0.08826737105846405,0.23440644145011902,0.8678909078240394,True
CIVB,2021Q2,0.7,0.58,/Users/vazea/Desktop/NNW/transcripts_by_company/CIVISTA_BANCSHARES_INC_2021Q2.txt,0.08723903447389603,0.21838952600955963,0.8734158180654049,True
CBK,2017Q1,0.0,-0.12,/Users/vazea/Desktop/NNW/transcripts_by_company/CHRISTOPHER_BANKS_CORP_2017Q1.txt,0.15190429985523224,0.5349069237709045,0.7331949129700661,True
IBKR,2012Q4,0.2,0.92,/Users/vazea/Desktop/NNW/transcripts_by_company/INTERACTIVE_BROKERS_GROUP_INC_2012Q4.txt,0.10661274939775467,0.23795033991336823,0.8539859734475612,True
EBAY,2008Q2,0.43,0.41,/Users/vazea/Desktop/NNW/transcripts_by_company/EBAY_INC_2008Q2.txt,0.18208621442317963,0.3003098666667938,0.7824466899037361,True
RCL,2006Q4,0.22,2.94,/Users/vazea/Desktop/NNW/transcripts_by_company/ROYAL_CARIBBEAN_CRUISES_LTD_2006Q4.txt,0.22247378528118134,0.07418242841959,0.8220136217772961,True
WD,2020Q1,1.49,1.36,/Users/vazea/Desktop/NNW/transcripts_by_company/WALKER_DUNLOP_INC_2020Q1.txt,0.14002925157546997,0.27598947286605835,0.8191826820373536,True
COGT,2010Q1,0.06,0.09,/Users/vazea/Desktop/NNW/transcripts_by_company/COGENT_INC_2010Q1.txt,0.24777734279632568,0.23042476177215576,0.7574284315109253,True
CEL,2007Q1,0.51,0.31,/Users/vazea/Desktop/NNW/transcripts_by_company/CELLCOM_ISRAEL_LTD_2007Q1.txt,0.21305641531944275,0.41182875633239746,0.7273118823766709,True
TMDX,2022Q4,-0.21,-1.33,/Users/vazea/Desktop/NNW/transcripts_by_company/TRANSMEDICS_GROUP_INC_2022Q4.txt,0.15605226159095764,0.048420604318380356,0.8762372355908156,True
NANO,2013Q4,0.04,-0.46,/Users/vazea/Desktop/NNW/transcripts_by_company/NANOMETRICS_INC_2013Q4.txt,0.12772531807422638,0.22554995119571686,0.8429272919893265,True
TMO,2005Q2,0.36,0.35,/Users/vazea/Desktop/NNW/transcripts_by_company/THERMO_FISHER_SCIENTIFIC_INC_2005Q2_2.txt,0.205910786986351,0.13395899534225464,0.815674750506878,True
BBG,2013Q4,0.11,-0.53,/Users/vazea/Desktop/NNW/transcripts_by_company/BILL_BARRETT_CORP_2013Q4.txt,0.2179066240787506,0.3220643401145935,0.7508460611104966,True
OSW,2023Q2,0.15,0.13,/Users/vazea/Desktop/NNW/transcripts_by_company/ONESPAWORLD_HOLDINGS_LTD_2023Q2.txt,0.15595681965351105,0.2899291515350342,0.8038514807820321,True
ABG,2016Q4,1.56,5.93,/Users/vazea/Desktop/NNW/transcripts_by_company/ASBURY_AUTOMOTIVE_GROUP_INC_2016Q4.txt,0.13688340783119202,0.2755895256996155,0.821504756808281,True
MFLX,2011Q2,0.48,0.53,/Users/vazea/Desktop/NNW/transcripts_by_company/MULTI_FINELINE_ELECTRONIX_INC_2011Q2.txt,0.14646363258361816,0.13441351056098938,0.8571514040231705,True
ALKS,2011Q3,-0.12,-0.16,/Users/vazea/Desktop/NNW/transcripts_by_company/ALKERMES_INC_2011Q3.txt,0.18555977940559387,0.08873642981052399,0.8434872254729271,True
GE,2005Q2,0.44,0.44,/Users/vazea/Desktop/NNW/transcripts_by_company/GENERAL_ELECTRIC_CO_2005Q2.txt,0.21502655744552612,0.35137468576431274,0.7440690040588379,True
AMAG,2019Q1,-1.15,-0.26,/Users/vazea/Desktop/NNW/transcripts_by_company/AMAG_PHARMACEUTICALS_INC_2019Q1.txt,0.1636677384376526,0.14014014601707458,0.8433905392885208,True
SMBC,2021Q4,1.53,4.78,/Users/vazea/Desktop/NNW/transcripts_by_company/SOUTHERN_MISSOURI_BANCORP_INC_2021Q4.txt,0.14162731170654297,0.15688355267047882,0.8537958160042762,True
VITA,2009Q2,-0.01,-0.02,/Users/vazea/Desktop/NNW/transcripts_by_company/ORTHOVITA_INC_2009Q2.txt,0.13873405754566193,0.2741588056087494,0.8206385180354119,True
AVT,2010Q1,0.44,0.34,/Users/vazea/Desktop/NNW/transcripts_by_company/AVNET_INC_2010Q1.txt,0.32528382539749146,0.35637468099594116,0.6653889179229736,True
SMP,2022Q1,0.92,0.81,/Users/vazea/Desktop/NNW/transcripts_by_company/STANDARD_MOTOR_PRODUCTS_INC_2022Q1.txt,0.1459764689207077,0.18430067598819733,0.8425262689590454,True
GVA,2013Q4,0.02,-0.24,/Users/vazea/Desktop/NNW/transcripts_by_company/GRANITE_CONSTRUCTION_INC_2013Q4.txt,0.20737098157405853,0.14186684787273407,0.8122802585363388,True
TSEM,2021Q3,0.41,0.38,/Users/vazea/Desktop/NNW/transcripts_by_company/TOWER_SEMICONDUCTOR_LTD_2021Q3.txt,0.1965404599905014,0.30722156167030334,0.770255209505558,True
LNN,2015Q2,0.75,1.14,/Users/vazea/Desktop/NNW/transcripts_by_company/LINDSAY_CORP_2015Q2.txt,0.3268659710884094,0.004410237539559603,0.7698707489762455,True
ISPH,2010Q3,-0.09,-0.14,/Users/vazea/Desktop/NNW/transcripts_by_company/INSPIRE_PHARMACEUTICALS_INC_2010Q3.txt,0.14759352803230286,0.13250117003917694,0.8569341793656349,True
IVC,2011Q3,0.59,0.63,/Users/vazea/Desktop/NNW/transcripts_by_company/INVACARE_CORP_2011Q3.txt,0.33201470971107483,0.1133478507399559,0.7335853479802609,True
TITN,2009Q3,0.45,0.23,/Users/vazea/Desktop/NNW/transcripts_by_company/TITAN_MACHINERY_INC_2009Q3.txt,0.16265630722045898,0.17488595843315125,0.8336747974157334,True
BRCM,2012Q3,0.79,0.77,/Users/vazea/Desktop/NNW/transcripts_by_company/BROADCOM_CORP_2012Q3.txt,0.11726830899715424,0.43064334988594055,0.7887191787362099,True
SNPS,2006Q3,0.21,0.19,/Users/vazea/Desktop/NNW/transcripts_by_company/SYNOPSYS_INC_2006Q3.txt,0.17905385792255402,0.14559373259544373,0.830984179675579,True
IDW,2022Q2,-0.17,-0.17,/Users/vazea/Desktop/NNW/transcripts_by_company/IDW_MEDIA_HOLDINGS_INC_2022Q2.txt,0.2401781678199768,0.2571755647659302,0.7547226130962372,True
MANH,2006Q2,0.34,0.27,/Users/vazea/Desktop/NNW/transcripts_by_company/MANHATTAN_ASSOCIATES_INC_2006Q2.txt,0.17932288348674774,0.1484881490468979,0.8299275368452073,True
CRAI,2016Q3,0.39,0.33,/Users/vazea/Desktop/NNW/transcripts_by_company/CRA_INTERNATIONAL_INC_2016Q3.txt,0.19248545169830322,0.3946879804134369,0.7468537896871567,True
EDAP,2009Q1,-0.42,-0.2,/Users/vazea/Desktop/NNW/transcripts_by_company/EDAP_TMS_SA_2009Q1.txt,0.10075429826974869,0.10584961622953415,0.8977171063423157,True
PNC,2010Q2,1.47,1.28,/Users/vazea/Desktop/NNW/transcripts_by_company/PNC_FINANCIAL_SERVICES_GROUP_INC_2010Q2.txt,0.08467425405979156,0.1702386736869812,0.8896564200520516,True
IART,2021Q4,0.84,3.17,/Users/vazea/Desktop/NNW/transcripts_by_company/INTEGRA_LIFESCIENCES_HOLDINGS_CO_2021Q4.txt,0.15269678831100464,0.29587873816490173,0.8043486267328263,True
BEP,2020Q1,0.06,0.0,/Users/vazea/Desktop/NNW/transcripts_by_company/BROOKFIELD_RENEWABLE_PARTNERS_LP_2020Q1.txt,0.1338983029127121,0.18974542617797852,0.849347560107708,True
SMTX,2007Q4,0.01,0.05,/Users/vazea/Desktop/NNW/transcripts_by_company/SMTC_CORP_2007Q4.txt,0.21130120754241943,0.09256403893232346,0.8243199430406094,True
TA,2018Q3,0.04,0.25,/Users/vazea/Desktop/NNW/transcripts_by_company/TRAVELCENTERS_OF_AMERICA_LLC_2018Q3.txt,0.1406187117099762,0.2087918221950531,0.8389293551445007,True
SST,2022Q3,-0.348,-0.21,/Users/vazea/Desktop/NNW/transcripts_by_company/SYSTEM1_INC_2022Q3.txt,0.36377614736557007,0.16242289543151855,0.6966298282146454,True
TSCO,2007Q1,0.12,0.01,/Users/vazea/Desktop/NNW/transcripts_by_company/TRACTOR_SUPPLY_CO_2007Q1.txt,0.19628915190696716,0.11729840189218521,0.8274080730974674,True
OESX,2021Q4,0.71,0.22,/Users/vazea/Desktop/NNW/transcripts_by_company/ORION_ENERGY_SYSTEMS_INC_2021Q4.txt,0.19022893905639648,0.2206040322780609,0.8006585329771042,True
PDRT,2008Q4,-0.06,-0.33,/Users/vazea/Desktop/NNW/transcripts_by_company/PARTICLE_DRILLING_TECHNOLOGIES_I_2008Q4.txt,0.2513478696346283,0.1913681924343109,0.7666460335254669,True
MSTR,2004Q3,1.08,0.5,/Users/vazea/Desktop/NNW/transcripts_by_company/MICROSTRATEGY_INC_2004Q3.txt,0.14723043143749237,0.39739319682121277,0.7777207389473915,True
DXPE,2011Q2,0.5,0.46,/Users/vazea/Desktop/NNW/transcripts_by_company/DXP_ENTERPRISES_INC_2011Q2.txt,0.22191105782985687,0.11591952294111252,0.8098864026367665,True
C,2017Q3,1.42,1.28,/Users/vazea/Desktop/NNW/transcripts_by_company/CITIGROUP_INC_2017Q3.txt,0.16971300542354584,0.23615097999572754,0.8103556022047996,True
XPRT,2007Q1,0.17,0.18,/Users/vazea/Desktop/NNW/transcripts_by_company/LECG_CORPORATION_2007Q1.txt,0.09624045342206955,0.2883037030696869,0.8461405716836452,True
MNTG,2010Q2,-0.02,-0.02,/Users/vazea/Desktop/NNW/transcripts_by_company/MTR_GAMING_GROUP_INC_2010Q2.txt,0.25019946694374084,0.12586557865142822,0.7871006995439529,True
TIF,2020Q2,1.12,1.04,/Users/vazea/Desktop/NNW/transcripts_by_company/TIFFANY_CO_2020Q2.txt,0.12197384238243103,0.3125540316104889,0.8208521008491516,True
SMG,2015Q3,2.68,2.59,/Users/vazea/Desktop/NNW/transcripts_by_company/SCOTTS_MIRACLEGRO_CO_2015Q3.txt,0.15234680473804474,0.3768121600151062,0.7803135886788368,True
LPX,2012Q4,0.18,0.31,/Users/vazea/Desktop/NNW/transcripts_by_company/LOUISIANAPACIFIC_CORP_2012Q4.txt,0.21708661317825317,0.19546164572238922,0.789400877058506,True
MVIS,2021Q3,-0.06,-0.07,/Users/vazea/Desktop/NNW/transcripts_by_company/MICROVISION_INC_2021Q3.txt,0.16689321398735046,0.3144891858100891,0.788827994465828,True
MDC,2022Q1,2.02,1.93,/Users/vazea/Desktop/NNW/transcripts_by_company/MDC_HOLDINGS_INC_2022Q1.txt,0.21703752875328064,0.1581457406282425,0.8006300076842308,True
EBS,2016Q4,0.74,1.19,/Users/vazea/Desktop/NNW/transcripts_by_company/EMERGENT_BIOSOLUTIONS_INC_2016Q4.txt,0.20972509682178497,0.2730843424797058,0.7712671294808388,True
GLT,2003Q1,0.17,0.19,/Users/vazea/Desktop/NNW/transcripts_by_company/GLATFELTER_2003Q1.txt,0.14473605155944824,0.1241084635257721,0.8614522248506546,True
MUR,2016Q2,-0.36,-0.51,/Users/vazea/Desktop/NNW/transcripts_by_company/MURPHY_OIL_CORP_2016Q2.txt,0.219299778342247,0.24701544642448425,0.7723855212330819,True
BG,2009Q4,-0.55,3.2,/Users/vazea/Desktop/NNW/transcripts_by_company/BUNGE_LTD_2009Q4.txt,0.16366156935691833,-0.08340524882078171,0.9104584760963916,True
MAC,2023Q1,-0.27,-0.07,/Users/vazea/Desktop/NNW/transcripts_by_company/MACERICH_CO_2023Q1.txt,0.27965715527534485,0.21540454030036926,0.7396186292171478,True
EMBC,2023Q3,0.26,0.46,/Users/vazea/Desktop/NNW/transcripts_by_company/EMBECTA_CORP_2023Q3.txt,0.17364905774593353,0.1222744733095169,0.8417633175849915,True
QLYS,2013Q2,0.06,0.03,/Users/vazea/Desktop/NNW/transcripts_by_company/QUALYS_INC_2013Q2.txt,0.2946637272834778,0.1564488410949707,0.7468007385730744,True
ADBE,2019Q1,1.65,1.6,/Users/vazea/Desktop/NNW/transcripts_by_company/ADOBE_INC_2019Q1.txt,0.13584758341312408,0.35919860005378723,0.797147111594677,True
TMO,2004Q3,0.32,0.3,/Users/vazea/Desktop/NNW/transcripts_by_company/THERMO_FISHER_SCIENTIFIC_INC_2004Q3.txt,0.22623412311077118,0.35800859332084656,0.7342335358262062,True
OC,2020Q3,1.7,1.22,/Users/vazea/Desktop/NNW/transcripts_by_company/OWENS_CORNING_2020Q3.txt,0.1655794233083725,0.3084601163864136,0.7915563687682152,True
IAS,2021Q3,-0.04,-0.06,/Users/vazea/Desktop/NNW/transcripts_by_company/INTEGRAL_AD_SCIENCE_HOLDING_CORP_2021Q3.txt,0.11753019690513611,0.1368027925491333,0.8766880244016647,True
PLAY,2018Q2,0.59,0.55,/Users/vazea/Desktop/NNW/transcripts_by_company/DAVE_BUSTERS_ENTERTAINMENT_IN_2018Q2.txt,0.08994084596633911,0.22201351821422577,0.8704373523592949,True
XEL,2008Q1,0.35,0.29,/Users/vazea/Desktop/NNW/transcripts_by_company/XCEL_ENERGY_INC_2008Q1.txt,0.11103510111570358,0.07852306962013245,0.8987185083329677,True
RCPT,2014Q3,-1.19,-0.96,/Users/vazea/Desktop/NNW/transcripts_by_company/RECEPTOS_INC_2014Q3.txt,0.18783539533615112,0.12022745609283447,0.8324469864368439,True
ADP,2007Q3,0.65,0.73,/Users/vazea/Desktop/NNW/transcripts_by_company/AUTOMATIC_DATA_PROCESSING_INC_2007Q3.txt,0.08732809126377106,0.3690808117389679,0.8281460925936699,True
TRV,2017Q4,2.28,6.88,/Users/vazea/Desktop/NNW/transcripts_by_company/TRAVELERS_COMPANIES_INC_2017Q4.txt,0.161410391330719,0.20666205883026123,0.8250141084194184,True
SKLZ,2023Q3,-1.57,-1.52,/Users/vazea/Desktop/NNW/transcripts_by_company/SKILLZ_INC_2023Q3.txt,0.3015306890010834,0.22153805196285248,0.7224671021103859,True
EQT,2020Q1,0.14,0.03,/Users/vazea/Desktop/NNW/transcripts_by_company/EQT_CORP_2020Q1.txt,0.13875915110111237,0.20104821026325226,0.8425541311502457,True
LFCR,2023Q4,-0.89,-0.74,/Users/vazea/Desktop/NNW/transcripts_by_company/LIFECORE_BIOMEDICAL_INC_2023Q4.txt,0.14205928146839142,0.0,0.8579407185316086,False
NS,2016Q1,0.57,0.51,/Users/vazea/Desktop/NNW/transcripts_by_company/NUSTAR_ENERGY_LP_2016Q1.txt,0.12355735152959824,0.05386429652571678,0.8973505649715662,True
FDS,2002Q3,0.29,0.28,/Users/vazea/Desktop/NNW/transcripts_by_company/FACTSET_RESEARCH_SYSTEMS_INC_2002Q3.txt,0.20740044116973877,0.2775803208351135,0.7715455949306488,True
PER,2007Q4,0.35,0.88,/Users/vazea/Desktop/NNW/transcripts_by_company/PEROT_SYSTEMS_CORPORATION_2007Q4.txt,0.11988995969295502,0.17824603617191315,0.8626032173633575,True
JBL,2018Q3,0.46,0.45,/Users/vazea/Desktop/NNW/transcripts_by_company/JABIL_INC_2018Q3.txt,0.2148418426513672,0.19900548458099365,0.7899090647697449,True
QADA,2019Q2,0.21,0.09,/Users/vazea/Desktop/NNW/transcripts_by_company/QAD_INC_2019Q2.txt,0.10318068414926529,0.26801103353500366,0.8473702110350132,True
NLNK,2019Q3,-0.27,-0.27,/Users/vazea/Desktop/NNW/transcripts_by_company/NEWLINK_GENETICS_CORP_2019Q3.txt,0.31119003891944885,0.0,0.6888099610805511,False
AZPN,2011Q1,-0.17,-0.21,/Users/vazea/Desktop/NNW/transcripts_by_company/ASPEN_TECHNOLOGY_INC_2011Q1.txt,0.09080398827791214,0.23809905350208282,0.8650074921548366,True
AXTA,2018Q4,0.34,1.27,/Users/vazea/Desktop/NNW/transcripts_by_company/AXALTA_COATING_SYSTEMS_LTD_2018Q4.txt,0.195931538939476,0.17842428386211395,0.8093206375837326,True
SPSC,2016Q1,0.22,0.21,/Users/vazea/Desktop/NNW/transcripts_by_company/SPS_COMMERCE_INC_2016Q1.txt,0.28802433609962463,0.2258152961730957,0.7306383758783341,True
BOWL,2023Q2,-0.01,0.18,/Users/vazea/Desktop/NNW/transcripts_by_company/LUCKY_STRIKE_ENTERTAINMENT_CORP_2023Q2.txt,0.2620899975299835,0.39587903022766113,0.6977732926607132,True
ASH,2013Q3,1.66,1.84,/Users/vazea/Desktop/NNW/transcripts_by_company/ASHLAND_INC_2013Q3.txt,0.2007250040769577,0.15851052105426788,0.8119393408298492,True
RCM,2020Q4,-0.1,0.1,/Users/vazea/Desktop/NNW/transcripts_by_company/R1_RCM_INC_2020Q4.txt,0.24902261793613434,0.35536623001098633,0.71907429844141,True
ASYS,2019Q3,0.14,0.03,/Users/vazea/Desktop/NNW/transcripts_by_company/AMTECH_SYSTEMS_INC_2019Q3.txt,0.17811231315135956,0.19111904501914978,0.8179856672883035,True
VREX,2019Q1,0.26,0.26,/Users/vazea/Desktop/NNW/transcripts_by_company/VAREX_IMAGING_CORP_2019Q1.txt,0.3326498866081238,0.3928571045398712,0.649287948012352,True
DATE,2015Q3,0.12,0.1,/Users/vazea/Desktop/NNW/transcripts_by_company/JIAYUANCOM_INTERNATIONAL_LTD_2015Q3.txt,0.1231040358543396,0.3262832760810852,0.8159421920776367,True
XLNX,2002Q4,0.12,0.29,/Users/vazea/Desktop/NNW/transcripts_by_company/XILINX_INC_2002Q4.txt,0.24178433418273926,0.0,0.7582156658172607,False
NVAX,2007Q4,-0.15,-0.56,/Users/vazea/Desktop/NNW/transcripts_by_company/NOVAVAX_INC_2007Q4.txt,0.24567817151546478,0.09896881878376007,0.7983346343040466,True
SEE,2015Q2,0.6,0.53,/Users/vazea/Desktop/NNW/transcripts_by_company/SEALED_AIR_CORPORATION_2015Q2.txt,0.1162741482257843,0.3825770914554596,0.8038349688053131,True
CHUY,2021Q3,0.45,0.4,/Users/vazea/Desktop/NNW/transcripts_by_company/CHUYS_HOLDINGS_INC_2021Q3.txt,0.12032139301300049,0.2481033205986023,0.841344028711319,True
OPTR,2012Q2,-0.01,-0.15,/Users/vazea/Desktop/NNW/transcripts_by_company/OPTIMER_PHARMACEUTICALS_INC_2012Q2.txt,0.1163226068019867,0.15765994787216187,0.8712761908769607,True
ROCK,2014Q3,0.3,0.23,/Users/vazea/Desktop/NNW/transcripts_by_company/GIBRALTAR_INDUSTRIES_INC_2014Q3.txt,0.22411616146564484,0.18467533588409424,0.7877160862088204,True
OPB,2015Q1,0.34,0.34,/Users/vazea/Desktop/NNW/transcripts_by_company/OPUS_BANK_2015Q1.txt,0.3006969690322876,0.16850438714027405,0.7389608055353165,True
SWHC,2007Q3,0.04,0.03,/Users/vazea/Desktop/NNW/transcripts_by_company/SMITH_WESSON_HOLDING_CORP_2007Q3.txt,0.2661992311477661,0.19118478894233704,0.7563051015138627,True
MCRS,2006Q4,0.58,1.68,/Users/vazea/Desktop/NNW/transcripts_by_company/MICROS_SYSTEM_INC_2006Q4.txt,0.3235112428665161,0.21097432076931,0.7102498337626457,True
CAC,2016Q2,0.93,0.93,/Users/vazea/Desktop/NNW/transcripts_by_company/CAMDEN_NATIONAL_CORP_2016Q2.txt,0.12539976835250854,0.31346702575683594,0.8181800544261932,True
LMAT,2022Q4,0.25,0.94,/Users/vazea/Desktop/NNW/transcripts_by_company/LEMAITRE_VASCULAR_INC_2022Q4.txt,0.18496902287006378,0.21877780556678772,0.804888342320919,True
ABAX,2013Q2,0.18,0.19,/Users/vazea/Desktop/NNW/transcripts_by_company/ABAXIS_INC_2013Q2.txt,0.22003592550754547,0.1010197103023529,0.8156689390540123,True
ROP,2014Q3,1.55,1.53,/Users/vazea/Desktop/NNW/transcripts_by_company/ROPER_TECHNOLOGIES_INC_2014Q3.txt,0.3220958113670349,0.4041391909122467,0.6532911747694016,True
CDR,2017Q1,0.01,0.02,/Users/vazea/Desktop/NNW/transcripts_by_company/CEDAR_REALTY_TRUST_INC_2017Q1.txt,0.1369437724351883,-0.0371260903775692,0.915277186408639,True
PDCO,2014Q4,0.61,2.16,/Users/vazea/Desktop/NNW/transcripts_by_company/PATTERSON_COMPANIES_INC_2014Q4.txt,0.1550452560186386,0.41627877950668335,0.766584686934948,True
PODD,2021Q4,0.42,0.13,/Users/vazea/Desktop/NNW/transcripts_by_company/INSULET_CORP_2021Q4.txt,0.13920211791992188,0.34598156809806824,0.7987640470266342,True
CSGP,2020Q4,2.85,9.46,/Users/vazea/Desktop/NNW/transcripts_by_company/COSTAR_GROUP_INC_2020Q4.txt,0.26692426204681396,0.1678391993045807,0.762801256775856,True
NMRX,2012Q2,0.04,0.05,/Users/vazea/Desktop/NNW/transcripts_by_company/NUMEREX_CORP_2012Q2.txt,0.12958478927612305,0.24977882206439972,0.834357000887394,True
LRN,2019Q1,-0.22,-0.36,/Users/vazea/Desktop/NNW/transcripts_by_company/K12_INC_2019Q1.txt,0.1677638590335846,0.23951326310634613,0.810711319744587,True
PB,2021Q1,1.44,1.38,/Users/vazea/Desktop/NNW/transcripts_by_company/PROSPERITY_BANCSHARES_INC_2021Q1.txt,0.11746645718812943,0.20243974030017853,0.8570415578782559,True
ABMD,2018Q2,0.54,0.38,/Users/vazea/Desktop/NNW/transcripts_by_company/ABIOMED_INC_2018Q2.txt,0.15484805405139923,0.09072721004486084,0.8643881991505623,True
PXS,2020Q1,-0.06,-0.03,/Users/vazea/Desktop/NNW/transcripts_by_company/PYXIS_TANKERS_INC_2020Q1.txt,0.21044760942459106,0.0,0.7895523905754089,False
T,2008Q3,0.67,0.74,/Users/vazea/Desktop/NNW/transcripts_by_company/ATT_INC_2008Q3.txt,0.17358089983463287,0.45777302980422974,0.7411614611744881,True
RUTH,2007Q2,0.23,0.25,/Users/vazea/Desktop/NNW/transcripts_by_company/RUTHS_HOSPITALITY_GROUP_INC_2007Q2.txt,0.11603064835071564,0.048343632370233536,0.904275456443429,True
MCK,2022Q4,5.83,23.9,/Users/vazea/Desktop/NNW/transcripts_by_company/MCKESSON_CORP_2022Q4.txt,0.1569710522890091,0.29788345098495483,0.8007552281022072,True
CPIX,2012Q1,0.02,0.06,/Users/vazea/Desktop/NNW/transcripts_by_company/CUMBERLAND_PHARMACEUTICALS_INC_2012Q1.txt,0.0716075450181961,0.05141652002930641,0.9344497624784708,True
WLKP,2015Q4,0.4,1.48,/Users/vazea/Desktop/NNW/transcripts_by_company/WESTLAKE_CHEMICAL_PARTNERS_LP_2015Q4.txt,0.3101578950881958,0.09827712178230286,0.7534063369035722,True
WRLD,2010Q4,1.77,4.38,/Users/vazea/Desktop/NNW/transcripts_by_company/WORLD_ACCEPTANCE_CORP_2010Q4.txt,0.3153039515018463,0.1220286563038826,0.7426786370575429,True
AOSL,2022Q4,0.95,4.46,/Users/vazea/Desktop/NNW/transcripts_by_company/ALPHA_AND_OMEGA_SEMICONDUCTOR_LT_2022Q4.txt,0.1758454293012619,0.3586574196815491,0.769310973584652,True
VRA,2013Q1,0.31,0.29,/Users/vazea/Desktop/NNW/transcripts_by_company/VERA_BRADLEY_INC_2013Q1.txt,0.10544583201408386,0.3589245080947876,0.8185105651617051,True
HSIC,2002Q4,0.67,2.6,/Users/vazea/Desktop/NNW/transcripts_by_company/HENRY_SCHEIN_INC_2002Q4.txt,0.16703078150749207,0.4223875403404236,0.7563621908426285,True
CSC,2013Q3,0.77,0.62,/Users/vazea/Desktop/NNW/transcripts_by_company/COMPUTER_SCIENCES_CORP_2013Q3.txt,0.09959820657968521,0.35656341910362244,0.8233122296631337,True
BDC,2016Q1,1.01,0.96,/Users/vazea/Desktop/NNW/transcripts_by_company/BELDEN_INC_2016Q1.txt,0.24059732258319855,0.12097422778606415,0.7952896058559418,True
TRI,2023Q3,0.82,0.69,/Users/vazea/Desktop/NNW/transcripts_by_company/THOMSON_REUTERS_CORP_2023Q3.txt,0.11863937973976135,0.16407035291194916,0.8677313283085824,True
PCTY,2023Q1,0.98,0.61,/Users/vazea/Desktop/NNW/transcripts_by_company/PAYLOCITY_HOLDING_CORP_2023Q1.txt,0.17208892107009888,0.40682360529899597,0.757490673661232,True
RTX,2022Q4,1.27,4.75,/Users/vazea/Desktop/NNW/transcripts_by_company/RTX_CORP_2022Q4.txt,0.1914052814245224,0.23022538423538208,0.7969486877322197,True
SPWH,2019Q4,0.25,0.61,/Users/vazea/Desktop/NNW/transcripts_by_company/SPORTSMANS_WAREHOUSE_HOLDINGS_IN_2019Q4.txt,0.2781289517879486,0.15816353261470795,0.7578606739640236,True
WOOF,2011Q2,0.45,0.44,/Users/vazea/Desktop/NNW/transcripts_by_company/VCA_INC_2011Q2.txt,0.23193436861038208,0.10056857019662857,0.807475370913744,True
MOV,2008Q1,0.09,-0.01,/Users/vazea/Desktop/NNW/transcripts_by_company/MOVADO_GROUP_INC_2008Q1.txt,0.28420957922935486,0.3002883791923523,0.7109667807817459,True
AZYO,2021Q2,-0.58,-0.56,/Users/vazea/Desktop/NNW/transcripts_by_company/ELUTIA_INC_2021Q2.txt,0.23200884461402893,0.13220584392547607,0.7979320555925369,True
GIII,2018Q3,1.67,1.54,/Users/vazea/Desktop/NNW/transcripts_by_company/GIII_APPAREL_GROUP_LTD_2018Q3.txt,0.12990961968898773,0.2517305016517639,0.8335441157221795,True
CYCL,2004Q4,0.03,-0.34,/Users/vazea/Desktop/NNW/transcripts_by_company/CENTENNIAL_COMMUNICATION_2004Q4.txt,0.15554699301719666,0.22460594773292542,0.8237353205680847,True
BHE,2004Q2,0.42,0.37,/Users/vazea/Desktop/NNW/transcripts_by_company/BENCHMARK_ELECTRONICS_INC_2004Q2.txt,0.4326907992362976,0.24835383892059326,0.6226102888584137,True
NPO,2019Q3,1.13,1.34,/Users/vazea/Desktop/NNW/transcripts_by_company/ENPRO_INC_2019Q3.txt,0.15411590039730072,0.3286520838737488,0.7935232445597649,True
KEY,2014Q4,0.28,1.0,/Users/vazea/Desktop/NNW/transcripts_by_company/KEYCORP_2014Q4.txt,0.18139860033988953,0.2089713215827942,0.810329583287239,True
FC,2011Q1,0.05,0.05,/Users/vazea/Desktop/NNW/transcripts_by_company/FRANKLIN_COVEY_CO_2011Q1.txt,0.34153908491134644,0.37697291374206543,0.6478307664394379,True
PIR,2019Q1,-0.36,-0.39,/Users/vazea/Desktop/NNW/transcripts_by_company/PIER_1_IMPORTS_2019Q1.txt,0.1770065873861313,0.28902265429496765,0.7893885925412178,True
WING,2018Q1,0.25,0.2,/Users/vazea/Desktop/NNW/transcripts_by_company/WINGSTOP_INC_2018Q1.txt,0.14573901891708374,0.14694787561893463,0.853898324072361,True
AYR,2018Q1,0.72,0.55,/Users/vazea/Desktop/NNW/transcripts_by_company/AIRCASTLE_LTD_2018Q1.txt,0.09677473455667496,0.1594436764717102,0.8844245828688144,True
TRVN,2015Q2,-0.28,-0.36,/Users/vazea/Desktop/NNW/transcripts_by_company/TREVENA_INC_2015Q2.txt,0.2517332136631012,0.13806594908237457,0.7823669657111167,True
WIX,2018Q4,0.42,0.94,/Users/vazea/Desktop/NNW/transcripts_by_company/WIXCOM_LTD_2018Q4.txt,0.10085079818964005,0.30476322770118713,0.8379754729568958,True
CTSH,2014Q4,0.67,2.58,/Users/vazea/Desktop/NNW/transcripts_by_company/COGNIZANT_TECHNOLOGY_SOLUTIONS_C_2014Q4.txt,0.11034376174211502,0.2932732403278351,0.8347773946821689,True
MGIC,2021Q1,0.21,0.2,/Users/vazea/Desktop/NNW/transcripts_by_company/MAGIC_SOFTWARE_ENTERPRISES_LTD_2021Q1.txt,0.21545737981796265,0.1563880443572998,0.8022634208202362,True
STWD,2018Q2,0.54,0.53,/Users/vazea/Desktop/NNW/transcripts_by_company/STARWOOD_PROPERTY_TRUST_INC_2018Q2.txt,0.2825779914855957,0.27312028408050537,0.7202593207359314,True
ESV,2005Q2,0.39,0.35,/Users/vazea/Desktop/NNW/transcripts_by_company/ENSCO_INTERNATIONAL_2005Q2.txt,0.10558582842350006,0.04357295483350754,0.9130180336534977,True
HX,2018Q4,0.34,1.34,/Users/vazea/Desktop/NNW/transcripts_by_company/HEXINDAI_INC_2018Q4.txt,0.06518939137458801,0.19048328697681427,0.8972224399447442,True
SON,2002Q4,0.38,1.47,/Users/vazea/Desktop/NNW/transcripts_by_company/SONOCO_PRODUCTS_CO_2002Q4.txt,0.3709639310836792,0.2574731111526489,0.6630833148956299,True
CFX,2019Q2,0.64,0.61,/Users/vazea/Desktop/NNW/transcripts_by_company/COLFAX_CORP_2019Q2.txt,0.21249231696128845,0.34461599588394165,0.7478705793619156,True
XRTX,2011Q2,-0.06,0.01,/Users/vazea/Desktop/NNW/transcripts_by_company/XYRATEX_LTD_2011Q2.txt,0.12693683803081512,0.32186359167099,0.8145851358771324,True
OSW,2021Q2,-0.16,-0.19,/Users/vazea/Desktop/NNW/transcripts_by_company/ONESPAWORLD_HOLDINGS_LTD_2021Q2.txt,0.19936609268188477,0.26921698451042175,0.7796786397695541,True
KLAC,2020Q3,2.47,2.44,/Users/vazea/Desktop/NNW/transcripts_by_company/KLA_CORP_2020Q3.txt,0.32358837127685547,0.1890363097190857,0.7167772471904754,True
FDP,2014Q2,1.19,0.97,/Users/vazea/Desktop/NNW/transcripts_by_company/FRESH_DEL_MONTE_PRODUCE_INC_2014Q2.txt,0.46443048119544983,0.13392500579357147,0.6347211614251137,True
ABR,2014Q4,0.06,1.68,/Users/vazea/Desktop/NNW/transcripts_by_company/ARBOR_REALTY_TRUST_INC_2014Q4.txt,0.19265824556350708,0.19552254676818848,0.8064824640750885,True
PANW,2016Q3,0.42,0.41,/Users/vazea/Desktop/NNW/transcripts_by_company/PALO_ALTO_NETWORKS_INC_2016Q3.txt,0.2512287199497223,0.40941205620765686,0.7013162791728973,True
HAIN,2014Q1,0.52,0.56,/Users/vazea/Desktop/NNW/transcripts_by_company/HAIN_CELESTIAL_GROUP_INC_2014Q1.txt,0.06634227186441422,0.21310904622077942,0.8896276958286762,True
PTRY,2009Q3,0.0,0.5,/Users/vazea/Desktop/NNW/transcripts_by_company/PANTRY_INC_2009Q3.txt,0.48491936922073364,0.1469019502401352,0.6164858564734459,True
NSIT,2023Q3,2.37,2.33,/Users/vazea/Desktop/NNW/transcripts_by_company/INSIGHT_ENTERPRISES_INC_2023Q3.txt,0.13882534205913544,0.3785629868507385,0.7892533645033837,True
BAX,2001Q1,0.71,0.71,/Users/vazea/Desktop/NNW/transcripts_by_company/BAXTER_INTERNATIONAL_INC_2001Q1.txt,0.3035443127155304,0.0,0.6964556872844696,False
SELB,2019Q1,-0.31,-0.41,/Users/vazea/Desktop/NNW/transcripts_by_company/CARTESIAN_THERAPEUTICS_INC_2019Q1.txt,0.24578918516635895,0.08445248007774353,0.8026118263602257,True
CSBR,2022Q2,0.02,0.01,/Users/vazea/Desktop/NNW/transcripts_by_company/CHAMPIONS_ONCOLOGY_INC_2022Q2.txt,0.1427481770515442,0.07841208577156067,0.8765526503324509,True
ADPT,2016Q3,0.06,0.56,/Users/vazea/Desktop/NNW/transcripts_by_company/ADEPTUS_HEALTH_INC_2016Q3.txt,0.22294190526008606,0.3236478567123413,0.7468463093042373,True
WFC,2008Q4,-0.79,2.02,/Users/vazea/Desktop/NNW/transcripts_by_company/WELLS_FARGO_CO_2008Q4_1.txt,0.12798459827899933,0.0,0.8720154017210007,False
NSC,2004Q1,0.4,0.3,/Users/vazea/Desktop/NNW/transcripts_by_company/NORFOLK_SOUTHERN_CORP_2004Q1.txt,0.4535679221153259,0.0,0.5464320778846741,False
NPTN,2014Q4,0.19,-0.53,/Users/vazea/Desktop/NNW/transcripts_by_company/NEOPHOTONICS_CORP_2014Q4.txt,0.17181837558746338,0.2474755197763443,0.8054844811558723,True
CBST,2013Q4,0.2,-0.3,/Users/vazea/Desktop/NNW/transcripts_by_company/CUBIST_PHARMACEUTICALS_INC_2013Q4.txt,0.25785914063453674,0.16707774996757507,0.7693752765655517,True
OUTD,2006Q1,0.0,-0.03,/Users/vazea/Desktop/NNW/transcripts_by_company/OUTDOOR_CHANNEL_HOLDINGS_INC_2006Q1.txt,0.17555604875087738,0.16859696805477142,0.8265316754579544,True
SYY,2011Q3,0.46,0.41,/Users/vazea/Desktop/NNW/transcripts_by_company/SYSCO_CORP_2011Q3.txt,0.22260956466197968,0.3079240024089813,0.7517961040139198,True
VRSN,2002Q4,0.14,0.62,/Users/vazea/Desktop/NNW/transcripts_by_company/VERISIGN_INC_2002Q4.txt,0.14451980590820312,0.38757139444351196,0.7825647175312043,True
SCSC,2005Q1,0.68,0.64,/Users/vazea/Desktop/NNW/transcripts_by_company/SCANSOURCE_INC_2005Q1.txt,0.1062573567032814,0.1336960792541504,0.8855110265314579,True
BLL,2019Q4,0.71,2.51,/Users/vazea/Desktop/NNW/transcripts_by_company/BALL_CORP_2019Q4.txt,0.2357833981513977,0.3869989812374115,0.7188519269227982,True
DRIV,2009Q2,0.42,0.41,/Users/vazea/Desktop/NNW/transcripts_by_company/DIGITAL_RIVER_INC_2009Q2.txt,0.14654658734798431,0.3729243874549866,0.785540072619915,True
MRCY,2011Q4,0.13,0.7,/Users/vazea/Desktop/NNW/transcripts_by_company/MERCURY_SYSTEMS_INC_2011Q4.txt,0.40213853120803833,0.33233508467674255,0.6188025027513504,True
RMED,2020Q3,-3.25,-0.13,/Users/vazea/Desktop/NNW/transcripts_by_company/RA_MEDICAL_SYSTEMS_INC_2020Q3.txt,0.2940499186515808,0.11518139392137527,0.7596106387674808,True
PAY,2011Q2,0.46,0.43,/Users/vazea/Desktop/NNW/transcripts_by_company/VERIFONE_SYSTEMS_INC_2011Q2.txt,0.17009834945201874,0.12225839495658875,0.8442536368966103,True
GPX,2006Q2,0.11,0.11,/Users/vazea/Desktop/NNW/transcripts_by_company/GP_STRATEGIES_CORP_2006Q2.txt,0.4266600012779236,0.18318447470664978,0.6463826566934585,True
HRZB,2007Q4,0.4,1.52,/Users/vazea/Desktop/NNW/transcripts_by_company/HORIZON_FINANCIAL_CORPORATION_WA_2007Q4.txt,0.35127881169319153,0.08025886118412018,0.7300271734595298,True
HTCH,2009Q1,-1.17,-0.84,/Users/vazea/Desktop/NNW/transcripts_by_company/HUTCHINSON_TECHNOLOGY_INC_2009Q1.txt,0.24296364188194275,0.13021869957447052,0.7908598408102989,True
GLT,2003Q2,0.02,0.12,/Users/vazea/Desktop/NNW/transcripts_by_company/GLATFELTER_2003Q2.txt,0.22806023061275482,-0.046949997544288635,0.8544428378343583,True
UTL,2022Q4,0.91,2.57,/Users/vazea/Desktop/NNW/transcripts_by_company/UNITIL_CORP_2022Q4.txt,0.09498663246631622,0.0,0.9050133675336838,False
FDX,2018Q1,2.51,3.2,/Users/vazea/Desktop/NNW/transcripts_by_company/FEDEX_CORP_2018Q1.txt,0.09344122558832169,0.2577126920223236,0.8572773344814777,True
STX,2014Q2,1.32,1.37,/Users/vazea/Desktop/NNW/transcripts_by_company/SEAGATE_TECHNOLOGY_PLC_2014Q2.txt,0.15211224555969238,0.3422514498233795,0.7908459931612015,True
TUES,2005Q2,0.25,0.25,/Users/vazea/Desktop/NNW/transcripts_by_company/TUESDAY_MORNING_CORP_2005Q2.txt,0.3264908790588379,0.35934746265411377,0.6636521458625794,True
SIG,2013Q4,2.12,4.32,/Users/vazea/Desktop/NNW/transcripts_by_company/SIGNET_JEWELERS_LTD_2013Q4.txt,0.24359674751758575,0.3761259913444519,0.7166444793343545,True
IDC,2003Q2,0.19,0.19,/Users/vazea/Desktop/NNW/transcripts_by_company/INTERACTIVE_DATA_CORP_2003Q2.txt,0.2986108064651489,0.08505333960056305,0.7654564335942269,True
SCVL,2021Q4,0.52,0.91,/Users/vazea/Desktop/NNW/transcripts_by_company/SHOE_CARNIVAL_INC_2021Q4.txt,0.10011295229196548,0.13314984738826752,0.889975979179144,True
HDS,2015Q4,0.11,1.24,/Users/vazea/Desktop/NNW/transcripts_by_company/HD_SUPPLY_HOLDINGS_INC_2015Q4.txt,0.19480562210083008,0.14923253655433655,0.8188663035631181,True
VEL,2020Q4,0.29,0.66,/Users/vazea/Desktop/NNW/transcripts_by_company/VELOCITY_FINANCIAL_INC_2020Q4.txt,0.18071550130844116,0.3629414737224579,0.7646167069673538,True
AMKR,2021Q3,0.74,0.44,/Users/vazea/Desktop/NNW/transcripts_by_company/AMKOR_TECHNOLOGY_INC_2021Q3.txt,0.22169165313243866,0.1765030026435852,0.7918649420142174,True
VIP,2015Q2,0.07,0.07,/Users/vazea/Desktop/NNW/transcripts_by_company/VIMPELCOM_LTD_2015Q2.txt,0.3596046566963196,0.12033367902040482,0.7121766366064548,True
AWR,2005Q4,0.3,1.3,/Users/vazea/Desktop/NNW/transcripts_by_company/AMERICAN_STATES_WATER_CO_2005Q4.txt,0.20742005109786987,0.06269665062427521,0.8359969690442085,True
U,2022Q4,-0.01,-0.36,/Users/vazea/Desktop/NNW/transcripts_by_company/UNITY_SOFTWARE_INC_2022Q4.txt,0.24115575850009918,0.3147415816783905,0.7367684945464135,True
CYOU,2010Q2,0.79,0.76,/Users/vazea/Desktop/NNW/transcripts_by_company/CHANGYOUCOM_LTD_2010Q2.txt,0.1547408550977707,0.0945824682712555,0.8633066609501838,True
TUP,2010Q4,1.38,3.62,/Users/vazea/Desktop/NNW/transcripts_by_company/TUPPERWARE_BRANDS_CORP_2010Q4.txt,0.22034960985183716,0.039812713861465454,0.8338114589452743,True
RBI,2009Q3,0.27,0.25,/Users/vazea/Desktop/NNW/transcripts_by_company/SPORT_SUPPLY_GROUP_INC_2009Q3.txt,0.08135639131069183,0.10388410091400146,0.9118852958083152,True
COLM,2008Q3,1.69,1.44,/Users/vazea/Desktop/NNW/transcripts_by_company/COLUMBIA_SPORTSWEAR_CO_2008Q3.txt,0.17450304329395294,0.320985347032547,0.7815522655844689,True
IRM,2008Q3,0.23,0.2,/Users/vazea/Desktop/NNW/transcripts_by_company/IRON_MOUNTAIN_INC_2008Q3.txt,0.038576889783144,0.3434428572654724,0.8699633199721575,True
TROX,2015Q3,-0.46,-0.1,/Users/vazea/Desktop/NNW/transcripts_by_company/TRONOX_LTD_2015Q3.txt,0.378651887178421,0.12031152099370956,0.6988502226769924,True
MHO,2005Q3,1.72,2.02,/Users/vazea/Desktop/NNW/transcripts_by_company/MI_HOMES_INC_2005Q3.txt,0.2022438645362854,0.303753137588501,0.76730335354805,True
KVHI,2016Q2,0.08,0.06,/Users/vazea/Desktop/NNW/transcripts_by_company/KVH_INDUSTRIES_INC_2016Q2.txt,0.2133651226758957,0.17134447395801544,0.7992410719394684,True
EXEL,2011Q1,-0.24,-0.2,/Users/vazea/Desktop/NNW/transcripts_by_company/EXELIXIS_INC_2011Q1.txt,0.19541023671627045,0.3266838490962982,0.7652076795697212,True
DMAN,2008Q3,0.04,0.03,/Users/vazea/Desktop/NNW/transcripts_by_company/DEMANDTEC_INC_2008Q3.txt,0.11993110924959183,0.20557983219623566,0.8543742738664151,True
VERI,2022Q4,0.05,-0.4,/Users/vazea/Desktop/NNW/transcripts_by_company/VERITONE_INC_2022Q4.txt,0.18856266140937805,0.3454999327659607,0.7643561571836472,True
PLTR,2021Q1,0.04,0.03,/Users/vazea/Desktop/NNW/transcripts_by_company/PALANTIR_TECHNOLOGIES_INC_2021Q1.txt,0.12653370201587677,0.18008601665496826,0.8574006035923958,True
MTN,2007Q3,1.99,2.0,/Users/vazea/Desktop/NNW/transcripts_by_company/VAIL_RESORTS_INC_2007Q3.txt,0.24076363444328308,0.18886300921440125,0.7748065531253815,True
AIT,2002Q3,0.14,0.14,/Users/vazea/Desktop/NNW/transcripts_by_company/APPLIED_INDUSTRIAL_TECHNOLOGIES_2002Q3.txt,0.3001669645309448,0.36964529752731323,0.6789895355701447,True
HUBG,2020Q2,0.39,0.19,/Users/vazea/Desktop/NNW/transcripts_by_company/HUB_GROUP_INC_2020Q2.txt,0.18044254183769226,0.27268338203430176,0.7918852061033249,True
GD,2016Q1,2.34,2.17,/Users/vazea/Desktop/NNW/transcripts_by_company/GENERAL_DYNAMICS_CORP_2016Q1.txt,0.09729542583227158,0.17545680701732635,0.879256159812212,True
LFUS,2003Q3,0.19,0.15,/Users/vazea/Desktop/NNW/transcripts_by_company/LITTELFUSE_INC_2003Q3.txt,0.10288681089878082,0.32119059562683105,0.8316220536828041,True
BLOX,2014Q2,0.11,0.1,/Users/vazea/Desktop/NNW/transcripts_by_company/INFOBLOX_INC_2014Q2.txt,0.057820796966552734,0.22106647491455078,0.8932054996490478,True
ALK,2003Q2,0.03,-0.5,/Users/vazea/Desktop/NNW/transcripts_by_company/ALASKA_AIR_GROUP_INC_2003Q2.txt,0.1733189970254898,0.1586121767759323,0.8310930490493774,True
CTL,2009Q1,0.82,0.8,/Users/vazea/Desktop/NNW/transcripts_by_company/CENTURYLINK_INC_2009Q1.txt,0.2531408667564392,0.2770381271839142,0.7396899551153183,True
AXE,2006Q2,1.15,0.8,/Users/vazea/Desktop/NNW/transcripts_by_company/ANIXTER_INTERNATIONAL_INC_2006Q2.txt,0.1899174451828003,0.42622071504592896,0.7391915738582611,True
CAKE,2005Q1,0.24,0.24,/Users/vazea/Desktop/NNW/transcripts_by_company/CHEESECAKE_FACTORY_INC_2005Q1.txt,0.2385493367910385,0.18975652754306793,0.7760885059833527,True
AYI,2005Q1,0.3,0.32,/Users/vazea/Desktop/NNW/transcripts_by_company/ACUITY_BRANDS_INC_2005Q1.txt,0.1798374354839325,0.36823028326034546,0.7636447101831436,True
WIFI,2013Q3,0.01,0.02,/Users/vazea/Desktop/NNW/transcripts_by_company/BOINGO_WIRELESS_INC_2013Q3.txt,0.21606481075286865,0.18637694418430328,0.792841549217701,True
HVT,2015Q1,0.27,0.28,/Users/vazea/Desktop/NNW/transcripts_by_company/HAVERTY_FURNITURE_COMPANIES_INC_2015Q1.txt,0.17484399676322937,0.22002696990966797,0.8116011112928391,True
ALOG,2010Q2,0.29,0.12,/Users/vazea/Desktop/NNW/transcripts_by_company/ANALOGIC_CORP_2010Q2.txt,0.2772728204727173,0.3069716989994049,0.7138175159692765,True
BGFV,2012Q1,0.01,0.03,/Users/vazea/Desktop/NNW/transcripts_by_company/BIG_5_SPORTING_GOODS_CORP_2012Q1.txt,0.13930124044418335,0.2784278094768524,0.818960788846016,True
RS,2020Q4,2.01,7.26,/Users/vazea/Desktop/NNW/transcripts_by_company/RELIANCE_INC_2020Q4.txt,0.3422025144100189,0.3931024372577667,0.6425275087356568,True
OUT,2018Q1,0.06,-0.02,/Users/vazea/Desktop/NNW/transcripts_by_company/OUTFRONT_MEDIA_INC_2018Q1.txt,0.14566075801849365,0.2511644959449768,0.8226881206035614,True
REV,2005Q2,-0.1,-0.1,/Users/vazea/Desktop/NNW/transcripts_by_company/REVLON_2005Q2.txt,0.3136081099510193,0.34238454699516296,0.6777589589357376,True
TEVA,2010Q1,0.91,0.9,/Users/vazea/Desktop/NNW/transcripts_by_company/TEVA_PHARMACEUTICAL_INDUSTRIES_L_2010Q1.txt,0.16285580396652222,0.22082552313804626,0.8197532802820205,True
LANC,2008Q1,0.51,0.46,/Users/vazea/Desktop/NNW/transcripts_by_company/LANCASTER_COLONY_CORP_2008Q1.txt,0.33203718066215515,0.13526862859725952,0.7269933849573136,True
RST,2012Q2,-0.22,-0.16,/Users/vazea/Desktop/NNW/transcripts_by_company/ROSETTA_STONE_INC_2012Q2.txt,0.1804439127445221,0.24481673538684845,0.8002442404627801,True
PH,2014Q3,1.6,1.62,/Users/vazea/Desktop/NNW/transcripts_by_company/PARKERHANNIFIN_CORP_2014Q3.txt,0.15470610558986664,0.4036614000797272,0.7706073060631753,True
ECL,2007Q2,0.42,0.41,/Users/vazea/Desktop/NNW/transcripts_by_company/ECOLAB_INC_2007Q2.txt,0.1387302279472351,0.27349111437797546,0.8208415061235428,True
EXAS,2021Q4,-1.28,-3.16,/Users/vazea/Desktop/NNW/transcripts_by_company/EXACT_SCIENCES_CORP_2021Q4_1.txt,0.18498940765857697,0.2022504061460495,0.8098322927951813,True
ZGNX,2021Q3,-1.04,-0.97,/Users/vazea/Desktop/NNW/transcripts_by_company/ZOGENIX_INC_2021Q3.txt,0.08521866798400879,0.27595216035842896,0.8575612843036652,True
NGL,2020Q2,-1.72,0.22,/Users/vazea/Desktop/NNW/transcripts_by_company/NGL_ENERGY_PARTNERS_LP_2020Q2.txt,0.229622021317482,0.10115267336368561,0.8089187830686569,True
ASGN,2004Q1,-0.06,-0.06,/Users/vazea/Desktop/NNW/transcripts_by_company/ON_ASSIGNMENT_INC_2004Q1.txt,0.32755351066589355,0.2786749005317688,0.687110072374344,True
LX,2021Q1,3.72,1.97,/Users/vazea/Desktop/NNW/transcripts_by_company/LEXINFINTECH_HOLDINGS_LTD_2021Q1.txt,0.1455540955066681,0.327677845954895,0.7998087793588639,True
FSV,2016Q2,0.52,0.5,/Users/vazea/Desktop/NNW/transcripts_by_company/FIRSTSERVICE_CORP_2016Q2.txt,0.2075214833021164,0.4359510540962219,0.7239496454596519,True
GTS,2009Q4,0.83,1.92,/Users/vazea/Desktop/NNW/transcripts_by_company/TRIPLES_MANAGEMENT_CORP_2009Q4.txt,0.10056738555431366,0.1392391473054886,0.8878310859203339,True
PB,2017Q2,0.99,0.99,/Users/vazea/Desktop/NNW/transcripts_by_company/PROSPERITY_BANCSHARES_INC_2017Q2.txt,0.1160014420747757,0.19958126544952393,0.8589246109127998,True
HUYA,2021Q4,-1.01,1.46,/Users/vazea/Desktop/NNW/transcripts_by_company/HUYA_INC_2021Q4.txt,0.09140034765005112,0.12632831931114197,0.8981212608516216,True
HMHC,2018Q2,-0.19,-0.06,/Users/vazea/Desktop/NNW/transcripts_by_company/HOUGHTON_MIFFLIN_HARCOURT_CO_2018Q2.txt,0.2191152274608612,0.3044787049293518,0.7552757292985917,True
TPIC,2020Q4,0.14,-0.64,/Users/vazea/Desktop/NNW/transcripts_by_company/TPI_COMPOSITES_INC_2020Q4.txt,0.15395109355449677,0.24354012310504913,0.8191721975803375,True
EXC,2020Q1,0.87,0.85,/Users/vazea/Desktop/NNW/transcripts_by_company/EXELON_CORP_2020Q1.txt,0.14275336265563965,0.1915552318096161,0.8426060765981674,True
TSEM,2018Q3,0.37,0.39,/Users/vazea/Desktop/NNW/transcripts_by_company/TOWER_SEMICONDUCTOR_LTD_2018Q3.txt,0.2146805226802826,0.4476831555366516,0.7154186874628067,True
FUTU,2019Q4,0.39,2.268,/Users/vazea/Desktop/NNW/transcripts_by_company/FUTU_HOLDINGS_LTD_2019Q4.txt,0.26310834288597107,0.11193986982107162,0.7822421990334988,True
FOR,2013Q2,0.02,0.05,/Users/vazea/Desktop/NNW/transcripts_by_company/FORESTAR_GROUP_INC_2013Q2.txt,0.20751553773880005,0.2342223972082138,0.7844724044203759,True
CBRL,2013Q2,1.43,1.25,/Users/vazea/Desktop/NNW/transcripts_by_company/CRACKER_BARREL_OLD_COUNTRY_STORE_2013Q2.txt,0.21923398971557617,0.3400946855545044,0.7445078015327453,True
SFBS,2017Q1,0.42,0.39,/Users/vazea/Desktop/NNW/transcripts_by_company/SERVISFIRST_BANCSHARES_INC_2017Q1.txt,0.10028063505887985,0.26521411538124084,0.8502393208444119,True
MGNX,2020Q3,-0.66,-0.93,/Users/vazea/Desktop/NNW/transcripts_by_company/MACROGENICS_INC_2020Q3.txt,0.2342292070388794,0.2869427800178528,0.7499567210674286,True
DOX,2015Q2,0.82,0.81,/Users/vazea/Desktop/NNW/transcripts_by_company/AMDOCS_LTD_2015Q2.txt,0.3461509346961975,0.310496062040329,0.6645455271005631,True
SZ,2005Q2,0.03,0.06,/Users/vazea/Desktop/NNW/transcripts_by_company/WORLDWIDE_RESTAURANT_2005Q2.txt,0.21635814011096954,0.07051467150449753,0.8273949004709721,True
INVE,2012Q1,-0.11,-0.06,/Users/vazea/Desktop/NNW/transcripts_by_company/IDENTIVE_GROUP_INC_2012Q1.txt,0.16859421133995056,0.33472001552581787,0.7815680474042892,True
BYD,2005Q4,0.76,2.37,/Users/vazea/Desktop/NNW/transcripts_by_company/BOYD_GAMING_CORP_2005Q4.txt,0.16334214806556702,0.1169624850153923,0.8505717508494854,True
ETR,2003Q3,1.57,1.55,/Users/vazea/Desktop/NNW/transcripts_by_company/ENTERGY_CORP_2003Q3.txt,0.30924665927886963,0.0874265655875206,0.7572993688285351,True
ZYNE,2016Q4,-0.7,-2.59,/Users/vazea/Desktop/NNW/transcripts_by_company/ZYNERBA_PHARMACEUTICALS_INC_2016Q4.txt,0.22651219367980957,0.22452273964881897,0.7740846425294876,True
CDLX,2023Q3,0.01,-0.01,/Users/vazea/Desktop/NNW/transcripts_by_company/CARDLYTICS_INC_2023Q3.txt,0.2583262026309967,0.35412314534187317,0.7129347145557403,True
HON,2007Q2,0.78,0.75,/Users/vazea/Desktop/NNW/transcripts_by_company/HONEYWELL_INTERNATIONAL_INC_2007Q2.txt,0.15222911536693573,0.30224812030792236,0.8027651831507683,True
CIEN,2013Q3,0.23,0.16,/Users/vazea/Desktop/NNW/transcripts_by_company/CIENA_CORP_2013Q3.txt,0.23597659170627594,0.3443831205368042,0.7315014496445655,True
CRI,2011Q4,0.63,1.9,/Users/vazea/Desktop/NNW/transcripts_by_company/CARTERS_INC_2011Q4.txt,0.22274494171142578,0.1190573200583458,0.8083613447844982,True
HMSY,2015Q1,0.11,0.12,/Users/vazea/Desktop/NNW/transcripts_by_company/HMS_HOLDINGS_CORP_2015Q1.txt,0.14240799844264984,0.23637345433235168,0.8294023647904396,True
ABG,2019Q4,2.53,9.23,/Users/vazea/Desktop/NNW/transcripts_by_company/ASBURY_AUTOMOTIVE_GROUP_INC_2019Q4.txt,0.12112941592931747,0.1850936859846115,0.8596813030540943,True
PCTI,2017Q4,0.08,0.27,/Users/vazea/Desktop/NNW/transcripts_by_company/PCTEL_INC_2017Q4.txt,0.2328801304101944,0.3715044856071472,0.7255325630307198,True
ICD,2014Q4,0.02,-0.07,/Users/vazea/Desktop/NNW/transcripts_by_company/INDEPENDENCE_CONTRACT_DRILLING_I_2014Q4.txt,0.19253018498420715,0.15877139568328857,0.8175974518060685,True
BCDA,2023Q1,-0.17,-0.18,/Users/vazea/Desktop/NNW/transcripts_by_company/BIOCARDIA_INC_2023Q1.txt,0.16222698986530304,0.16805166006088257,0.8360256090760231,True
EXPE,2014Q1,0.16,0.13,/Users/vazea/Desktop/NNW/transcripts_by_company/EXPEDIA_GROUP_INC_2014Q1.txt,0.10493076592683792,0.27514877915382385,0.8440038301050663,True
ATRS,2019Q1,-0.03,-0.04,/Users/vazea/Desktop/NNW/transcripts_by_company/ANTARES_PHARMA_INC_2019Q1.txt,0.18521486222743988,0.16302388906478882,0.8214424297213554,True
DAVE,2016Q3,0.01,0.1,/Users/vazea/Desktop/NNW/transcripts_by_company/FAMOUS_DAVES_OF_AMERICA_2016Q3.txt,0.223387211561203,0.24603337049484253,0.7698189407587052,True
BPMP,2020Q3,0.42,0.38,/Users/vazea/Desktop/NNW/transcripts_by_company/BP_MIDSTREAM_PARTNERS_LP_2020Q3.txt,0.1510818898677826,0.21170201897621155,0.8307320713996887,True
XRX,2012Q3,0.25,0.25,/Users/vazea/Desktop/NNW/transcripts_by_company/XEROX_CORP_2012Q3.txt,0.29453712701797485,0.21527332067489624,0.7292420148849488,True
HD,2009Q1,0.41,0.38,/Users/vazea/Desktop/NNW/transcripts_by_company/HOME_DEPOT_INC_2009Q1.txt,0.08482307195663452,0.3594817519187927,0.832779324054718,True
AMBR,2017Q3,-0.02,-0.08,/Users/vazea/Desktop/NNW/transcripts_by_company/AMBER_ROAD_INC_2017Q3.txt,0.24231016635894775,0.3435402512550354,0.727320808172226,True
RBBN,2018Q4,0.26,0.56,/Users/vazea/Desktop/NNW/transcripts_by_company/RIBBON_COMMUNICATIONS_INC_2018Q4.txt,0.10917115956544876,0.43883052468299866,0.7919310308992863,True
MMP,2012Q1,0.94,0.98,/Users/vazea/Desktop/NNW/transcripts_by_company/MAGELLAN_MIDSTREAM_PARTNERS_LP_2012Q1.txt,0.15721365809440613,0.23089659214019775,0.8206814616918564,True
KNDI,2020Q4,-0.2,0.15,/Users/vazea/Desktop/NNW/transcripts_by_company/KANDI_TECHNOLOGIES_GROUP_INC_2020Q4.txt,0.1164804995059967,0.16203993558883667,0.8698516696691513,True
AES,2005Q1,0.17,0.18,/Users/vazea/Desktop/NNW/transcripts_by_company/AES_CORP_2005Q1.txt,0.3161453306674957,0.30550089478492737,0.6870480000972747,True
ULBI,2012Q1,-0.09,0.06,/Users/vazea/Desktop/NNW/transcripts_by_company/ULTRALIFE_CORP_2012Q1.txt,0.20943845808506012,0.39322927594184875,0.7354242965579033,True
EMAN,2023Q2,-0.13,-0.03,/Users/vazea/Desktop/NNW/transcripts_by_company/EMAGIN_CORP_2023Q2.txt,0.2009809911251068,0.0,0.7990190088748932,False
BRC,2005Q1,0.83,0.58,/Users/vazea/Desktop/NNW/transcripts_by_company/BRADY_CORP_2005Q1.txt,0.1806984692811966,0.12521962821483612,0.8359451830387116,True
USG,2013Q2,0.23,0.18,/Users/vazea/Desktop/NNW/transcripts_by_company/USG_CORPORATION_2013Q2.txt,0.20723024010658264,0.28270989656448364,0.770125862956047,True
MERR,2008Q3,-0.93,-0.18,/Users/vazea/Desktop/NNW/transcripts_by_company/MERRIMAN_CURHAN_FORD_GROUP_INC_2008Q3.txt,0.26358214020729065,0.27216070890426636,0.7338442891836167,True
PLT,2009Q4,0.01,0.78,/Users/vazea/Desktop/NNW/transcripts_by_company/PLANTRONICS_INC_2009Q4.txt,0.2248826026916504,0.20376434922218323,0.7814528733491898,True
VRML,2012Q3,-0.13,-0.21,/Users/vazea/Desktop/NNW/transcripts_by_company/VERMILLION_INC_2012Q3.txt,0.16277050971984863,0.23038850724697113,0.8169440910220146,True
DXLG,2020Q1,-0.04,-0.02,/Users/vazea/Desktop/NNW/transcripts_by_company/DESTINATION_XL_GROUP_INC_2020Q1.txt,0.11170809715986252,0.28906628489494324,0.8350844465196132,True
AMZN,2008Q4,0.52,1.38,/Users/vazea/Desktop/NNW/transcripts_by_company/AMAZONCOM_INC_2008Q4.txt,0.12392878532409668,0.2559588849544525,0.8364621847867966,True
AACC,2011Q4,0.14,0.35,/Users/vazea/Desktop/NNW/transcripts_by_company/ASSET_ACCEPTANCE_CAPITAL_CORP_2011Q4.txt,0.23207154870033264,0.4125789999961853,0.7137762159109116,True
CVSI,2021Q1,-0.03,-0.02,/Users/vazea/Desktop/NNW/transcripts_by_company/CV_SCIENCES_INC_2021Q1.txt,0.39737504720687866,0.23809751868247986,0.650408211350441,True
IMGN,2011Q2,-0.21,-0.22,/Users/vazea/Desktop/NNW/transcripts_by_company/IMMUNOGEN_INC_2011Q2.txt,0.21768033504486084,0.17485402524471283,0.7951675578951836,True
ACET,2011Q3,0.14,0.17,/Users/vazea/Desktop/NNW/transcripts_by_company/ACETO_CORP_2011Q3.txt,0.1157669872045517,0.20407648384571075,0.8577401638031006,True
HON,2019Q3,2.08,2.01,/Users/vazea/Desktop/NNW/transcripts_by_company/HONEYWELL_INTERNATIONAL_INC_2019Q3.txt,0.20867455005645752,0.20739758014678955,0.7917085409164428,True
MCGC,2010Q4,0.17,0.58,/Users/vazea/Desktop/NNW/transcripts_by_company/MCG_CAPITAL_CORPORATION_2010Q4.txt,0.4356245994567871,0.21254228055477142,0.6313000962138176,True
WCC,2020Q2,1.36,0.61,/Users/vazea/Desktop/NNW/transcripts_by_company/WESCO_INTERNATIONAL_INC_2020Q2.txt,0.16501054167747498,0.3529036343097687,0.778621530532837,True
SMG,2021Q4,-0.82,9.25,/Users/vazea/Desktop/NNW/transcripts_by_company/SCOTTS_MIRACLEGRO_CO_2021Q4.txt,0.2048303186893463,0.040689557790756226,0.8444119095802307,True
ARGS,2016Q3,-0.32,-0.33,/Users/vazea/Desktop/NNW/transcripts_by_company/ARGOS_THERAPEUTICS_INC_2016Q3.txt,0.223006010055542,0.20688007771968842,0.7818317696452141,True
DISCA,2009Q1,0.28,0.25,/Users/vazea/Desktop/NNW/transcripts_by_company/DISCOVERY_INC_2009Q1.txt,0.13686403632164001,0.30788782238960266,0.8118288278579712,True
KSS,2018Q3,0.7,0.72,/Users/vazea/Desktop/NNW/transcripts_by_company/KOHLS_CORP_2018Q3.txt,0.3328678607940674,0.2669259309768677,0.6869147181510926,True
ETM,2016Q3,0.28,0.23,/Users/vazea/Desktop/NNW/transcripts_by_company/ENTERCOM_COMMUNICATIONS_CORP_2016Q3.txt,0.13932012021541595,0.22885297238826752,0.8338200241327286,True
CARB,2016Q1,0.15,-0.06,/Users/vazea/Desktop/NNW/transcripts_by_company/CARBONITE_INC_2016Q1.txt,0.20243322849273682,0.33823317289352417,0.756826788187027,True
MO,2002Q1,1.14,1.14,/Users/vazea/Desktop/NNW/transcripts_by_company/PHILIP_MORRIS_INC_2002Q1.txt,0.3959072232246399,0.2616736888885498,0.6443628370761871,True
HZO,2019Q1,0.21,0.16,/Users/vazea/Desktop/NNW/transcripts_by_company/MARINEMAX_INC_2019Q1.txt,0.2911299467086792,0.40077507495880127,0.6759765148162842,True
PINC,2021Q4,0.6,2.46,/Users/vazea/Desktop/NNW/transcripts_by_company/PREMIER_INC_2021Q4.txt,0.25788867473602295,0.1463928520679474,0.7755600720643997,True
SWK,2017Q3,1.95,1.86,/Users/vazea/Desktop/NNW/transcripts_by_company/STANLEY_BLACK_DECKER_INC_2017Q3.txt,0.24673329293727875,0.2583419680595398,0.7497841045260429,True
HFC,2014Q2,0.99,1.37,/Users/vazea/Desktop/NNW/transcripts_by_company/HOLLYFRONTIER_CORP_2014Q2.txt,0.08288012444972992,0.11255756765604019,0.908216642588377,True
FRME,2014Q4,0.41,1.64,/Users/vazea/Desktop/NNW/transcripts_by_company/FIRST_MERCHANTS_CORP_2014Q4.txt,0.20768970251083374,0.3355775475502014,0.753943943977356,True
THS,2016Q4,1.14,2.82,/Users/vazea/Desktop/NNW/transcripts_by_company/TREEHOUSE_FOODS_INC_2016Q4.txt,0.2787175178527832,0.3604304790496826,0.6967685937881469,True
HBHC,2011Q3,0.53,0.53,/Users/vazea/Desktop/NNW/transcripts_by_company/HANCOCK_WHITNEY_CORP_2011Q3.txt,0.3160490393638611,0.34268707036972046,0.6759595513343811,True
EPAX,2004Q4,-0.41,1.51,/Users/vazea/Desktop/NNW/transcripts_by_company/AMBASSADOR_GROUP_INC_2004Q4.txt,0.16464532911777496,0.15376494824886322,0.8386187851428986,True
BMA,2022Q4,1.973,3.27,/Users/vazea/Desktop/NNW/transcripts_by_company/BANCO_MACRO_SA_2022Q4.txt,0.14565669000148773,0.1740565150976181,0.8458233624696732,True
MED,2022Q3,3.27,1.85,/Users/vazea/Desktop/NNW/transcripts_by_company/MEDIFAST_INC_2022Q3.txt,0.16163270175457,0.19592176377773285,0.8280805796384811,True
RH,2019Q2,2.05,1.75,/Users/vazea/Desktop/NNW/transcripts_by_company/RH_2019Q2.txt,0.2962246835231781,0.2888866364955902,0.7059767305850984,True
FSTR,2011Q2,0.61,0.67,/Users/vazea/Desktop/NNW/transcripts_by_company/L_B_FOSTER_CO_2011Q2.txt,0.10693638771772385,0.2852539122104645,0.8395683549344539,True
HES,2017Q2,-1.41,-1.03,/Users/vazea/Desktop/NNW/transcripts_by_company/HESS_CORP_2017Q2.txt,0.08667110651731491,0.037986453622579575,0.9279342893511057,True
VERI,2017Q4,-0.83,-5.64,/Users/vazea/Desktop/NNW/transcripts_by_company/VERITONE_INC_2017Q4.txt,0.25868192315101624,0.18429480493068695,0.7636342123150826,True
GWW,2020Q4,3.66,16.35,/Users/vazea/Desktop/NNW/transcripts_by_company/WW_GRAINGER_INC_2020Q4.txt,0.1659787893295288,0.2969024181365967,0.7947441220283509,True
EV,2011Q1,0.3,0.43,/Users/vazea/Desktop/NNW/transcripts_by_company/EATON_VANCE_CORP_2011Q1.txt,0.10725687444210052,0.1129826009273529,0.8910254076123237,True
AMZN,2010Q1,0.66,0.6,/Users/vazea/Desktop/NNW/transcripts_by_company/AMAZONCOM_INC_2010Q1.txt,0.08811032027006149,0.3116461932659149,0.8448289178311825,True
DLTH,2022Q4,0.53,0.85,/Users/vazea/Desktop/NNW/transcripts_by_company/DULUTH_HOLDINGS_INC_2022Q4.txt,0.05627869442105293,0.4069928526878357,0.8385070580989122,True
HELE,2017Q1,1.27,1.11,/Users/vazea/Desktop/NNW/transcripts_by_company/HELEN_OF_TROY_LTD_2017Q1.txt,0.21121837198734283,0.3772619962692261,0.7389685407280921,True
GEO,2016Q4,0.62,1.89,/Users/vazea/Desktop/NNW/transcripts_by_company/GEO_GROUP_INC_2016Q4.txt,0.17631123960018158,-0.04057324305176735,0.8887541051954031,True
AMDA,2015Q4,-5.07,-0.44,/Users/vazea/Desktop/NNW/transcripts_by_company/AMEDICA_CORP_2015Q4.txt,0.2272186130285263,-0.028726236894726753,0.8495648419484496,True
COOL,2009Q4,-0.16,0.13,/Users/vazea/Desktop/NNW/transcripts_by_company/MAJESCO_ENTERTAINMENT_COMPANY_2009Q4.txt,0.2269487977027893,-0.05420991778373718,0.8573988169431687,True
QCOM,2014Q4,1.26,5.32,/Users/vazea/Desktop/NNW/transcripts_by_company/QUALCOMM_INC_2014Q4.txt,0.2917254567146301,0.2238069772720337,0.7286500871181488,True
DLTR,2006Q3,0.29,0.27,/Users/vazea/Desktop/NNW/transcripts_by_company/DOLLAR_TREE_STORES_INC_2006Q3.txt,0.10470952838659286,0.11848711967468262,0.8911571942269803,True
KSU,2004Q4,0.12,0.46,/Users/vazea/Desktop/NNW/transcripts_by_company/KANSAS_CITY_SOUTHERN_2004Q4.txt,0.41662976145744324,0.32820308208465576,0.609898242354393,True
MRNS,2023Q2,-0.61,-0.74,/Users/vazea/Desktop/NNW/transcripts_by_company/MARINUS_PHARMACEUTICALS_INC_2023Q2.txt,0.19087812304496765,0.24334318935871124,0.7933823570609093,True
MS,2019Q3,1.27,1.22,/Users/vazea/Desktop/NNW/transcripts_by_company/MORGAN_STANLEY_2019Q3.txt,0.26422277092933655,0.15439555048942566,0.7687253952026367,True
UPL,2011Q3,0.72,0.65,/Users/vazea/Desktop/NNW/transcripts_by_company/ULTRA_PETROLEUM_CORP_2011Q3.txt,0.18974432349205017,0.16084305942058563,0.8189260557293891,True
CMCSA,2013Q2,0.65,0.63,/Users/vazea/Desktop/NNW/transcripts_by_company/COMCAST_CORP_2013Q2.txt,0.2020280510187149,0.09317783266305923,0.8306270144879818,True
MAR,2003Q1,0.36,0.36,/Users/vazea/Desktop/NNW/transcripts_by_company/MARRIOTT_INTERNATIONAL_INC_2003Q1.txt,0.11984347552061081,0.20905153453350067,0.8533941067755222,True
CHWY,2023Q4,0.01,-0.02,/Users/vazea/Desktop/NNW/transcripts_by_company/CHEWY_INC_2023Q4.txt,0.2873804271221161,0.27003607153892517,0.7178228795528412,True
JPM,2001Q1,0.7,0.75,/Users/vazea/Desktop/NNW/transcripts_by_company/JPMORGAN_CHASE_CO_2001Q1_1.txt,0.18427357077598572,0.0,0.8157264292240143,False
ATVI,2018Q2,0.41,0.35,/Users/vazea/Desktop/NNW/transcripts_by_company/ACTIVISION_BLIZZARD_INC_2018Q2.txt,0.21594108641147614,0.1764429658651352,0.7959083497524262,True
MDU,2003Q2,0.58,0.5,/Users/vazea/Desktop/NNW/transcripts_by_company/MDU_RESOURCES_GROUP_INC_2003Q2.txt,0.14520934224128723,0.19050437211990356,0.8412021487951279,True
VRTS,2016Q2,1.24,1.39,/Users/vazea/Desktop/NNW/transcripts_by_company/VIRTUS_INVESTMENT_PARTNERS_INC_2016Q2.txt,0.07790663093328476,0.1146358996629715,0.9110745884478092,True
FTAI,2021Q4,-0.19,-1.14,/Users/vazea/Desktop/NNW/transcripts_by_company/FORTRESS_TRANSPORTATION_AND_INFR_2021Q4.txt,0.2143726795911789,0.22791095077991486,0.7815658390522003,True
DTLK,2015Q1,0.11,0.17,/Users/vazea/Desktop/NNW/transcripts_by_company/DATALINK_CORP_2015Q1.txt,0.21262358129024506,0.2268984019756317,0.783093972504139,True
GDDY,2022Q3,0.63,0.61,/Users/vazea/Desktop/NNW/transcripts_by_company/GODADDY_INC_2022Q3.txt,0.21056096255779266,0.3047622740268707,0.7611786440014839,True
ARC,2015Q2,0.13,0.12,/Users/vazea/Desktop/NNW/transcripts_by_company/ARC_DOCUMENT_SOLUTIONS_INC_2015Q2.txt,0.16517320275306702,0.19670039415359497,0.8253686398267746,True
GTN,2013Q4,0.09,0.34,/Users/vazea/Desktop/NNW/transcripts_by_company/GRAY_TELEVISION_INC_2013Q4.txt,0.25045090913772583,0.10119166225194931,0.7943268649280071,True
DDOG,2020Q2,0.05,0.01,/Users/vazea/Desktop/NNW/transcripts_by_company/DATADOG_INC_2020Q2.txt,0.17803046107292175,0.2549659013748169,0.7988889068365097,True
ERII,2009Q3,0.01,0.0,/Users/vazea/Desktop/NNW/transcripts_by_company/ENERGY_RECOVERY_INC_2009Q3.txt,0.17125573754310608,0.28541484475135803,0.7944965302944184,True
SCKT,2022Q4,-0.02,-0.09,/Users/vazea/Desktop/NNW/transcripts_by_company/SOCKET_MOBILE_INC_2022Q4.txt,0.13548263907432556,0.2793477177619934,0.8213578373193742,True
AKYA,2022Q4,-0.5,-1.83,/Users/vazea/Desktop/NNW/transcripts_by_company/AKOYA_BIOSCIENCES_INC_2022Q4.txt,0.2042667716741562,0.2456204891204834,0.7833271130919457,True
AVNX,2002Q3,-0.11,-0.12,/Users/vazea/Desktop/NNW/transcripts_by_company/AVANEX_CORPORATION_2002Q3.txt,0.1449403017759323,0.1781487911939621,0.8450971513986587,True
TAST,2011Q1,0.14,0.12,/Users/vazea/Desktop/NNW/transcripts_by_company/CARROLS_RESTAURANT_GROUP_INC_2011Q1.txt,0.1802811175584793,0.1382611095905304,0.8323248848319054,True
DSX,2008Q3,0.77,0.75,/Users/vazea/Desktop/NNW/transcripts_by_company/DIANA_SHIPPING_INC_2008Q3.txt,0.19597584009170532,0.1379799097776413,0.8214229390025138,True
TGI,2020Q3,0.69,0.65,/Users/vazea/Desktop/NNW/transcripts_by_company/TRIUMPH_GROUP_INC_2020Q3.txt,0.12352200597524643,0.09343767166137695,0.8855032943189144,True
HGBL,2022Q1,0.02,0.05,/Users/vazea/Desktop/NNW/transcripts_by_company/HERITAGE_GLOBAL_INC_2022Q1.txt,0.09726408123970032,0.20546506345272064,0.8702756240963936,True
PKE,2002Q4,-0.05,-0.73,/Users/vazea/Desktop/NNW/transcripts_by_company/PARK_ELECTROCHEMICAL_CORP_2002Q4.txt,0.2246571034193039,0.0,0.7753428965806961,False
CNX,2009Q4,0.78,2.92,/Users/vazea/Desktop/NNW/transcripts_by_company/CONSOL_ENERGY_INC_2009Q4.txt,0.21191303431987762,0.05888195335865021,0.8339962899684906,True
EVOL,2016Q2,0.07,0.09,/Users/vazea/Desktop/NNW/transcripts_by_company/EVOLVING_SYSTEMS_INC_2016Q2.txt,0.18905985355377197,0.14512094855308533,0.824121817946434,True
WYNN,2021Q4,-1.37,-5.86,/Users/vazea/Desktop/NNW/transcripts_by_company/WYNN_RESORTS_LTD_2021Q4.txt,0.15049085021018982,0.35950395464897156,0.7868052184581756,True
ANGO,2011Q3,0.15,0.13,/Users/vazea/Desktop/NNW/transcripts_by_company/ANGIODYNAMICS_INC_2011Q3.txt,0.20131905376911163,0.3157263696193695,0.764358751475811,True
XPEV,2023Q1,-2.71,-1.57,/Users/vazea/Desktop/NNW/transcripts_by_company/XPENG_INC_2023Q1.txt,0.06493619829416275,0.18286791443824768,0.8996842868626118,True
LYB,2016Q4,2.16,9.5,/Users/vazea/Desktop/NNW/transcripts_by_company/LYONDELLBASELL_INDUSTRIES_NV_2016Q4.txt,0.3454495072364807,0.20538298785686493,0.696570448577404,True
DGICA,2013Q1,0.2,0.28,/Users/vazea/Desktop/NNW/transcripts_by_company/DONEGAL_GROUP_INC_2013Q1.txt,0.05243108049035072,0.3148711621761322,0.8688368950039148,True
PHM,2009Q4,-0.31,-4.11,/Users/vazea/Desktop/NNW/transcripts_by_company/PULTEGROUP_INC_2009Q4.txt,0.29916054010391235,0.301603227853775,0.7001066535711289,True
KNX,2009Q2,0.15,0.15,/Users/vazea/Desktop/NNW/transcripts_by_company/KNIGHT_TRANSPORTATION_INC_2009Q2.txt,0.13144581019878387,0.2056758999824524,0.8462851628661155,True
HSON,2016Q1,-0.08,-0.03,/Users/vazea/Desktop/NNW/transcripts_by_company/HUDSON_GLOBAL_INC_2016Q1.txt,0.2373039275407791,0.0,0.7626960724592209,False
ALKS,2004Q4,-0.28,-1.01,/Users/vazea/Desktop/NNW/transcripts_by_company/ALKERMES_INC_2004Q4.txt,0.12292905151844025,0.2097320258617401,0.8510300561785697,True
LNC,2002Q4,0.63,2.66,/Users/vazea/Desktop/NNW/transcripts_by_company/LINCOLN_NATIONAL_CORP_2002Q4.txt,0.21338112652301788,0.285523921251297,0.7649760350584984,True
CPRT,2023Q4,0.34,2.49,/Users/vazea/Desktop/NNW/transcripts_by_company/COPART_INC_2023Q4.txt,0.33909326791763306,0.11856633424758911,0.7270648121833801,True
QDEL,2018Q2,0.36,0.24,/Users/vazea/Desktop/NNW/transcripts_by_company/QUIDEL_CORP_2018Q2.txt,0.1398896425962448,0.16323153674602509,0.8531077891588211,True
TMUS,2017Q4,0.61,2.44,/Users/vazea/Desktop/NNW/transcripts_by_company/TMOBILE_US_INC_2017Q4.txt,0.39167487621307373,0.2269773930311203,0.6577343687415123,True
CINF,2008Q1,0.66,0.77,/Users/vazea/Desktop/NNW/transcripts_by_company/CINCINNATI_FINANCIAL_CORP_2008Q1.txt,0.31743618845939636,0.3866538405418396,0.6617985159158707,True
DRNA,2019Q3,-0.45,-0.29,/Users/vazea/Desktop/NNW/transcripts_by_company/DICERNA_PHARMACEUTICALS_INC_2019Q3.txt,0.1968206763267517,0.31626346707344055,0.7673464864492416,True
SCPH,2022Q3,-0.37,-0.47,/Users/vazea/Desktop/NNW/transcripts_by_company/SCPHARMACEUTICALS_INC_2022Q3.txt,0.17398953437805176,0.16045895218849182,0.8300696402788162,True
SGEN,2012Q4,-0.09,-0.47,/Users/vazea/Desktop/NNW/transcripts_by_company/SEATTLE_GENETICS_INC_2012Q4.txt,0.1667821705341339,0.21899494528770447,0.8175539970397949,True
CXP,2016Q1,0.05,0.29,/Users/vazea/Desktop/NNW/transcripts_by_company/COLUMBIA_PROPERTY_TRUST_INC_2016Q1.txt,0.09581855684518814,0.15873855352401733,0.8853054441511631,True
SNPS,2009Q4,0.33,1.74,/Users/vazea/Desktop/NNW/transcripts_by_company/SYNOPSYS_INC_2009Q4.txt,0.4186013638973236,0.2947937250137329,0.6185409277677536,True
ABT,2003Q1,0.51,0.51,/Users/vazea/Desktop/NNW/transcripts_by_company/ABBOTT_LABORATORIES_2003Q1.txt,0.3133901357650757,0.2580775022506714,0.7032036542892457,True
ALLE,2014Q4,0.76,2.41,/Users/vazea/Desktop/NNW/transcripts_by_company/ALLEGION_PLC_2014Q4.txt,0.11118647456169128,0.2179802805185318,0.8567753836512566,True
UTI,2005Q3,0.27,0.26,/Users/vazea/Desktop/NNW/transcripts_by_company/UNIVERSAL_TECHNICAL_INSTITUTE_IN_2005Q3.txt,0.26814186573028564,0.12612751126289368,0.774462440609932,True
HP,2016Q4,-0.33,-1.14,/Users/vazea/Desktop/NNW/transcripts_by_company/HELMERICH_AND_PAYNE_INC_2016Q4.txt,0.2552797794342041,0.21629443764686584,0.7564158231019974,True
CMD,2017Q3,0.51,0.51,/Users/vazea/Desktop/NNW/transcripts_by_company/CANTEL_MEDICAL_CORP_2017Q3.txt,0.188473641872406,0.17947503924369812,0.8142259389162063,True
AAON,2008Q4,0.35,1.57,/Users/vazea/Desktop/NNW/transcripts_by_company/AAON_INC_2008Q4.txt,0.21496909856796265,0.002775006229057908,0.8486891291337089,True
SABA,2011Q4,-0.1,0.11,/Users/vazea/Desktop/NNW/transcripts_by_company/SABA_SOFTWARE_INC_2011Q4.txt,0.06423625349998474,-0.006986352149397135,0.9571305281948298,True
UNFI,2018Q4,0.76,3.2,/Users/vazea/Desktop/NNW/transcripts_by_company/UNITED_NATURAL_FOODS_INC_2018Q4.txt,0.20988839864730835,0.20887652039527893,0.7904151648283004,True
WISA,2021Q1,-0.28,-0.27,/Users/vazea/Desktop/NNW/transcripts_by_company/WISA_TECHNOLOGIES_INC_2021Q1.txt,0.21893471479415894,0.20848360657691956,0.7842006176710129,True
ANEN,2007Q4,0.29,1.01,/Users/vazea/Desktop/NNW/transcripts_by_company/ANAREN_INC_2007Q4.txt,0.15323799848556519,0.42039039731025696,0.7666162818670272,True
FCX,2018Q4,0.11,1.61,/Users/vazea/Desktop/NNW/transcripts_by_company/FREEPORTMCMORAN_INC_2018Q4.txt,0.32560575008392334,0.34230121970176697,0.6693856090307235,True
IVC,2012Q4,0.11,1.0,/Users/vazea/Desktop/NNW/transcripts_by_company/INVACARE_CORP_2012Q4.txt,0.3052499294281006,0.011657530441880226,0.7828277902677655,True
KFY,2003Q3,-0.07,-0.08,/Users/vazea/Desktop/NNW/transcripts_by_company/KORN_FERRY_2003Q3.txt,0.25920403003692627,0.4356392025947571,0.6878654181957244,True
KEY,2007Q1,0.68,0.72,/Users/vazea/Desktop/NNW/transcripts_by_company/KEYCORP_2007Q1.txt,0.13517726957798004,0.26649412512779236,0.8254276737570763,True
YUM,2022Q2,1.05,1.1,/Users/vazea/Desktop/NNW/transcripts_by_company/YUM_BRANDS_INC_2022Q2.txt,0.16739460825920105,0.09218613803386688,0.8551679328083992,True
TMUS,2022Q3,0.4,0.69,/Users/vazea/Desktop/NNW/transcripts_by_company/TMOBILE_US_INC_2022Q3.txt,0.3483225107192993,0.20328420400619507,0.6951889812946319,True
HALO,2021Q1,0.37,0.31,/Users/vazea/Desktop/NNW/transcripts_by_company/HALOZYME_THERAPEUTICS_INC_2021Q1.txt,0.18638291954994202,0.03106292337179184,0.860213079303503,True
WAB,2005Q3,0.32,0.27,/Users/vazea/Desktop/NNW/transcripts_by_company/WESTINGHOUSE_AIR_BRAKE_TECHNOLOG_2005Q3.txt,0.11370375007390976,0.37613046169281006,0.8075682364404202,True
CSTL,2019Q3,0.05,-0.31,/Users/vazea/Desktop/NNW/transcripts_by_company/CASTLE_BIOSCIENCES_INC_2019Q3.txt,0.14178283512592316,0.12490654736757278,0.8632800512015819,True
GAP,2008Q1,-0.62,-0.12,/Users/vazea/Desktop/NNW/transcripts_by_company/GREAT_ATLANTIC_PAC_TEA_INC_2008Q1.txt,0.3993911147117615,0.4579130709171295,0.5830522984266282,True
UIS,2009Q1,-0.07,-0.02,/Users/vazea/Desktop/NNW/transcripts_by_company/UNISYS_CORPORATION_2009Q1.txt,0.21969205141067505,0.01867079734802246,0.8406143248081207,True
SCG,2008Q3,0.8,0.83,/Users/vazea/Desktop/NNW/transcripts_by_company/SCANA_CORP_2008Q3.txt,0.2651972770690918,0.14244519174098969,0.7716283485293388,True
PROJ,2009Q1,0.13,0.14,/Users/vazea/Desktop/NNW/transcripts_by_company/DELTEK_INC_2009Q1.txt,0.08336778730154037,0.18106169998645782,0.8873240388929844,True
ATVI,2014Q1,0.19,0.1,/Users/vazea/Desktop/NNW/transcripts_by_company/ACTIVISION_BLIZZARD_INC_2014Q1.txt,0.24153925478458405,0.30608657002449036,0.739096550643444,True
ARCE,2021Q4,-0.1,-0.31,/Users/vazea/Desktop/NNW/transcripts_by_company/ARCO_PLATFORM_LTD_2021Q4.txt,0.37673014402389526,0.19104580581188202,0.6789751574397087,True
TLRD,2019Q3,1.01,0.94,/Users/vazea/Desktop/NNW/transcripts_by_company/TAILORED_BRANDS_INC_2019Q3.txt,0.04605298116803169,0.3105528652667999,0.8745970536023379,True
JBL,2003Q2,0.16,0.16,/Users/vazea/Desktop/NNW/transcripts_by_company/JABIL_INC_2003Q2.txt,0.20880907773971558,0.29229557514190674,0.766144973039627,True
SCSC,2006Q1,0.72,0.69,/Users/vazea/Desktop/NNW/transcripts_by_company/SCANSOURCE_INC_2006Q1.txt,0.17865623533725739,0.2550233006477356,0.7984336450695991,True
NSIT,2023Q2,2.56,2.79,/Users/vazea/Desktop/NNW/transcripts_by_company/INSIGHT_ENTERPRISES_INC_2023Q2.txt,0.1605496108531952,0.38742780685424805,0.771386930346489,True
AXP,2012Q2,1.15,1.09,/Users/vazea/Desktop/NNW/transcripts_by_company/AMERICAN_EXPRESS_CO_2012Q2.txt,0.2310638725757599,0.3504791855812073,0.7331115335226059,True
ITI,2015Q1,0.0,0.02,/Users/vazea/Desktop/NNW/transcripts_by_company/ITERIS_INC_2015Q1.txt,0.1919092983007431,0.29735103249549866,0.7764581814408302,True
ATRO,2021Q4,-0.19,-0.9,/Users/vazea/Desktop/NNW/transcripts_by_company/ASTRONICS_CORP_2021Q4.txt,0.16370829939842224,0.10366316139698029,0.8543052420020103,True
NNBR,2010Q3,0.23,0.13,/Users/vazea/Desktop/NNW/transcripts_by_company/NN_INC_2010Q3.txt,0.15196436643600464,0.22959890961647034,0.8247452706098557,True
KNX,2012Q1,0.13,0.16,/Users/vazea/Desktop/NNW/transcripts_by_company/KNIGHT_TRANSPORTATION_INC_2012Q1_1.txt,0.4665517508983612,0.0,0.5334482491016388,False
LYB,2017Q4,2.73,9.97,/Users/vazea/Desktop/NNW/transcripts_by_company/LYONDELLBASELL_INDUSTRIES_NV_2017Q4.txt,0.45031964778900146,0.1547364741563797,0.638355304300785,True
BRCM,2014Q4,0.9,2.94,/Users/vazea/Desktop/NNW/transcripts_by_company/BROADCOM_CORP_2014Q4.txt,0.1986062228679657,0.3666733503341675,0.7509736388921737,True
EVRI,2018Q4,-0.04,0.05,/Users/vazea/Desktop/NNW/transcripts_by_company/EVERI_HOLDINGS_INC_2018Q4.txt,0.142506405711174,0.2903122305870056,0.8131518468260766,True
FIVN,2022Q4,0.54,1.37,/Users/vazea/Desktop/NNW/transcripts_by_company/FIVE9_INC_2022Q4.txt,0.34514114260673523,0.1767781674861908,0.7053677499294282,True
BPFH,2003Q4,0.28,0.98,/Users/vazea/Desktop/NNW/transcripts_by_company/BOSTON_PRIVATE_FINANCIAL_HOLDING_2003Q4.txt,0.290005624294281,0.21371518075466156,0.7328815087676048,True
BNHN,2005Q4,0.22,0.8,/Users/vazea/Desktop/NNW/transcripts_by_company/BENIHANA_INC_2005Q4.txt,0.41595083475112915,0.19830510020256042,0.6493428856134416,True
CCO,2022Q2,-0.14,-0.02,/Users/vazea/Desktop/NNW/transcripts_by_company/CLEAR_CHANNEL_OUTDOOR_HOLDINGS_I_2022Q2.txt,0.3726453185081482,0.32011380791664124,0.6431141346693039,True
EXPO,2006Q2,0.21,0.53,/Users/vazea/Desktop/NNW/transcripts_by_company/EXPONENT_INC_2006Q2.txt,0.11948328465223312,0.0,0.8805167153477669,False
JKS,2021Q4,0.72,1.79,/Users/vazea/Desktop/NNW/transcripts_by_company/JINKOSOLAR_HOLDING_CO_LTD_2021Q4.txt,0.1951923817396164,0.25667765736579895,0.7863620355725289,True
MTBC,2021Q4,-0.01,-0.91,/Users/vazea/Desktop/NNW/transcripts_by_company/CARECLOUD_INC_2021Q4.txt,0.33674442768096924,0.2339017540216446,0.6941083744168282,True
CMCM,2018Q1,0.48,0.64,/Users/vazea/Desktop/NNW/transcripts_by_company/CHEETAH_MOBILE_INC_2018Q1.txt,0.14069293439388275,0.3983249366283417,0.7820174649357796,True
XRTX,2013Q3,0.21,0.07,/Users/vazea/Desktop/NNW/transcripts_by_company/XYRATEX_LTD_2013Q3.txt,0.10418178141117096,0.4673255681991577,0.786875082552433,True
PETS,2013Q3,0.23,0.18,/Users/vazea/Desktop/NNW/transcripts_by_company/PETMED_EXPRESS_INC_2013Q3.txt,0.2166234850883484,0.03956569731235504,0.8364938512444496,True
USAP,2017Q3,0.02,0.17,/Users/vazea/Desktop/NNW/transcripts_by_company/UNIVERSAL_STAINLESS_ALLOY_PROD_2017Q3.txt,0.1344551295042038,0.4243490993976593,0.7785766795277596,True
AAN,2009Q4,0.46,2.04,/Users/vazea/Desktop/NNW/transcripts_by_company/AARONS_INC_2009Q4.txt,0.2419477254152298,0.4181690812110901,0.7051858678460121,True
TKLC,2005Q3,0.19,0.17,/Users/vazea/Desktop/NNW/transcripts_by_company/TEKELEC_2005Q3.txt,0.1429903209209442,0.20827147364616394,0.8374253332614898,True
DCO,2014Q1,0.42,0.32,/Users/vazea/Desktop/NNW/transcripts_by_company/DUCOMMUN_INC_2014Q1.txt,0.20741012692451477,0.0838145986199379,0.8296685315668583,True
SMG,2011Q4,-0.46,3.0,/Users/vazea/Desktop/NNW/transcripts_by_company/SCOTTS_MIRACLEGRO_CO_2011Q4.txt,0.2000003606081009,0.1914379745721817,0.8025683552026749,True
ONB,2004Q4,0.27,1.05,/Users/vazea/Desktop/NNW/transcripts_by_company/OLD_NATIONAL_BANCORP_2004Q4.txt,0.19703496992588043,0.28300613164901733,0.7771736815571785,True
TFX,2008Q3,1.11,0.96,/Users/vazea/Desktop/NNW/transcripts_by_company/TELEFLEX_INC_2008Q3.txt,0.14766478538513184,0.11575299501419067,0.8619087517261506,True
BPMP,2019Q1,0.35,0.34,/Users/vazea/Desktop/NNW/transcripts_by_company/BP_MIDSTREAM_PARTNERS_LP_2019Q1.txt,0.23047272861003876,0.28148239850997925,0.7542243704199791,True
KOOL,2010Q3,-0.02,0.0,/Users/vazea/Desktop/NNW/transcripts_by_company/THERMOGENESIS_CORP_2010Q3.txt,0.20921708643436432,0.17601199448108673,0.8007444411516189,True
ETS,2005Q2,-0.03,-0.03,/Users/vazea/Desktop/NNW/transcripts_by_company/ENTERASYS_NETWORKS_INC_2005Q2.txt,0.32967624068260193,0.09888353198766708,0.7395615719258786,True
NCIT,2013Q2,0.14,0.1,/Users/vazea/Desktop/NNW/transcripts_by_company/NCI_INC_2013Q2.txt,0.20553578436374664,0.28425854444503784,0.770847387611866,True
VG,2015Q3,0.06,0.06,/Users/vazea/Desktop/NNW/transcripts_by_company/VONAGE_HOLDINGS_CORP_2015Q3.txt,0.3578563928604126,0.2467852383852005,0.6754649534821511,True
PER,2005Q2,0.21,0.21,/Users/vazea/Desktop/NNW/transcripts_by_company/PEROT_SYSTEMS_CORPORATION_2005Q2.txt,0.18780705332756042,0.2616522014141083,0.7900394022464752,True
PBCT,2019Q2,0.33,0.34,/Users/vazea/Desktop/NNW/transcripts_by_company/PEOPLES_UNITED_FINANCIAL_INC_2019Q2.txt,0.22329984605312347,0.19958969950675964,0.7838131979107856,True
LKQ,2018Q3,0.56,0.57,/Users/vazea/Desktop/NNW/transcripts_by_company/LKQ_CORP_2018Q3.txt,0.16402886807918549,0.12415657937526703,0.8479328185319901,True
CHKP,2005Q4,0.37,1.29,/Users/vazea/Desktop/NNW/transcripts_by_company/CHECK_POINT_SOFTWARE_TECHNOLOGIE_2005Q4.txt,0.20930856466293335,-0.0026488415896892548,0.8542786572128535,True
CORI,2006Q4,0.05,0.05,/Users/vazea/Desktop/NNW/transcripts_by_company/CORILLIAN_CORP_2006Q4.txt,0.21527934074401855,0.5095014572143555,0.6964540243148805,True
UNTD,2007Q2,0.27,0.27,/Users/vazea/Desktop/NNW/transcripts_by_company/UNITED_ONLINE_INC_2007Q2.txt,0.23654672503471375,0.30362895131111145,0.743328607082367,True
PCMI,2016Q2,0.66,0.39,/Users/vazea/Desktop/NNW/transcripts_by_company/PCM_INC_2016Q2.txt,0.28887274861335754,0.21794314682483673,0.7324061319231987,True
RALY,2014Q2,-0.04,-0.2,/Users/vazea/Desktop/NNW/transcripts_by_company/RALLY_SOFTWARE_DEVELOPMENT_CORP_2014Q2.txt,0.10575898736715317,0.5552982687950134,0.7593792282044888,True
CPN,2005Q2,-0.51,-0.22,/Users/vazea/Desktop/NNW/transcripts_by_company/CALPINE_CORPORATION_2005Q2.txt,0.1567734330892563,0.2741445004940033,0.8080152466893196,True
NERV,2018Q4,-0.34,-1.28,/Users/vazea/Desktop/NNW/transcripts_by_company/MINERVA_NEUROSCIENCES_INC_2018Q4.txt,0.2588194012641907,0.20382367074489594,0.7576793178915977,True
FDX,2007Q1,1.53,1.52,/Users/vazea/Desktop/NNW/transcripts_by_company/FEDEX_CORP_2007Q1.txt,0.2771246135234833,0.1782534122467041,0.7525367468595505,True
RMBS,2017Q2,0.14,0.13,/Users/vazea/Desktop/NNW/transcripts_by_company/RAMBUS_INC_2017Q2.txt,0.1729125678539276,0.19401028752326965,0.8207581162452697,True
EZPW,2013Q4,0.43,2.0,/Users/vazea/Desktop/NNW/transcripts_by_company/EZCORP_INC_2013Q4.txt,0.26497936248779297,0.43788987398147583,0.6831474840641022,True
BPO,2009Q3,0.08,0.06,/Users/vazea/Desktop/NNW/transcripts_by_company/BROOKFIELD_OFFICE_PROPERTIES_INC_2009Q3.txt,0.16370391845703125,0.24391378462314606,0.8122331216931343,True
ARGX,2019Q2,-1.37,-0.84,/Users/vazea/Desktop/NNW/transcripts_by_company/ARGENX_SE_2019Q2.txt,0.1722429245710373,0.11059463024139404,0.8462515637278557,True
TRIP,2012Q1,0.37,0.34,/Users/vazea/Desktop/NNW/transcripts_by_company/TRIPADVISOR_INC_2012Q1.txt,0.08800916373729706,0.3010042905807495,0.8480922982096673,True
BMS,2003Q1,0.66,0.72,/Users/vazea/Desktop/NNW/transcripts_by_company/BEMIS_COMPANY_INC_2003Q1.txt,0.052405379712581635,0.16723789274692535,0.9131448663771152,True
TXT,2018Q1,0.72,0.46,/Users/vazea/Desktop/NNW/transcripts_by_company/TEXTRON_INC_2018Q1_1.txt,0.15139541029930115,0.4396016001701355,0.7621427327394485,True
QNST,2019Q3,0.06,0.17,/Users/vazea/Desktop/NNW/transcripts_by_company/QUINSTREET_INC_2019Q3.txt,0.18125192821025848,0.2922193706035614,0.7854578390717506,True
PTC,2020Q2,0.59,0.45,/Users/vazea/Desktop/NNW/transcripts_by_company/PTC_INC_2020Q2.txt,0.2170763611793518,0.16925175487995148,0.7972710207104683,True
IONS,2020Q4,0.44,-0.52,/Users/vazea/Desktop/NNW/transcripts_by_company/IONIS_PHARMACEUTICALS_INC_2020Q4.txt,0.11304318159818649,0.2838079035282135,0.8357274018228054,True
CVEO,2020Q2,0.0,-0.11,/Users/vazea/Desktop/NNW/transcripts_by_company/CIVEO_CORP_2020Q2.txt,0.26897913217544556,0.3543919324874878,0.7053970277309418,True
STMP,2009Q3,0.17,0.12,/Users/vazea/Desktop/NNW/transcripts_by_company/STAMPSCOM_INC_2009Q3.txt,0.08635763078927994,0.30513840913772583,0.8480081357061863,True
HCP,2017Q2,0.16,0.16,/Users/vazea/Desktop/NNW/transcripts_by_company/HCP_INC_2017Q2.txt,0.1540844738483429,0.4343263506889343,0.7618429630994796,True
FSS,2015Q3,0.26,0.23,/Users/vazea/Desktop/NNW/transcripts_by_company/FEDERAL_SIGNAL_CORP_2015Q3.txt,0.271849125623703,0.11462120711803436,0.7753192499279976,True
KPTI,2018Q3,-0.79,-0.9,/Users/vazea/Desktop/NNW/transcripts_by_company/KARYOPHARM_THERAPEUTICS_INC_2018Q3.txt,0.15271563827991486,0.2767719328403473,0.8100674733519554,True
CRAY,2018Q2,-0.2,-0.3,/Users/vazea/Desktop/NNW/transcripts_by_company/CRAY_INC_2018Q2.txt,0.17021174728870392,0.18696090579032898,0.8247635051608085,True
SUP,2020Q4,-0.97,-1.95,/Users/vazea/Desktop/NNW/transcripts_by_company/SUPERIOR_INDUSTRIES_INTERNATIONA_2020Q4.txt,0.19914716482162476,0.12740550935268402,0.8223753318190574,True
HDS,2017Q2,0.85,0.88,/Users/vazea/Desktop/NNW/transcripts_by_company/HD_SUPPLY_HOLDINGS_INC_2017Q2.txt,0.15382163226604462,0.21983550488948822,0.8263742059469223,True
TFX,2010Q1,0.85,0.9,/Users/vazea/Desktop/NNW/transcripts_by_company/TELEFLEX_INC_2010Q1.txt,0.15299496054649353,0.26715952157974243,0.8127556711435318,True
NWE,2020Q2,0.43,0.62,/Users/vazea/Desktop/NNW/transcripts_by_company/NORTHWESTERN_ENERGY_GROUP_INC_2020Q2.txt,0.1169954240322113,0.16182143986225128,0.8695567712187767,True
USAP,2006Q3,0.86,0.67,/Users/vazea/Desktop/NNW/transcripts_by_company/UNIVERSAL_STAINLESS_ALLOY_PROD_2006Q3.txt,0.21955318748950958,0.2851687967777252,0.7607621297240257,True
SHEL,2023Q3,1.86,1.77,/Users/vazea/Desktop/NNW/transcripts_by_company/SHELL_PLC_2023Q3.txt,0.14656873047351837,0.36435946822166443,0.7880940482020378,True
DOCC,2006Q3,0.09,0.07,/Users/vazea/Desktop/NNW/transcripts_by_company/DOCUCORP_INTERNATIONAL_INC_2006Q3.txt,0.20383943617343903,0.293070912361145,0.7693911209702492,True
NVTA,2022Q3,-0.42,-0.61,/Users/vazea/Desktop/NNW/transcripts_by_company/INVITAE_CORP_2022Q3.txt,0.1749003380537033,0.28335875272750854,0.7925621375441552,True
BRCM,2003Q3,0.14,0.13,/Users/vazea/Desktop/NNW/transcripts_by_company/BROADCOM_CORP_2003Q3.txt,0.16024892032146454,0.2149430513381958,0.8233428403735161,True
MCS,2006Q3,0.1,0.08,/Users/vazea/Desktop/NNW/transcripts_by_company/MARCUS_CORP_2006Q3.txt,0.1671430766582489,0.19391588866710663,0.8248250797390938,True
MPLN,2022Q1,0.07,0.04,/Users/vazea/Desktop/NNW/transcripts_by_company/MULTIPLAN_CORPORATION_2022Q1.txt,0.15150362253189087,0.18078170716762543,0.8397129520773887,True
SEIC,2014Q2,0.48,0.41,/Users/vazea/Desktop/NNW/transcripts_by_company/SEI_INVESTMENTS_CO_2014Q2.txt,0.10979539155960083,0.11779443919658661,0.8878048941493034,True
LUV,2009Q4,0.1,0.13,/Users/vazea/Desktop/NNW/transcripts_by_company/SOUTHWEST_AIRLINES_CO_2009Q4.txt,0.1811223328113556,0.15910708904266357,0.8254822403192521,True
TPC,2016Q1,0.31,0.18,/Users/vazea/Desktop/NNW/transcripts_by_company/TUTOR_PERINI_CORP_2016Q1.txt,0.24014149606227875,0.18308597803115845,0.7769751593470573,True
AKAM,2009Q1,0.31,0.4,/Users/vazea/Desktop/NNW/transcripts_by_company/AKAMAI_TECHNOLOGIES_INC_2009Q1.txt,0.09393219649791718,0.16876013576984406,0.8836194217205048,True
VINP,2021Q2,0.97,1.01,/Users/vazea/Desktop/NNW/transcripts_by_company/VINCI_PARTNERS_INVESTMENTS_LTD_2021Q2.txt,0.2083454728126526,0.22116045653820038,0.787810032069683,True
GLMD,2019Q2,-0.2,-0.22,/Users/vazea/Desktop/NNW/transcripts_by_company/GALMED_PHARMACEUTICALS_LTD_2019Q2.txt,0.16763462126255035,0.17301562428474426,0.8307510778307915,True
SPWR,2018Q3,-0.29,-0.34,/Users/vazea/Desktop/NNW/transcripts_by_company/SUNPOWER_CORPORATION_2018Q3.txt,0.16164077818393707,0.19097614288330078,0.8295586124062538,True
ISCA,2011Q4,0.62,1.61,/Users/vazea/Desktop/NNW/transcripts_by_company/INTERNATIONAL_SPEEDWAY_CORP_2011Q4.txt,0.1485118865966797,0.33154740929603577,0.7965774565935135,True
SCMP,2010Q3,0.06,-0.05,/Users/vazea/Desktop/NNW/transcripts_by_company/SUCAMPO_PHARMACEUTICALS_INC_2010Q3.txt,0.1809641420841217,0.14200221002101898,0.8307244375348091,True
QVDX,2002Q4,-0.11,-0.04,/Users/vazea/Desktop/NNW/transcripts_by_company/QUOVADX_INC_2002Q4.txt,0.20809677243232727,0.08871571719646454,0.8277175441384316,True
COG,2017Q3,0.07,0.1,/Users/vazea/Desktop/NNW/transcripts_by_company/COTERRA_ENERGY_INC_2017Q3.txt,0.21135175228118896,0.18731391429901123,0.7958595991134644,True
OESX,2010Q4,-0.04,-0.13,/Users/vazea/Desktop/NNW/transcripts_by_company/ORION_ENERGY_SYSTEMS_INC_2010Q4.txt,0.17892898619174957,0.08619099855422974,0.8488924100995063,True
NWE,2008Q4,0.59,1.78,/Users/vazea/Desktop/NNW/transcripts_by_company/NORTHWESTERN_ENERGY_GROUP_INC_2008Q4.txt,0.1940714418888092,-0.040508247911930084,0.8763024650514126,True
PCAR,2013Q3,0.87,0.86,/Users/vazea/Desktop/NNW/transcripts_by_company/PACCAR_INC_2013Q3.txt,0.29869896173477173,0.17398150265216827,0.7387162759900093,True
PCH,2015Q3,0.53,0.53,/Users/vazea/Desktop/NNW/transcripts_by_company/POTLATCHDELTIC_CORP_2015Q3.txt,0.1728750616312027,0.26599550247192383,0.7991888061165809,True
CMC,2014Q2,0.12,0.12,/Users/vazea/Desktop/NNW/transcripts_by_company/COMMERCIAL_METALS_CO_2014Q2.txt,0.3252370357513428,0.16138720512390137,0.7239179134368896,True
SRCL,2009Q2,0.52,0.51,/Users/vazea/Desktop/NNW/transcripts_by_company/STERICYCLE_INC_2009Q2.txt,0.14638087153434753,0.2043800801038742,0.8362193658947945,True
BKU,2013Q4,0.5,1.95,/Users/vazea/Desktop/NNW/transcripts_by_company/BANKUNITED_INC_2013Q4.txt,0.3318195641040802,0.20348049700260162,0.7066821560263634,True
ATNX,2020Q1,-0.24,-0.06,/Users/vazea/Desktop/NNW/transcripts_by_company/ATHENEX_INC_2020Q1.txt,0.247636079788208,0.28473618626594543,0.7412338882684708,True
NICE,2002Q2,0.0,-0.07,/Users/vazea/Desktop/NNW/transcripts_by_company/NICE_LTD_2002Q2.txt,0.21103708446025848,0.35020723938941956,0.7472118690609932,True
AZZ,2011Q1,0.51,0.59,/Users/vazea/Desktop/NNW/transcripts_by_company/AZZ_INC_2011Q1.txt,0.15015868842601776,0.17800116539001465,0.8414885684847832,True
AXE,2015Q4,0.88,4.29,/Users/vazea/Desktop/NNW/transcripts_by_company/ANIXTER_INTERNATIONAL_INC_2015Q4.txt,0.25605466961860657,0.31550130248069763,0.7261113405227662,True
CHDX,2008Q4,-0.2,1.01,/Users/vazea/Desktop/NNW/transcripts_by_company/CHINDEX_INTERNATIONAL_INC_2008Q4.txt,0.15010884404182434,0.2864961326122284,0.8089749693870545,True
WLY,2022Q4,1.08,4.09,/Users/vazea/Desktop/NNW/transcripts_by_company/JOHN_WILEY_SONS_INC_2022Q4.txt,0.15899111330509186,0.24928399920463562,0.813921020925045,True
WHR,2003Q1,1.32,1.3,/Users/vazea/Desktop/NNW/transcripts_by_company/WHIRLPOOL_CORP_2003Q1.txt,0.1186763271689415,0.2978935241699219,0.8275585137307644,True
GLDD,2009Q2,0.13,0.06,/Users/vazea/Desktop/NNW/transcripts_by_company/GREAT_LAKES_DREDGE_DOCK_CORP_2009Q2.txt,0.17992457747459412,0.117411769926548,0.8388292647898197,True
SWK,2009Q3,0.77,0.62,/Users/vazea/Desktop/NNW/transcripts_by_company/STANLEY_WORKS_2009Q3.txt,0.14495070278644562,0.3180486857891083,0.8031199023127555,True
AES,2003Q3,0.07,0.15,/Users/vazea/Desktop/NNW/transcripts_by_company/AES_CORP_2003Q3.txt,0.14443561434745789,0.05362071841955185,0.882808854430914,True
AXTA,2019Q2,0.52,0.45,/Users/vazea/Desktop/NNW/transcripts_by_company/AXALTA_COATING_SYSTEMS_LTD_2019Q2.txt,0.15507303178310394,0.12420282512903214,0.8541880302131176,True
TCS,2016Q4,0.11,0.12,/Users/vazea/Desktop/NNW/transcripts_by_company/CONTAINER_STORE_GROUP_INC_2016Q4.txt,0.1383601576089859,0.0,0.8616398423910141,False
SNA,2023Q1,4.6,4.13,/Users/vazea/Desktop/NNW/transcripts_by_company/SNAPON_INC_2023Q1.txt,0.0802757740020752,0.06846680492162704,0.9232669167220593,True
DVN,2011Q4,1.55,6.03,/Users/vazea/Desktop/NNW/transcripts_by_company/DEVON_ENERGY_CORP_2011Q4.txt,0.19365327060222626,0.13890869915485382,0.8227701008319854,True
RECN,2005Q2,0.62,0.43,/Users/vazea/Desktop/NNW/transcripts_by_company/RESOURCES_CONNECTION_INC_2005Q2.txt,0.163575679063797,0.16237808763980865,0.8367835983633996,True
NTIQ,2006Q2,0.01,-0.03,/Users/vazea/Desktop/NNW/transcripts_by_company/NETIQ_CORP_2006Q2.txt,0.2548118233680725,0.1702047884464264,0.7705702871084213,True
JKS,2017Q2,0.2,0.69,/Users/vazea/Desktop/NNW/transcripts_by_company/JINKOSOLAR_HOLDING_CO_LTD_2017Q2.txt,0.1377905309200287,0.1849077194929123,0.8480743125081063,True
BIIB,2018Q1,6.05,5.94,/Users/vazea/Desktop/NNW/transcripts_by_company/BIOGEN_INC_2018Q1_1.txt,0.15910249948501587,0.21584919095039368,0.8238734930753708,True
NJR,2017Q3,0.2,0.08,/Users/vazea/Desktop/NNW/transcripts_by_company/NEW_JERSEY_RESOURCES_CORP_2017Q3.txt,0.2264353185892105,0.15100470185279846,0.7961938664317132,True
CPG,2019Q3,-0.55,0.11,/Users/vazea/Desktop/NNW/transcripts_by_company/VEREN_INC_2019Q3.txt,0.2598692774772644,0.24503174424171448,0.7445819824934006,True
DRVN,2021Q2,0.25,0.16,/Users/vazea/Desktop/NNW/transcripts_by_company/DRIVEN_BRANDS_HOLDINGS_INC_2021Q2.txt,0.15418408811092377,0.3684309720993042,0.7815418466925621,True
EMES,2017Q4,0.18,-0.15,/Users/vazea/Desktop/NNW/transcripts_by_company/EMERGE_ENERGY_SERVICES_LP_2017Q4.txt,0.23267756402492523,0.1835792362689972,0.7820519343018533,True
INTL,2003Q4,0.35,1.03,/Users/vazea/Desktop/NNW/transcripts_by_company/INTERTEL_INC_2003Q4.txt,0.1431502103805542,0.08649992197751999,0.8738448761403561,True
FLR,2019Q1,-0.14,0.53,/Users/vazea/Desktop/NNW/transcripts_by_company/FLUOR_CORP_2019Q1.txt,0.19451291859149933,0.1033889651298523,0.8328242674469948,True
TVTY,2020Q1,-0.12,-0.12,/Users/vazea/Desktop/NNW/transcripts_by_company/TIVITY_HEALTH_INC_2020Q1.txt,0.28617316484451294,0.39047709107398987,0.682535657286644,True
THI,2012Q3,0.72,0.72,/Users/vazea/Desktop/NNW/transcripts_by_company/TIM_HORTONS_INC_2012Q3.txt,0.15983310341835022,0.3124343752861023,0.7943865150213242,True
TPX,2019Q2,0.79,0.65,/Users/vazea/Desktop/NNW/transcripts_by_company/TEMPUR_SEALY_INTERNATIONAL_INC_2019Q2.txt,0.2547813057899475,0.49598821997642517,0.6728566199541093,True
BOXL,2019Q2,-0.11,-0.12,/Users/vazea/Desktop/NNW/transcripts_by_company/BOXLIGHT_CORP_2019Q2.txt,0.19993966817855835,0.1852743923664093,0.8044599145650864,True
OFS,2015Q1,0.29,0.28,/Users/vazea/Desktop/NNW/transcripts_by_company/OFS_CAPITAL_CORP_2015Q1.txt,0.22832675278186798,0.06814323365688324,0.8197283029556275,True
GLW,2019Q4,0.46,1.75,/Users/vazea/Desktop/NNW/transcripts_by_company/CORNING_INC_2019Q4.txt,0.27529415488243103,0.2672410011291504,0.7271217912435531,True
PRAA,2019Q4,0.6,1.81,/Users/vazea/Desktop/NNW/transcripts_by_company/PRA_GROUP_INC_2019Q4.txt,0.15907099843025208,0.22041507065296173,0.8225257799029351,True
IMAX,2018Q1,0.21,0.09,/Users/vazea/Desktop/NNW/transcripts_by_company/IMAX_CORP_2018Q1.txt,0.24184182286262512,0.2096858024597168,0.7678049832582474,True
MTH,2006Q1,2.86,2.45,/Users/vazea/Desktop/NNW/transcripts_by_company/MERITAGE_HOMES_CORP_2006Q1.txt,0.15199528634548187,0.23623110353946686,0.8227339684963226,True
TILE,2019Q3,0.47,0.42,/Users/vazea/Desktop/NNW/transcripts_by_company/INTERFACE_INC_2019Q3.txt,0.21260645985603333,0.12593677639961243,0.813394445180893,True
DRNA,2019Q2,-0.35,-0.31,/Users/vazea/Desktop/NNW/transcripts_by_company/DICERNA_PHARMACEUTICALS_INC_2019Q2.txt,0.14404842257499695,0.10293369740247726,0.868285994976759,True
HRB,2006Q1,-0.09,-0.15,/Users/vazea/Desktop/NNW/transcripts_by_company/H_R_BLOCK_INC_2006Q1.txt,0.20451584458351135,0.15772491693496704,0.8095214337110519,True
BJRI,2013Q3,0.13,0.18,/Users/vazea/Desktop/NNW/transcripts_by_company/BJS_RESTAURANTS_INC_2013Q3.txt,0.32153841853141785,0.16350845992565155,0.725870569050312,True
WBA,2021Q2,1.26,1.11,/Users/vazea/Desktop/NNW/transcripts_by_company/WALGREENS_BOOTS_ALLIANCE_INC_2021Q2.txt,0.22347918152809143,0.28221195936203003,0.758900985121727,True
HCA,2011Q4,0.94,2.69,/Users/vazea/Desktop/NNW/transcripts_by_company/HCA_HEALTHCARE_INC_2011Q4.txt,0.1453080028295517,0.14897938072681427,0.8535905838012695,True
PLUG,2002Q4,-0.25,-0.98,/Users/vazea/Desktop/NNW/transcripts_by_company/PLUG_POWER_INC_2002Q4.txt,0.19563442468643188,0.18134674429893494,0.8086518794298172,True
MRVC,2003Q2,-0.1,-0.12,/Users/vazea/Desktop/NNW/transcripts_by_company/MRV_COMMUNICATIONS_INC_2003Q2.txt,0.22314810752868652,0.11451978236436844,0.8094403900206089,True
IBP,2018Q2,0.78,0.82,/Users/vazea/Desktop/NNW/transcripts_by_company/INSTALLED_BUILDING_PRODUCTS_INC_2018Q2.txt,0.2678403854370117,0.25663480162620544,0.7355212897062302,True
NBIX,2008Q1,-0.55,-0.55,/Users/vazea/Desktop/NNW/transcripts_by_company/NEUROCRINE_BIOSCIENCES_INC_2008Q1.txt,0.2559526860713959,0.25284549593925476,0.7449794709682465,True
KVHI,2007Q4,0.06,0.14,/Users/vazea/Desktop/NNW/transcripts_by_company/KVH_INDUSTRIES_INC_2007Q4.txt,0.11487694084644318,0.3168778419494629,0.824522788822651,True
GGL,2006Q4,0.16,1.09,/Users/vazea/Desktop/NNW/transcripts_by_company/GOODMAN_GLOBAL_INC_2006Q4.txt,0.1580476015806198,0.09733375906944275,0.8601665511727333,True
SRT,2014Q1,-0.03,-0.05,/Users/vazea/Desktop/NNW/transcripts_by_company/STARTEK_INC_2014Q1.txt,0.32753902673721313,0.29259437322616577,0.682944369316101,True
DRIV,2004Q1,0.26,0.2,/Users/vazea/Desktop/NNW/transcripts_by_company/DIGITAL_RIVER_INC_2004Q1.txt,0.25774434208869934,0.1319550722837448,0.779992438852787,True
VIRT,2018Q4,0.67,1.7,/Users/vazea/Desktop/NNW/transcripts_by_company/VIRTU_FINANCIAL_INC_2018Q4.txt,0.1848229616880417,0.1808953881263733,0.8163553103804588,True
FUN,2023Q3,4.19,3.82,/Users/vazea/Desktop/NNW/transcripts_by_company/CEDAR_FAIR_LP_2023Q3.txt,0.3213856518268585,0.2968299090862274,0.6859810709953309,True
TNP,2020Q4,-1.27,1.86,/Users/vazea/Desktop/NNW/transcripts_by_company/TSAKOS_ENERGY_NAVIGATION_LTD_2020Q4.txt,0.16858936846256256,0.10371782630681992,0.8508720941841602,True
MODN,2021Q1,0.16,0.07,/Users/vazea/Desktop/NNW/transcripts_by_company/MODEL_N_INC_2021Q1.txt,0.17980383336544037,0.354600727558136,0.767757098376751,True
CRS,2016Q2,0.24,0.27,/Users/vazea/Desktop/NNW/transcripts_by_company/CARPENTER_TECHNOLOGY_CORP_2016Q2.txt,0.31401708722114563,0.18859602510929108,0.7236092314124107,True
CSL,2022Q4,3.92,20.0,/Users/vazea/Desktop/NNW/transcripts_by_company/CARLISLE_COMPANIES_INC_2022Q4.txt,0.19066917896270752,0.3528752624988556,0.7606689959764481,True
AIT,2012Q2,0.56,0.52,/Users/vazea/Desktop/NNW/transcripts_by_company/APPLIED_INDUSTRIAL_TECHNOLOGIES_2012Q2.txt,0.1838286817073822,0.11427582800388336,0.8370371744036675,True
SBNY,2017Q1,2.15,2.1,/Users/vazea/Desktop/NNW/transcripts_by_company/SIGNATURE_BANK_2017Q1.txt,0.20026791095733643,0.1818036288022995,0.8052713736891747,True
GHM,2021Q3,0.11,0.11,/Users/vazea/Desktop/NNW/transcripts_by_company/GRAHAM_CORP_2021Q3.txt,0.28132855892181396,0.019574619829654694,0.7971976228058338,True
AON,2021Q4,3.71,11.66,/Users/vazea/Desktop/NNW/transcripts_by_company/AON_PLC_2021Q4.txt,0.2848597764968872,0.19697532057762146,0.7415055602788925,True
LTRN,2021Q3,-0.36,-0.27,/Users/vazea/Desktop/NNW/transcripts_by_company/LANTERN_PHARMA_INC_2021Q3.txt,0.18177486956119537,0.118289053440094,0.837270875275135,True
SSKN,2021Q1,-0.07,-0.03,/Users/vazea/Desktop/NNW/transcripts_by_company/STRATA_SKIN_SCIENCES_INC_2021Q1.txt,0.0673895850777626,0.2816360592842102,0.8683364726603031,True
CRAY,2008Q1,-0.33,-0.23,/Users/vazea/Desktop/NNW/transcripts_by_company/CRAY_INC_2008Q1.txt,0.10635294020175934,0.08103634417057037,0.9012420386075973,True
CHEF,2013Q4,0.22,0.9,/Users/vazea/Desktop/NNW/transcripts_by_company/CHEFS_WAREHOUSE_INC_2013Q4.txt,0.1706053465604782,0.1813008040189743,0.826186016201973,True
IRM,2016Q2,0.24,0.27,/Users/vazea/Desktop/NNW/transcripts_by_company/IRON_MOUNTAIN_INC_2016Q2.txt,0.3278089761734009,0.1487835943698883,0.7258986383676529,True
STMP,2013Q2,0.6,0.48,/Users/vazea/Desktop/NNW/transcripts_by_company/STAMPSCOM_INC_2013Q2.txt,0.34884417057037354,0.199872225522995,0.6958474129438401,True
ESPR,2020Q2,4.32,-0.92,/Users/vazea/Desktop/NNW/transcripts_by_company/ESPERION_THERAPEUTICS_INC_2020Q2.txt,0.16293641924858093,0.3099236488342285,0.7929674118757248,True
XLNX,2005Q3,0.18,0.2,/Users/vazea/Desktop/NNW/transcripts_by_company/XILINX_INC_2005Q3.txt,0.2266893833875656,0.40343335270881653,0.7202874258160592,True
ETD,2023Q3,0.86,0.79,/Users/vazea/Desktop/NNW/transcripts_by_company/ETHAN_ALLEN_INTERIORS_INC_2023Q3.txt,0.09332499653100967,0.10523220896720886,0.9031028397381305,True
AINV,2016Q4,0.2,0.84,/Users/vazea/Desktop/NNW/transcripts_by_company/APOLLO_INVESTMENT_CORP_2016Q4.txt,0.19105781614780426,0.015668774023652077,0.8615588964894414,True
AMG,2009Q3,1.05,0.99,/Users/vazea/Desktop/NNW/transcripts_by_company/AFFILIATED_MANAGERS_GROUP_INC_2009Q3.txt,0.1067504957318306,0.1433607041835785,0.882266441732645,True
CYCC,2010Q3,-0.11,-0.15,/Users/vazea/Desktop/NNW/transcripts_by_company/CYCLACEL_PHARMACEUTICALS_INC_2010Q3.txt,0.09686534851789474,0.1779727041721344,0.8788024447858334,True
NYXH,2023Q3,-0.266,-0.42,/Users/vazea/Desktop/NNW/transcripts_by_company/NYXOAH_SA_2023Q3.txt,0.18336273729801178,0.32210078835487366,0.7750158473849297,True
STX,2021Q2,1.29,1.11,/Users/vazea/Desktop/NNW/transcripts_by_company/SEAGATE_TECHNOLOGY_PLC_2021Q2.txt,0.1973753571510315,0.2137209177017212,0.7977209746837617,True
EFII,2010Q3,0.23,0.13,/Users/vazea/Desktop/NNW/transcripts_by_company/ELECTRONICS_FOR_IMAGING_INC_2010Q3.txt,0.22494640946388245,0.4880293607711792,0.6961287051439286,True
XPO,2009Q2,0.01,0.02,/Users/vazea/Desktop/NNW/transcripts_by_company/EXPRESS1_EXPEDITED_SOLUTIONS_IN_2009Q2.txt,0.1485399752855301,0.35659387707710266,0.7890438541769982,True
PG,2002Q4,0.76,3.57,/Users/vazea/Desktop/NNW/transcripts_by_company/PROCTER_GAMBLE_CO_2002Q4.txt,0.09964202344417572,0.2039032131433487,0.8690796196460724,True
CJR,2009Q3,0.296,0.41,/Users/vazea/Desktop/NNW/transcripts_by_company/CORUS_ENTERTAINMENT_INC_2009Q3.txt,0.14875762164592743,0.3148246705532074,0.8014222636818886,True
MOS,2006Q1,0.18,0.23,/Users/vazea/Desktop/NNW/transcripts_by_company/MOSAIC_COTHE_2006Q1.txt,0.1362755298614502,0.35847488045692444,0.7970646649599076,True
HEES,2015Q2,0.33,0.38,/Users/vazea/Desktop/NNW/transcripts_by_company/HE_EQUIPMENT_SERVICES_INC_2015Q2.txt,0.21115276217460632,-0.045526519417762756,0.8658510223031044,True
AAON,2005Q2,0.24,0.3,/Users/vazea/Desktop/NNW/transcripts_by_company/AAON_INC_2005Q2.txt,0.47712433338165283,0.3008529841899872,0.5757570713758469,True
MDLZ,2022Q1,0.84,0.76,/Users/vazea/Desktop/NNW/transcripts_by_company/MONDELEZ_INTERNATIONAL_INC_2022Q1.txt,0.13483469188213348,0.1183621734380722,0.8701070636510849,True
COR,2016Q3,0.36,0.35,/Users/vazea/Desktop/NNW/transcripts_by_company/CORESITE_REALTY_CORP_2016Q3.txt,0.1571539044380188,0.13910748064517975,0.8482600226998329,True
HTCH,2005Q2,0.51,0.45,/Users/vazea/Desktop/NNW/transcripts_by_company/HUTCHINSON_TECHNOLOGY_INC_2005Q2.txt,0.1183524951338768,0.13631418347358704,0.8762589983642102,True
DNKN,2018Q2,0.77,0.74,/Users/vazea/Desktop/NNW/transcripts_by_company/DUNKIN_BRANDS_GROUP_INC_2018Q2.txt,0.11972394585609436,0.4784090518951416,0.7726705223321915,True
LL,2021Q1,0.34,0.25,/Users/vazea/Desktop/NNW/transcripts_by_company/LL_FLOORING_HOLDINGS_INC_2021Q1.txt,0.1704147756099701,0.3193351924419403,0.7849090993404388,True
SLB,2003Q4,0.5,1.48,/Users/vazea/Desktop/NNW/transcripts_by_company/SCHLUMBERGER_NV_2003Q4.txt,0.10135088115930557,-0.03874516487121582,0.9406779326498509,True
EXPO,2020Q4,0.41,1.42,/Users/vazea/Desktop/NNW/transcripts_by_company/EXPONENT_INC_2020Q4.txt,0.26804423332214355,0.28869113326072693,0.7257616966962814,True
BCRX,2023Q1,-0.28,-0.31,/Users/vazea/Desktop/NNW/transcripts_by_company/BIOCRYST_PHARMACEUTICALS_INC_2023Q1.txt,0.16339707374572754,0.17194819450378418,0.8340375900268555,True
LAMR,2005Q4,0.05,0.4,/Users/vazea/Desktop/NNW/transcripts_by_company/LAMAR_ADVERTISING_CO_2005Q4.txt,0.23393872380256653,0.20409826934337616,0.7750134125351906,True
SMTC,2016Q3,0.19,0.24,/Users/vazea/Desktop/NNW/transcripts_by_company/SEMTECH_CORP_2016Q3.txt,0.12307202816009521,0.26980647444725037,0.8329076379537582,True
MTB,2016Q4,1.98,7.84,/Users/vazea/Desktop/NNW/transcripts_by_company/MT_BANK_CORP_2016Q4.txt,0.16747073829174042,0.2592814266681671,0.8049860551953316,True
MGAM,2011Q4,0.14,0.07,/Users/vazea/Desktop/NNW/transcripts_by_company/MULTIMEDIA_GAMES_HOLDING_CO_INC_2011Q4.txt,0.24885225296020508,0.3941161036491394,0.7075685918331147,True
LONE,2017Q1,0.13,-0.1,/Users/vazea/Desktop/NNW/transcripts_by_company/LONESTAR_RESOURCES_US_INC_2017Q1.txt,0.15934984385967255,0.24321655929088593,0.8154901415109634,True
CYOU,2017Q4,0.64,2.49,/Users/vazea/Desktop/NNW/transcripts_by_company/CHANGYOUCOM_LTD_2017Q4.txt,0.18880130350589752,0.07696352899074554,0.844750028848648,True
SCM,2019Q1,0.27,0.35,/Users/vazea/Desktop/NNW/transcripts_by_company/STELLUS_CAPITAL_INVESTMENT_CORP_2019Q1.txt,0.11173740029335022,0.06528259813785553,0.9021990403532982,True
CNTY,2015Q4,0.03,0.56,/Users/vazea/Desktop/NNW/transcripts_by_company/CENTURY_CASINOS_INC_2015Q4.txt,0.1981973797082901,0.021023793146014214,0.8549546962603927,True
NSR,2015Q3,1.29,1.12,/Users/vazea/Desktop/NNW/transcripts_by_company/NEUSTAR_INC_2015Q3.txt,0.10196061432361603,0.13666541874408722,0.8876279443502426,True
ARLP,2014Q2,1.37,0.97,/Users/vazea/Desktop/NNW/transcripts_by_company/ALLIANCE_RESOURCE_PARTNERS_LP_2014Q2.txt,0.21120275557041168,0.1628427952528,0.8033052325248718,True
GTT,2014Q3,-0.01,0.01,/Users/vazea/Desktop/NNW/transcripts_by_company/GTT_COMMUNICATIONS_INC_2014Q3.txt,0.2058590054512024,0.19676750898361206,0.7968684434890747,True
CVX,2013Q2,2.77,3.06,/Users/vazea/Desktop/NNW/transcripts_by_company/CHEVRON_CORP_2013Q2.txt,0.203228160738945,0.16430771350860596,0.8084479734301567,True
QUIK,2004Q1,-0.06,-0.08,/Users/vazea/Desktop/NNW/transcripts_by_company/QUICKLOGIC_CORP_2004Q1.txt,0.13078607618808746,0.19245469570159912,0.8507133379578591,True
PSTG,2018Q3,-0.01,-0.03,/Users/vazea/Desktop/NNW/transcripts_by_company/PURE_STORAGE_INC_2018Q3.txt,0.14236557483673096,0.28570398688316345,0.8146329015493393,True
ATRO,2010Q1,0.31,0.09,/Users/vazea/Desktop/NNW/transcripts_by_company/ASTRONICS_CORP_2010Q1.txt,0.2116277515888214,0.2091919332742691,0.7891029939055443,True
RES,2015Q1,0.04,0.16,/Users/vazea/Desktop/NNW/transcripts_by_company/RPC_INC_2015Q1.txt,0.3204851746559143,0.3473937213420868,0.671442261338234,True
EQT,2007Q3,0.27,0.33,/Users/vazea/Desktop/NNW/transcripts_by_company/EQUITABLE_RESOURCES_INC_2007Q3.txt,0.07107754796743393,0.05723288282752037,0.9330758515745401,True
CVI,2013Q3,0.06,0.67,/Users/vazea/Desktop/NNW/transcripts_by_company/CVR_ENERGY_INC_2013Q3.txt,0.2802078425884247,0.3545691967010498,0.6974837511777878,True
MTNB,2019Q3,-0.03,-0.03,/Users/vazea/Desktop/NNW/transcripts_by_company/MATINAS_BIOPHARMA_HOLDINGS_INC_2019Q3.txt,0.2694700062274933,0.2515701949596405,0.7358999371528625,True
RIGL,2022Q1,-0.16,-0.13,/Users/vazea/Desktop/NNW/transcripts_by_company/RIGEL_PHARMACEUTICALS_INC_2022Q1.txt,0.3449784517288208,0.19944581389427185,0.6986813396215439,True
AZO,2018Q4,18.54,49.86,/Users/vazea/Desktop/NNW/transcripts_by_company/AUTOZONE_INC_2018Q4.txt,0.3177153170108795,0.46400055289268494,0.6383991122245789,True
DXLG,2015Q4,0.02,-0.14,/Users/vazea/Desktop/NNW/transcripts_by_company/DESTINATION_XL_GROUP_INC_2015Q4.txt,0.17689873278141022,0.29054000973701477,0.7890088841319084,True
CEL,2009Q4,2.69,11.69,/Users/vazea/Desktop/NNW/transcripts_by_company/CELLCOM_ISRAEL_LTD_2009Q4.txt,0.3003614544868469,0.2086174339056015,0.7271617516875267,True
PCG,2009Q2,0.83,0.85,/Users/vazea/Desktop/NNW/transcripts_by_company/PGE_CORP_2009Q2.txt,0.15536844730377197,0.17949514091014862,0.837393544614315,True
MBLX,2014Q3,-0.12,-0.19,/Users/vazea/Desktop/NNW/transcripts_by_company/METABOLIX_INC_2014Q3.txt,0.23293551802635193,0.16165797412395477,0.7884477451443672,True
HRL,2016Q2,0.4,0.37,/Users/vazea/Desktop/NNW/transcripts_by_company/HORMEL_FOODS_CORP_2016Q2_1.txt,0.5086093544960022,0.16871823370456696,0.5933579817414284,True
BGG,2009Q4,0.11,0.51,/Users/vazea/Desktop/NNW/transcripts_by_company/BRIGGS_STRATTON_CORP_2009Q4.txt,0.46656444668769836,0.08684590458869934,0.6473511159420013,True
FUV,2019Q1,-0.2,-0.19,/Users/vazea/Desktop/NNW/transcripts_by_company/ARCIMOTO_INC_2019Q1.txt,0.1821485459804535,0.2103181630373001,0.8094005689024926,True
FSS,2003Q3,0.21,0.3,/Users/vazea/Desktop/NNW/transcripts_by_company/FEDERAL_SIGNAL_CORP_2003Q3.txt,0.2171749472618103,0.25991928577423096,0.7700017511844635,True
DIOD,2009Q3,0.21,0.18,/Users/vazea/Desktop/NNW/transcripts_by_company/DIODES_INC_2009Q3.txt,0.1325293779373169,0.36887067556381226,0.7965682327747345,True
DTSI,2016Q2,0.67,0.5,/Users/vazea/Desktop/NNW/transcripts_by_company/DTS_INC_2016Q2.txt,0.22887326776981354,0.3646562397480011,0.7303918406367302,True
RSKD,2022Q2,-0.08,-0.13,/Users/vazea/Desktop/NNW/transcripts_by_company/RISKIFIED_LTD_2022Q2.txt,0.11521909385919571,0.2999366521835327,0.8293656386435032,True
PH,2021Q4,4.38,14.93,/Users/vazea/Desktop/NNW/transcripts_by_company/PARKERHANNIFIN_CORP_2021Q4.txt,0.12352679669857025,0.37587276101112366,0.8007694140076638,True
SYF,2016Q1,0.7,0.69,/Users/vazea/Desktop/NNW/transcripts_by_company/SYNCHRONY_FINANCIAL_2016Q1.txt,0.2021176964044571,0.3540849983692169,0.752292113006115,True
RECN,2016Q1,0.2,0.16,/Users/vazea/Desktop/NNW/transcripts_by_company/RESOURCES_CONNECTION_INC_2016Q1.txt,0.224846750497818,0.07909223437309265,0.8188796043395996,True
BIIB,2011Q1,1.43,1.42,/Users/vazea/Desktop/NNW/transcripts_by_company/BIOGEN_INC_2011Q1.txt,0.17901596426963806,0.30331936478614807,0.7836930155754089,True
VSAT,2008Q1,0.21,0.32,/Users/vazea/Desktop/NNW/transcripts_by_company/VIASAT_INC_2008Q1.txt,0.14007216691970825,0.2441694140434265,0.8286986589431763,True
SPLS,2012Q4,0.41,1.37,/Users/vazea/Desktop/NNW/transcripts_by_company/STAPLES_INC_2012Q4.txt,0.26590511202812195,0.21107323467731476,0.7505444511771202,True
HII,2013Q3,1.17,0.93,/Users/vazea/Desktop/NNW/transcripts_by_company/HUNTINGTON_INGALLS_INDUSTRIES_IN_2013Q3.txt,0.17469970881938934,0.03651725873351097,0.8667550262063741,True
RUBI,2014Q4,0.25,-0.04,/Users/vazea/Desktop/NNW/transcripts_by_company/RUBICON_PROJECT_INC_2014Q4.txt,0.18069341778755188,0.2750872075557709,0.7909884452819824,True
EXP,2018Q2,1.31,1.57,/Users/vazea/Desktop/NNW/transcripts_by_company/EAGLE_MATERIALS_INC_2018Q2.txt,0.11336004734039307,0.26373767852783203,0.8415266633033752,True
GLNG,2012Q1,0.14,0.34,/Users/vazea/Desktop/NNW/transcripts_by_company/GOLAR_LNG_LTD_2012Q1.txt,0.164701446890831,0.14615489542484283,0.8408625185489654,True
PDCO,2024Q1,0.4,0.4,/Users/vazea/Desktop/NNW/transcripts_by_company/PATTERSON_COMPANIES_INC_2024Q1.txt,0.3856397271156311,0.31753596663475037,0.6347914010286332,True
LII,2016Q2,2.53,2.37,/Users/vazea/Desktop/NNW/transcripts_by_company/LENNOX_INTERNATIONAL_INC_2016Q2.txt,0.059815578162670135,0.31837552785873413,0.8626164369285106,True
ABT,2009Q2,0.89,0.88,/Users/vazea/Desktop/NNW/transcripts_by_company/ABBOTT_LABORATORIES_2009Q2.txt,0.31875079870224,0.22849221527576447,0.7083267763257026,True
CNA,2005Q3,-0.22,0.65,/Users/vazea/Desktop/NNW/transcripts_by_company/CNA_FINANCIAL_CORP_2005Q3.txt,0.222274512052536,0.0,0.777725487947464,False
EXP,2023Q4,2.79,12.01,/Users/vazea/Desktop/NNW/transcripts_by_company/EAGLE_MATERIALS_INC_2023Q4.txt,0.15917521715164185,0.21731460094451904,0.823382967710495,True
TRMB,2018Q3,0.49,0.45,/Users/vazea/Desktop/NNW/transcripts_by_company/TRIMBLE_INC_2018Q3.txt,0.15334343910217285,0.1498483121395111,0.8477050989866257,True
ARHS,2023Q1,0.25,0.2,/Users/vazea/Desktop/NNW/transcripts_by_company/ARHAUS_INC_2023Q1.txt,0.23726698756217957,0.20313481986522675,0.7729726627469062,True
MAR,2021Q3,0.99,0.97,/Users/vazea/Desktop/NNW/transcripts_by_company/MARRIOTT_INTERNATIONAL_INC_2021Q3.txt,0.18707357347011566,0.23469200730323792,0.7986408963799476,True
VIAB,2004Q1,0.33,0.3,/Users/vazea/Desktop/NNW/transcripts_by_company/VIACOM_INC_2004Q1.txt,0.09607713669538498,0.289899617433548,0.8457761190831661,True
BRKS,2005Q2,0.12,0.07,/Users/vazea/Desktop/NNW/transcripts_by_company/AZENTA_INC_2005Q2_1.txt,0.06038885563611984,0.3013201355934143,0.8673317603766918,True
G,2015Q3,0.35,0.31,/Users/vazea/Desktop/NNW/transcripts_by_company/GENPACT_LTD_2015Q3.txt,0.22046919167041779,0.2770988345146179,0.7625419154763222,True
SWC,2015Q4,0.04,0.19,/Users/vazea/Desktop/NNW/transcripts_by_company/STILLWATER_MINING_CO_2015Q4.txt,0.26804471015930176,0.22729867696762085,0.7441790997982025,True
EMAN,2020Q3,-0.06,-0.02,/Users/vazea/Desktop/NNW/transcripts_by_company/EMAGIN_CORP_2020Q3.txt,0.18851059675216675,0.1724097728729248,0.8163196504116059,True
REV,2013Q1,0.04,0.26,/Users/vazea/Desktop/NNW/transcripts_by_company/REVLON_INC_2013Q1.txt,0.23911438882350922,0.3624807894229889,0.7238756909966468,True
CYTK,2009Q3,-0.14,-0.19,/Users/vazea/Desktop/NNW/transcripts_by_company/CYTOKINETICS_INC_2009Q3.txt,0.1862887293100357,0.21612673997879028,0.8047598674893379,True
CAG,2023Q1,0.57,0.51,/Users/vazea/Desktop/NNW/transcripts_by_company/CONAGRA_BRANDS_INC_2023Q1.txt,0.09113729745149612,0.3254605829715729,0.8385657168924808,True
PRGO,2002Q4,0.07,0.63,/Users/vazea/Desktop/NNW/transcripts_by_company/PERRIGO_CO_2002Q4.txt,0.26153677701950073,0.19966807961463928,0.7570238322019577,True
MED,2006Q2,0.11,0.11,/Users/vazea/Desktop/NNW/transcripts_by_company/MEDIFAST_INC_2006Q2.txt,0.15488770604133606,0.21892203390598297,0.8259019955992699,True
POWR,2007Q3,0.15,0.17,/Users/vazea/Desktop/NNW/transcripts_by_company/POWERSECURE_INTERNATIONAL_INC_2007Q3.txt,0.2687187194824219,-0.07480129599571228,0.8343372851610183,True
DNKN,2013Q2,0.41,0.4,/Users/vazea/Desktop/NNW/transcripts_by_company/DUNKIN_BRANDS_GROUP_INC_2013Q2.txt,0.11884522438049316,0.40774625539779663,0.7944844663143158,True
HES,2021Q3,0.28,0.49,/Users/vazea/Desktop/NNW/transcripts_by_company/HESS_CORP_2021Q3.txt,0.0431082658469677,0.16394862532615662,0.9206396263092756,True
CNC,2008Q2,0.41,0.39,/Users/vazea/Desktop/NNW/transcripts_by_company/CENTENE_CORP_2008Q2.txt,0.2217298448085785,0.07187093049287796,0.8232278294861317,True
MBLX,2012Q1,0.87,0.83,/Users/vazea/Desktop/NNW/transcripts_by_company/METABOLIX_INC_2012Q1.txt,0.0825209841132164,0.19122040271759033,0.8848691903054714,True
HL,2019Q3,-0.02,-0.01,/Users/vazea/Desktop/NNW/transcripts_by_company/HECLA_MINING_CO_2019Q3.txt,0.12656842172145844,0.2980698049068451,0.8219811633229256,True
TTI,2003Q3,0.36,0.35,/Users/vazea/Desktop/NNW/transcripts_by_company/TETRA_TECHNOLOGIES_INC_2003Q3.txt,0.10281386971473694,0.1524125039577484,0.8823065400123596,True
ACRX,2015Q3,0.12,-0.23,/Users/vazea/Desktop/NNW/transcripts_by_company/ACELRX_PHARMACEUTICALS_INC_2015Q3.txt,0.23725101351737976,0.21678480505943298,0.7688888490200043,True
WBS,2021Q4,1.31,4.66,/Users/vazea/Desktop/NNW/transcripts_by_company/WEBSTER_FINANCIAL_CORP_2021Q4.txt,0.1702362298965454,0.2224636971950531,0.8140955299139023,True
TAP,2015Q1,0.46,0.46,/Users/vazea/Desktop/NNW/transcripts_by_company/MOLSON_COORS_BEVERAGE_CO_2015Q1.txt,0.20694155991077423,0.17866478860378265,0.8015414714813233,True
REAL,2023Q2,-0.3,-0.35,/Users/vazea/Desktop/NNW/transcripts_by_company/REALREAL_INC_2023Q2.txt,0.19734707474708557,0.23828288912773132,0.7903721809387207,True
SFBS,2020Q4,0.94,2.99,/Users/vazea/Desktop/NNW/transcripts_by_company/SERVISFIRST_BANCSHARES_INC_2020Q4.txt,0.13981027901172638,0.23180757462978363,0.8325905323028564,True
GIII,2010Q3,1.87,1.69,/Users/vazea/Desktop/NNW/transcripts_by_company/GIII_APPAREL_GROUP_LTD_2010Q3.txt,0.10555118322372437,0.10891208797693253,0.8934405453503131,True
WES,2018Q1,0.38,0.48,/Users/vazea/Desktop/NNW/transcripts_by_company/WESTERN_GAS_PARTNERS_LP_2018Q1.txt,0.06563326716423035,0.17340250313282013,0.9020359620451928,True
NWN,2010Q4,1.11,2.75,/Users/vazea/Desktop/NNW/transcripts_by_company/NORTHWEST_NAT_GAS_CO_2010Q4.txt,0.1630270779132843,0.015260844491422176,0.8813027921132743,True
BCO,2017Q2,0.64,0.47,/Users/vazea/Desktop/NNW/transcripts_by_company/BRINKS_CO_2017Q2.txt,0.18541541695594788,0.22072254121303558,0.8039924457669259,True
OSCR,2021Q3,-1.02,-0.6,/Users/vazea/Desktop/NNW/transcripts_by_company/OSCAR_HEALTH_INC_2021Q3.txt,0.23781287670135498,0.3003465533256531,0.7434270203113555,True
BNFT,2019Q2,-0.31,-0.42,/Users/vazea/Desktop/NNW/transcripts_by_company/BENEFITFOCUS_INC_2019Q2.txt,0.11298646777868271,0.044306181371212006,0.9076176181435585,True
PEGA,2021Q2,0.23,-0.15,/Users/vazea/Desktop/NNW/transcripts_by_company/PEGASYSTEMS_INC_2021Q2.txt,0.16943691670894623,0.2183171808719635,0.8158990040421485,True
SNI,2016Q3,1.26,0.96,/Users/vazea/Desktop/NNW/transcripts_by_company/SCRIPPS_NETWORKS_INTERACTIVE_INC_2016Q3.txt,0.22779136896133423,0.2451159954071045,0.7670112431049347,True
HEAT,2011Q1,-0.1,0.06,/Users/vazea/Desktop/NNW/transcripts_by_company/SMARTHEAT_INC_2011Q1.txt,0.14406755566596985,0.10039105266332626,0.8690353952348232,True
MRCY,2007Q3,-0.11,-0.18,/Users/vazea/Desktop/NNW/transcripts_by_company/MERCURY_SYSTEMS_INC_2007Q3.txt,0.1851816624403,0.23181089758872986,0.800829567015171,True
NX,2013Q1,-0.17,-0.06,/Users/vazea/Desktop/NNW/transcripts_by_company/QUANEX_BUILDING_PRODUCTS_CORP_2013Q1.txt,0.33777719736099243,0.35139143466949463,0.658138531446457,True
XTNT,2020Q3,-0.1,-0.11,/Users/vazea/Desktop/NNW/transcripts_by_company/XTANT_MEDICAL_HOLDINGS_INC_2020Q3.txt,0.16381751000881195,0.0,0.836182489991188,False
SGLB,2021Q2,-0.18,-0.13,/Users/vazea/Desktop/NNW/transcripts_by_company/SIGMA_ADDITIVE_SOLUTIONS_INC_2021Q2.txt,0.1321392059326172,0.12400482594966888,0.8703011080622673,True
CYCC,2016Q4,-0.69,-3.89,/Users/vazea/Desktop/NNW/transcripts_by_company/CYCLACEL_PHARMACEUTICALS_INC_2016Q4.txt,0.1787807196378708,0.2919588088989258,0.7872658535838127,True
CIEN,2020Q2,0.76,0.51,/Users/vazea/Desktop/NNW/transcripts_by_company/CIENA_CORP_2020Q2.txt,0.12335146218538284,0.2895555794239044,0.8267873026430607,True
GCAP,2015Q2,0.01,0.25,/Users/vazea/Desktop/NNW/transcripts_by_company/GAIN_CAPITAL_HOLDINGS_INC_2015Q2.txt,0.23676499724388123,0.3446881175041199,0.7308580666780472,True
JFIN,2021Q3,2.36,2.12,/Users/vazea/Desktop/NNW/transcripts_by_company/JIAYIN_GROUP_INC_2021Q3.txt,0.10948233306407928,0.12709921598434448,0.8852326020598411,True
MTOX,2007Q1,0.18,0.14,/Users/vazea/Desktop/NNW/transcripts_by_company/MEDTOX_SCIENTIFIC_2007Q1.txt,0.13978517055511475,0.17480479180812836,0.8497089430689811,True
KBR,2016Q3,-0.44,0.33,/Users/vazea/Desktop/NNW/transcripts_by_company/KBR_INC_2016Q3.txt,0.18828296661376953,0.3718392550945282,0.7566501468420028,True
AXE,2014Q3,1.69,1.7,/Users/vazea/Desktop/NNW/transcripts_by_company/ANIXTER_INTERNATIONAL_INC_2014Q3.txt,0.15920919179916382,0.21620069444179535,0.8236933574080467,True
MAXR,2021Q2,0.6,0.12,/Users/vazea/Desktop/NNW/transcripts_by_company/MAXAR_TECHNOLOGIES_INC_2021Q2.txt,0.19905424118041992,0.28765803575515747,0.7743646204471588,True
REZI,2020Q4,0.44,0.42,/Users/vazea/Desktop/NNW/transcripts_by_company/RESIDEO_TECHNOLOGIES_INC_2020Q4.txt,0.17513830959796906,0.37669041752815247,0.7643960580229759,True
CIR,2014Q3,0.95,0.9,/Users/vazea/Desktop/NNW/transcripts_by_company/CIRCOR_INTERNATIONAL_INC_2014Q3.txt,0.05932246893644333,0.40429896116256714,0.8371845833957196,True
CTSH,2020Q2,0.82,0.69,/Users/vazea/Desktop/NNW/transcripts_by_company/COGNIZANT_TECHNOLOGY_SOLUTIONS_C_2020Q2.txt,0.22460298240184784,0.41107282042503357,0.7194560661911964,True
SCMP,2009Q1,-0.04,0.0,/Users/vazea/Desktop/NNW/transcripts_by_company/SUCAMPO_PHARMACEUTICALS_INC_2009Q1.txt,0.15922410786151886,0.39305543899536133,0.7706264927983284,True
ANTM,2015Q2,3.1,2.69,/Users/vazea/Desktop/NNW/transcripts_by_company/ELEVANCE_HEALTH_INC_2015Q2.txt,0.1328684687614441,0.13421805202960968,0.8667266562581062,True
SPRT,2013Q1,0.06,0.05,/Users/vazea/Desktop/NNW/transcripts_by_company/SUPPORTCOM_INC_2013Q1.txt,0.15176618099212646,0.17010006308555603,0.8427336543798447,True
WU,2011Q4,0.39,1.58,/Users/vazea/Desktop/NNW/transcripts_by_company/WESTERN_UNION_CO_2011Q4.txt,0.2305692732334137,0.1943134069442749,0.7803074866533279,True
PLPM,2014Q2,0.02,-0.01,/Users/vazea/Desktop/NNW/transcripts_by_company/PLANET_PAYMENT_INC_2014Q2.txt,0.1073983833193779,0.1830490231513977,0.8699064247310162,True
KEYW,2011Q1,0.0,0.04,/Users/vazea/Desktop/NNW/transcripts_by_company/KEYW_HOLDING_CORP_2011Q1.txt,0.14341939985752106,-0.012035373598337173,0.9032170321792364,True
WMAR,2008Q4,-1.31,-0.54,/Users/vazea/Desktop/NNW/transcripts_by_company/WEST_MARINE_INC_2008Q4.txt,0.2001611441373825,0.23934435844421387,0.7880838915705681,True
SXCP,2013Q3,0.5,0.47,/Users/vazea/Desktop/NNW/transcripts_by_company/SUNCOKE_ENERGY_PARTNERS_LP_2013Q3.txt,0.16241340339183807,0.16473180055618286,0.8368910774588585,True
SQNS,2021Q1,-0.15,-0.21,/Users/vazea/Desktop/NNW/transcripts_by_company/SEQUANS_COMMUNICATIONS_SA_2021Q1.txt,0.17805613577365875,0.31144997477531433,0.7819257125258445,True
BPL,2012Q2,0.55,0.67,/Users/vazea/Desktop/NNW/transcripts_by_company/BUCKEYE_PARTNERS_LIMITED_PRT_2012Q2.txt,0.2679588198661804,0.1718040555715561,0.7608876094222069,True
ALLE,2022Q1,1.07,0.97,/Users/vazea/Desktop/NNW/transcripts_by_company/ALLEGION_PLC_2022Q1_1.txt,0.11558610200881958,0.21853338181972504,0.8535297140479088,True
APPF,2020Q2,0.54,0.12,/Users/vazea/Desktop/NNW/transcripts_by_company/APPFOLIO_INC_2020Q2.txt,0.17329417169094086,0.0,0.8267058283090591,False
EGOV,2013Q3,0.13,0.11,/Users/vazea/Desktop/NNW/transcripts_by_company/NIC_INC_2013Q3.txt,0.09008070826530457,0.2713221609592438,0.8555468559265137,True
TREE,2022Q1,0.46,0.06,/Users/vazea/Desktop/NNW/transcripts_by_company/LENDINGTREE_INC_2022Q1.txt,0.1290452778339386,0.09085914492607117,0.8824105620384216,True
ARCC,2011Q2,0.34,0.34,/Users/vazea/Desktop/NNW/transcripts_by_company/ARES_CAPITAL_CORP_2011Q2.txt,0.31966763734817505,0.12616533041000366,0.7383830547332764,True
MA,2010Q3,3.94,3.54,/Users/vazea/Desktop/NNW/transcripts_by_company/MASTERCARD_INC_2010Q3.txt,0.1899041384458542,0.08441959321498871,0.8417412251234054,True
RBA,2013Q4,0.28,0.8,/Users/vazea/Desktop/NNW/transcripts_by_company/RITCHIE_BROS_AUCTIONEERS_INC_2013Q4.txt,0.19133226573467255,0.2528570592403412,0.7902102962136268,True
ESNT,2021Q1,1.21,1.16,/Users/vazea/Desktop/NNW/transcripts_by_company/ESSENT_GROUP_LTD_2021Q1.txt,0.10958040505647659,0.29438796639442444,0.8349773265421391,True
OXM,2008Q4,0.36,1.01,/Users/vazea/Desktop/NNW/transcripts_by_company/OXFORD_INDUSTRIES_INC_2008Q4.txt,0.3351189196109772,0.1857651323080063,0.7096872165799142,True
FICO,2019Q1,1.45,1.41,/Users/vazea/Desktop/NNW/transcripts_by_company/FAIR_ISAAC_CORP_2019Q1.txt,0.1211971715092659,0.39130130410194397,0.7977715887129306,True
BNFT,2021Q3,-0.19,-0.23,/Users/vazea/Desktop/NNW/transcripts_by_company/BENEFITFOCUS_INC_2021Q3.txt,0.16640624403953552,0.0,0.8335937559604645,False
LAD,2003Q3,0.69,0.6,/Users/vazea/Desktop/NNW/transcripts_by_company/LITHIA_MOTORS_INC_2003Q3.txt,0.24681343138217926,0.26105359196662903,0.7489145204424859,True
ARQL,2019Q2,-0.08,-0.1,/Users/vazea/Desktop/NNW/transcripts_by_company/ARQULE_INC_2019Q2.txt,0.19465000927448273,0.28975602984428406,0.776818184554577,True
BDC,2021Q3,1.31,1.18,/Users/vazea/Desktop/NNW/transcripts_by_company/BELDEN_INC_2021Q3.txt,0.07574906200170517,0.131137415766716,0.9076344318687916,True
SMP,2013Q1,0.42,0.3,/Users/vazea/Desktop/NNW/transcripts_by_company/STANDARD_MOTOR_PRODUCTS_INC_2013Q1.txt,0.2951812744140625,0.1948801726102829,0.7349090561270714,True
REPH,2018Q3,-0.64,-0.69,/Users/vazea/Desktop/NNW/transcripts_by_company/SOCIETAL_CDMO_INC_2018Q3.txt,0.1639021635055542,0.138522669672966,0.8437116846442223,True
VET,2018Q4,1.59,-0.05,/Users/vazea/Desktop/NNW/transcripts_by_company/VERMILION_ENERGY_INC_2018Q4.txt,0.1944749802350998,0.1815299391746521,0.8094085320830345,True
ABY,2016Q4,-0.15,0.15,/Users/vazea/Desktop/NNW/transcripts_by_company/ATLANTICA_SUSTAINABLE_INFRASTRUC_2016Q4.txt,0.21444842219352722,0.12278053164482117,0.8130519449710846,True
GWB,2021Q1,0.75,0.41,/Users/vazea/Desktop/NNW/transcripts_by_company/GREAT_WESTERN_BANCORP_INC_2021Q1.txt,0.11609894037246704,0.18848420679569244,0.8621854797005654,True
ANGO,2013Q1,0.1,0.09,/Users/vazea/Desktop/NNW/transcripts_by_company/ANGIODYNAMICS_INC_2013Q1.txt,0.1730373203754425,-0.00882792379707098,0.8815222528763116,True
GLNG,2021Q3,-1.52,-0.08,/Users/vazea/Desktop/NNW/transcripts_by_company/GOLAR_LNG_LTD_2021Q3.txt,0.3873155117034912,0.26741528511047363,0.6486545562744142,True
CCC,2015Q3,0.23,0.25,/Users/vazea/Desktop/NNW/transcripts_by_company/CALGON_CARBON_CORP_2015Q3.txt,0.15483033657073975,0.18375040590763092,0.8364936426281929,True
ESIC,2009Q3,0.05,0.1,/Users/vazea/Desktop/NNW/transcripts_by_company/EASYLINK_SERVICES_INTERNATIONAL_2009Q3.txt,0.11732115596532822,0.16494789719581604,0.8683908216655254,True
DIOD,2016Q1,0.12,0.11,/Users/vazea/Desktop/NNW/transcripts_by_company/DIODES_INC_2016Q1.txt,0.07402045279741287,0.4890648126602173,0.8014662392437458,True
SEDG,2017Q4,0.85,0.38,/Users/vazea/Desktop/NNW/transcripts_by_company/SOLAREDGE_TECHNOLOGIES_INC_2017Q4.txt,0.12800340354442596,0.2929433286190033,0.8225146189332009,True
BJRI,2005Q4,0.1,0.36,/Users/vazea/Desktop/NNW/transcripts_by_company/BJS_RESTAURANTS_INC_2005Q4.txt,0.17416667938232422,0.20218053460121155,0.8174291640520096,True
BCPC,2021Q1,0.87,0.86,/Users/vazea/Desktop/NNW/transcripts_by_company/BALCHEM_CORP_2021Q1.txt,0.3011203408241272,0.22830961644649506,0.7207228764891624,True
BSIG,2022Q4,0.67,1.59,/Users/vazea/Desktop/NNW/transcripts_by_company/BRIGHTSPHERE_INVESTMENT_GROUP_IN_2022Q4.txt,0.10072734206914902,0.2351541966199875,0.8589446015655995,True
CLRK,2006Q4,0.1,0.27,/Users/vazea/Desktop/NNW/transcripts_by_company/COLOR_KINETICS_INC_2006Q4.txt,0.1827729493379593,0.1175784096121788,0.8367854125797749,True
ALTR,2021Q1,0.31,0.21,/Users/vazea/Desktop/NNW/transcripts_by_company/ALTAIR_ENGINEERING_INC_2021Q1.txt,0.2561841309070587,0.2289232611656189,0.7519941300153732,True
BG,2010Q2,-0.57,1.41,/Users/vazea/Desktop/NNW/transcripts_by_company/BUNGE_LTD_2010Q2.txt,0.10543408244848251,0.2072991132736206,0.864006408303976,True
RBLX,2022Q3,-0.5,-0.3,/Users/vazea/Desktop/NNW/transcripts_by_company/ROBLOX_CORP_2022Q3.txt,0.15089671313762665,0.11408533900976181,0.8601466991007328,True
NOVA,2009Q2,0.09,0.08,/Users/vazea/Desktop/NNW/transcripts_by_company/NOVAMED_INC_2009Q2.txt,0.2114432454109192,0.5079574584960938,0.6996024906635284,True
PWR,2014Q2,0.43,0.41,/Users/vazea/Desktop/NNW/transcripts_by_company/QUANTA_SERVICES_INC_2014Q2.txt,0.22292011976242065,0.3950013518333435,0.7254555106163025,True
FSTR,2019Q1,0.35,0.13,/Users/vazea/Desktop/NNW/transcripts_by_company/L_B_FOSTER_CO_2019Q1.txt,0.10180995613336563,0.2248021364212036,0.861292389780283,True
SLGN,2017Q2,0.35,0.35,/Users/vazea/Desktop/NNW/transcripts_by_company/SILGAN_HOLDINGS_INC_2017Q2.txt,0.3108662962913513,0.4048927426338196,0.6609257698059082,True
MSFT,2012Q4,0.67,2.67,/Users/vazea/Desktop/NNW/transcripts_by_company/MICROSOFT_CORP_2012Q4.txt,0.23649795353412628,0.1470620036125183,0.7903328314423561,True
NTCT,2020Q1,0.07,0.07,/Users/vazea/Desktop/NNW/transcripts_by_company/NETSCOUT_SYSTEMS_INC_2020Q1.txt,0.3321612775325775,0.3414403200149536,0.6650550097227097,True
MAR,2009Q1,0.24,0.14,/Users/vazea/Desktop/NNW/transcripts_by_company/MARRIOTT_INTERNATIONAL_INC_2009Q1.txt,0.18622814118862152,0.22369344532489777,0.8025322675704956,True
XHR,2017Q2,0.22,0.18,/Users/vazea/Desktop/NNW/transcripts_by_company/XENIA_HOTELS_RESORTS_INC_2017Q2.txt,0.11581330001354218,0.3975646197795868,0.7996613040566445,True
CAVM,2010Q2,0.2,0.19,/Users/vazea/Desktop/NNW/transcripts_by_company/CAVIUM_NETWORKS_INC_2010Q2.txt,0.15575039386749268,0.22918559610843658,0.8222190454602242,True
CHGG,2022Q1,0.32,0.24,/Users/vazea/Desktop/NNW/transcripts_by_company/CHEGG_INC_2022Q1.txt,0.1491936296224594,0.1631605178117752,0.8466163039207458,True
OXY,2014Q1,1.75,1.71,/Users/vazea/Desktop/NNW/transcripts_by_company/OCCIDENTAL_PETROLEUM_CORP_2014Q1.txt,0.23899108171463013,0.1706862598657608,0.7815003648400307,True
WEC,2010Q1,1.1,1.15,/Users/vazea/Desktop/NNW/transcripts_by_company/WISCONSIN_ENERGY_CORP_2010Q1.txt,0.3461868464946747,-0.02554936707019806,0.7653340175747871,True
RH,2018Q1,0.05,0.05,/Users/vazea/Desktop/NNW/transcripts_by_company/RH_2018Q1.txt,0.37975555658340454,0.043160080909729004,0.7212230861186981,True
AN,2011Q3,0.48,0.47,/Users/vazea/Desktop/NNW/transcripts_by_company/AUTONATION_INC_2011Q3.txt,0.14782367646694183,0.2933957874774933,0.8085046902298927,True
AIT,2023Q1,1.97,1.64,/Users/vazea/Desktop/NNW/transcripts_by_company/APPLIED_INDUSTRIAL_TECHNOLOGIES_2023Q1.txt,0.20971031486988068,0.2964698076248169,0.7642618373036385,True
UTIW,2007Q1,0.17,0.21,/Users/vazea/Desktop/NNW/transcripts_by_company/UTI_WORLDWIDE_INC_2007Q1.txt,0.3759174942970276,0.04288344085216522,0.7239927217364311,True
AZO,2022Q4,40.51,115.03,/Users/vazea/Desktop/NNW/transcripts_by_company/AUTOZONE_INC_2022Q4.txt,0.1992892324924469,0.32493874430656433,0.7630159139633179,True
CLAR,2021Q3,0.5,0.35,/Users/vazea/Desktop/NNW/transcripts_by_company/CLARUS_CORP_2021Q3.txt,0.19196288287639618,0.28483229875564575,0.780176292359829,True
STT,2016Q4,1.35,5.09,/Users/vazea/Desktop/NNW/transcripts_by_company/STATE_STREET_CORP_2016Q4.txt,0.19166038930416107,0.1394903063774109,0.823990635573864,True
MCRB,2023Q1,-0.57,-0.53,/Users/vazea/Desktop/NNW/transcripts_by_company/SERES_THERAPEUTICS_INC_2023Q1.txt,0.1541622281074524,0.05073416233062744,0.8768661916255951,True
ELLI,2015Q4,0.44,1.45,/Users/vazea/Desktop/NNW/transcripts_by_company/ELLIE_MAE_INC_2015Q4.txt,0.32965347170829773,0.2303895354270935,0.7001257091760635,True
CLF,2019Q4,0.25,1.11,/Users/vazea/Desktop/NNW/transcripts_by_company/CLEVELANDCLIFFS_INC_2019Q4.txt,0.49289262294769287,0.15181538462638855,0.6094305485486985,True
CAMT,2020Q1,0.09,0.14,/Users/vazea/Desktop/NNW/transcripts_by_company/CAMTEK_LTD_2020Q1.txt,0.0247034914791584,0.3096476197242737,0.889813270047307,True
MAS,2007Q4,0.19,1.83,/Users/vazea/Desktop/NNW/transcripts_by_company/MASCO_CORP_2007Q4.txt,0.28529736399650574,0.1930345594882965,0.742381477355957,True
DAN,2009Q1,-0.97,-0.69,/Users/vazea/Desktop/NNW/transcripts_by_company/DANA_INC_2009Q1.txt,0.07326534390449524,-0.07161570340394974,0.9701989702880383,True
USG,2011Q3,-0.53,-0.63,/Users/vazea/Desktop/NNW/transcripts_by_company/USG_CORPORATION_2011Q3.txt,0.16555963456630707,0.3527791500091553,0.7782745108008384,True
GEO,2021Q2,0.42,0.28,/Users/vazea/Desktop/NNW/transcripts_by_company/GEO_GROUP_INC_2021Q2.txt,0.1749529093503952,0.26619845628738403,0.7976734265685081,True
PLCE,2016Q4,1.19,3.54,/Users/vazea/Desktop/NNW/transcripts_by_company/CHILDRENS_PLACE_INC_2016Q4.txt,0.28287431597709656,0.27816858887672424,0.7185374021530151,True
FTR,2013Q2,0.06,0.06,/Users/vazea/Desktop/NNW/transcripts_by_company/FRONTIER_COMMUNICATIONS_CORP_2013Q2.txt,0.1321687400341034,0.23251527547836304,0.8377272993326187,True
AET,2014Q3,1.79,1.59,/Users/vazea/Desktop/NNW/transcripts_by_company/AETNA_INC_2014Q3.txt,0.16342517733573914,0.3546645939350128,0.7792029976844788,True
ACAD,2011Q2,-0.12,-0.14,/Users/vazea/Desktop/NNW/transcripts_by_company/ACADIA_PHARMACEUTICALS_INC_2011Q2.txt,0.1345447152853012,0.036314573138952255,0.8949243273586035,True
IBM,2002Q1,0.73,0.85,/Users/vazea/Desktop/NNW/transcripts_by_company/INTERNATIONAL_BUSINESS_MACHINES_2002Q1.txt,0.15497133135795593,0.3180018365383148,0.7961195170879364,True
WHF,2022Q3,0.372,0.36,/Users/vazea/Desktop/NNW/transcripts_by_company/WHITEHORSE_FINANCE_INC_2022Q3.txt,0.10111983865499496,0.2467804253101349,0.855181985348463,True
ELOS,2010Q3,-0.15,-0.16,/Users/vazea/Desktop/NNW/transcripts_by_company/SYNERON_MEDICAL_LTD_2010Q3.txt,0.18885564804077148,0.2801143229007721,0.7837667495012284,True
MED,2010Q2,0.38,0.34,/Users/vazea/Desktop/NNW/transcripts_by_company/MEDIFAST_INC_2010Q2.txt,0.12431235611438751,0.17496782541275024,0.8604910030961037,True
ZIXI,2009Q2,-0.03,-0.01,/Users/vazea/Desktop/NNW/transcripts_by_company/ZIX_CORP_2009Q2.txt,0.15143367648124695,0.15657158195972443,0.8470249518752098,True
DOX,2016Q3,0.9,0.87,/Users/vazea/Desktop/NNW/transcripts_by_company/AMDOCS_LTD_2016Q3.txt,0.24481959640979767,0.24272415041923523,0.755809037387371,True
CYTX,2008Q2,-0.33,-0.27,/Users/vazea/Desktop/NNW/transcripts_by_company/PLUS_THERAPEUTICS_INC_2008Q2.txt,0.2472466379404068,0.17451120913028717,0.7745739907026291,True
WDC,2023Q1,0.2,0.5,/Users/vazea/Desktop/NNW/transcripts_by_company/WESTERN_DIGITAL_CORP_2023Q1.txt,0.2730481028556824,0.39756283164024353,0.6895974785089493,True
WDC,2009Q3,0.3,0.08,/Users/vazea/Desktop/NNW/transcripts_by_company/WESTERN_DIGITAL_CORP_2009Q3.txt,0.33595260977745056,0.30588218569755554,0.673068517446518,True
SIVB,2021Q4,6.22,31.66,/Users/vazea/Desktop/NNW/transcripts_by_company/SVB_FINANCIAL_GROUP_2021Q4.txt,0.1674967259168625,0.31543195247650146,0.7881227061152458,True
VOLT,2020Q4,-0.58,-0.97,/Users/vazea/Desktop/NNW/transcripts_by_company/VOLT_INFORMATION_SCIENCES_INC_2020Q4.txt,0.12146012485027313,0.25833451747894287,0.837477557361126,True
ADM,2006Q2,0.54,0.42,/Users/vazea/Desktop/NNW/transcripts_by_company/ARCHERDANIELSMIDLAND_CO_2006Q2.txt,0.16994760930538177,0.16290977597236633,0.8321637406945228,True
BJ,2020Q1,0.26,0.25,/Users/vazea/Desktop/NNW/transcripts_by_company/BJS_WHOLESALE_CLUB_HOLDINGS_INC_2020Q1.txt,0.19782277941703796,0.17829903960227966,0.8080343425273895,True
ACHV,2022Q2,-1.08,-0.85,/Users/vazea/Desktop/NNW/transcripts_by_company/ACHIEVE_LIFE_SCIENCES_INC_2022Q2.txt,0.2051355093717575,0.13126178085803986,0.8170266091823578,True
TBIO,2002Q3,-0.2,-0.16,/Users/vazea/Desktop/NNW/transcripts_by_company/TRANSGENOMICS_INC_2002Q3.txt,0.15535306930541992,0.08639056235551834,0.8653356827795505,True
KRT,2022Q3,0.33,0.34,/Users/vazea/Desktop/NNW/transcripts_by_company/KARAT_PACKAGING_INC_2022Q3.txt,0.23663857579231262,0.2886594831943512,0.7477551519870758,True
CLE,2005Q4,0.59,1.47,/Users/vazea/Desktop/NNW/transcripts_by_company/CLAIRES_STORES_INCORPORATED_2005Q4.txt,0.36212122440338135,0.14966677129268646,0.701615111529827,True
HLI,2019Q2,0.7,0.65,/Users/vazea/Desktop/NNW/transcripts_by_company/HOULIHAN_LOKEY_INC_2019Q2.txt,0.22290749847888947,0.4303726255893707,0.7148529633879661,True
BRFH,2019Q3,0.0,-0.01,/Users/vazea/Desktop/NNW/transcripts_by_company/BARFRESH_FOOD_GROUP_INC_2019Q3.txt,0.15888451039791107,0.12763524055480957,0.8504902705550194,True
GILD,2008Q1,0.51,0.47,/Users/vazea/Desktop/NNW/transcripts_by_company/GILEAD_SCIENCES_INC_2008Q1.txt,0.09856279194355011,0.050765860825777054,0.9157762873917819,True
MAS,2003Q3,0.53,0.52,/Users/vazea/Desktop/NNW/transcripts_by_company/MASCO_CORP_2003Q3.txt,0.31179171800613403,0.19805146753787994,0.7223303571343422,True
TWI,2018Q4,-0.21,0.25,/Users/vazea/Desktop/NNW/transcripts_by_company/TITAN_INTERNATIONAL_INC_2018Q4.txt,0.38253459334373474,0.27616119384765625,0.6493774265050889,True
ARIA,2005Q3,-0.25,-0.24,/Users/vazea/Desktop/NNW/transcripts_by_company/ARIAD_PHARMACEUTICALS_INC_2005Q3.txt,0.13308508694171906,0.1868518590927124,0.8507848814129829,True
GS,2008Q2,4.58,3.63,/Users/vazea/Desktop/NNW/transcripts_by_company/GOLDMAN_SACHS_GROUP_INC_2008Q2.txt,0.11870752274990082,0.15985217690467834,0.868949081003666,True
SGEN,2006Q4,-0.2,-0.75,/Users/vazea/Desktop/NNW/transcripts_by_company/SEATTLE_GENETICS_INC_2006Q4.txt,0.16319401562213898,0.09985155612230301,0.8558087222278118,True
NTWK,2017Q1,-0.17,0.0,/Users/vazea/Desktop/NNW/transcripts_by_company/NETSOL_TECHNOLOGIES_INCORPORATE_2017Q1.txt,0.22750404477119446,0.3141959011554718,0.7464883983135223,True
BMRN,2023Q1,0.27,0.17,/Users/vazea/Desktop/NNW/transcripts_by_company/BIOMARIN_PHARMACEUTICAL_INC_2023Q1.txt,0.14526085555553436,0.24534621834754944,0.8247135356068611,True
LOGM,2011Q2,0.17,0.16,/Users/vazea/Desktop/NNW/transcripts_by_company/LOGMEIN_INC_2011Q2.txt,0.1813296526670456,0.19129572808742523,0.8156805247068405,True
AXP,2006Q1,0.7,0.69,/Users/vazea/Desktop/NNW/transcripts_by_company/AMERICAN_EXPRESS_CO_2006Q1.txt,0.34204286336898804,0.40243303775787354,0.6398400843143464,True
HELE,2016Q1,1.06,1.12,/Users/vazea/Desktop/NNW/transcripts_by_company/HELEN_OF_TROY_LTD_2016Q1.txt,0.18870626389980316,0.3768310844898224,0.7548562899231911,True
RSAS,2002Q2,-0.04,-0.05,/Users/vazea/Desktop/NNW/transcripts_by_company/RSA_SECURITY_2002Q2.txt,0.3045072853565216,0.0,0.6954927146434784,False
DVAX,2018Q2,-0.63,-0.63,/Users/vazea/Desktop/NNW/transcripts_by_company/DYNAVAX_TECHNOLOGIES_CORP_2018Q2.txt,0.27838900685310364,0.29162299633026123,0.7176407963037491,True
BWEN,2021Q2,0.06,0.11,/Users/vazea/Desktop/NNW/transcripts_by_company/BROADWIND_INC_2021Q2.txt,0.21353846788406372,0.15030936896800995,0.8054302617907525,True
PLT,2006Q2,0.33,0.39,/Users/vazea/Desktop/NNW/transcripts_by_company/PLANTRONICS_INC_2006Q2.txt,0.11973746120929718,0.37600839138031006,0.803381259739399,True
TOL,2010Q2,-0.24,-0.24,/Users/vazea/Desktop/NNW/transcripts_by_company/TOLL_BROTHERS_INC_2010Q2.txt,0.11714419722557068,0.15581128001213074,0.8712556779384613,True
FORR,2019Q1,0.08,-0.04,/Users/vazea/Desktop/NNW/transcripts_by_company/FORRESTER_RESEARCH_INC_2019Q1.txt,0.36727648973464966,0.4778439402580261,0.5995532751083374,True
AXE,2004Q3,0.41,0.46,/Users/vazea/Desktop/NNW/transcripts_by_company/ANIXTER_INTERNATIONAL_INC_2004Q3.txt,0.24615898728370667,0.3526749610900879,0.721886220574379,True
LGND,2013Q2,0.07,0.05,/Users/vazea/Desktop/NNW/transcripts_by_company/LIGAND_PHARMACEUTICALS_INC_2013Q2.txt,0.22145122289657593,0.3714684844017029,0.733543598651886,True
CAT,2006Q2,1.52,1.4,/Users/vazea/Desktop/NNW/transcripts_by_company/CATERPILLAR_INC_2006Q2.txt,0.17633481323719025,0.13252507150173187,0.8368081092834473,True
USPH,2012Q2,0.41,0.44,/Users/vazea/Desktop/NNW/transcripts_by_company/US_PHYSICAL_THERAPY_INC_2012Q2.txt,0.18239811062812805,0.17740656435489655,0.8190993532538414,True
CNP,2014Q4,0.36,1.18,/Users/vazea/Desktop/NNW/transcripts_by_company/CENTERPOINT_ENERGY_INC_2014Q4.txt,0.19086319208145142,0.2172466516494751,0.8012217700481414,True
ALE,2005Q4,0.88,2.27,/Users/vazea/Desktop/NNW/transcripts_by_company/ALLETE_INC_2005Q4.txt,0.18867357075214386,0.22019346058368683,0.8018704622983932,True
DAL,2010Q4,0.19,1.8,/Users/vazea/Desktop/NNW/transcripts_by_company/DELTA_AIR_LINES_INC_2010Q4.txt,0.17911377549171448,0.14115750789642334,0.8322731047868729,True
TFFP,2021Q1,-0.33,-0.24,/Users/vazea/Desktop/NNW/transcripts_by_company/TFF_PHARMACEUTICALS_INC_2021Q1.txt,0.11071828007698059,0.16010968387126923,0.8744642987847329,True
LNN,2010Q2,0.32,0.33,/Users/vazea/Desktop/NNW/transcripts_by_company/LINDSAY_CORP_2010Q2.txt,0.26308879256248474,0.17892208695411682,0.7621612191200257,True
PLAY,2022Q2,1.07,0.52,/Users/vazea/Desktop/NNW/transcripts_by_company/DAVE_BUSTERS_ENTERTAINMENT_IN_2022Q2.txt,0.1616387963294983,0.15507552027702332,0.8403301864862442,True
PESI,2008Q2,0.01,0.02,/Users/vazea/Desktop/NNW/transcripts_by_company/PERMAFIX_ENVIRONMENTAL_SVCS_2008Q2.txt,0.26513543725013733,0.1698761135339737,0.7634423598647118,True
CXW,2007Q4,0.28,1.06,/Users/vazea/Desktop/NNW/transcripts_by_company/CORRECTIONS_CORP_OF_AMERICA_2007Q4.txt,0.2420848160982132,0.2534097135066986,0.7545177146792412,True
THR,2012Q3,0.23,0.2,/Users/vazea/Desktop/NNW/transcripts_by_company/THERMON_GROUP_HOLDINGS_INC_2012Q3.txt,0.11488602310419083,0.1774139702320099,0.8663555927574634,True
BAH,2018Q4,0.52,1.95,/Users/vazea/Desktop/NNW/transcripts_by_company/BOOZ_ALLEN_HAMILTON_HOLDING_CORP_2018Q4.txt,0.2913270592689514,0.12897948920726776,0.7573772117495536,True
CIEN,2005Q3,-0.04,-0.04,/Users/vazea/Desktop/NNW/transcripts_by_company/CIENA_CORP_2005Q3.txt,0.3304397463798523,0.2551361322402954,0.6921513378620148,True
HRZB,2005Q4,0.32,1.26,/Users/vazea/Desktop/NNW/transcripts_by_company/HORIZON_FINANCIAL_CORPORATION_WA_2005Q4.txt,0.3151882588863373,0.22864629328250885,0.7107743307948113,True
PETM,2011Q3,0.38,0.38,/Users/vazea/Desktop/NNW/transcripts_by_company/PETSMART_INC_2011Q3.txt,0.12209215015172958,0.2827981412410736,0.8296960525214672,True
ACU,2019Q3,0.3,0.26,/Users/vazea/Desktop/NNW/transcripts_by_company/ACME_UNITED_CORP_2019Q3.txt,0.15830454230308533,0.15794233977794647,0.8418041184544564,True
PYDS,2018Q1,-0.06,-0.1,/Users/vazea/Desktop/NNW/transcripts_by_company/PAYMENT_DATA_SYSTEMS_INC_2018Q1.txt,0.17033056914806366,0.15322931110858917,0.8347998082637786,True
USAP,2018Q3,0.44,0.49,/Users/vazea/Desktop/NNW/transcripts_by_company/UNIVERSAL_STAINLESS_ALLOY_PROD_2018Q3.txt,0.16333916783332825,0.29270899295806885,0.7978498846292497,True
FWONA,2019Q3,0.18,0.19,/Users/vazea/Desktop/NNW/transcripts_by_company/LIBERTY_MEDIA_CORP_2019Q3.txt,0.21657967567443848,0.14405129849910736,0.8051788374781609,True
CLS,2014Q2,0.25,0.23,/Users/vazea/Desktop/NNW/transcripts_by_company/CELESTICA_INC_2014Q2.txt,0.10986841470003128,0.20357447862625122,0.8620197661221027,True
ACTS,2006Q2,0.21,0.19,/Users/vazea/Desktop/NNW/transcripts_by_company/ACTIONS_SEMICONDUCTOR_CO_LTD_2006Q2.txt,0.12406325340270996,0.12540730834007263,0.8755335301160813,True
MROI,2002Q4,0.11,0.15,/Users/vazea/Desktop/NNW/transcripts_by_company/MRO_SOFTWARE_INC_2002Q4.txt,0.2494312971830368,0.11034304648637772,0.7922951780259609,True
FVE,2013Q3,0.01,0.07,/Users/vazea/Desktop/NNW/transcripts_by_company/FIVE_STAR_SENIOR_LIVING_INC_2013Q3.txt,0.26858529448509216,0.2785645127296448,0.728420940041542,True
PCTY,2003Q2,0.85,0.96,/Users/vazea/Desktop/NNW/transcripts_by_company/PARTY_CITY_2003Q2.txt,0.004099543206393719,0.0,0.9959004567936063,False
FRC,2004Q2,0.62,0.56,/Users/vazea/Desktop/NNW/transcripts_by_company/FIRST_REPUBLIC_BANK_2004Q2.txt,0.13503947854042053,0.10738824307918549,0.87325589209795,True
MAT,2003Q2,0.07,0.08,/Users/vazea/Desktop/NNW/transcripts_by_company/MATTEL_INC_2003Q2.txt,0.23423418402671814,0.29297372698783875,0.7481439530849456,True
CHH,2015Q2,0.62,0.59,/Users/vazea/Desktop/NNW/transcripts_by_company/CHOICE_HOTELS_INTERNATIONAL_INC_2015Q2.txt,0.14850060641765594,0.19457696378231049,0.8376764863729477,True
PETM,2012Q4,0.91,2.54,/Users/vazea/Desktop/NNW/transcripts_by_company/PETSMART_INC_2012Q4.txt,0.2479109913110733,0.12257491052150726,0.7896898329257965,True
EGN,2017Q3,0.2,0.14,/Users/vazea/Desktop/NNW/transcripts_by_company/ENERGEN_CORPORATION_2017Q3.txt,0.29097703099250793,0.09580137580633163,0.767575665563345,True
UFPI,2022Q3,2.66,2.4,/Users/vazea/Desktop/NNW/transcripts_by_company/UFP_INDUSTRIES_INC_2022Q3.txt,0.1148141622543335,0.11747177690267563,0.8843885533511638,True
RCI,2010Q4,0.64,2.99,/Users/vazea/Desktop/NNW/transcripts_by_company/ROGERS_COMMUNICATIONS_INC_2010Q4.txt,0.27244627475738525,0.4103516638278961,0.6861821085214614,True
MGLN,2011Q3,1.03,0.84,/Users/vazea/Desktop/NNW/transcripts_by_company/MAGELLAN_HEALTH_INC_2011Q3.txt,0.17039519548416138,0.30518290400505066,0.7891684919595718,True
REYN,2022Q3,0.24,0.23,/Users/vazea/Desktop/NNW/transcripts_by_company/REYNOLDS_CONSUMER_PRODUCTS_INC_2022Q3.txt,0.21884457767009735,0.19433267414569855,0.7885089933872222,True
VZIO,2022Q2,0.01,-0.02,/Users/vazea/Desktop/NNW/transcripts_by_company/VIZIO_HOLDING_CORP_2022Q2.txt,0.20198431611061096,0.12019246816635132,0.8225532382726669,True
BBOX,2004Q3,0.66,0.63,/Users/vazea/Desktop/NNW/transcripts_by_company/BLACK_BOX_CORPORATION_2004Q3.txt,0.21678438782691956,0.37754684686660767,0.7349868744611741,True
AOS,2006Q3,0.54,0.53,/Users/vazea/Desktop/NNW/transcripts_by_company/A_O_SMITH_CORP_2006Q3.txt,0.16548645496368408,0.41486960649490356,0.7596985995769501,True
THS,2022Q3,0.18,0.2,/Users/vazea/Desktop/NNW/transcripts_by_company/TREEHOUSE_FOODS_INC_2022Q3.txt,0.24530237913131714,0.2939205765724182,0.7401121616363526,True
TCP,2017Q4,0.77,3.15,/Users/vazea/Desktop/NNW/transcripts_by_company/TC_PIPELINES_LP_2017Q4.txt,0.2354414016008377,0.037269819527864456,0.8240100730210542,True
ISRG,2016Q3,6.19,5.14,/Users/vazea/Desktop/NNW/transcripts_by_company/INTUITIVE_SURGICAL_INC_2016Q3.txt,0.21243056654930115,0.25589731335639954,0.7745294094085693,True
JMIA,2020Q3,-0.2,-0.53,/Users/vazea/Desktop/NNW/transcripts_by_company/JUMIA_TECHNOLOGIES_AG_2020Q3.txt,0.1690588742494583,0.24402926862239838,0.8084500074386597,True
BANC,2016Q4,0.54,1.87,/Users/vazea/Desktop/NNW/transcripts_by_company/BANC_OF_CALIFORNIA_INC_2016Q4.txt,0.15228617191314697,0.558480441570282,0.7258555471897126,True
PDCO,2018Q3,0.43,0.51,/Users/vazea/Desktop/NNW/transcripts_by_company/PATTERSON_COMPANIES_INC_2018Q3.txt,0.18205626308918,0.12263437360525131,0.8357703037559987,True
MDSO,2018Q4,0.45,1.62,/Users/vazea/Desktop/NNW/transcripts_by_company/MEDIDATA_SOLUTIONS_INC_2018Q4.txt,0.12102793157100677,0.11116135120391846,0.8819320425391197,True
CHEF,2017Q2,0.14,0.12,/Users/vazea/Desktop/NNW/transcripts_by_company/CHEFS_WAREHOUSE_INC_2017Q2.txt,0.15192294120788574,0.30376484990119934,0.8025244861841202,True
EPC,2018Q2,1.31,1.22,/Users/vazea/Desktop/NNW/transcripts_by_company/EDGEWELL_PERSONAL_CARE_CO_2018Q2.txt,0.09166347980499268,0.30852365493774414,0.8432784676551819,True
ABTL,2017Q1,0.26,0.19,/Users/vazea/Desktop/NNW/transcripts_by_company/AUTOBYTEL_INC_2017Q1.txt,0.2600592374801636,0.1872430145740509,0.7617856293916703,True
SVU,2013Q4,-0.14,0.41,/Users/vazea/Desktop/NNW/transcripts_by_company/SUPERVALU_INC_2013Q4.txt,0.11071030795574188,0.1651732474565506,0.8729508101940155,True
TNC,2004Q2,0.41,0.34,/Users/vazea/Desktop/NNW/transcripts_by_company/TENNANT_CO_2004Q2.txt,0.15996746718883514,0.08688448369503021,0.8619574278593063,True
INFT,2004Q1,0.05,0.02,/Users/vazea/Desktop/NNW/transcripts_by_company/INFORTE_CORPORATION_2004Q1.txt,0.22967186570167542,0.1475236564874649,0.7949725970625877,True
DTLK,2008Q2,0.1,0.07,/Users/vazea/Desktop/NNW/transcripts_by_company/DATALINK_CORP_2008Q2.txt,0.2670160233974457,0.4298960566520691,0.6841199666261674,True
SMSI,2012Q1,-0.15,-0.16,/Users/vazea/Desktop/NNW/transcripts_by_company/SMITH_MICRO_SOFTWARE_INC_2012Q1.txt,0.11053285002708435,0.12910214066505432,0.8838963627815246,True
EME,2014Q1,0.64,0.52,/Users/vazea/Desktop/NNW/transcripts_by_company/EMCOR_GROUP_INC_2014Q1.txt,0.10536660254001617,0.17297066748142242,0.8743521779775619,True
CATB,2018Q2,-0.2,-0.23,/Users/vazea/Desktop/NNW/transcripts_by_company/CATABASIS_PHARMACEUTICALS_INC_2018Q2.txt,0.17456600069999695,0.16969525814056396,0.826895222067833,True
CL,2006Q4,0.78,2.9,/Users/vazea/Desktop/NNW/transcripts_by_company/COLGATEPALMOLIVE_CO_2006Q4.txt,0.19260653853416443,0.04078672453761101,0.8529394056648016,True
LNT,2012Q4,0.64,2.98,/Users/vazea/Desktop/NNW/transcripts_by_company/ALLIANT_ENERGY_CORP_2012Q4.txt,0.17968901991844177,0.19051353633403778,0.8170636251568795,True
NAVB,2015Q2,-0.06,-0.04,/Users/vazea/Desktop/NNW/transcripts_by_company/NAVIDEA_BIOPHARMACEUTICALS_INC_2015Q2.txt,0.28715288639068604,0.14139600098133087,0.7565741792321206,True
MYL,2016Q4,1.57,4.74,/Users/vazea/Desktop/NNW/transcripts_by_company/MYLAN_NV_2016Q4.txt,0.2104048877954483,0.1471066027879715,0.8085845977067947,True
WLK,2017Q2,1.17,1.22,/Users/vazea/Desktop/NNW/transcripts_by_company/WESTLAKE_CORP_2017Q2.txt,0.09969037771224976,0.31439685821533203,0.8358976781368256,True
PBI,2005Q3,0.66,0.67,/Users/vazea/Desktop/NNW/transcripts_by_company/PITNEY_BOWES_INC_2005Q3.txt,0.3145369291305542,0.05508055165410042,0.763299984112382,True
EAT,2015Q2,0.71,0.68,/Users/vazea/Desktop/NNW/transcripts_by_company/BRINKER_INTERNATIONAL_INC_2015Q2.txt,0.28504666686058044,0.35484349727630615,0.6940142840147019,True
GCO,2021Q3,0.85,-0.05,/Users/vazea/Desktop/NNW/transcripts_by_company/GENESCO_INC_2021Q3.txt,0.2512403726577759,0.1841636449098587,0.7688826456665993,True
VECO,2002Q4,-0.11,-0.12,/Users/vazea/Desktop/NNW/transcripts_by_company/VEECO_INSTRUMENTS_INC_2002Q4.txt,0.11588547378778458,0.43364033102989197,0.7887880690395832,True
IEC,2018Q4,0.13,0.3,/Users/vazea/Desktop/NNW/transcripts_by_company/IEC_ELECTRONICS_CORP_2018Q4.txt,0.2334238588809967,0.2506408989429474,0.7614110291004181,True
ETH,2020Q1,0.35,0.32,/Users/vazea/Desktop/NNW/transcripts_by_company/ETHAN_ALLEN_INTERIORS_INC_2020Q1.txt,0.09137365967035294,0.3422684967517853,0.8333578892052174,True
BBGI,2005Q3,0.15,0.15,/Users/vazea/Desktop/NNW/transcripts_by_company/BEASLEY_BROADCAST_GROUP_INC_2005Q3.txt,0.20195263624191284,0.2350318878889084,0.7881235882639885,True
WTS,2007Q2,0.45,0.55,/Users/vazea/Desktop/NNW/transcripts_by_company/WATTS_WATER_TECHNOLOGIES_INC_2007Q2.txt,0.14026102423667908,0.13171790540218353,0.8623019114136696,True
ZLTQ,2014Q1,-0.2,-0.16,/Users/vazea/Desktop/NNW/transcripts_by_company/ZELTIQ_AESTHETICS_INC_2014Q1.txt,0.10719427466392517,0.06887565553188324,0.9043013110756875,True
RDN,2016Q1,0.37,0.37,/Users/vazea/Desktop/NNW/transcripts_by_company/RADIAN_GROUP_INC_2016Q1.txt,0.3268579840660095,0.17493394017219543,0.7187192291021347,True
KMI,2017Q1,0.17,0.18,/Users/vazea/Desktop/NNW/transcripts_by_company/KINDER_MORGAN_INC_2017Q1.txt,0.14032500982284546,0.13951581716537476,0.8599177479743958,True
ABY,2016Q3,0.33,0.45,/Users/vazea/Desktop/NNW/transcripts_by_company/ATLANTICA_SUSTAINABLE_INFRASTRUC_2016Q3.txt,0.21833769977092743,-0.01570185460150242,0.8518741665408015,True
RVNC,2014Q2,-0.69,-0.77,/Users/vazea/Desktop/NNW/transcripts_by_company/REVANCE_THERAPEUTICS_INC_2014Q2.txt,0.14250017702579498,0.10209843516349792,0.8696203455328941,True
CPNG,2021Q2,-0.13,-0.13,/Users/vazea/Desktop/NNW/transcripts_by_company/COUPANG_INC_2021Q2.txt,0.15727299451828003,0.32253989577293396,0.7931469351053237,True
PFGC,2021Q3,0.19,0.29,/Users/vazea/Desktop/NNW/transcripts_by_company/PERFORMANCE_FOOD_GROUP_CO_2021Q3.txt,0.17991496622562408,0.20752981305122375,0.8118005797266961,True
FNSR,2004Q4,-0.06,-0.24,/Users/vazea/Desktop/NNW/transcripts_by_company/FINISAR_CORPORATION_2004Q4.txt,0.18050003051757812,0.22860360145568848,0.8050688982009888,True
GISX,2006Q3,0.64,0.63,/Users/vazea/Desktop/NNW/transcripts_by_company/GLOBAL_IMAGING_SYSTEMS_INC_2006Q3.txt,0.35969290137290955,0.35461556911468506,0.6418302983045578,True
PCCC,2007Q4,0.24,0.87,/Users/vazea/Desktop/NNW/transcripts_by_company/PC_CONNECTION_INC_2007Q4.txt,0.14330686628818512,0.3548719882965088,0.7932235971093178,True
AGRX,2022Q1,-3.78,-0.12,/Users/vazea/Desktop/NNW/transcripts_by_company/AGILE_THERAPEUTICS_INC_2022Q1.txt,0.2512749135494232,0.20798330008983612,0.7617125704884529,True
PRAA,2006Q2,0.69,0.69,/Users/vazea/Desktop/NNW/transcripts_by_company/PORTFOLIO_RECOVERY_ASSOCIATES_2006Q2.txt,0.17640873789787292,0.1637807935476303,0.8273796454071999,True
NMRK,2022Q3,0.35,0.45,/Users/vazea/Desktop/NNW/transcripts_by_company/NEWMARK_GROUP_INC_2022Q3.txt,0.18238118290901184,0.20602159202098846,0.8105266943573952,True
HSDT,2021Q2,-1.76,-1.61,/Users/vazea/Desktop/NNW/transcripts_by_company/HELIUS_MEDICAL_TECHNOLOGIES_INC_2021Q2.txt,0.20080259442329407,0.1305876225233078,0.8202618971467018,True
NATI,2010Q1,0.23,0.3,/Users/vazea/Desktop/NNW/transcripts_by_company/NATIONAL_INSTRUMENTS_CORP_2010Q1.txt,0.1825110912322998,0.3822292983531952,0.7575734466314316,True
OPLK,2013Q3,0.18,0.19,/Users/vazea/Desktop/NNW/transcripts_by_company/OPLINK_COMMUNICATIONS_INC_2013Q3.txt,0.11871205270290375,0.11441391706466675,0.8825773879885673,True
WINS,2006Q3,0.02,0.07,/Users/vazea/Desktop/NNW/transcripts_by_company/SMA_2006Q3.txt,0.10910868644714355,0.04866035655140877,0.9090258125215769,True
OSK,2023Q3,3.04,2.16,/Users/vazea/Desktop/NNW/transcripts_by_company/OSHKOSH_CORP_2023Q3.txt,0.15884838998317719,0.13602705299854279,0.8479980111122132,True
BLL,2004Q2,1.6,1.4,/Users/vazea/Desktop/NNW/transcripts_by_company/BALL_CORP_2004Q2.txt,0.06784547865390778,0.12630802392959595,0.9146157577633858,True
SCVL,2021Q2,0.71,0.62,/Users/vazea/Desktop/NNW/transcripts_by_company/SHOE_CARNIVAL_INC_2021Q2.txt,0.09807160496711731,0.3402324616909027,0.8292801380157471,True
BEN,2013Q1,2.42,2.37,/Users/vazea/Desktop/NNW/transcripts_by_company/FRANKLIN_RESOURCES_INC_2013Q1.txt,0.2156105637550354,0.0,0.7843894362449646,False
CTSH,2015Q4,0.8,3.04,/Users/vazea/Desktop/NNW/transcripts_by_company/COGNIZANT_TECHNOLOGY_SOLUTIONS_C_2015Q4.txt,0.14738057553768158,0.2968631386756897,0.807774655520916,True
ASC,2023Q1,1.04,1.08,/Users/vazea/Desktop/NNW/transcripts_by_company/ARDMORE_SHIPPING_CORP_2023Q1.txt,0.23543986678123474,0.2267223596572876,0.7671753853559494,True
CERN,2014Q3,0.42,0.42,/Users/vazea/Desktop/NNW/transcripts_by_company/CERNER_CORP_2014Q3.txt,0.3903668224811554,0.1835034191608429,0.6716921985149384,True
ARRO,2006Q3,0.31,0.34,/Users/vazea/Desktop/NNW/transcripts_by_company/ARROW_INTL_INC_2006Q3.txt,0.1734054982662201,0.36614495515823364,0.7687726646661759,True
RCNI,2006Q1,1.68,-1.16,/Users/vazea/Desktop/NNW/transcripts_by_company/RCN_CORP_2006Q1.txt,0.18654125928878784,0.23934875428676605,0.7976164922118187,True
RTIX,2018Q1,0.01,0.01,/Users/vazea/Desktop/NNW/transcripts_by_company/RTI_SURGICAL_HOLDINGS_INC_2018Q1.txt,0.31094324588775635,0.161787211894989,0.7338035643100739,True
TPC,2013Q4,0.68,1.75,/Users/vazea/Desktop/NNW/transcripts_by_company/TUTOR_PERINI_CORP_2013Q4.txt,0.24471260607242584,0.26029399037361145,0.7506129786372184,True
CVX,2022Q3,5.56,5.16,/Users/vazea/Desktop/NNW/transcripts_by_company/CHEVRON_CORP_2022Q3.txt,0.10834119468927383,0.34272173047065735,0.8213446445763111,True
SRPT,2019Q1,-1.07,-1.29,/Users/vazea/Desktop/NNW/transcripts_by_company/SAREPTA_THERAPEUTICS_INC_2019Q1.txt,0.14334875345230103,0.15784485638141632,0.8523024156689644,True
NTR,2022Q4,2.02,13.93,/Users/vazea/Desktop/NNW/transcripts_by_company/NUTRIEN_LTD_2022Q4.txt,0.10684774816036224,0.2251681238412857,0.8576561391353608,True
ASB,2020Q3,0.24,0.2,/Users/vazea/Desktop/NNW/transcripts_by_company/ASSOCIATED_BANCCORP_2020Q3.txt,0.1335737258195877,0.14978766441345215,0.8615620926022529,True
DLPN,2022Q1,-0.09,0.02,/Users/vazea/Desktop/NNW/transcripts_by_company/DOLPHIN_ENTERTAINMENT_INC_2022Q1.txt,0.20945116877555847,0.26471951603889465,0.7739683270454407,True
BRP,2003Q3,0.57,0.99,/Users/vazea/Desktop/NNW/transcripts_by_company/BRASIL_TELECOM_PARTICIPACOES_SA_2003Q3.txt,0.08357541263103485,0.2682395577430725,0.8610253438353539,True
HMTV,2017Q1,0.1,0.08,/Users/vazea/Desktop/NNW/transcripts_by_company/HEMISPHERE_MEDIA_GROUP_INC_2017Q1.txt,0.23971109092235565,0.19389714300632477,0.7740330934524536,True
MGLN,2010Q2,1.05,0.73,/Users/vazea/Desktop/NNW/transcripts_by_company/MAGELLAN_HEALTH_INC_2010Q2.txt,0.17359621822834015,0.08197102695703506,0.8538913391530514,True
SRE,2022Q1,2.91,2.81,/Users/vazea/Desktop/NNW/transcripts_by_company/SEMPRA_2022Q1.txt,0.2663004398345947,0.13963623344898224,0.771698822081089,True
NVAX,2023Q2,0.58,-1.23,/Users/vazea/Desktop/NNW/transcripts_by_company/NOVAVAX_INC_2023Q2.txt,0.14432214200496674,0.04307687655091286,0.8860514376312494,True
NMIH,2020Q2,0.4,0.44,/Users/vazea/Desktop/NNW/transcripts_by_company/NMI_HOLDINGS_INC_2020Q2.txt,0.15041759610176086,0.26600316166877747,0.8149067342281342,True
SGI,2013Q3,0.18,0.14,/Users/vazea/Desktop/NNW/transcripts_by_company/SILICON_GRAPHICS_INTERNATNL_CORP_2013Q3.txt,0.23744988441467285,0.17597295343875885,0.7809931948781014,True
CLPR,2018Q1,-0.08,-0.01,/Users/vazea/Desktop/NNW/transcripts_by_company/CLIPPER_REALTY_INC_2018Q1.txt,0.1967824101448059,0.21139776706695557,0.7988329827785492,True
AMWD,2012Q4,-0.11,-0.65,/Users/vazea/Desktop/NNW/transcripts_by_company/AMERICAN_WOODMARK_CORP_2012Q4.txt,0.3123491108417511,0.21239839494228363,0.7176361039280892,True
JNPR,2008Q2,0.28,0.27,/Users/vazea/Desktop/NNW/transcripts_by_company/JUNIPER_NETWORKS_INC_2008Q2.txt,0.2666953206062317,0.3373511731624603,0.7121079236268997,True
GOLF,2022Q1,1.1,0.82,/Users/vazea/Desktop/NNW/transcripts_by_company/ACUSHNET_HOLDINGS_CORP_2022Q1.txt,0.14921219646930695,0.4440459609031677,0.7623376742005348,True
HCI,2018Q3,1.11,0.79,/Users/vazea/Desktop/NNW/transcripts_by_company/HCI_GROUP_INC_2018Q3.txt,0.171502947807312,0.1532350480556488,0.8339774221181869,True
LRCX,2023Q4,5.98,33.2,/Users/vazea/Desktop/NNW/transcripts_by_company/LAM_RESEARCH_CORP_2023Q4.txt,0.13262446224689484,0.35504111647605896,0.8006505414843559,True
STNG,2015Q4,0.21,1.25,/Users/vazea/Desktop/NNW/transcripts_by_company/SCORPIO_TANKERS_INC_2015Q4.txt,0.12791869044303894,0.30443063378334045,0.8191277265548706,True
SBAC,2017Q1,0.31,0.19,/Users/vazea/Desktop/NNW/transcripts_by_company/SBA_COMMUNICATIONS_CORP_2017Q1.txt,0.15208597481250763,0.31880658864974976,0.7978978410363198,True
PBI,2022Q3,0.0,0.02,/Users/vazea/Desktop/NNW/transcripts_by_company/PITNEY_BOWES_INC_2022Q3.txt,0.15414053201675415,0.14642848074436188,0.8481730833649636,True
ASEI,2016Q2,0.06,0.08,/Users/vazea/Desktop/NNW/transcripts_by_company/AMERICAN_SCIENCE_ENGINE_INC_2016Q2.txt,0.2266446352005005,0.20040102303028107,0.7812284484505654,True
BNS,2009Q4,0.83,3.32,/Users/vazea/Desktop/NNW/transcripts_by_company/BANK_OF_NOVA_SCOTIA_2009Q4.txt,0.1364256888628006,0.005055834073573351,0.9029852675739676,True
ARWR,2022Q2,0.41,-0.15,/Users/vazea/Desktop/NNW/transcripts_by_company/ARROWHEAD_PHARMACEUTICALS_INC_2022Q2.txt,0.2593397796154022,0.1666957288980484,0.768453435599804,True
ECYT,2016Q1,-0.24,-0.25,/Users/vazea/Desktop/NNW/transcripts_by_company/ENDOCYTE_INC_2016Q1.txt,0.12749630212783813,0.2095234990119934,0.8478955388069153,True
WRK,2022Q4,1.43,4.76,/Users/vazea/Desktop/NNW/transcripts_by_company/WESTROCK_CO_2022Q4.txt,0.22624488174915314,0.22138448059558868,0.7752132385969162,True
MSTR,2019Q4,1.18,2.97,/Users/vazea/Desktop/NNW/transcripts_by_company/MICROSTRATEGY_INC_2019Q4.txt,0.23094964027404785,0.32307857275009155,0.7414116799831391,True
DAKT,2008Q1,0.17,0.14,/Users/vazea/Desktop/NNW/transcripts_by_company/DAKTRONICS_INC_2008Q1.txt,0.18087723851203918,0.2677812874317169,0.7930515468120576,True
NSP,2021Q3,0.89,0.85,/Users/vazea/Desktop/NNW/transcripts_by_company/INSPERITY_INC_2021Q3.txt,0.1273905485868454,0.37877357006073,0.7971945449709892,True
ZTS,2016Q3,0.52,0.46,/Users/vazea/Desktop/NNW/transcripts_by_company/ZOETIS_INC_2016Q3.txt,0.20976033806800842,0.2247757613658905,0.785735034942627,True
CNQR,2010Q2,0.2,0.18,/Users/vazea/Desktop/NNW/transcripts_by_company/CONCUR_TECHNOLOGIES_INC_2010Q2.txt,0.13398881256580353,0.2858862280845642,0.8204419627785683,True
BAC,2004Q4,0.94,3.7,/Users/vazea/Desktop/NNW/transcripts_by_company/BANK_OF_AMERICA_CORP_2004Q4.txt,0.30487295985221863,0.10161971300840378,0.7561030142009258,True
OWL,2021Q4,0.12,0.34,/Users/vazea/Desktop/NNW/transcripts_by_company/BLUE_OWL_CAPITAL_INC_2021Q4.txt,0.15993377566337585,0.1988062560558319,0.8284044802188874,True
RKT,2022Q1,0.15,0.18,/Users/vazea/Desktop/NNW/transcripts_by_company/ROCKET_COMPANIES_INC_2022Q1.txt,0.11912418156862259,0.25960689783096313,0.8387310035526753,True
NMM,2018Q1,0.03,0.01,/Users/vazea/Desktop/NNW/transcripts_by_company/NAVIOS_MARITIME_PARTNERS_LP_2018Q1.txt,0.17598895728588104,0.16360285878181458,0.8277268722653389,True
MNI,2007Q1,0.18,0.32,/Users/vazea/Desktop/NNW/transcripts_by_company/MCCLATCHY_COMPANY_2007Q1.txt,0.18974897265434265,0.09415555000305176,0.8389290541410446,True
NTRS,2004Q3,0.57,0.58,/Users/vazea/Desktop/NNW/transcripts_by_company/NORTHERN_TRUST_CORP_2004Q3.txt,0.2547701895236969,0.32229119539260864,0.7249735087156296,True
LAMR,2008Q2,0.15,0.15,/Users/vazea/Desktop/NNW/transcripts_by_company/LAMAR_ADVERTISING_CO_2008Q2.txt,0.31551364064216614,0.23792700469493866,0.7077623501420021,True
OSUR,2023Q2,0.09,-0.09,/Users/vazea/Desktop/NNW/transcripts_by_company/ORASURE_TECHNOLOGIES_INC_2023Q2.txt,0.2699751853942871,0.2184705287218094,0.7454762116074563,True
EXTR,2008Q4,0.03,0.12,/Users/vazea/Desktop/NNW/transcripts_by_company/EXTREME_NETWORKS_INC_2008Q4.txt,0.3619138300418854,0.08602795004844666,0.7208519339561463,True
FTD,2016Q3,0.18,0.06,/Users/vazea/Desktop/NNW/transcripts_by_company/FTD_COMPANIES_INC_2016Q3.txt,0.15959924459457397,0.46414583921432495,0.7490367770195008,True
OMN,2014Q1,0.05,0.06,/Users/vazea/Desktop/NNW/transcripts_by_company/OMNOVA_SOLUTIONS_2014Q1.txt,0.20125426352024078,0.16262753307819366,0.8103337556123733,True
BMO,2013Q2,1.46,1.49,/Users/vazea/Desktop/NNW/transcripts_by_company/BANK_OF_MONTREAL_2013Q2.txt,0.16688281297683716,0.23440703749656677,0.8128599196672439,True
BFAM,2006Q3,0.37,0.37,/Users/vazea/Desktop/NNW/transcripts_by_company/BRIGHT_HORIZONS_FAMILY_SOLUTION_2006Q3.txt,0.19524116814136505,0.19643928110599518,0.8043993979692459,True
CME,2019Q4,1.52,6.9,/Users/vazea/Desktop/NNW/transcripts_by_company/CME_GROUP_INC_2019Q4.txt,0.07901821285486221,0.20097465813159943,0.8843948535621167,True
RETA,2019Q1,-0.98,-1.02,/Users/vazea/Desktop/NNW/transcripts_by_company/REATA_PHARMACEUTICALS_INC_2019Q1.txt,0.16907794773578644,0.12770898640155792,0.8433327406644822,True
XOMA,2011Q4,-0.34,-0.87,/Users/vazea/Desktop/NNW/transcripts_by_company/XOMA_LTD_2011Q4.txt,0.14968693256378174,0.1825263947248459,0.840461228787899,True
ITW,2014Q2,1.21,1.21,/Users/vazea/Desktop/NNW/transcripts_by_company/ILLINOIS_TOOL_WORKS_INC_2014Q2.txt,0.4221401810646057,0.3862670958042145,0.5886217445135117,True
EIX,2016Q2,0.85,1.0,/Users/vazea/Desktop/NNW/transcripts_by_company/EDISON_INTERNATIONAL_2016Q2.txt,0.14099231362342834,0.2423960566520691,0.8285865634679794,True
VECO,2015Q4,0.01,0.48,/Users/vazea/Desktop/NNW/transcripts_by_company/VEECO_INSTRUMENTS_INC_2015Q4.txt,0.12827283143997192,0.31611472368240356,0.8153746008872986,True
CRY,2007Q2,0.07,0.06,/Users/vazea/Desktop/NNW/transcripts_by_company/ARTIVION_INC_2007Q2.txt,0.12331003695726395,0.04117777198553085,0.901329642534256,True
SIRO,2011Q2,0.58,0.62,/Users/vazea/Desktop/NNW/transcripts_by_company/SIRONA_DENTAL_SYSTEMS_INC_2011Q2.txt,0.14278480410575867,0.39616093039512634,0.781202358007431,True
TREE,2015Q1,0.44,0.27,/Users/vazea/Desktop/NNW/transcripts_by_company/LENDINGTREE_INC_2015Q1.txt,0.22889921069145203,0.15131565928459167,0.7943758547306061,True
SKLZ,2023Q2,-1.77,-0.07,/Users/vazea/Desktop/NNW/transcripts_by_company/SKILLZ_INC_2023Q2.txt,0.45950430631637573,0.018974194303154945,0.6726547272875905,True
OPLK,2005Q1,0.0,0.0,/Users/vazea/Desktop/NNW/transcripts_by_company/OPLINK_COMMUNICATIONS_INC_2005Q1.txt,0.3058595359325409,0.23665867745876312,0.7149007216095924,True
SNPS,2004Q3,0.33,0.37,/Users/vazea/Desktop/NNW/transcripts_by_company/SYNOPSYS_INC_2004Q3.txt,0.15564516186714172,0.3222288191318512,0.7943797409534454,True
BCSI,2009Q3,0.21,0.15,/Users/vazea/Desktop/NNW/transcripts_by_company/BLUE_COAT_SYSTEMS_INC_2009Q3.txt,0.19602227210998535,0.21749739348888397,0.7975351914763451,True
TIGR,2021Q4,-0.036,0.17,/Users/vazea/Desktop/NNW/transcripts_by_company/UP_FINTECH_HOLDING_LTD_2021Q4.txt,0.13153594732284546,0.09177511185407639,0.8803923033177853,True
WINS,2006Q4,0.04,0.19,/Users/vazea/Desktop/NNW/transcripts_by_company/SMA_2006Q4.txt,0.10343892872333527,0.32795169949531555,0.8292072400450706,True
FPRX,2018Q1,-0.63,-0.5,/Users/vazea/Desktop/NNW/transcripts_by_company/FIVE_PRIME_THERAPEUTICS_INC_2018Q1.txt,0.11894160509109497,-0.03678426519036293,0.9277761559933424,True
FSII,2011Q3,0.1,0.13,/Users/vazea/Desktop/NNW/transcripts_by_company/FSI_INTERNATIONAL_2011Q3.txt,0.1390552669763565,0.08489087969064713,0.8771940492093563,True
SALM,2002Q1,-0.08,-0.09,/Users/vazea/Desktop/NNW/transcripts_by_company/SALEM_MEDIA_GROUP_INC_2002Q1.txt,0.19513538479804993,0.0,0.8048646152019501,False
TDCX,2022Q1,0.15,0.2,/Users/vazea/Desktop/NNW/transcripts_by_company/TDCX_INC_2022Q1.txt,0.1116238534450531,0.1855962723493576,0.8661844208836555,True
NLST,2006Q4,0.12,0.29,/Users/vazea/Desktop/NNW/transcripts_by_company/NETLIST_INC_2006Q4.txt,0.21547067165374756,0.2828802168369293,0.7643064647912979,True
MRCY,2017Q2,0.13,0.11,/Users/vazea/Desktop/NNW/transcripts_by_company/MERCURY_SYSTEMS_INC_2017Q2.txt,0.21198467910289764,0.14210295677185059,0.8089798375964165,True
NLS,2009Q1,-0.19,-0.1,/Users/vazea/Desktop/NNW/transcripts_by_company/BOWFLEX_INC_2009Q1.txt,0.2984217405319214,0.38863229751586914,0.6745150923728943,True
TTSH,2022Q4,0.03,0.3,/Users/vazea/Desktop/NNW/transcripts_by_company/TILE_SHOP_HOLDINGS_INC_2022Q4.txt,0.15324033796787262,0.1838284730911255,0.8375832214951515,True
ABR,2014Q1,0.12,0.07,/Users/vazea/Desktop/NNW/transcripts_by_company/ARBOR_REALTY_TRUST_INC_2014Q1.txt,0.18905985355377197,0.29139357805252075,0.7802400290966034,True
SPGI,2019Q1,2.11,2.12,/Users/vazea/Desktop/NNW/transcripts_by_company/SP_GLOBAL_INC_2019Q1.txt,0.1536555290222168,0.3697640895843506,0.7815119028091431,True
HTLF,2021Q3,1.27,1.24,/Users/vazea/Desktop/NNW/transcripts_by_company/HEARTLAND_FINANCIAL_USA_INC_2021Q3.txt,0.30767565965652466,0.2614136338233948,0.7062029480934143,True
CTIC,2022Q4,-0.14,-0.76,/Users/vazea/Desktop/NNW/transcripts_by_company/CTI_BIOPHARMA_CORP_2022Q4.txt,0.13533513247966766,0.24766817688941956,0.8309649541974068,True
VRSN,2021Q3,1.4,1.37,/Users/vazea/Desktop/NNW/transcripts_by_company/VERISIGN_INC_2021Q3.txt,0.13536983728408813,0.1872679740190506,0.8490607216954231,True
DLPN,2021Q4,-0.35,-0.52,/Users/vazea/Desktop/NNW/transcripts_by_company/DOLPHIN_ENTERTAINMENT_INC_2021Q4.txt,0.14433075487613678,0.24151502549648285,0.8265139639377594,True
TDG,2019Q3,4.95,4.25,/Users/vazea/Desktop/NNW/transcripts_by_company/TRANSDIGM_GROUP_INC_2019Q3.txt,0.162641704082489,0.18969227373600006,0.8292431250214577,True
CRDL,2023Q2,-0.12,-0.13,/Users/vazea/Desktop/NNW/transcripts_by_company/CARDIOL_THERAPEUTICS_INC_2023Q2.txt,0.18040023744106293,0.1673889309167862,0.8235031545162201,True
WNS,2023Q2,0.93,0.87,/Users/vazea/Desktop/NNW/transcripts_by_company/WNS_HOLDINGS_LTD_2023Q2.txt,0.12750041484832764,0.32620587944984436,0.8128879457712174,True
CYOU,2012Q3,1.41,1.32,/Users/vazea/Desktop/NNW/transcripts_by_company/CHANGYOUCOM_LTD_2012Q3.txt,0.09552490711212158,0.2145754098892212,0.8687599420547485,True
DINE,2008Q2,0.07,0.05,/Users/vazea/Desktop/NNW/transcripts_by_company/REWARDS_NETWORK_INC_2008Q2.txt,0.13349881768226624,0.14210914075374603,0.8639180853962898,True
DCTH,2011Q3,-0.18,-0.22,/Users/vazea/Desktop/NNW/transcripts_by_company/DELCATH_SYSTEMS_INC_2011Q3.txt,0.17932447791099548,0.24615348875522614,0.8006268188357353,True
KMG,2018Q3,1.1,0.76,/Users/vazea/Desktop/NNW/transcripts_by_company/KMG_CHEMICALS_INC_2018Q3.txt,0.17967352271080017,0.2818059027194977,0.7896867632865906,True
MAN,2015Q2,1.33,1.26,/Users/vazea/Desktop/NNW/transcripts_by_company/MANPOWERGROUP_INC_2015Q2.txt,0.11573940515518188,0.35658717155456543,0.812006264925003,True
CDXS,2020Q4,-0.06,-0.48,/Users/vazea/Desktop/NNW/transcripts_by_company/CODEXIS_INC_2020Q4.txt,0.2025616317987442,0.1547193080186844,0.8117910653352738,True
DISCA,2010Q2,0.49,0.43,/Users/vazea/Desktop/NNW/transcripts_by_company/DISCOVERY_INC_2010Q2.txt,0.14037850499153137,0.21705013513565063,0.8366200059652329,True
ENR,2019Q3,0.37,0.44,/Users/vazea/Desktop/NNW/transcripts_by_company/ENERGIZER_HOLDINGS_INC_2019Q3.txt,0.1891767680644989,0.26301947236061096,0.7886704206466675,True
POL,2019Q1,0.64,0.67,/Users/vazea/Desktop/NNW/transcripts_by_company/POLYONE_CORPORATION_2019Q1.txt,0.38604995608329773,0.31270405650138855,0.635953813791275,True
MRD,2015Q4,0.045,0.38,/Users/vazea/Desktop/NNW/transcripts_by_company/MEMORIAL_RESOURCE_DEVELOPMENT_CO_2015Q4.txt,0.12721262872219086,0.12473782896995544,0.8735298112034797,True
GS,2003Q4,1.89,5.4,/Users/vazea/Desktop/NNW/transcripts_by_company/GOLDMAN_SACHS_GROUP_INC_2003Q4.txt,0.17370904982089996,0.0,0.8262909501791,False
VLTR,2011Q4,0.3,1.06,/Users/vazea/Desktop/NNW/transcripts_by_company/VOLTERRA_SEMICONDUCTOR_CORP_2011Q4.txt,0.09957464784383774,0.27778103947639465,0.8469634346663952,True
GIL,2021Q2,0.68,0.49,/Users/vazea/Desktop/NNW/transcripts_by_company/GILDAN_ACTIVEWEAR_INC_2021Q2.txt,0.1341276317834854,0.24673201143741608,0.8320910543203354,True
SEAC,2011Q3,0.05,0.08,/Users/vazea/Desktop/NNW/transcripts_by_company/SEACHANGE_INTERNATIONAL_INC_2011Q3.txt,0.03640732914209366,0.07642842084169388,0.9515863433480263,True
B,2019Q4,0.86,3.19,/Users/vazea/Desktop/NNW/transcripts_by_company/BARNES_GROUP_INC_2019Q4.txt,0.17255988717079163,0.16327844560146332,0.8302245453000069,True
SPSC,2017Q2,0.23,0.19,/Users/vazea/Desktop/NNW/transcripts_by_company/SPS_COMMERCE_INC_2017Q2.txt,0.22059276700019836,0.2187015563249588,0.7799745962023735,True
PFMT,2017Q1,-0.04,-0.01,/Users/vazea/Desktop/NNW/transcripts_by_company/PERFORMANT_HEALTHCARE_INC_2017Q1.txt,0.08745710551738739,-0.007191381882876158,0.9409374407026917,True
SATS,2015Q2,0.43,0.44,/Users/vazea/Desktop/NNW/transcripts_by_company/ECHOSTAR_CORP_2015Q2.txt,0.14649543166160583,0.2948216199874878,0.8090067118406296,True
LLL,2004Q3,0.89,0.9,/Users/vazea/Desktop/NNW/transcripts_by_company/L3_COMMUNICATIONS_HOLDINGS_INC_2004Q3.txt,0.22573401033878326,0.04790926352143288,0.8276134137064218,True
ADP,2014Q3,1.06,1.08,/Users/vazea/Desktop/NNW/transcripts_by_company/AUTOMATIC_DATA_PROCESSING_INC_2014Q3.txt,0.12571626901626587,0.27275583148002625,0.830171862244606,True
RGC,2011Q1,-0.15,-0.02,/Users/vazea/Desktop/NNW/transcripts_by_company/REGAL_ENTERTAINMENT_GROUP_2011Q1.txt,0.22837750613689423,0.21730124950408936,0.7749453708529472,True
EVH,2019Q4,-0.07,-0.69,/Users/vazea/Desktop/NNW/transcripts_by_company/EVOLENT_HEALTH_INC_2019Q4.txt,0.21462079882621765,0.26515308022499084,0.7702195167541503,True
AZUL,2021Q2,-0.36,-1.5,/Users/vazea/Desktop/NNW/transcripts_by_company/AZUL_SA_2021Q2.txt,0.17638768255710602,0.18628861010074615,0.8206420391798019,True
GRPN,2014Q1,-0.01,-0.03,/Users/vazea/Desktop/NNW/transcripts_by_company/GROUPON_INC_2014Q1.txt,0.19576486945152283,0.394511342048645,0.7446111887693405,True
ATI,2003Q3,-0.32,-0.34,/Users/vazea/Desktop/NNW/transcripts_by_company/ATI_INC_2003Q3.txt,0.15016840398311615,0.3817259669303894,0.7803643271327019,True
NXTM,2009Q2,-0.27,-0.26,/Users/vazea/Desktop/NNW/transcripts_by_company/NXSTAGE_MEDICAL_INC_2009Q2.txt,0.13370731472969055,0.22517818212509155,0.8388514250516892,True
SSNC,2023Q1,1.11,1.14,/Users/vazea/Desktop/NNW/transcripts_by_company/SSC_TECHNOLOGIES_HOLDINGS_INC_2023Q1.txt,0.2314319610595703,0.252320259809494,0.7623015493154526,True
SSYS,2006Q3,0.27,0.3,/Users/vazea/Desktop/NNW/transcripts_by_company/STRATASYS_INC_2006Q3.txt,0.20225554704666138,0.047864317893981934,0.8440618216991425,True
PEGI,2014Q1,-0.29,0.13,/Users/vazea/Desktop/NNW/transcripts_by_company/PATTERN_ENERGY_GROUP_INC_2014Q1.txt,0.36796462535858154,0.18039382994174957,0.6883066132664681,True
MT,2022Q4,1.37,10.17,/Users/vazea/Desktop/NNW/transcripts_by_company/ARCELORMITTAL_SA_2022Q4.txt,0.1584852635860443,0.20404143631458282,0.8278478845953942,True
WWE,2011Q1,0.11,0.16,/Users/vazea/Desktop/NNW/transcripts_by_company/WORLD_WRESTLING_ENTERTAINMENT_IN_2011Q1.txt,0.17846424877643585,0.22208231687545776,0.8084503307938575,True
PH,2015Q3,2.06,1.99,/Users/vazea/Desktop/NNW/transcripts_by_company/PARKERHANNIFIN_CORP_2015Q3.txt,0.2532004714012146,0.2581992745399475,0.7452998876571655,True
OXPS,2007Q1,0.34,0.37,/Users/vazea/Desktop/NNW/transcripts_by_company/OPTIONSXPRESS_HOLDINGS_INC_2007Q1.txt,0.23998694121837616,0.2557303011417389,0.755290050804615,True
ZS,2022Q3,0.17,0.11,/Users/vazea/Desktop/NNW/transcripts_by_company/ZSCALER_INC_2022Q3.txt,0.1683126538991928,0.20284880697727203,0.8213265001773834,True
LRN,2016Q2,0.23,0.22,/Users/vazea/Desktop/NNW/transcripts_by_company/K12_INC_2016Q2.txt,0.17854881286621094,0.267805814743042,0.7946740865707398,True
INPC,2006Q4,-0.09,-0.3,/Users/vazea/Desktop/NNW/transcripts_by_company/INPHONIC_INC_2006Q4.txt,0.21900911629199982,0.26980718970298767,0.7657514616847039,True
BGCP,2019Q3,0.15,0.15,/Users/vazea/Desktop/NNW/transcripts_by_company/BGC_PARTNERS_INC_2019Q3.txt,0.2766485810279846,0.2659291625022888,0.7265672445297242,True
MRO,2011Q2,0.96,1.77,/Users/vazea/Desktop/NNW/transcripts_by_company/MARATHON_OIL_CORP_2011Q2.txt,0.12813186645507812,0.1958797425031662,0.8515437707304955,True
MNRO,2020Q1,0.68,0.69,/Users/vazea/Desktop/NNW/transcripts_by_company/MONRO_INC_2020Q1.txt,0.3675306737422943,0.3090633153915405,0.6500095337629319,True
CARR,2020Q4,0.31,1.7,/Users/vazea/Desktop/NNW/transcripts_by_company/CARRIER_GLOBAL_CORP_2020Q4.txt,0.19645445048809052,0.17434771358966827,0.8101775705814361,True
ARCO,2012Q4,0.21,0.54,/Users/vazea/Desktop/NNW/transcripts_by_company/ARCOS_DORADOS_HOLDINGS_INC_2012Q4.txt,0.18217863142490387,0.2331862449645996,0.8025190845131874,True
FB,2021Q4,3.67,13.91,/Users/vazea/Desktop/NNW/transcripts_by_company/META_PLATFORMS_INC_2021Q4.txt,0.11193791776895523,0.29512307047843933,0.8331065364181995,True
GES,2004Q2,0.05,-0.01,/Users/vazea/Desktop/NNW/transcripts_by_company/GUESS_INC_2004Q2.txt,0.29429492354393005,0.22458025813102722,0.7266194760799408,True
WCRX,2013Q1,0.92,0.85,/Users/vazea/Desktop/NNW/transcripts_by_company/WARNER_CHILCOTT_PLC_2013Q1.txt,0.19917279481887817,0.15281233191490173,0.8147353440523147,True
VSAT,2012Q3,0.26,0.26,/Users/vazea/Desktop/NNW/transcripts_by_company/VIASAT_INC_2012Q3.txt,0.2695061266422272,0.0736335888504982,0.7892556346952915,True
ICLK,2021Q3,0.01,0.04,/Users/vazea/Desktop/NNW/transcripts_by_company/ICLICK_INTERACTIVE_ASIA_GROUP_LT_2021Q3.txt,0.023327548056840897,0.2917453348636627,0.8961471159011125,True
ABCO,2013Q4,0.33,1.19,/Users/vazea/Desktop/NNW/transcripts_by_company/ADVISORY_BOARD_CO_2013Q4.txt,0.17100071907043457,0.11376385390758514,0.8461703404784202,True
TKR,2012Q3,0.92,0.95,/Users/vazea/Desktop/NNW/transcripts_by_company/TIMKEN_CO_2012Q3.txt,0.18618334829807281,0.3999945819377899,0.749673281610012,True
EAR,2021Q1,-0.36,-0.27,/Users/vazea/Desktop/NNW/transcripts_by_company/EARGO_INC_2021Q1.txt,0.24432455003261566,0.1264122873544693,0.7910491287708282,True
HBIO,2020Q2,0.05,-0.01,/Users/vazea/Desktop/NNW/transcripts_by_company/HARVARD_BIOSCIENCE_INC_2020Q2.txt,0.2504796087741852,0.1750573217868805,0.7721470773220063,True
VTIV,2006Q1,0.31,0.33,/Users/vazea/Desktop/NNW/transcripts_by_company/VENTIV_HEALTH_INCORPORATED_2006Q1.txt,0.2527011036872864,0.24970752000808716,0.7481969714164733,True
BMRN,2023Q2,0.29,0.23,/Users/vazea/Desktop/NNW/transcripts_by_company/BIOMARIN_PHARMACEUTICAL_INC_2023Q2.txt,0.2240537852048874,0.2207428216934204,0.7769395038485527,True
NETI,2022Q4,0.32,2.21,/Users/vazea/Desktop/NNW/transcripts_by_company/ENETI_INC_2022Q4.txt,0.1688525676727295,0.1309538036584854,0.8425170615315437,True
ABTX,2015Q4,0.33,1.49,/Users/vazea/Desktop/NNW/transcripts_by_company/ALLEGIANCE_BANCSHARES_INC_2015Q4.txt,0.16058923304080963,0.034454505890607834,0.8772511851042509,True
QTRH,2019Q4,0.06,0.19,/Users/vazea/Desktop/NNW/transcripts_by_company/QUARTERHILL_INC_2019Q4.txt,0.24766075611114502,0.2048419564962387,0.7651848837733268,True
MIK,2003Q4,1.07,2.1,/Users/vazea/Desktop/NNW/transcripts_by_company/MICHAELS_STORES_INC_2003Q4.txt,0.2515060305595398,0.032817643135786057,0.8141004856675863,True
LECO,2004Q3,0.55,0.53,/Users/vazea/Desktop/NNW/transcripts_by_company/LINCOLN_ELECTRIC_HOLDINGS_INC_2004Q3.txt,0.16311050951480865,0.26234301924705505,0.8071197375655175,True
CATY,2011Q1,0.23,0.18,/Users/vazea/Desktop/NNW/transcripts_by_company/CATHAY_GENERAL_BANCORP_2011Q1.txt,0.2102881222963333,0.3064424395561218,0.7608655825257302,True
KKR,2020Q3,0.48,0.35,/Users/vazea/Desktop/NNW/transcripts_by_company/KKR_CO_INC_2020Q3.txt,0.2414986789226532,0.19828420877456665,0.7714656621217728,True
HUD,2018Q2,0.28,0.23,/Users/vazea/Desktop/NNW/transcripts_by_company/HUDSON_LTD_2018Q2.txt,0.11208545416593552,0.18304555118083954,0.8666265167295932,True
RNWK,2015Q2,-0.77,-0.78,/Users/vazea/Desktop/NNW/transcripts_by_company/REALNETWORKS_INC_2015Q2.txt,0.28009268641471863,0.16855454444885254,0.7533687561750413,True
GCP,2016Q3,0.35,0.4,/Users/vazea/Desktop/NNW/transcripts_by_company/GCP_APPLIED_TECHNOLOGIES_INC_2016Q3.txt,0.19489698112010956,0.20119395852088928,0.8032139256596565,True
LLY,2014Q4,0.75,2.78,/Users/vazea/Desktop/NNW/transcripts_by_company/ELI_LILLY_AND_CO_2014Q4.txt,0.20626157522201538,0.19009023904800415,0.798589825630188,True
SOLY,2020Q4,-0.22,-0.77,/Users/vazea/Desktop/NNW/transcripts_by_company/SOLITON_INC_2020Q4.txt,0.17696113884449005,0.3048541843891144,0.7846709474921227,True
CSC,2011Q3,1.54,1.48,/Users/vazea/Desktop/NNW/transcripts_by_company/COMPUTER_SCIENCES_CORP_2011Q3.txt,0.13888630270957947,0.3171561658382416,0.8076327383518219,True
GLDD,2017Q3,-0.08,0.04,/Users/vazea/Desktop/NNW/transcripts_by_company/GREAT_LAKES_DREDGE_DOCK_CORP_2017Q3.txt,0.12254255264997482,0.27585065364837646,0.8314650170505047,True
NWN,2012Q4,1.05,2.34,/Users/vazea/Desktop/NNW/transcripts_by_company/NORTHWEST_NAT_GAS_CO_2012Q4.txt,0.1474969983100891,-0.06192865967750549,0.9153306990861892,True
D,2014Q2,0.62,0.64,/Users/vazea/Desktop/NNW/transcripts_by_company/DOMINION_ENERGY_INC_2014Q2.txt,0.20005320012569427,0.15344388782978058,0.8139295935630798,True
VOLC,2012Q2,0.06,0.04,/Users/vazea/Desktop/NNW/transcripts_by_company/VOLCANO_CORP_2012Q2.txt,0.12235778570175171,0.3881639838218689,0.7979003548622132,True
MKTX,2021Q1,2.11,2.14,/Users/vazea/Desktop/NNW/transcripts_by_company/MARKETAXESS_HOLDINGS_INC_2021Q1.txt,0.4043499231338501,0.22822341322898865,0.6484880298376083,True
CBRL,2003Q2,0.48,0.48,/Users/vazea/Desktop/NNW/transcripts_by_company/CBRL_GROUP_INC_2003Q2.txt,0.12488047033548355,0.0894448459148407,0.8857502169907093,True
USB,2019Q1,1.0,1.01,/Users/vazea/Desktop/NNW/transcripts_by_company/US_BANCORP_2019Q1.txt,0.17214396595954895,0.26719793677330017,0.7993398427963256,True
BKU,2018Q4,0.6,3.3,/Users/vazea/Desktop/NNW/transcripts_by_company/BANKUNITED_INC_2018Q4.txt,0.23265120387077332,0.13627561926841736,0.7962614715099334,True
NURO,2019Q2,-0.37,-0.19,/Users/vazea/Desktop/NNW/transcripts_by_company/NEUROMETRIX_INC_2019Q2.txt,0.19049875438213348,0.0,0.8095012456178665,False
GE,2012Q1,0.34,0.33,/Users/vazea/Desktop/NNW/transcripts_by_company/GENERAL_ELECTRIC_CO_2012Q1.txt,0.09968892484903336,0.32760676741600037,0.8319357223808765,True
PNR,2008Q4,0.41,2.28,/Users/vazea/Desktop/NNW/transcripts_by_company/PENTAIR_INC_2008Q4.txt,0.1239205077290535,0.2044364959001541,0.8519246958196163,True
LXK,2008Q3,0.63,0.65,/Users/vazea/Desktop/NNW/transcripts_by_company/LEXMARK_INTERNATIONAL_INC_2008Q3.txt,0.141469806432724,0.08377787470817566,0.8758377730846405,True
NCMI,2011Q2,0.16,0.17,/Users/vazea/Desktop/NNW/transcripts_by_company/NATIONAL_CINEMEDIA_INC_2011Q2.txt,0.16675297915935516,0.3464661240577698,0.7793330773711205,True
CNCT,2002Q2,-0.15,-0.19,/Users/vazea/Desktop/NNW/transcripts_by_company/CONNETICS_CORPORATION_2002Q2.txt,0.16333356499671936,0.13875530660152435,0.8440399125218392,True
MCRL,2006Q3,0.13,0.11,/Users/vazea/Desktop/NNW/transcripts_by_company/MICREL_INC_2006Q3.txt,0.08578982949256897,0.40628618001937866,0.8180612653493882,True
OSG,2005Q1,3.74,3.53,/Users/vazea/Desktop/NNW/transcripts_by_company/OVERSEAS_SHIPHOLDING_GROUP_2005Q1.txt,0.16249774396419525,0.2224164605140686,0.8195266410708427,True
APC,2019Q1,0.53,0.17,/Users/vazea/Desktop/NNW/transcripts_by_company/ANADARKO_PETROLEUM_CORP_2019Q1.txt,0.2935916781425476,0.23541012406349182,0.7238627880811692,True
LNCE,2008Q4,0.28,0.55,/Users/vazea/Desktop/NNW/transcripts_by_company/LANCE_INC_2008Q4.txt,0.15294913947582245,0.12865285575389862,0.8543397456407547,True
LQDT,2011Q3,0.26,0.19,/Users/vazea/Desktop/NNW/transcripts_by_company/LIQUIDITY_SERVICES_INC_2011Q3.txt,0.20597222447395325,0.16680313646793365,0.8057785019278527,True
TPX,2022Q3,0.78,0.75,/Users/vazea/Desktop/NNW/transcripts_by_company/TEMPUR_SEALY_INTERNATIONAL_INC_2022Q3.txt,0.12858252227306366,0.283993124961853,0.8247942969202995,True
WLK,2021Q2,4.04,3.21,/Users/vazea/Desktop/NNW/transcripts_by_company/WESTLAKE_CORP_2021Q2.txt,0.18278837203979492,0.16613629460334778,0.8222072511911392,True
PD,2024Q1,0.21,0.09,/Users/vazea/Desktop/NNW/transcripts_by_company/PAGERDUTY_INC_2024Q1.txt,0.16460375487804413,0.31995177268981934,0.7887918397784233,True
ADP,2012Q2,0.68,0.68,/Users/vazea/Desktop/NNW/transcripts_by_company/AUTOMATIC_DATA_PROCESSING_INC_2012Q2.txt,0.182961568236351,0.3954557478427887,0.7532901778817177,True
SIMG,2002Q3,-0.01,-0.01,/Users/vazea/Desktop/NNW/transcripts_by_company/SILICON_IMAGE_INC_2002Q3.txt,0.1121220514178276,0.19289225339889526,0.863646887987852,True
ROLL,2022Q2,0.89,1.04,/Users/vazea/Desktop/NNW/transcripts_by_company/RBC_BEARINGS_INC_2022Q2.txt,0.21006250381469727,0.2368943989276886,0.7818879276514054,True
SABR,2019Q1,0.34,0.32,/Users/vazea/Desktop/NNW/transcripts_by_company/SABRE_CORP_2019Q1.txt,0.17327909171581268,0.2390115112066269,0.8070011824369431,True
AVPT,2021Q3,-0.13,0.01,/Users/vazea/Desktop/NNW/transcripts_by_company/AVEPOINT_INC_2021Q3.txt,0.281277596950531,0.10552741587162018,0.7714474573731422,True
KRMD,2022Q4,-0.04,-0.2,/Users/vazea/Desktop/NNW/transcripts_by_company/KORU_MEDICAL_SYSTEMS_INC_2022Q4.txt,0.17329081892967224,0.26296740770339966,0.7998062044382095,True
EXEL,2018Q4,0.37,1.28,/Users/vazea/Desktop/NNW/transcripts_by_company/EXELIXIS_INC_2018Q4.txt,0.2504454255104065,0.11558350920677185,0.7900131493806839,True
TACO,2018Q2,0.14,0.14,/Users/vazea/Desktop/NNW/transcripts_by_company/DEL_TACO_RESTAURANTS_INC_2018Q2.txt,0.3554786443710327,0.37878575921058655,0.6375292211771011,True
ISRG,2002Q4,-0.07,-0.54,/Users/vazea/Desktop/NNW/transcripts_by_company/INTUITVE_SURGICAL_INC_2002Q4.txt,0.20245926082134247,0.162129744887352,0.8096395939588547,True
PNW,2023Q3,3.5,3.24,/Users/vazea/Desktop/NNW/transcripts_by_company/PINNACLE_WEST_CAPITAL_CORP_2023Q3.txt,0.15554268658161163,0.2237010896205902,0.8240097925066948,True
NFLX,2021Q4,1.33,10.71,/Users/vazea/Desktop/NNW/transcripts_by_company/NETFLIX_INC_2021Q4.txt,0.19420985877513885,0.09482209384441376,0.8356064707040787,True
CTXS,2019Q3,1.52,1.24,/Users/vazea/Desktop/NNW/transcripts_by_company/CITRIX_SYSTEMS_INC_2019Q3.txt,0.4060729444026947,0.3366912603378296,0.6147415608167649,True
KVHI,2019Q4,-0.03,-0.41,/Users/vazea/Desktop/NNW/transcripts_by_company/KVH_INDUSTRIES_INC_2019Q4.txt,0.24137265980243683,0.3970429599285126,0.7119262501597404,True
REX,2012Q1,0.43,0.09,/Users/vazea/Desktop/NNW/transcripts_by_company/REX_AMERICAN_RESOURCES_CORP_2012Q1.txt,0.31423160433769226,0.25549250841140747,0.7033901244401932,True
ACIW,2010Q1,-0.06,0.07,/Users/vazea/Desktop/NNW/transcripts_by_company/ACI_WORLDWIDE_INC_2010Q1.txt,0.20486800372600555,0.32091641426086426,0.7603174731135369,True
EURN,2020Q1,1.05,0.84,/Users/vazea/Desktop/NNW/transcripts_by_company/CMBTECH_NV_2020Q1.txt,0.11259762942790985,0.2340191900730133,0.8509759023785591,True
DLX,2015Q1,1.04,1.01,/Users/vazea/Desktop/NNW/transcripts_by_company/DELUXE_CORP_2015Q1.txt,0.21617275476455688,0.39570286870002747,0.7299682110548019,True
VDSI,2016Q3,0.01,0.04,/Users/vazea/Desktop/NNW/transcripts_by_company/VASCO_DATA_SECURITY_INTL_INC_2016Q3.txt,0.2800164818763733,0.12262044847011566,0.767202328145504,True
PF,2014Q2,0.33,0.33,/Users/vazea/Desktop/NNW/transcripts_by_company/PINNACLE_FOODS_INC_2014Q2.txt,0.36679601669311523,0.3242354691028595,0.6459721475839615,True
APA,2005Q3,2.05,2.23,/Users/vazea/Desktop/NNW/transcripts_by_company/APACHE_CORP_2005Q3.txt,0.15307927131652832,-0.026178456842899323,0.9006980471313,True
USB,2017Q3,0.88,0.89,/Users/vazea/Desktop/NNW/transcripts_by_company/US_BANCORP_2017Q3.txt,0.2124674916267395,0.2881339192390442,0.7648325800895691,True
ERII,2008Q4,0.1,0.16,/Users/vazea/Desktop/NNW/transcripts_by_company/ENERGY_RECOVERY_INC_2008Q4.txt,0.22760355472564697,0.12657219171524048,0.802705854177475,True
PYPL,2019Q3,0.61,0.7,/Users/vazea/Desktop/NNW/transcripts_by_company/PAYPAL_HOLDINGS_INC_2019Q3.txt,0.14922085404396057,0.22765983641147614,0.8272474512457848,True
IDCC,2012Q2,0.22,0.28,/Users/vazea/Desktop/NNW/transcripts_by_company/INTERDIGITAL_INC_2012Q2.txt,0.18751348555088043,0.08648731559515,0.8427943654358387,True
ANAD,2004Q1,-0.4,-0.41,/Users/vazea/Desktop/NNW/transcripts_by_company/ANADIGICS_INC_2004Q1.txt,0.15070876479148865,0.0840146392583847,0.8692994728684426,True
RLGY,2014Q2,0.46,0.57,/Users/vazea/Desktop/NNW/transcripts_by_company/ANYWHERE_REAL_ESTATE_INC_2014Q2.txt,0.11734385788440704,0.08140195161104202,0.8934387139976024,True
GFS,2023Q2,0.53,0.5,/Users/vazea/Desktop/NNW/transcripts_by_company/GLOBALFOUNDRIES_INC_2023Q2.txt,0.07740121334791183,0.3471774458885193,0.8416659168899059,True
ARNA,2012Q4,-0.1,-0.43,/Users/vazea/Desktop/NNW/transcripts_by_company/ARENA_PHARMACEUTICALS_INC_2012Q4.txt,0.1914602816104889,0.23080480098724365,0.7967363625764847,True
CL,2022Q2,0.72,0.72,/Users/vazea/Desktop/NNW/transcripts_by_company/COLGATEPALMOLIVE_CO_2022Q2.txt,0.2111731469631195,0.19430437684059143,0.793887484073639,True
AXP,2002Q1,0.46,0.43,/Users/vazea/Desktop/NNW/transcripts_by_company/AMERICAN_EXPRESS_CO_2002Q1.txt,0.21697114408016205,0.09899716824293137,0.8184210486710072,True
NPSP,2010Q1,-0.06,-0.23,/Users/vazea/Desktop/NNW/transcripts_by_company/NPS_PHARMACEUTICALS_INCORPORATED_2010Q1.txt,0.11034384369850159,0.2808048129081726,0.8385178655385971,True
HESM,2021Q4,0.51,1.94,/Users/vazea/Desktop/NNW/transcripts_by_company/HESS_MIDSTREAM_LP_2021Q4.txt,0.10719873011112213,0.28857794404029846,0.838387505710125,True
MDTL,2007Q2,-0.29,-0.3,/Users/vazea/Desktop/NNW/transcripts_by_company/MEDIS_TECHNOLOGIES_2007Q2.txt,0.12191484123468399,0.008538751862943172,0.9120979855768383,True
FSLY,2020Q2,0.02,-0.01,/Users/vazea/Desktop/NNW/transcripts_by_company/FASTLY_INC_2020Q2.txt,0.2554326355457306,0.15940949320793152,0.7733743071556092,True
MRAM,2023Q1,0.09,0.04,/Users/vazea/Desktop/NNW/transcripts_by_company/EVERSPIN_TECHNOLOGIES_INC_2023Q1.txt,0.15308693051338196,0.27880510687828064,0.8091976165771484,True
IBAS,2003Q3,-0.13,-0.18,/Users/vazea/Desktop/NNW/transcripts_by_company/IBASIS_INC_2003Q3.txt,0.2782517075538635,0.22076115012168884,0.7389954596757888,True
KMX,2013Q4,0.46,1.86,/Users/vazea/Desktop/NNW/transcripts_by_company/CARMAX_INC_2013Q4.txt,0.3125298321247101,0.16296230256557465,0.7323404267430306,True
ARE,2014Q3,0.39,0.39,/Users/vazea/Desktop/NNW/transcripts_by_company/ALEXANDRIA_REAL_ESTATE_EQUITIES_2014Q3.txt,0.17851516604423523,0.302014023065567,0.7844351768493653,True
BAC,2017Q2,0.46,0.45,/Users/vazea/Desktop/NNW/transcripts_by_company/BANK_OF_AMERICA_CORP_2017Q2.txt,0.19235214591026306,0.1825910210609436,0.8105761915445329,True
NBIX,2016Q4,-0.51,-1.66,/Users/vazea/Desktop/NNW/transcripts_by_company/NEUROCRINE_BIOSCIENCES_INC_2016Q4.txt,0.21467621624469757,0.24466179311275482,0.7763281106948853,True
RENT,2015Q4,0.24,-0.61,/Users/vazea/Desktop/NNW/transcripts_by_company/RENTRAK_CORP_2015Q4.txt,0.14738011360168457,0.2779463231563568,0.8134500235319138,True
SLXP,2003Q3,-0.18,-0.26,/Users/vazea/Desktop/NNW/transcripts_by_company/SALIX_PHARMACEUTICALS_LTD_2003Q3.txt,0.1497720330953598,0.0,0.8502279669046402,False
CMGE,2014Q4,0.43,1.35,/Users/vazea/Desktop/NNW/transcripts_by_company/CHINA_MOBILE_GMS_ENTMT_GRP_LTD_2014Q4.txt,0.0751621350646019,0.14254897832870483,0.9046218119561672,True
BCO,2003Q2,0.15,0.1,/Users/vazea/Desktop/NNW/transcripts_by_company/BRINKS_CO_2003Q2.txt,0.32871925830841064,0.3958408534526825,0.6511442631483078,True
HHS,2019Q4,-0.49,-3.03,/Users/vazea/Desktop/NNW/transcripts_by_company/HARTE_HANKS_INC_2019Q4.txt,0.2437257617712021,0.2786809802055359,0.7457876726984978,True
SQNS,2019Q2,-0.08,-0.07,/Users/vazea/Desktop/NNW/transcripts_by_company/SEQUANS_COMMUNICATIONS_SA_2019Q2.txt,0.15188615024089813,0.20506563782691956,0.8321600034832954,True
EFII,2008Q1,0.2,0.18,/Users/vazea/Desktop/NNW/transcripts_by_company/ELECTRONICS_FOR_IMAGING_INC_2008Q1.txt,0.19704924523830414,0.30448469519615173,0.7707201197743416,True
TDS,2008Q2,0.75,0.59,/Users/vazea/Desktop/NNW/transcripts_by_company/TELEPHONE_DATA_SYS_INC_2008Q2.txt,0.10319603979587555,0.22597859799861908,0.8599691927433014,True
WPC,2015Q2,0.59,0.43,/Users/vazea/Desktop/NNW/transcripts_by_company/WP_CAREY_INC_2015Q2.txt,0.17150892317295074,0.2125951647758484,0.81616520434618,True
EFOI,2020Q1,-0.09,-0.08,/Users/vazea/Desktop/NNW/transcripts_by_company/ENERGY_FOCUS_INC_2020Q1.txt,0.2241068333387375,0.2736278176307678,0.7610368713736534,True
TKR,2008Q4,0.07,3.42,/Users/vazea/Desktop/NNW/transcripts_by_company/TIMKEN_CO_2008Q4.txt,0.17842458188533783,0.21071292459964752,0.8118889153003692,True
CRUS,2023Q4,0.92,6.36,/Users/vazea/Desktop/NNW/transcripts_by_company/CIRRUS_LOGIC_INC_2023Q4.txt,0.1306290328502655,0.22911502420902252,0.8398251697421074,True
APH,2003Q4,0.74,2.45,/Users/vazea/Desktop/NNW/transcripts_by_company/AMPHENOL_CORP_2003Q4.txt,0.16569162905216217,0.24989552795886993,0.8090472012758255,True
BFAM,2014Q2,0.41,0.41,/Users/vazea/Desktop/NNW/transcripts_by_company/BRIGHT_HORIZONS_FAMILY_SOLUTIONS_2014Q2.txt,0.3009796738624573,0.18263331055641174,0.7345242351293564,True
TRK,2008Q1,0.71,0.7,/Users/vazea/Desktop/NNW/transcripts_by_company/SPEEDWAY_MOTORSPORTS_2008Q1.txt,0.24615490436553955,0.17964747548103333,0.7737973242998123,True
ARWR,2021Q3,-0.29,-0.25,/Users/vazea/Desktop/NNW/transcripts_by_company/ARROWHEAD_PHARMACEUTICALS_INC_2021Q3.txt,0.18753325939178467,0.1829293668270111,0.8138479083776474,True
TRTN,2019Q3,1.16,1.15,/Users/vazea/Desktop/NNW/transcripts_by_company/TRITON_INTERNATIONAL_LTD_2019Q3.txt,0.290721595287323,0.14330466091632843,0.7535034850239754,True
DOC,2016Q2,0.05,0.01,/Users/vazea/Desktop/NNW/transcripts_by_company/PHYSICIANS_REALTY_TRUST_2016Q2.txt,0.2181863635778427,0.0781005322933197,0.8238393858075141,True
SBBP,2018Q1,-0.66,-0.37,/Users/vazea/Desktop/NNW/transcripts_by_company/STRONGBRIDGE_BIOPHARMA_PLC_2018Q1.txt,0.15264932811260223,0.024628018960356712,0.8857570646330715,True
PENG,2003Q4,0.5,1.69,/Users/vazea/Desktop/NNW/transcripts_by_company/PRIMA_ENERGY_CORPORATION_2003Q4.txt,0.16478976607322693,0.18237771093845367,0.829933850467205,True
LLNW,2020Q3,-0.01,0.02,/Users/vazea/Desktop/NNW/transcripts_by_company/EDGIO_INC_2020Q3.txt,0.18735726177692413,0.184716135263443,0.8134350761771202,True
LPSN,2014Q1,0.05,0.05,/Users/vazea/Desktop/NNW/transcripts_by_company/LIVEPERSON_INC_2014Q1.txt,0.34607115387916565,0.11629990488290787,0.7228602208197117,True
COTY,2019Q4,0.16,0.65,/Users/vazea/Desktop/NNW/transcripts_by_company/COTY_INC_2019Q4.txt,0.23864920437335968,0.26253587007522583,0.7541847959160806,True
CMA,2014Q2,0.8,0.76,/Users/vazea/Desktop/NNW/transcripts_by_company/COMERICA_INC_2014Q2.txt,0.16151045262813568,0.13111475110054016,0.8476082578301429,True
STON,2007Q4,-0.13,0.61,/Users/vazea/Desktop/NNW/transcripts_by_company/STONEMOR_PARTNERS_LP_2007Q4.txt,0.23914973437786102,0.11992917954921722,0.7966164320707321,True
OPB,2016Q1,0.59,0.58,/Users/vazea/Desktop/NNW/transcripts_by_company/OPUS_BANK_2016Q1.txt,0.43598291277885437,0.1734996736049652,0.6427620589733124,True
BPI,2016Q4,-0.01,0.21,/Users/vazea/Desktop/NNW/transcripts_by_company/BRIDGEPOINT_EDUCATION_INC_2016Q4.txt,0.21418258547782898,0.23540736734867096,0.7794499799609185,True
NREF,2022Q1,1.23,1.17,/Users/vazea/Desktop/NNW/transcripts_by_company/NEXPOINT_REAL_ESTATE_FINANCE_INC_2022Q1.txt,0.17127065360546112,0.22617696225643158,0.8122574537992477,True
LTRX,2003Q4,-0.18,-0.56,/Users/vazea/Desktop/NNW/transcripts_by_company/LANTRONIX_INC_2003Q4.txt,0.19844581186771393,0.17119121551513672,0.8097305670380592,True
HTH,2015Q1,1.13,0.34,/Users/vazea/Desktop/NNW/transcripts_by_company/HILLTOP_HOLDINGS_INC_2015Q1.txt,0.22766034305095673,0.24802792072296143,0.7662293836474419,True
MNTX,2020Q2,-0.08,-0.07,/Users/vazea/Desktop/NNW/transcripts_by_company/MANITEX_INTERNATIONAL_INC_2020Q2.txt,0.18760667741298676,0.28494250774383545,0.7831925734877587,True
MSCC,2011Q4,0.53,1.83,/Users/vazea/Desktop/NNW/transcripts_by_company/MICROSEMI_CORPORATION_2011Q4.txt,0.18564490973949432,0.1915052980184555,0.8125969737768173,True
BEN,2021Q4,1.26,3.34,/Users/vazea/Desktop/NNW/transcripts_by_company/FRANKLIN_RESOURCES_INC_2021Q4.txt,0.22588782012462616,0.18988199532032013,0.7849139273166656,True
FOXA,2018Q2,0.42,0.49,/Users/vazea/Desktop/NNW/transcripts_by_company/TWENTYFIRST_CENTURY_FOX_INC_2018Q2.txt,0.16494037210941315,0.08728604018688202,0.8583559274673462,True
PBI,2002Q1,0.53,0.53,/Users/vazea/Desktop/NNW/transcripts_by_company/PITNEY_BOWES_INC_2002Q1_1.txt,0.19495359063148499,0.21216616034507751,0.7998826384544373,True
STOR,2020Q2,0.16,0.24,/Users/vazea/Desktop/NNW/transcripts_by_company/STORE_CAPITAL_CORP_2020Q2.txt,0.11704354733228683,0.1955832839012146,0.8593945316970348,True
GPRO,2006Q4,0.32,1.11,/Users/vazea/Desktop/NNW/transcripts_by_company/GENPROBE_INC_2006Q4.txt,0.15025773644447327,0.2148912101984024,0.830352221429348,True
MCHX,2014Q3,0.04,0.05,/Users/vazea/Desktop/NNW/transcripts_by_company/MARCHEX_INC_2014Q3.txt,0.2850940227508545,0.18842706084251404,0.7439060658216476,True
BBBY,2021Q1,-1.96,-1.22,/Users/vazea/Desktop/NNW/transcripts_by_company/BED_BATH_BEYOND_INC_2021Q1.txt,0.27190765738487244,0.2667354345321655,0.7296440094709397,True
HTGC,2019Q1,0.3,0.32,/Users/vazea/Desktop/NNW/transcripts_by_company/HERCULES_CAPITAL_INC_2019Q1.txt,0.13725239038467407,0.22319819033145905,0.8369638696312904,True
CRBP,2018Q3,-0.26,-0.22,/Users/vazea/Desktop/NNW/transcripts_by_company/CORBUS_PHARMACEUTICALS_HOLDINGS_2018Q3.txt,0.1281755268573761,0.1795233190059662,0.8564201354980469,True
GTN,2007Q1,-0.24,-0.06,/Users/vazea/Desktop/NNW/transcripts_by_company/GRAY_TELEVISION_INC_2007Q1.txt,0.12773890793323517,0.24552913010120392,0.8369240254163742,True
GSOL,2011Q1,0.12,0.12,/Users/vazea/Desktop/NNW/transcripts_by_company/GLOBAL_SOURCES_LTD_2011Q1.txt,0.2791683077812195,0.2831534147262573,0.7196361601352692,True
HA,2007Q2,-0.05,-0.14,/Users/vazea/Desktop/NNW/transcripts_by_company/HAWAIIAN_HOLDINGS_INC_2007Q2.txt,0.2524460554122925,0.36823609471321106,0.712816932797432,True
XNCR,2021Q1,-0.04,-0.67,/Users/vazea/Desktop/NNW/transcripts_by_company/XENCOR_INC_2021Q1.txt,0.22574377059936523,0.1104227751493454,0.8088525280356407,True
CXP,2016Q3,0.04,-0.01,/Users/vazea/Desktop/NNW/transcripts_by_company/COLUMBIA_PROPERTY_TRUST_INC_2016Q3.txt,0.15641632676124573,0.18328261375427246,0.8355237871408463,True
BWP,2010Q4,0.45,1.38,/Users/vazea/Desktop/NNW/transcripts_by_company/BOARDWALK_PIPELINE_PARTNERS_LP_2010Q4.txt,0.16452059149742126,0.17219603061676025,0.833176776766777,True
EDR,2022Q1,0.29,0.26,/Users/vazea/Desktop/NNW/transcripts_by_company/ENDEAVOR_GROUP_HOLDINGS_INC_2022Q1_1.txt,0.15327046811580658,0.1807532012462616,0.8384847119450569,True
INST,2015Q4,-0.43,-2.08,/Users/vazea/Desktop/NNW/transcripts_by_company/INSTRUCTURE_INC_2015Q4.txt,0.13128510117530823,0.18673379719257355,0.8520802900195121,True
NTAP,2020Q3,1.16,1.18,/Users/vazea/Desktop/NNW/transcripts_by_company/NETAPP_INC_2020Q3.txt,0.32836636900901794,0.4132317006587982,0.646174031496048,True
CCUR,2008Q4,-0.12,0.01,/Users/vazea/Desktop/NNW/transcripts_by_company/CONCURRENT_COMPUTER_CORP_2008Q4.txt,0.18785277009010315,0.09983432292938232,0.8385527640581131,True
SRGA,2021Q3,-0.12,-0.09,/Users/vazea/Desktop/NNW/transcripts_by_company/SURGALIGN_HOLDINGS_INC_2021Q3.txt,0.0732203871011734,0.24456734955310822,0.8753755241632462,True
TRUE,2021Q1,-0.02,-0.05,/Users/vazea/Desktop/NNW/transcripts_by_company/TRUECAR_INC_2021Q1.txt,0.18487735092639923,0.3213021457195282,0.7741952106356621,True
POR,2012Q4,0.38,1.9,/Users/vazea/Desktop/NNW/transcripts_by_company/PORTLAND_GENERAL_ELECTRIC_CO_2012Q4.txt,0.2502323091030121,0.08233993500471115,0.8001354031264782,True
USX,2020Q3,0.2,0.2,/Users/vazea/Desktop/NNW/transcripts_by_company/US_XPRESS_ENTERPRISES_INC_2020Q3.txt,0.12309932708740234,0.19681130349636078,0.8547870799899101,True
AMRC,2016Q4,0.07,0.25,/Users/vazea/Desktop/NNW/transcripts_by_company/AMERESCO_INC_2016Q4.txt,0.09793807566165924,0.3099370300769806,0.8384622380137443,True
DMND,2007Q1,0.48,0.37,/Users/vazea/Desktop/NNW/transcripts_by_company/DIAMOND_FOODS_INC_2007Q1.txt,0.17635835707187653,0.13672104477882385,0.8355328366160393,True
SCHN,2008Q2,1.25,0.98,/Users/vazea/Desktop/NNW/transcripts_by_company/RADIUS_RECYCLING_INC_2008Q2.txt,0.28560277819633484,0.25252628326416016,0.7243201702833175,True
TRUP,2022Q1,-0.22,-0.18,/Users/vazea/Desktop/NNW/transcripts_by_company/TRUPANION_INC_2022Q1.txt,0.09150835126638412,0.14986875653266907,0.8909835271537304,True
FRC,2020Q1,1.2,1.21,/Users/vazea/Desktop/NNW/transcripts_by_company/FIRST_REPUBLIC_BANK_2020Q1.txt,0.27766627073287964,0.2554727792739868,0.7289917767047882,True
MANH,2016Q1,0.42,0.39,/Users/vazea/Desktop/NNW/transcripts_by_company/MANHATTAN_ASSOCIATES_INC_2016Q1.txt,0.10517330467700958,0.20576991140842438,0.8646477133035659,True
SIMG,2009Q4,-0.07,-0.21,/Users/vazea/Desktop/NNW/transcripts_by_company/SILICON_IMAGE_INC_2009Q4.txt,0.13552716374397278,0.166890487074852,0.8550638392567634,True
PIP,2012Q3,0.0,-0.03,/Users/vazea/Desktop/NNW/transcripts_by_company/PHARMATHENE_INC_2012Q3.txt,0.2005212903022766,0.18819645047187805,0.8031761616468429,True
SGMO,2007Q4,-0.17,-0.53,/Users/vazea/Desktop/NNW/transcripts_by_company/SANGAMO_THERAPEUTICS_INC_2007Q4.txt,0.21207073330879211,0.18666082620620728,0.7955522388219833,True
MWIV,2007Q3,0.35,0.35,/Users/vazea/Desktop/NNW/transcripts_by_company/MWI_VETERINARY_SUPPLY_INC_2007Q3.txt,0.17782366275787354,0.1705627739429474,0.8243546038866043,True
LUNA,2021Q4,0.08,0.16,/Users/vazea/Desktop/NNW/transcripts_by_company/LUNA_INNOVATIONS_INC_2021Q4.txt,0.13682952523231506,0.318367600440979,0.8087090522050857,True
INWK,2016Q1,0.06,0.03,/Users/vazea/Desktop/NNW/transcripts_by_company/INNERWORKINGS_INC_2016Q1.txt,0.12214872241020203,0.42464256286621094,0.7871031254529953,True
BNED,2022Q3,-0.71,-0.19,/Users/vazea/Desktop/NNW/transcripts_by_company/BARNES_NOBLE_EDUCATION_INC_2022Q3.txt,0.18805593252182007,0.31671011447906494,0.7733478128910065,True
MELI,2022Q3,2.56,2.29,/Users/vazea/Desktop/NNW/transcripts_by_company/MERCADOLIBRE_INC_2022Q3.txt,0.1388734132051468,0.3639785349369049,0.7935950502753257,True
INGR,2014Q2,1.35,1.4,/Users/vazea/Desktop/NNW/transcripts_by_company/INGREDION_INC_2014Q2.txt,0.1544298380613327,0.24483630061149597,0.8184482231736183,True
AMRK,2021Q3,11.87,1.85,/Users/vazea/Desktop/NNW/transcripts_by_company/AMARK_PRECIOUS_METALS_INC_2021Q3.txt,0.35740023851394653,0.21580824255943298,0.6850773602724075,True
ESE,2006Q2,0.28,0.3,/Users/vazea/Desktop/NNW/transcripts_by_company/ESCO_TECHNOLOGIES_INC_2006Q2.txt,0.25690388679504395,0.03493596240878105,0.809686490520835,True
HHS,2010Q1,0.17,0.15,/Users/vazea/Desktop/NNW/transcripts_by_company/HARTE_HANKS_INC_2010Q1.txt,0.18191854655742645,0.11615411937236786,0.8378107815980911,True
ACCL,2008Q3,-0.05,-0.03,/Users/vazea/Desktop/NNW/transcripts_by_company/ACCELRYS_INC_2008Q3.txt,0.34760284423828125,0.2902190089225769,0.6696123063564301,True
ARIA,2004Q4,-0.2,-0.68,/Users/vazea/Desktop/NNW/transcripts_by_company/ARIAD_PHARMACEUTICALS_INC_2004Q4.txt,0.2155817151069641,0.2197786569595337,0.7831592023372651,True
GWR,2007Q4,0.36,1.5,/Users/vazea/Desktop/NNW/transcripts_by_company/GENESEE_WYOMING_INC_2007Q4.txt,0.25405770540237427,0.18745844066143036,0.7659220740199089,True
BIIB,2007Q4,0.89,2.63,/Users/vazea/Desktop/NNW/transcripts_by_company/BIOGEN_INC_2007Q4.txt,0.17765502631664276,0.19157473742961884,0.8181690603494645,True
QLYS,2022Q1,0.89,0.81,/Users/vazea/Desktop/NNW/transcripts_by_company/QUALYS_INC_2022Q1.txt,0.1811124086380005,0.2448074072599411,0.7997790917754173,True
SGMO,2011Q4,-0.12,-0.72,/Users/vazea/Desktop/NNW/transcripts_by_company/SANGAMO_THERAPEUTICS_INC_2011Q4.txt,0.20734402537345886,0.22337156534194946,0.787847712635994,True
STXS,2008Q1,-0.37,-0.33,/Users/vazea/Desktop/NNW/transcripts_by_company/STEREOTAXIS_INC_2008Q1.txt,0.1312979906797409,0.14493367075920105,0.864611305296421,True
SMDI,2002Q4,-0.05,-0.13,/Users/vazea/Desktop/NNW/transcripts_by_company/SIRENZA_MICRODEVICES_INC_2002Q4.txt,0.21386708319187164,0.22723795473575592,0.782121655344963,True
EME,2011Q1,0.37,0.3,/Users/vazea/Desktop/NNW/transcripts_by_company/EMCOR_GROUP_INC_2011Q1.txt,0.15698908269405365,0.14132291078567505,0.84771076887846,True
R,2014Q4,1.6,5.6,/Users/vazea/Desktop/NNW/transcripts_by_company/RYDER_SYSTEM_INC_2014Q4.txt,0.1805134117603302,0.35792240500450134,0.7662638902664185,True
CGNX,2014Q4,0.31,1.33,/Users/vazea/Desktop/NNW/transcripts_by_company/COGNEX_CORP_2014Q4.txt,0.23088741302490234,0.25194403529167175,0.7627956002950669,True
BAMM,2005Q4,0.54,0.59,/Users/vazea/Desktop/NNW/transcripts_by_company/BOOKSAMILLION_INC_2005Q4.txt,0.12576837837696075,0.20263530313968658,0.8511715441942215,True
AXON,2021Q2,0.38,0.21,/Users/vazea/Desktop/NNW/transcripts_by_company/AXON_ENTERPRISE_INC_2021Q2.txt,0.2939198613166809,0.18727783858776093,0.7380727455019951,True
DD,2005Q4,0.13,2.44,/Users/vazea/Desktop/NNW/transcripts_by_company/E_I_DU_PONT_DE_NEMOURS_AND_CO_2005Q4.txt,0.160744309425354,0.02704906277358532,0.8793642645701766,True
S,2023Q1,-0.21,-0.24,/Users/vazea/Desktop/NNW/transcripts_by_company/SENTINELONE_INC_2023Q1.txt,0.22820837795734406,0.1623736470937729,0.7915420413017273,True
PEP,2021Q3,1.79,1.72,/Users/vazea/Desktop/NNW/transcripts_by_company/PEPSICO_INC_2021Q3.txt,0.14389018714427948,0.12725351750850677,0.8611008137464523,True
HEES,2016Q3,0.33,0.35,/Users/vazea/Desktop/NNW/transcripts_by_company/HE_EQUIPMENT_SERVICES_INC_2016Q3.txt,0.22917690873146057,0.19961164891719818,0.7796926692128181,True
GFI,2010Q4,0.47,0.59,/Users/vazea/Desktop/NNW/transcripts_by_company/GOLD_FIELDS_LTD_2010Q4.txt,0.10417091846466064,0.09053593128919601,0.8999195776879787,True
HDS,2018Q4,0.49,2.27,/Users/vazea/Desktop/NNW/transcripts_by_company/HD_SUPPLY_HOLDINGS_INC_2018Q4.txt,0.22499573230743408,0.1568804234266281,0.7954388603568077,True
IBCP,2007Q2,0.0,0.33,/Users/vazea/Desktop/NNW/transcripts_by_company/INDEPENDENT_BANK_CORP_MICH_2007Q2.txt,0.13993217051029205,0.3595051169395447,0.7941959455609322,True
AVP,2011Q3,0.38,0.46,/Users/vazea/Desktop/NNW/transcripts_by_company/AVON_PRODUCTS_INC_2011Q3.txt,0.11969047784805298,0.15015502274036407,0.8711701586842537,True
ETFC,2014Q3,0.26,0.23,/Users/vazea/Desktop/NNW/transcripts_by_company/ETRADE_FINANCIAL_CORP_2014Q3.txt,0.1303042769432068,0.21649318933486938,0.8438390493392944,True
AMAT,2005Q3,0.14,0.14,/Users/vazea/Desktop/NNW/transcripts_by_company/APPLIED_MATERIALS_INC_2005Q3.txt,0.3163154721260071,0.35015547275543213,0.6735325276851654,True
ABTL,2011Q2,0.0,-0.01,/Users/vazea/Desktop/NNW/transcripts_by_company/AUTOBYTEL_INC_2011Q2.txt,0.1117861345410347,0.10172615200281143,0.8912318602204323,True
PRDO,2021Q4,0.4,1.62,/Users/vazea/Desktop/NNW/transcripts_by_company/PERDOCEO_EDUCATION_CORP_2021Q4.txt,0.21810871362686157,0.15071450173854828,0.8021095499396325,True
AXTI,2006Q4,0.03,-0.26,/Users/vazea/Desktop/NNW/transcripts_by_company/AXT_INC_2006Q4.txt,0.2590889632701874,0.19746601581573486,0.7593979209661483,True
XRTX,2006Q3,0.68,0.51,/Users/vazea/Desktop/NNW/transcripts_by_company/XYRATEX_LTD_2006Q3.txt,0.15702128410339355,0.14095571637153625,0.8477983862161637,True
ADI,2010Q1,0.43,0.37,/Users/vazea/Desktop/NNW/transcripts_by_company/ANALOG_DEVICES_INC_2010Q1.txt,0.19648990035057068,0.2712255120277405,0.7810894161462785,True
KSU,2002Q2,0.27,0.17,/Users/vazea/Desktop/NNW/transcripts_by_company/KANSAS_CITY_SOUTHERN_2002Q2.txt,0.20395006239414215,0.25377511978149414,0.7811024203896523,True
AVGR,2019Q4,-0.58,-1.75,/Users/vazea/Desktop/NNW/transcripts_by_company/AVINGER_INC_2019Q4.txt,0.18944095075130463,0.3858848810195923,0.751625870168209,True
SLB,2017Q2,0.35,0.29,/Users/vazea/Desktop/NNW/transcripts_by_company/SCHLUMBERGER_NV_2017Q2.txt,0.101772241294384,0.1526481658220291,0.8829649813473225,True
FLOW,2021Q1,0.61,0.37,/Users/vazea/Desktop/NNW/transcripts_by_company/SPX_FLOW_INC_2021Q1.txt,0.17865651845932007,0.3674781024456024,0.7646970063447953,True
HAS,2022Q2,1.15,0.96,/Users/vazea/Desktop/NNW/transcripts_by_company/HASBRO_INC_2022Q2.txt,0.08302655071020126,0.21857699751853943,0.8763083152472972,True
ROK,2022Q3,2.66,2.38,/Users/vazea/Desktop/NNW/transcripts_by_company/ROCKWELL_AUTOMATION_INC_2022Q3.txt,0.13512124121189117,0.18074455857276917,0.8511917635798454,True
ALE,2023Q2,0.9,0.82,/Users/vazea/Desktop/NNW/transcripts_by_company/ALLETE_INC_2023Q2.txt,0.12400299310684204,0.29482564330101013,0.8247502118349075,True
RTEC,2018Q3,0.26,0.35,/Users/vazea/Desktop/NNW/transcripts_by_company/RUDOLPH_TECHNOLOGIES_INC_2018Q3.txt,0.1707448661327362,0.17503082752227783,0.8279693454504014,True
LOCK,2015Q4,0.3,0.62,/Users/vazea/Desktop/NNW/transcripts_by_company/LIFELOCK_INC_2015Q4.txt,0.23260724544525146,0.15327076613903046,0.7911936983466148,True
CCXI,2015Q1,-0.28,-0.27,/Users/vazea/Desktop/NNW/transcripts_by_company/CHEMOCENTRYX_INC_2015Q1.txt,0.23682357370853424,0.12483911961317062,0.7967717625200749,True
SWKS,2016Q1,1.6,1.6,/Users/vazea/Desktop/NNW/transcripts_by_company/SKYWORKS_SOLUTIONS_INC_2016Q1.txt,0.2965516448020935,0.25371792912483215,0.7162984699010849,True
BBW,2007Q2,0.08,0.18,/Users/vazea/Desktop/NNW/transcripts_by_company/BUILDABEAR_WORKSHOP_INC_2007Q2.txt,0.2236264944076538,0.2615036070346832,0.7650103718042374,True
AFOP,2014Q1,0.34,0.27,/Users/vazea/Desktop/NNW/transcripts_by_company/ALLIANCE_FIBER_OPTIC_PRODCTS_INC_2014Q1.txt,0.26664304733276367,0.22156932950019836,0.7468790680170059,True
MCHX,2021Q3,-0.01,-0.03,/Users/vazea/Desktop/NNW/transcripts_by_company/MARCHEX_INC_2021Q3.txt,0.12255430966615677,0.21183276176452637,0.8506621547043324,True
AMZN,2008Q2,0.37,0.26,/Users/vazea/Desktop/NNW/transcripts_by_company/AMAZONCOM_INC_2008Q2.txt,0.14138701558113098,0.19253422319889069,0.8432688221335412,True
MYRX,2011Q3,-0.5,-0.43,/Users/vazea/Desktop/NNW/transcripts_by_company/MYREXIS_INC_2011Q3.txt,0.2552717924118042,0.23535217344760895,0.7507040932774544,True
ITW,2010Q4,0.79,3.09,/Users/vazea/Desktop/NNW/transcripts_by_company/ILLINOIS_TOOL_WORKS_INC_2010Q4.txt,0.14824366569519043,0.39779508113861084,0.7768909096717834,True
TSHA,2021Q2,-1.09,-0.87,/Users/vazea/Desktop/NNW/transcripts_by_company/TAYSHA_GENE_THERAPIES_INC_2021Q2.txt,0.20970511436462402,0.20827895402908325,0.7907227337360383,True
COLD,2022Q3,-0.03,0.01,/Users/vazea/Desktop/NNW/transcripts_by_company/AMERICOLD_REALTY_TRUST_INC_2022Q3.txt,0.08574158698320389,0.27808523178100586,0.8565553195774556,True
HEES,2010Q3,-0.11,-0.11,/Users/vazea/Desktop/NNW/transcripts_by_company/HE_EQUIPMENT_SERVICES_INC_2010Q3.txt,0.3285747170448303,0.3803551197052002,0.6558911621570587,True
WSO,2021Q4,2.02,10.47,/Users/vazea/Desktop/NNW/transcripts_by_company/WATSCO_INC_2021Q4.txt,0.13747072219848633,0.3111755847930908,0.8104178190231324,True
ZIXI,2008Q4,-0.01,-0.09,/Users/vazea/Desktop/NNW/transcripts_by_company/ZIX_CORP_2008Q4.txt,0.1894485503435135,0.12270531803369522,0.830574419349432,True
BA,2015Q4,1.6,8.23,/Users/vazea/Desktop/NNW/transcripts_by_company/BOEING_CO_2015Q4.txt,0.17369039356708527,0.21490055322647095,0.8139465585350991,True
LCRY,2004Q4,0.22,0.7,/Users/vazea/Desktop/NNW/transcripts_by_company/LECROY_CORPORATION_2004Q4.txt,0.2850373685359955,0.13685202598571777,0.7594182342290878,True
DLHC,2021Q4,0.21,0.76,/Users/vazea/Desktop/NNW/transcripts_by_company/DLH_HOLDINGS_CORP_2021Q4.txt,0.25807735323905945,0.28785085678100586,0.7329905956983567,True
WGS,2023Q1,-2.44,-0.05,/Users/vazea/Desktop/NNW/transcripts_by_company/GENEDX_HOLDINGS_CORP_2023Q1.txt,0.12050381302833557,0.3319016098976135,0.8160768479108811,True
MCHP,2015Q2,0.67,0.72,/Users/vazea/Desktop/NNW/transcripts_by_company/MICROCHIP_TECHNOLOGY_INC_2015Q2.txt,0.181975856423378,0.3169757127761841,0.7775241866707802,True
DFIN,2017Q3,0.2,0.2,/Users/vazea/Desktop/NNW/transcripts_by_company/DONNELLEY_FINANCIAL_SOLUTIONS_IN_2017Q3.txt,0.1765708327293396,0.2216516137123108,0.809904932975769,True
SAH,2008Q3,0.25,0.39,/Users/vazea/Desktop/NNW/transcripts_by_company/SONIC_AUTOMOTIVE_INC_2008Q3.txt,0.19128184020519257,0.0715487077832222,0.8446380995213986,True
APPS,2021Q4,0.25,0.69,/Users/vazea/Desktop/NNW/transcripts_by_company/DIGITAL_TURBINE_INC_2021Q4.txt,0.2863083481788635,0.17261125147342682,0.7478007808327675,True
LXRX,2019Q1,-0.21,-0.22,/Users/vazea/Desktop/NNW/transcripts_by_company/LEXICON_PHARMACEUTICALS_INC_2019Q1.txt,0.218779519200325,0.1999521404504776,0.7868686944246293,True
TSL,2012Q2,-0.75,-0.3,/Users/vazea/Desktop/NNW/transcripts_by_company/TRINA_SOLAR_LTD_2012Q2.txt,0.2538700997829437,0.12900236248970032,0.7835902214050293,True
GTLS,2008Q3,0.7,0.68,/Users/vazea/Desktop/NNW/transcripts_by_company/CHART_INDUSTRIES_INC_2008Q3.txt,0.3474884629249573,0.28198596835136414,0.6721622854471208,True
GMRE,2016Q3,-0.11,0.01,/Users/vazea/Desktop/NNW/transcripts_by_company/GLOBAL_MEDICAL_REIT_INC_2016Q3.txt,0.1302579790353775,0.19225771725177765,0.8511420994997024,True
GIFI,2021Q3,-0.24,-0.2,/Users/vazea/Desktop/NNW/transcripts_by_company/GULF_ISLAND_FABRICATION_INC_2021Q3.txt,0.17077359557151794,0.30935564637184143,0.787651789188385,True
VRSN,2015Q1,0.74,0.75,/Users/vazea/Desktop/NNW/transcripts_by_company/VERISIGN_INC_2015Q1.txt,0.37448447942733765,0.17038549482822418,0.6867452159523963,True
TREE,2018Q1,1.1,1.13,/Users/vazea/Desktop/NNW/transcripts_by_company/LENDINGTREE_INC_2018Q1.txt,0.21119172871112823,0.2743397653102875,0.769863860309124,True
RADA,2004Q3,0.31,0.37,/Users/vazea/Desktop/NNW/transcripts_by_company/RADICA_GAMES_LTD_2004Q3.txt,0.38233086466789246,0.11111634224653244,0.6990334920585155,True
NADL,2016Q3,-0.67,-0.95,/Users/vazea/Desktop/NNW/transcripts_by_company/NORTH_ATLANTIC_DRILLING_LTD_2016Q3.txt,0.2358580082654953,0.12555564939975739,0.797232699394226,True
COUP,2019Q4,0.05,0.13,/Users/vazea/Desktop/NNW/transcripts_by_company/COUPA_SOFTWARE_INC_2019Q4.txt,0.199457585811615,0.09332101047039032,0.8323833867907524,True
ALGT,2014Q3,0.8,1.03,/Users/vazea/Desktop/NNW/transcripts_by_company/ALLEGIANT_TRAVEL_CO_2014Q3.txt,0.19124655425548553,0.07867534458637238,0.8425248086452484,True
MDCI,2013Q2,0.02,0.05,/Users/vazea/Desktop/NNW/transcripts_by_company/MEDICAL_ACTION_INDS_INC_2013Q2.txt,0.2289280891418457,0.05762077122926712,0.8224641062319279,True
LGND,2016Q2,0.5,0.39,/Users/vazea/Desktop/NNW/transcripts_by_company/LIGAND_PHARMACEUTICALS_INC_2016Q2.txt,0.21398939192295074,0.20998655259609222,0.7872114598751068,True
LKQ,2018Q4,0.48,2.22,/Users/vazea/Desktop/NNW/transcripts_by_company/LKQ_CORP_2018Q4.txt,0.15073266625404358,0.39521461725234985,0.7759227484464646,True
PSPT,2007Q2,0.16,0.02,/Users/vazea/Desktop/NNW/transcripts_by_company/PEOPLESUPPORT_INC_2007Q2.txt,0.339111864566803,0.2886470556259155,0.6760275781154632,True
MFC,2007Q4,0.77,2.63,/Users/vazea/Desktop/NNW/transcripts_by_company/MANULIFE_FINANCIAL_CORP_2007Q4.txt,0.12427956610918045,0.19059310853481293,0.8558263711631298,True
GAIA,2011Q1,-0.04,-0.01,/Users/vazea/Desktop/NNW/transcripts_by_company/GAIAM_INC_2011Q1.txt,0.22055654227733612,0.0673668161034584,0.8254003755748271,True
AERI,2018Q1,-0.83,-0.88,/Users/vazea/Desktop/NNW/transcripts_by_company/AERIE_PHARMACEUTICALS_INC_2018Q1.txt,0.11819067597389221,0.09716815501451492,0.888116080313921,True
PVSW,2011Q1,0.05,0.03,/Users/vazea/Desktop/NNW/transcripts_by_company/PERVASIVE_SOFTWARE_INC_2011Q1.txt,0.24658527970314026,0.2859894633293152,0.7415934652090073,True
INTC,2022Q2,0.29,0.7,/Users/vazea/Desktop/NNW/transcripts_by_company/INTEL_CORP_2022Q2.txt,0.13538701832294464,0.34530630707740784,0.8016371950507164,True
RALY,2015Q2,-0.3,-0.4,/Users/vazea/Desktop/NNW/transcripts_by_company/RALLY_SOFTWARE_DEVELOPMENT_CORP_2015Q2.txt,0.11255764961242676,0.2275049090385437,0.8529581725597382,True
ALV,2017Q2,1.44,1.5,/Users/vazea/Desktop/NNW/transcripts_by_company/AUTOLIV_INC_2017Q2.txt,0.1935063898563385,0.3414205312728882,0.7621193677186966,True
QDEL,2004Q3,-0.12,-0.03,/Users/vazea/Desktop/NNW/transcripts_by_company/QUIDEL_CORP_2004Q3.txt,0.2037484347820282,0.13946151733398438,0.815537640452385,True
NUAN,2016Q4,0.41,1.51,/Users/vazea/Desktop/NNW/transcripts_by_company/NUANCE_COMMUNICATIONS_INC_2016Q4.txt,0.10147514939308167,0.1872294545173645,0.8727985590696334,True
RESI,2018Q1,-0.51,-0.46,/Users/vazea/Desktop/NNW/transcripts_by_company/FRONT_YARD_RESIDENTIAL_CORP_2018Q1.txt,0.4035075008869171,0.2322893738746643,0.6478579372167588,True
GDEN,2017Q2,0.07,0.2,/Users/vazea/Desktop/NNW/transcripts_by_company/GOLDEN_ENTERTAINMENT_INC_2017Q2.txt,0.22912375628948212,0.17569510638713837,0.786904838681221,True
ADMA,2021Q2,-0.14,-0.15,/Users/vazea/Desktop/NNW/transcripts_by_company/ADMA_BIOLOGICS_INC_2021Q2.txt,0.18194609880447388,0.2614218294620514,0.7942111819982529,True
ALOY,2003Q3,0.19,0.19,/Users/vazea/Desktop/NNW/transcripts_by_company/ALLOY_INC_2003Q3.txt,0.1458006203174591,0.30019915103912354,0.8078798204660416,True
QMCO,2022Q4,-0.05,-0.13,/Users/vazea/Desktop/NNW/transcripts_by_company/QUANTUM_CORP_2022Q4.txt,0.20266981422901154,0.27153629064559937,0.7766702428460122,True
HTZ,2020Q1,-1.78,-0.59,/Users/vazea/Desktop/NNW/transcripts_by_company/HERTZ_GLOBAL_HOLDINGS_INC_2020Q1.txt,0.180423766374588,0.0,0.819576233625412,False
IBAS,2007Q2,0.02,0.09,/Users/vazea/Desktop/NNW/transcripts_by_company/IBASIS_INC_2007Q2.txt,0.08437423408031464,0.21439988911151886,0.876618069410324,True
ACIW,2022Q1,0.13,0.1,/Users/vazea/Desktop/NNW/transcripts_by_company/ACI_WORLDWIDE_INC_2022Q1.txt,0.12969759106636047,0.19071486592292786,0.8519972264766693,True
PNRA,2002Q1,0.35,0.32,/Users/vazea/Desktop/NNW/transcripts_by_company/PANERA_BREAD_CO_2002Q1.txt,0.13030439615249634,0.15970554947853088,0.8608752578496933,True
NEOS,2019Q3,-0.04,-0.09,/Users/vazea/Desktop/NNW/transcripts_by_company/NEOS_THERAPEUTICS_INC_2019Q3.txt,0.1776394546031952,0.21077018976211548,0.8124213248491288,True
ISR,2020Q1,-0.01,-0.02,/Users/vazea/Desktop/NNW/transcripts_by_company/PERSPECTIVE_THERAPEUTICS_INC_2020Q1.txt,0.3191717863082886,0.37666013836860657,0.663581708073616,True
AZZ,2020Q1,0.81,0.64,/Users/vazea/Desktop/NNW/transcripts_by_company/AZZ_INC_2020Q1.txt,0.3051529824733734,0.17410175502300262,0.7341623857617379,True
MO,2011Q3,0.56,0.56,/Users/vazea/Desktop/NNW/transcripts_by_company/ALTRIA_GROUP_INC_2011Q3.txt,0.30790868401527405,0.28509601950645447,0.6989351153373718,True
JAGX,2022Q2,-0.12,-0.22,/Users/vazea/Desktop/NNW/transcripts_by_company/JAGUAR_HEALTH_INC_2022Q2.txt,0.23161853849887848,0.17382875084877014,0.785718397796154,True
PARA,2023Q3,0.3,0.09,/Users/vazea/Desktop/NNW/transcripts_by_company/PARAMOUNT_GLOBAL_2023Q3.txt,0.23238228261470795,0.20171841979026794,0.7768168762326241,True
APOG,2024Q2,1.36,1.15,/Users/vazea/Desktop/NNW/transcripts_by_company/APOGEE_ENTERPRISES_INC_2024Q2.txt,0.1287095993757248,0.11279501020908356,0.8760647773742676,True
NINE,2006Q4,-0.02,0.21,/Users/vazea/Desktop/NNW/transcripts_by_company/NINETOWNS_INTERNET_TECHNOLOGY_2006Q4.txt,0.16094177961349487,0.398455947637558,0.7678039699792862,True
AGYS,2012Q1,-0.11,-0.16,/Users/vazea/Desktop/NNW/transcripts_by_company/AGILYSYS_INC_2012Q1.txt,0.22241628170013428,0.059143126010894775,0.8265656650066375,True
LRE,2012Q1,0.27,0.34,/Users/vazea/Desktop/NNW/transcripts_by_company/LRR_ENERGY_LP_2012Q1.txt,0.12986509501934052,0.14567844569683075,0.8653908997774125,True
IFON,2008Q1,-0.03,0.06,/Users/vazea/Desktop/NNW/transcripts_by_company/INFOSONICS_CORP_2008Q1.txt,0.20117773115634918,0.18299514055252075,0.8042770460247994,True
PIRS,2020Q1,-0.07,-0.19,/Users/vazea/Desktop/NNW/transcripts_by_company/PIERIS_PHARMACEUTICALS_INC_2020Q1.txt,0.19981034100055695,0.2200837880373001,0.7941076248884201,True
AVY,2008Q3,0.81,0.77,/Users/vazea/Desktop/NNW/transcripts_by_company/AVERY_DENNISON_CORP_2008Q3.txt,0.17391043901443481,0.11510656028985977,0.8437307246029377,True
AOS,2018Q2,0.66,0.62,/Users/vazea/Desktop/NNW/transcripts_by_company/A_O_SMITH_CORP_2018Q2.txt,0.1439603567123413,0.2953251898288727,0.8106301933526994,True
ROKU,2017Q4,0.08,-1.65,/Users/vazea/Desktop/NNW/transcripts_by_company/ROKU_INC_2017Q4.txt,0.22401322424411774,0.2511027455329895,0.7678599193692207,True
OMC,2003Q3,0.72,0.71,/Users/vazea/Desktop/NNW/transcripts_by_company/OMNICOM_GROUP_INC_2003Q3.txt,0.3494264781475067,0.17096929252147675,0.7041106775403023,True
IBM,2016Q3,3.29,3.22,/Users/vazea/Desktop/NNW/transcripts_by_company/INTERNATIONAL_BUSINESS_MACHINES_2016Q3.txt,0.1470276266336441,0.24472172558307648,0.8236641436815262,True
CNA,2020Q2,0.36,0.79,/Users/vazea/Desktop/NNW/transcripts_by_company/CNA_FINANCIAL_CORP_2020Q2.txt,0.14276401698589325,0.27976086735725403,0.8161369279026985,True
WLK,2016Q2,0.85,0.97,/Users/vazea/Desktop/NNW/transcripts_by_company/WESTLAKE_CORP_2016Q2.txt,0.12067273259162903,0.15493261814117432,0.8690493017435074,True
SATS,2010Q4,0.67,0.46,/Users/vazea/Desktop/NNW/transcripts_by_company/ECHOSTAR_CORP_2010Q4.txt,0.13114221394062042,0.0,0.8688577860593796,False
SIRI,2002Q2,-1.62,-1.48,/Users/vazea/Desktop/NNW/transcripts_by_company/SIRIUS_SATELLITE_RADIO_INC_2002Q2.txt,0.241426020860672,0.1229122206568718,0.7941281192004681,True
FCF,2021Q1,0.41,0.29,/Users/vazea/Desktop/NNW/transcripts_by_company/FIRST_COMMONWEALTH_FINANCIAL_COR_2021Q1.txt,0.10394957661628723,0.0,0.8960504233837128,False
LEA,2016Q4,3.8,13.67,/Users/vazea/Desktop/NNW/transcripts_by_company/LEAR_CORP_2016Q4.txt,0.3808301091194153,0.2134554386138916,0.6693822920322419,True
OCLR,2016Q4,0.11,0.1,/Users/vazea/Desktop/NNW/transcripts_by_company/OCLARO_INC_2016Q4.txt,0.14405067265033722,0.31110090017318726,0.8058342590928078,True
TWIN,2023Q3,0.2,0.13,/Users/vazea/Desktop/NNW/transcripts_by_company/TWIN_DISC_INC_2023Q3.txt,0.16446536779403687,0.1943088173866272,0.826581597328186,True
MNI,2008Q3,0.13,0.11,/Users/vazea/Desktop/NNW/transcripts_by_company/MCCLATCHY_COMPANY_2008Q3.txt,0.20341704785823822,0.28590473532676697,0.7718366459012032,True
TRIB,2009Q3,0.15,0.12,/Users/vazea/Desktop/NNW/transcripts_by_company/TRINITY_BIOTECH_PLC_2009Q3.txt,0.2015148401260376,0.38146305084228516,0.7445006966590881,True
EXPR,2018Q2,0.01,-0.01,/Users/vazea/Desktop/NNW/transcripts_by_company/EXPRESS_INC_2018Q2.txt,0.1393071562051773,0.33469510078430176,0.8020764604210854,True
TOST,2023Q1,-0.15,-0.17,/Users/vazea/Desktop/NNW/transcripts_by_company/TOAST_INC_2023Q1.txt,0.18377497792243958,0.1080409437417984,0.8389452323317528,True
APOL,2004Q4,0.52,1.83,/Users/vazea/Desktop/NNW/transcripts_by_company/APOLLO_EDUCATION_GROUP_INC_2004Q4.txt,0.19731198251247406,0.16023725271224976,0.8138104364275932,True
SIG,2014Q2,0.84,0.84,/Users/vazea/Desktop/NNW/transcripts_by_company/SIGNET_JEWELERS_LTD_2014Q2.txt,0.31251999735832214,0.13575351238250732,0.7405099481344224,True
SEP,2011Q3,0.4,0.43,/Users/vazea/Desktop/NNW/transcripts_by_company/SPECTRA_ENERGY_PARTNERS_LP_2011Q3.txt,0.11232733726501465,0.2609206736087799,0.8430946618318558,True
WOR,2006Q3,0.25,0.33,/Users/vazea/Desktop/NNW/transcripts_by_company/WORTHINGTON_ENTERPRISES_INC_2006Q3.txt,0.23897495865821838,0.0012004654854536057,0.832357389293611,True
CUTR,2020Q3,0.08,-0.31,/Users/vazea/Desktop/NNW/transcripts_by_company/CUTERA_INC_2020Q3.txt,0.1160411536693573,0.21429508924484253,0.8544826656579971,True
FLDM,2021Q3,-0.18,-0.22,/Users/vazea/Desktop/NNW/transcripts_by_company/STANDARD_BIOTOOLS_INC_2021Q3.txt,0.11266254633665085,0.0,0.8873374536633492,False
RMBS,2022Q4,0.47,1.75,/Users/vazea/Desktop/NNW/transcripts_by_company/RAMBUS_INC_2022Q4.txt,0.27650558948516846,0.31045955419540405,0.713308221101761,True
TOL,2004Q4,2.22,4.57,/Users/vazea/Desktop/NNW/transcripts_by_company/TOLL_BROTHERS_INC_2004Q4.txt,0.21564853191375732,0.2405860275030136,0.7768702194094658,True
ONB,2015Q4,0.27,0.98,/Users/vazea/Desktop/NNW/transcripts_by_company/OLD_NATIONAL_BANCORP_2015Q4.txt,0.22725076973438263,0.19299426674842834,0.7830261811614037,True
EZFL,2022Q4,-0.14,-0.58,/Users/vazea/Desktop/NNW/transcripts_by_company/EZFILL_HOLDINGS_INC_2022Q4.txt,0.1273946464061737,0.27542170882225037,0.8281972348690033,True
ODP,2009Q2,-0.22,-0.11,/Users/vazea/Desktop/NNW/transcripts_by_company/OFFICE_DEPOT_INC_2009Q2.txt,0.21839430928230286,0.15985168516635895,0.7991684779524804,True
MED,2014Q2,0.44,0.4,/Users/vazea/Desktop/NNW/transcripts_by_company/MEDIFAST_INC_2014Q2.txt,0.11555203050374985,0.10582804679870605,0.8873651646077633,True
RARE,2023Q1,-2.33,-1.94,/Users/vazea/Desktop/NNW/transcripts_by_company/ULTRAGENYX_PHARMACEUTICAL_INC_2023Q1.txt,0.1404995322227478,0.13545043766498566,0.8610151961445809,True
RGC,2007Q4,0.15,0.85,/Users/vazea/Desktop/NNW/transcripts_by_company/REGAL_ENTERTAINMENT_GROUP_2007Q4.txt,0.15903466939926147,0.20204710960388184,0.8280615985393525,True
CLNE,2012Q2,-0.16,-0.17,/Users/vazea/Desktop/NNW/transcripts_by_company/CLEAN_ENERGY_FUELS_CORP_2012Q2.txt,0.17629864811897278,0.1918674260377884,0.8190307185053826,True
SBSI,2022Q1,0.77,0.71,/Users/vazea/Desktop/NNW/transcripts_by_company/SOUTHSIDE_BANCSHARES_INC_2022Q1.txt,0.08211394399404526,0.24259157478809357,0.8697427667677402,True
SRE,2002Q1,0.71,0.75,/Users/vazea/Desktop/NNW/transcripts_by_company/SEMPRA_2002Q1.txt,0.21597698330879211,0.0,0.7840230166912079,False
ACCL,2008Q2,0.06,0.03,/Users/vazea/Desktop/NNW/transcripts_by_company/ACCELRYS_INC_2008Q2.txt,0.30382460355758667,0.24564707279205322,0.7136286556720735,True
LMRK,2017Q2,0.05,0.12,/Users/vazea/Desktop/NNW/transcripts_by_company/LANDMARK_INFRASTRUCTURE_PARTNERS_2017Q2.txt,0.123139888048172,0.23031984269618988,0.8447061255574226,True
KMG,2015Q3,0.28,0.12,/Users/vazea/Desktop/NNW/transcripts_by_company/KMG_CHEMICALS_INC_2015Q3.txt,0.16975127160549164,0.12541314959526062,0.8435501649975776,True
ALE,2013Q4,0.82,2.65,/Users/vazea/Desktop/NNW/transcripts_by_company/ALLETE_INC_2013Q4.txt,0.20937588810920715,0.42603182792663574,0.7256273299455642,True
TREX,2011Q4,-0.54,-0.14,/Users/vazea/Desktop/NNW/transcripts_by_company/TREX_CO_INC_2011Q4.txt,0.17481888830661774,0.1325996071100235,0.8378468960523605,True
VFC,2011Q3,2.87,2.5,/Users/vazea/Desktop/NNW/transcripts_by_company/VF_CORP_2011Q3.txt,0.10297680646181107,0.2850705683231354,0.8423950649797917,True
OC,2010Q3,0.35,0.65,/Users/vazea/Desktop/NNW/transcripts_by_company/OWENS_CORNING_2010Q3.txt,0.11623388528823853,0.13019947707653046,0.8795764371752739,True
OTIS,2021Q1,0.72,0.63,/Users/vazea/Desktop/NNW/transcripts_by_company/OTIS_WORLDWIDE_CORP_2021Q1.txt,0.10527181625366211,0.3850351572036743,0.8107991814613342,True
CI,2009Q4,1.03,3.9,/Users/vazea/Desktop/NNW/transcripts_by_company/CIGNA_HOLDING_CO_2009Q4.txt,0.21448102593421936,0.10146798193454742,0.8194228872656822,True
PCCC,2002Q1,-0.06,0.06,/Users/vazea/Desktop/NNW/transcripts_by_company/PC_CONNECTION_INC_2002Q1.txt,0.18101653456687927,0.0,0.8189834654331207,False
ABC,2021Q2,2.53,2.46,/Users/vazea/Desktop/NNW/transcripts_by_company/CENCORA_INC_2021Q2.txt,0.1840745359659195,0.3331369161605835,0.7712067499756813,True
PNW,2022Q1,0.15,-0.07,/Users/vazea/Desktop/NNW/transcripts_by_company/PINNACLE_WEST_CAPITAL_CORP_2022Q1.txt,0.15453490614891052,0.18565189838409424,0.8361299961805344,True
TAL,2012Q1,0.92,0.94,/Users/vazea/Desktop/NNW/transcripts_by_company/TAL_INTERNATIONAL_GROUP_INC_2012Q1.txt,0.18126876652240753,0.35583463311195374,0.7663614735007287,True
BG,2021Q2,2.61,1.56,/Users/vazea/Desktop/NNW/transcripts_by_company/BUNGE_LTD_2021Q2.txt,0.18110370635986328,0.20385459065437317,0.8120710283517838,True
COF,2002Q2,0.92,0.86,/Users/vazea/Desktop/NNW/transcripts_by_company/CAPITAL_ONE_FINANCIAL_CORP_2002Q2.txt,0.15963804721832275,0.16256865859031677,0.839482769370079,True
SLRX,2020Q2,-0.13,-0.16,/Users/vazea/Desktop/NNW/transcripts_by_company/SALARIUS_PHARMACEUTICALS_INC_2020Q2.txt,0.1503254920244217,0.12944166362285614,0.855939656496048,True
DHX,2010Q2,0.05,0.05,/Users/vazea/Desktop/NNW/transcripts_by_company/DICE_HOLDINGS_INC_2010Q2.txt,0.12882718443870544,0.20174847543239594,0.8492964282631874,True
TIF,2009Q1,0.5,0.4,/Users/vazea/Desktop/NNW/transcripts_by_company/TIFFANY_CO_2009Q1.txt,0.11445225775241852,0.0,0.8855477422475815,False
CBAY,2021Q2,-0.34,-0.27,/Users/vazea/Desktop/NNW/transcripts_by_company/CYMABAY_THERAPEUTICS_INC_2021Q2.txt,0.1699838638305664,0.13412009179592133,0.8407752677798271,True
OCN,2013Q1,0.62,0.81,/Users/vazea/Desktop/NNW/transcripts_by_company/OCWEN_FINANCIAL_CORP_2013Q1.txt,0.17398710548877716,0.24809792637825012,0.803779648244381,True
CKSW,2010Q1,0.11,0.1,/Users/vazea/Desktop/NNW/transcripts_by_company/CLICKSOFTWARE_TECHNOLOGIES_2010Q1.txt,0.26696521043777466,0.3746807277202606,0.7007201343774796,True
ASLE,2021Q3,0.22,0.17,/Users/vazea/Desktop/NNW/transcripts_by_company/AERSALE_CORP_2021Q3.txt,0.19063004851341248,0.2366991490125656,0.7955492213368416,True
PBF,2021Q1,-2.61,-2.09,/Users/vazea/Desktop/NNW/transcripts_by_company/PBF_ENERGY_INC_2021Q1.txt,0.16840261220932007,0.13887856900691986,0.8404546007514,True
ONB,2013Q3,0.23,0.22,/Users/vazea/Desktop/NNW/transcripts_by_company/OLD_NATIONAL_BANCORP_2013Q3.txt,0.22512008249759674,0.2788189947605133,0.7587702438235283,True
SHAK,2023Q3,0.17,0.1,/Users/vazea/Desktop/NNW/transcripts_by_company/SHAKE_SHACK_INC_2023Q3.txt,0.24176980555057526,0.1912180781364441,0.7733957126736641,True
WAB,2016Q1,1.05,1.0,/Users/vazea/Desktop/NNW/transcripts_by_company/WESTINGHOUSE_AIR_BRAKE_TECHNOLOG_2016Q1.txt,0.10050862282514572,0.13383136689662933,0.8894945539534092,True
WINS,2005Q4,0.04,0.47,/Users/vazea/Desktop/NNW/transcripts_by_company/SMA_2005Q4.txt,0.1331992894411087,0.3549451529979706,0.8002769514918328,True
OPTN,2021Q4,-0.23,-1.48,/Users/vazea/Desktop/NNW/transcripts_by_company/OPTINOSE_INC_2021Q4_1.txt,0.27042344212532043,0.23012784123420715,0.7416652381420136,True
BA,2011Q4,1.31,4.47,/Users/vazea/Desktop/NNW/transcripts_by_company/BOEING_CO_2011Q4.txt,0.16916115581989288,0.17579664289951324,0.828848198056221,True
DUK,2017Q2,1.01,1.04,/Users/vazea/Desktop/NNW/transcripts_by_company/DUKE_ENERGY_CORP_2017Q2.txt,0.2518751323223114,0.1942947506904602,0.765398982167244,True
SATS,2020Q2,-0.12,-0.21,/Users/vazea/Desktop/NNW/transcripts_by_company/ECHOSTAR_CORP_2020Q2.txt,0.18657132983207703,0.1595229059457779,0.8215431973338128,True
NED,2011Q4,-0.17,-0.29,/Users/vazea/Desktop/NNW/transcripts_by_company/NOAH_EDUCATION_HOLDINGS_LTD_2011Q4.txt,0.290881484746933,0.27810898423194885,0.7129502654075623,True
FISV,2020Q1,0.99,1.06,/Users/vazea/Desktop/NNW/transcripts_by_company/FISERV_INC_2020Q1.txt,0.14458809792995453,0.27714288234710693,0.8156454667448998,True
LUV,2016Q4,0.75,3.65,/Users/vazea/Desktop/NNW/transcripts_by_company/SOUTHWEST_AIRLINES_CO_2016Q4.txt,0.2131028175354004,0.11292926967144012,0.8169492468237877,True
MPLX,2022Q3,1.36,0.84,/Users/vazea/Desktop/NNW/transcripts_by_company/MPLX_LP_2022Q3.txt,0.18403175473213196,0.2983979284763336,0.7816583931446075,True
PLCE,2009Q3,0.84,0.92,/Users/vazea/Desktop/NNW/transcripts_by_company/CHILDRENS_PLACE_INC_2009Q3.txt,0.29026153683662415,0.2565120756626129,0.7198633015155793,True
GLOG,2012Q3,0.06,0.04,/Users/vazea/Desktop/NNW/transcripts_by_company/GASLOG_LTD_2012Q3.txt,0.16514194011688232,0.08630028367042542,0.8585105568170548,True
BEAV,2014Q4,0.57,4.45,/Users/vazea/Desktop/NNW/transcripts_by_company/BE_AEROSPACE_INC_2014Q4.txt,0.21129797399044037,0.18200258910655975,0.7974906414747238,True
NVT,2023Q2,0.77,0.68,/Users/vazea/Desktop/NNW/transcripts_by_company/NVENT_ELECTRIC_PLC_2023Q2.txt,0.18157081305980682,0.12999357283115387,0.8339023590087891,True
MBRX,2006Q3,-0.28,-0.3,/Users/vazea/Desktop/NNW/transcripts_by_company/METABASIS_THERAPEUTICS_INC_2006Q3.txt,0.16008473932743073,0.12160912156105042,0.8514579460024834,True
ICLR,2017Q3,1.35,1.32,/Users/vazea/Desktop/NNW/transcripts_by_company/ICON_PLC_2017Q3.txt,0.18542757630348206,0.17213980853557587,0.8185587540268898,True
MPSX,2016Q2,0.26,0.18,/Users/vazea/Desktop/NNW/transcripts_by_company/MULTI_PACKAGING_SOLUTIONS_INTERN_2016Q2.txt,0.12190601974725723,0.1293742060661316,0.8758535243570804,True
SHOO,2004Q4,0.03,0.86,/Users/vazea/Desktop/NNW/transcripts_by_company/STEVEN_MADDEN_LTD_2004Q4.txt,0.4546082019805908,0.23104888200759888,0.6124595940113068,True
TSTY,2006Q1,0.12,0.04,/Users/vazea/Desktop/NNW/transcripts_by_company/TASTY_BAKING_CO_2006Q1.txt,0.06914718449115753,0.17452724277973175,0.8992387980222702,True
ZYXI,2018Q3,0.08,0.06,/Users/vazea/Desktop/NNW/transcripts_by_company/ZYNEX_INC_2018Q3.txt,0.13612574338912964,0.173496812582016,0.8526629358530045,True
POT,2008Q2,2.82,2.51,/Users/vazea/Desktop/NNW/transcripts_by_company/POTASH_CORPORATION_OF_SASKATCHEW_2008Q2.txt,0.08059582114219666,0.1515183448791504,0.8981274217367172,True
LTRE,2010Q1,0.18,0.13,/Users/vazea/Desktop/NNW/transcripts_by_company/LEARNING_TREE_INTERNATIONAL_2010Q1.txt,0.1805097758769989,0.13504914939403534,0.8331284120678901,True
CAMH,2008Q1,-0.04,-0.03,/Users/vazea/Desktop/NNW/transcripts_by_company/CAMBRIDGE_HEART_INC_2008Q1.txt,0.3832784593105316,0.05608314275741577,0.7148801356554031,True
EHTH,2022Q3,-1.17,-1.38,/Users/vazea/Desktop/NNW/transcripts_by_company/EHEALTH_INC_2022Q3.txt,0.22697938978672028,0.25299736857414246,0.7652152165770532,True
KMB,2002Q1,0.87,0.83,/Users/vazea/Desktop/NNW/transcripts_by_company/KIMBERLYCLARK_CORP_2002Q1.txt,0.141719788312912,0.1927322894334793,0.8429764613509179,True
IIIN,2021Q2,0.79,0.48,/Users/vazea/Desktop/NNW/transcripts_by_company/INSTEEL_INDUSTRIES_INC_2021Q2.txt,0.31892526149749756,0.3091107904911041,0.6840190798044206,True
ATRS,2014Q1,-0.07,-0.04,/Users/vazea/Desktop/NNW/transcripts_by_company/ANTARES_PHARMA_INC_2014Q1.txt,0.18886494636535645,0.23678264021873474,0.7967597454786302,True
PEG,2008Q4,0.49,2.92,/Users/vazea/Desktop/NNW/transcripts_by_company/PUBLIC_SERVICE_ENTERPRISE_GROUP_2008Q4.txt,0.3768574893474579,0.06306947767734528,0.7172789141535759,True
FAST,2023Q3,0.52,0.51,/Users/vazea/Desktop/NNW/transcripts_by_company/FASTENAL_CO_2023Q3.txt,0.2716788947582245,0.22247479856014252,0.7430823341012001,True
MPLX,2017Q3,0.29,0.27,/Users/vazea/Desktop/NNW/transcripts_by_company/MPLX_LP_2017Q3.txt,0.18839815258979797,0.25076058506965637,0.7928931176662446,True
BYND,2021Q4,-1.27,-2.32,/Users/vazea/Desktop/NNW/transcripts_by_company/BEYOND_MEAT_INC_2021Q4.txt,0.2194153219461441,0.28468891978263855,0.7610025987029075,True
JOBS,2010Q4,0.35,1.19,/Users/vazea/Desktop/NNW/transcripts_by_company/51JOB_INC_2010Q4.txt,0.3033904433250427,0.38176965713500977,0.6730957925319672,True
DXPE,2021Q4,0.05,0.92,/Users/vazea/Desktop/NNW/transcripts_by_company/DXP_ENTERPRISES_INC_2021Q4.txt,0.10735400021076202,0.20442801713943481,0.8635237947106361,True
BHE,2008Q3,0.32,0.33,/Users/vazea/Desktop/NNW/transcripts_by_company/BENCHMARK_ELECTRONICS_INC_2008Q3.txt,0.18853139877319336,0.03884485363960266,0.8563745647668839,True
F,2006Q2,-0.03,0.14,/Users/vazea/Desktop/NNW/transcripts_by_company/FORD_MOTOR_CO_2006Q2_1.txt,0.2527979612350464,0.4023568630218506,0.7023343682289124,True
ELF,2017Q4,0.26,0.55,/Users/vazea/Desktop/NNW/transcripts_by_company/ELF_BEAUTY_INC_2017Q4.txt,0.10410582274198532,0.17443479597568512,0.8747954852879047,True
MNTA,2015Q3,-0.44,-0.12,/Users/vazea/Desktop/NNW/transcripts_by_company/MOMENTA_PHARMACEUTICALS_INC_2015Q3.txt,0.283992201089859,0.39424386620521545,0.682932299375534,True
STZ,2004Q4,0.54,2.48,/Users/vazea/Desktop/NNW/transcripts_by_company/CONSTELLATION_BRANDS_INC_2004Q4.txt,0.1605999916791916,0.1350504457950592,0.8470648720860481,True
MITT,2013Q2,0.83,0.81,/Users/vazea/Desktop/NNW/transcripts_by_company/AG_MORTGAGE_INVESTMENT_TRUST_INC_2013Q2.txt,0.19533969461917877,0.3279092311859131,0.764889444410801,True
MBWM,2004Q4,0.61,1.81,/Users/vazea/Desktop/NNW/transcripts_by_company/MERCANTILE_BANK_CORP_2004Q4.txt,0.1934724748134613,0.019893014803528786,0.8586013631895184,True
RSPP,2014Q4,0.2,0.99,/Users/vazea/Desktop/NNW/transcripts_by_company/RSP_PERMIAN_INC_2014Q4.txt,0.17356596887111664,0.356966495513916,0.7714138731360436,True
AVCT,2006Q1,0.35,0.39,/Users/vazea/Desktop/NNW/transcripts_by_company/AVOCENT_2006Q1.txt,0.26630768179893494,0.21003971993923187,0.750572706758976,True
TK,2008Q2,1.05,1.14,/Users/vazea/Desktop/NNW/transcripts_by_company/TEEKAY_CORP_2008Q2.txt,0.15163643658161163,0.08498527854681015,0.8683589108288288,True
IGT,2019Q1,0.12,0.26,/Users/vazea/Desktop/NNW/transcripts_by_company/INTERNATIONAL_GAME_TECHNOLOGY_PL_2019Q1.txt,0.2239280492067337,0.2843673527240753,0.7579401597380638,True
AVXS,2016Q4,-0.92,-3.53,/Users/vazea/Desktop/NNW/transcripts_by_company/AVEXIS_INC_2016Q4.txt,0.20191185176372528,0.26721298694610596,0.7784978076815605,True
MO,2017Q4,0.91,3.28,/Users/vazea/Desktop/NNW/transcripts_by_company/ALTRIA_GROUP_INC_2017Q4.txt,0.2150147408246994,0.1533128321170807,0.8034958317875862,True
BDK,2008Q2,1.58,1.44,/Users/vazea/Desktop/NNW/transcripts_by_company/BLACK_DECKER_CORP_2008Q2.txt,0.18437349796295166,0.35736164450645447,0.7637300580739975,True
BK,2011Q4,0.42,2.15,/Users/vazea/Desktop/NNW/transcripts_by_company/BANK_OF_NEW_YORK_MELLON_CORP_2011Q4.txt,0.24193963408470154,0.16043485701084137,0.7825117990374566,True
FTR,2016Q4,-0.04,-0.09,/Users/vazea/Desktop/NNW/transcripts_by_company/FRONTIER_COMMUNICATIONS_CORP_2016Q4.txt,0.15475820004940033,0.2042573094367981,0.8303920671343803,True
GILD,2014Q2,2.36,1.57,/Users/vazea/Desktop/NNW/transcripts_by_company/GILEAD_SCIENCES_INC_2014Q2.txt,0.2612561881542206,0.14427515864372253,0.7738381206989289,True
ATSI,2009Q1,-0.02,-0.03,/Users/vazea/Desktop/NNW/transcripts_by_company/ATS_MEDICAL_2009Q1.txt,0.15134266018867493,0.19548949599266052,0.8354132890701294,True
NGEN,2002Q4,0.09,-1.54,/Users/vazea/Desktop/NNW/transcripts_by_company/NANOGEN_INC_2002Q4.txt,0.14321322739124298,0.14143644273281097,0.8573198080062866,True
BRCM,2010Q4,0.75,2.71,/Users/vazea/Desktop/NNW/transcripts_by_company/BROADCOM_CORP_2010Q4.txt,0.16693390905857086,0.35041025280952454,0.778023187816143,True
RMBS,2004Q4,0.06,0.32,/Users/vazea/Desktop/NNW/transcripts_by_company/RAMBUS_INC_2004Q4.txt,0.28579702973365784,0.4431397616863251,0.6670001506805421,True
ASGN,2023Q3,1.68,1.56,/Users/vazea/Desktop/NNW/transcripts_by_company/ASGN_INC_2023Q3.txt,0.0764666497707367,0.26046234369277954,0.8683346420526504,True
GLOB,2023Q1,1.28,1.28,/Users/vazea/Desktop/NNW/transcripts_by_company/GLOBANT_SA_2023Q1.txt,0.27020585536956787,0.4255541265010834,0.6831896632909775,True
RUN,2020Q4,-0.75,0.04,/Users/vazea/Desktop/NNW/transcripts_by_company/SUNRUN_INC_2020Q4.txt,0.28467708826065063,0.19513864815235138,0.7421844437718392,True
AMRN,2014Q4,-0.11,-0.59,/Users/vazea/Desktop/NNW/transcripts_by_company/AMARIN_CORPORATION_PLC_2014Q4.txt,0.20121780037879944,0.2576054632663727,0.7818659007549286,True
ORA,2010Q3,0.71,0.19,/Users/vazea/Desktop/NNW/transcripts_by_company/ORMAT_TECHNOLOGIES_INC_2010Q3.txt,0.09297634661197662,0.08375713229179382,0.9097894176840782,True
RESP,2007Q2,0.4,0.39,/Users/vazea/Desktop/NNW/transcripts_by_company/RESPIRONICS_INC_2007Q2.txt,0.20945309102535248,0.37361210584640503,0.7412992045283318,True
IART,2009Q2,0.51,0.48,/Users/vazea/Desktop/NNW/transcripts_by_company/INTEGRA_LIFESCIENCES_HOLDINGS_CO_2009Q2.txt,0.1467900425195694,0.23377248644828796,0.827115224301815,True
GIS,2011Q4,0.52,2.48,/Users/vazea/Desktop/NNW/transcripts_by_company/GENERAL_MILLS_INC_2011Q4.txt,0.10734154284000397,0.16548967361450195,0.8752140179276466,True
SANW,2017Q4,-0.08,0.04,/Users/vazea/Desktop/NNW/transcripts_by_company/SW_SEED_CO_2017Q4.txt,0.17958121001720428,0.12562412023544312,0.8366059169173241,True
CAMP,2020Q3,0.15,0.15,/Users/vazea/Desktop/NNW/transcripts_by_company/CALAMP_CORP_2020Q3.txt,0.14892911911010742,0.2253999263048172,0.8281296387314796,True
GHDX,2010Q2,0.03,-0.01,/Users/vazea/Desktop/NNW/transcripts_by_company/GENOMIC_HEALTH_INC_2010Q2.txt,0.13681557774543762,0.16646708548069,0.8542889699339866,True
LII,2003Q3,0.46,0.47,/Users/vazea/Desktop/NNW/transcripts_by_company/LENNOX_INTERNATIONAL_INC_2003Q3.txt,0.16565120220184326,0.43963688611984253,0.752153092622757,True
ENZN,2010Q1,0.29,-0.08,/Users/vazea/Desktop/NNW/transcripts_by_company/ENZON_PHARMACEUTICALS_INC_2010Q1.txt,0.24170958995819092,0.12996388971805573,0.7918141201138497,True
SQI,2012Q2,0.06,0.06,/Users/vazea/Desktop/NNW/transcripts_by_company/SCIQUEST_INC_2012Q2.txt,0.23925836384296417,0.2591785490512848,0.7547655805945397,True
CRK,2017Q4,-0.31,-4.63,/Users/vazea/Desktop/NNW/transcripts_by_company/COMSTOCK_RESOURCES_INC_2017Q4.txt,0.17555364966392517,0.18716023862361908,0.8209643736481667,True
VER,2018Q4,0.01,-0.17,/Users/vazea/Desktop/NNW/transcripts_by_company/VEREIT_INC_2018Q4.txt,0.17751695215702057,0.336408793926239,0.7748154953122139,True
ABC,2014Q2,1.06,1.0,/Users/vazea/Desktop/NNW/transcripts_by_company/CENCORA_INC_2014Q2.txt,0.21075478196144104,0.06489664316177368,0.8330026596784592,True
ITI,2017Q1,0.0,-0.02,/Users/vazea/Desktop/NNW/transcripts_by_company/ITERIS_INC_2017Q1.txt,0.08611928671598434,0.535049319267273,0.779201703518629,True
MIK,2017Q1,0.36,0.36,/Users/vazea/Desktop/NNW/transcripts_by_company/MICHAELS_COMPANIES_INC_2017Q1.txt,0.3145585060119629,0.04615376517176628,0.765962916240096,True
FRME,2011Q2,0.18,0.15,/Users/vazea/Desktop/NNW/transcripts_by_company/FIRST_MERCHANTS_CORP_2011Q2.txt,0.08229826390743256,0.31609615683555603,0.8475623682141304,True
GCMG,2023Q1,0.46,0.11,/Users/vazea/Desktop/NNW/transcripts_by_company/GCM_GROSVENOR_INC_2023Q1.txt,0.16011933982372284,0.23095747828483582,0.8186292186379432,True
BIOL,2018Q3,-0.19,-0.19,/Users/vazea/Desktop/NNW/transcripts_by_company/BIOLASE_INC_2018Q3.txt,0.29095345735549927,0.19437994062900543,0.7380185976624489,True
CSCO,2015Q1,0.54,0.52,/Users/vazea/Desktop/NNW/transcripts_by_company/CISCO_SYSTEMS_INC_2015Q1.txt,0.14514487981796265,0.39438316226005554,0.7800836354494095,True
XENE,2017Q4,-0.45,-1.7,/Users/vazea/Desktop/NNW/transcripts_by_company/XENON_PHARMACEUTICALS_INC_2017Q4.txt,0.26106178760528564,0.19132065773010254,0.7598605513572693,True
ANAC,2016Q1,-0.36,-0.26,/Users/vazea/Desktop/NNW/transcripts_by_company/ANACOR_PHARMACEUTICALS_INC_2016Q1.txt,0.1558612734079361,0.13409216701984406,0.8506694585084915,True
CCO,2017Q4,0.86,-0.22,/Users/vazea/Desktop/NNW/transcripts_by_company/CLEAR_CHANNEL_OUTDOOR_HLDGS_INC_2017Q4.txt,0.12113605439662933,0.17597824335098267,0.8624112889170646,True
SOLY,2020Q3,-0.17,-0.18,/Users/vazea/Desktop/NNW/transcripts_by_company/SOLITON_INC_2020Q3.txt,0.13053853809833527,0.31126582622528076,0.8152432754635811,True
FTD,2015Q2,0.89,0.56,/Users/vazea/Desktop/NNW/transcripts_by_company/FTD_COMPANIES_INC_2015Q2.txt,0.17067725956439972,0.27913570404052734,0.796785207092762,True
PRTA,2022Q4,0.12,-2.88,/Users/vazea/Desktop/NNW/transcripts_by_company/PROTHENA_CORPORATION_PLC_2022Q4.txt,0.20238839089870453,0.2573568820953369,0.7811210617423058,True
TTWO,2010Q1,-0.31,-0.5,/Users/vazea/Desktop/NNW/transcripts_by_company/TAKETWO_INTERACTIVE_SOFTWARE_IN_2010Q1.txt,0.16669102013111115,0.1671483963727951,0.8331717669963836,True
IRTC,2018Q3,-0.43,-0.46,/Users/vazea/Desktop/NNW/transcripts_by_company/IRHYTHM_TECHNOLOGIES_INC_2018Q3.txt,0.1302013248205185,0.14294680953025818,0.8659750297665596,True
BA,2006Q3,0.89,0.66,/Users/vazea/Desktop/NNW/transcripts_by_company/BOEING_CO_2006Q3.txt,0.16060923039913177,0.25757211446762085,0.8103019043803215,True
DIOD,2004Q2,0.4,0.33,/Users/vazea/Desktop/NNW/transcripts_by_company/DIODES_INC_2004Q2.txt,0.18814772367477417,0.16745944321155548,0.8180587604641915,True
A,2007Q1,0.39,0.39,/Users/vazea/Desktop/NNW/transcripts_by_company/AGILENT_TECHNOLOGIES_INC_2007Q1.txt,0.29143190383911133,0.2086610496044159,0.7333993524312974,True
LPX,2020Q1,0.34,0.3,/Users/vazea/Desktop/NNW/transcripts_by_company/LOUISIANAPACIFIC_CORP_2020Q1.txt,0.21036575734615326,0.2703825533390045,0.7716292038559913,True
BRLI,2014Q3,0.55,0.53,/Users/vazea/Desktop/NNW/transcripts_by_company/BIOREFERENCE_LABS_INC_2014Q3.txt,0.14421604573726654,0.20817551016807556,0.8365961149334907,True
SLTM,2010Q4,0.0,-0.02,/Users/vazea/Desktop/NNW/transcripts_by_company/SOLTA_MEDICAL_INC_2010Q4.txt,0.13687962293624878,0.36533817648887634,0.7945828109979629,True
AAN,2011Q3,0.36,0.38,/Users/vazea/Desktop/NNW/transcripts_by_company/AARONS_INC_2011Q3.txt,0.19527608156204224,0.20985795557498932,0.8003493562340737,True
SYK,2008Q4,0.74,2.88,/Users/vazea/Desktop/NNW/transcripts_by_company/STRYKER_CORP_2008Q4.txt,0.3973577320575714,0.13828523457050323,0.680364017188549,True
ADAP,2018Q4,-0.36,-0.93,/Users/vazea/Desktop/NNW/transcripts_by_company/ADAPTIMMUNE_THERAPEUTICS_PLC_2018Q4.txt,0.25191888213157654,0.25075623393058777,0.7484299123287201,True
PMT,2017Q4,0.32,1.31,/Users/vazea/Desktop/NNW/transcripts_by_company/PENNYMAC_MORTGAGE_INVESTMENT_TRU_2017Q4.txt,0.12762874364852905,0.0,0.872371256351471,False
FSLR,2016Q4,1.24,4.7,/Users/vazea/Desktop/NNW/transcripts_by_company/FIRST_SOLAR_INC_2016Q4.txt,0.15181991457939148,0.14247888326644897,0.8509823948144912,True
DXPE,2013Q2,0.9,0.9,/Users/vazea/Desktop/NNW/transcripts_by_company/DXP_ENTERPRISES_INC_2013Q2.txt,0.17082513868808746,0.21135954558849335,0.8170145392417908,True
CLMT,2020Q2,-0.25,-0.07,/Users/vazea/Desktop/NNW/transcripts_by_company/CALUMET_SPECIALTY_PRODUCTS_PARTN_2020Q2.txt,0.2805536985397339,0.1119052916765213,0.7700408235192299,True
ATNX,2021Q1,-0.27,-0.44,/Users/vazea/Desktop/NNW/transcripts_by_company/ATHENEX_INC_2021Q1.txt,0.3665163815021515,0.14199334383010864,0.7008405297994613,True
NAV,2016Q2,0.05,-0.16,/Users/vazea/Desktop/NNW/transcripts_by_company/NAVISTAR_INTERNATIONAL_CORP_2016Q2.txt,0.19026924669742584,0.3092527389526367,0.7740357056260109,True
VLO,2016Q4,0.81,3.81,/Users/vazea/Desktop/NNW/transcripts_by_company/VALERO_ENERGY_CORP_2016Q4.txt,0.2290942370891571,0.015034465119242668,0.8351236945018172,True
FN,2021Q2,1.1,1.03,/Users/vazea/Desktop/NNW/transcripts_by_company/FABRINET_2021Q2.txt,0.1459207683801651,0.06189889460802078,0.8792857937514782,True
EXPE,2017Q2,0.89,0.94,/Users/vazea/Desktop/NNW/transcripts_by_company/EXPEDIA_GROUP_INC_2017Q2.txt,0.15886728465557098,0.2219294160604477,0.822214075922966,True
NWY,2009Q1,0.11,0.06,/Users/vazea/Desktop/NNW/transcripts_by_company/NEW_YORK_CO_INC_2009Q1.txt,0.16989749670028687,0.27875545620918274,0.7974451154470443,True
ICAD,2019Q1,-0.07,-0.08,/Users/vazea/Desktop/NNW/transcripts_by_company/ICAD_INC_2019Q1.txt,0.27697044610977173,0.2031460702419281,0.7451768666505814,True
TKLC,2007Q2,0.12,0.11,/Users/vazea/Desktop/NNW/transcripts_by_company/TEKELEC_2007Q2.txt,0.12700733542442322,0.2784656584262848,0.8275551676750184,True
GSVC,2013Q1,-0.38,0.02,/Users/vazea/Desktop/NNW/transcripts_by_company/GSV_CAPITAL_CORP_2013Q1.txt,0.13845156133174896,0.24884836375713348,0.8284293979406356,True
SLGN,2005Q1,0.69,0.61,/Users/vazea/Desktop/NNW/transcripts_by_company/SILGAN_HOLDINGS_INC_2005Q1.txt,0.18855533003807068,0.315677285194397,0.7733080834150314,True
PRLB,2017Q3,0.56,0.52,/Users/vazea/Desktop/NNW/transcripts_by_company/PROTO_LABS_INC_2017Q3.txt,0.16817669570446014,0.38932180404663086,0.7654797717928887,True
VRA,2021Q2,0.32,-0.04,/Users/vazea/Desktop/NNW/transcripts_by_company/VERA_BRADLEY_INC_2021Q2.txt,0.18783614039421082,0.3463078737258911,0.7646223396062851,True
VRNT,2022Q3,0.69,0.53,/Users/vazea/Desktop/NNW/transcripts_by_company/VERINT_SYSTEMS_INC_2022Q3.txt,0.1330982893705368,0.4281369745731354,0.7783901050686837,True
GES,2010Q4,0.96,2.5,/Users/vazea/Desktop/NNW/transcripts_by_company/GUESS_INC_2010Q4.txt,0.556182861328125,0.15983788669109344,0.5627206310629844,True
SHOO,2002Q2,0.38,0.35,/Users/vazea/Desktop/NNW/transcripts_by_company/STEVEN_MADDEN_LTD_2002Q2.txt,0.19243744015693665,0.20501336455345154,0.8037897825241089,True
MP,2023Q2,0.09,0.05,/Users/vazea/Desktop/NNW/transcripts_by_company/MP_MATERIALS_CORP_2023Q2.txt,0.1274142861366272,0.1905992478132248,0.8536302253603936,True
TITN,2017Q4,-0.31,-0.55,/Users/vazea/Desktop/NNW/transcripts_by_company/TITAN_MACHINERY_INC_2017Q4.txt,0.09484225511550903,0.22747372090816498,0.8653683051466943,True
TAOM,2014Q2,-0.02,-0.04,/Users/vazea/Desktop/NNW/transcripts_by_company/TAOMEE_HOLDINGS_LTD_2014Q2.txt,0.13339193165302277,0.3357672393321991,0.8058954760432244,True
WMG,2022Q3,0.24,0.21,/Users/vazea/Desktop/NNW/transcripts_by_company/WARNER_MUSIC_GROUP_CORP_2022Q3.txt,0.17248579859733582,0.4265166223049164,0.75130495429039,True
AEP,2023Q2,1.13,1.25,/Users/vazea/Desktop/NNW/transcripts_by_company/AMERICAN_ELECTRIC_POWER_COMPANY_2023Q2.txt,0.054837435483932495,0.23837126791477203,0.8901024147868156,True
LDOS,2019Q4,1.51,5.0,/Users/vazea/Desktop/NNW/transcripts_by_company/LEIDOS_HOLDINGS_INC_2019Q4.txt,0.18114900588989258,0.21928955614566803,0.8074088290333747,True
CBOU,2010Q4,0.21,0.46,/Users/vazea/Desktop/NNW/transcripts_by_company/CARIBOU_COFFEE_CO_INC_2010Q4.txt,0.09292653203010559,0.2794147729873657,0.8511269956827163,True
VC,2013Q3,1.17,1.12,/Users/vazea/Desktop/NNW/transcripts_by_company/VISTEON_CORP_2013Q3.txt,0.12895673513412476,0.22874492406845093,0.8411068081855774,True
IONS,2019Q4,1.41,1.98,/Users/vazea/Desktop/NNW/transcripts_by_company/IONIS_PHARMACEUTICALS_INC_2019Q4.txt,0.10742324590682983,0.10610002279281616,0.8929737210273743,True
NYT,2010Q3,0.07,0.05,/Users/vazea/Desktop/NNW/transcripts_by_company/NEW_YORK_TIMES_CO_2010Q3.txt,0.18721069395542145,0.14181195199489594,0.8264089286327362,True
ORBC,2018Q4,-0.07,-0.3,/Users/vazea/Desktop/NNW/transcripts_by_company/ORBCOMM_INC_2018Q4.txt,0.18573106825351715,0.24229981005191803,0.7972983092069625,True
SON,2012Q3,0.55,0.52,/Users/vazea/Desktop/NNW/transcripts_by_company/SONOCO_PRODUCTS_CO_2012Q3.txt,0.185938760638237,0.08977240324020386,0.8429111465811729,True
CALX,2012Q4,0.06,0.12,/Users/vazea/Desktop/NNW/transcripts_by_company/CALIX_INC_2012Q4.txt,0.1949668824672699,0.19394215941429138,0.8053405344486236,True
SWK,2002Q4,0.42,2.46,/Users/vazea/Desktop/NNW/transcripts_by_company/STANLEY_WORKS_2002Q4.txt,0.3481331467628479,0.13106556236743927,0.7169871285557747,True
EIGI,2015Q1,0.33,0.3,/Users/vazea/Desktop/NNW/transcripts_by_company/ENDURANCE_INTERNATIONAL_GR_HLDGS_2015Q1.txt,0.09494718909263611,0.3482179343700409,0.8290715873241424,True
SBSA,2003Q4,-0.12,-0.04,/Users/vazea/Desktop/NNW/transcripts_by_company/SPANISH_BROADCASTING_SYS_2003Q4.txt,0.37007027864456177,0.08444719016551971,0.7156166478991508,True
MTNB,2020Q3,-0.03,-0.03,/Users/vazea/Desktop/NNW/transcripts_by_company/MATINAS_BIOPHARMA_HOLDINGS_INC_2020Q3_1.txt,0.14948828518390656,0.23057250678539276,0.8261864483356476,True
IDXX,2023Q3,2.53,2.38,/Users/vazea/Desktop/NNW/transcripts_by_company/IDEXX_LABORATORIES_INC_2023Q3.txt,0.12186497449874878,0.4068281352519989,0.7926460772752761,True
AMAT,2008Q1,0.23,0.2,/Users/vazea/Desktop/NNW/transcripts_by_company/APPLIED_MATERIALS_INC_2008Q1.txt,0.05285828560590744,0.3828586935997009,0.8481415919959545,True
FUN,2009Q3,1.92,1.94,/Users/vazea/Desktop/NNW/transcripts_by_company/CEDAR_FAIR_LP_2009Q3.txt,0.10481913387775421,0.17742738127708435,0.8733983919024467,True
DECK,2019Q4,0.85,7.97,/Users/vazea/Desktop/NNW/transcripts_by_company/DECKERS_OUTDOOR_CORP_2019Q4.txt,0.3392595052719116,0.20110616087913513,0.7021864980459214,True
FRED,2004Q2,0.11,0.11,/Users/vazea/Desktop/NNW/transcripts_by_company/FREDS_INC_2004Q2.txt,0.16592246294021606,0.1920669972896576,0.8262341767549515,True
EQIX,2018Q3,1.48,1.0,/Users/vazea/Desktop/NNW/transcripts_by_company/EQUINIX_INC_2018Q3.txt,0.22637327015399933,0.21272075176239014,0.7777224853634834,True
CPB,2015Q2,0.66,0.69,/Users/vazea/Desktop/NNW/transcripts_by_company/CAMPBELLS_CO_2015Q2.txt,0.13244757056236267,0.23562517762184143,0.8365991473197938,True
CDAY,2019Q1,0.14,0.12,/Users/vazea/Desktop/NNW/transcripts_by_company/DAYFORCE_INC_2019Q1.txt,0.22072365880012512,0.3741723299026489,0.7332417398691178,True
QDHC,2009Q2,-0.04,0.2,/Users/vazea/Desktop/NNW/transcripts_by_company/QUADRAMED_CORP_2009Q2.txt,0.2225489616394043,0.14378148317337036,0.8010812819004058,True
BK,2005Q3,0.51,0.51,/Users/vazea/Desktop/NNW/transcripts_by_company/BANK_OF_NEW_YORK_CO_INC_2005Q3.txt,0.32283011078834534,0.3739205300807953,0.6618427634239197,True
RATE,2014Q2,0.15,0.15,/Users/vazea/Desktop/NNW/transcripts_by_company/BANKRATE_INC_2014Q2.txt,0.3347471356391907,0.26222261786460876,0.687010219693184,True
CELL,2002Q3,-0.94,0.0,/Users/vazea/Desktop/NNW/transcripts_by_company/BRIGHTPOINT_INCORPORATED_2002Q3.txt,0.2083519697189331,0.17782805860042572,0.8008052036166191,True
CLR,2009Q2,0.16,0.04,/Users/vazea/Desktop/NNW/transcripts_by_company/CONTINENTAL_RESOURCES_INC_2009Q2.txt,0.1665046513080597,0.14444467425346375,0.8401133418083191,True
MDU,2009Q4,0.38,1.35,/Users/vazea/Desktop/NNW/transcripts_by_company/MDU_RESOURCES_GROUP_INC_2009Q4.txt,0.237341970205307,0.12822921574115753,0.7953918561339378,True
MCS,2010Q1,0.34,0.46,/Users/vazea/Desktop/NNW/transcripts_by_company/MARCUS_CORP_2010Q1.txt,0.18548065423965454,0.06377347558736801,0.8510314993560314,True
FTCH,2022Q2,-0.21,-0.31,/Users/vazea/Desktop/NNW/transcripts_by_company/FARFETCH_LTD_2022Q2.txt,0.34934180974960327,0.23165038228034973,0.6859656184911729,True
CPHD,2011Q4,0.05,0.1,/Users/vazea/Desktop/NNW/transcripts_by_company/CEPHEID_2011Q4.txt,0.21881376206874847,0.15951552987098694,0.79897570759058,True
CLDX,2011Q2,-0.27,-0.27,/Users/vazea/Desktop/NNW/transcripts_by_company/CELLDEX_THERAPEUTICS_INC_2011Q2.txt,0.27112889289855957,0.17695476114749908,0.7571233466267586,True
LRE,2014Q1,0.1,0.25,/Users/vazea/Desktop/NNW/transcripts_by_company/LRR_ENERGY_LP_2014Q1.txt,0.1215672641992569,0.27843135595321655,0.8313735082745553,True
MENT,2010Q3,0.05,0.01,/Users/vazea/Desktop/NNW/transcripts_by_company/MENTOR_GRAPHICS_CORP_2010Q3.txt,0.12375883013010025,0.13189001381397247,0.8738018147647381,True
HOFT,2021Q3,0.84,0.62,/Users/vazea/Desktop/NNW/transcripts_by_company/HOOKER_FURNISHINGS_CORP_2021Q3.txt,0.17150095105171204,0.19074267148971558,0.8227265328168869,True
EL,2009Q1,0.26,0.23,/Users/vazea/Desktop/NNW/transcripts_by_company/ESTEE_LAUDER_COMPANIES_INC_2009Q1.txt,0.2966674268245697,-0.012636963278055191,0.7961238902062178,True
ORA,2009Q4,0.35,1.46,/Users/vazea/Desktop/NNW/transcripts_by_company/ORMAT_TECHNOLOGIES_INC_2009Q4.txt,0.19506648182868958,0.2832810878753662,0.7784691363573074,True
LPNT,2017Q2,0.96,0.91,/Users/vazea/Desktop/NNW/transcripts_by_company/LIFEPOINT_HEALTH_INC_2017Q2.txt,0.2082405686378479,0.20988711714744568,0.7912654668092728,True
CLF,2020Q1,-0.19,-0.19,/Users/vazea/Desktop/NNW/transcripts_by_company/CLEVELANDCLIFFS_INC_2020Q1.txt,0.27679452300071716,0.3216663897037506,0.7097439169883728,True
IMGN,2021Q3,-0.18,-0.18,/Users/vazea/Desktop/NNW/transcripts_by_company/IMMUNOGEN_INC_2021Q3.txt,0.14196176826953888,0.2520012855529785,0.8250263765454292,True
VKTX,2019Q4,-0.1,-0.38,/Users/vazea/Desktop/NNW/transcripts_by_company/VIKING_THERAPEUTICS_INC_2019Q4.txt,0.252327024936676,0.12470695376396179,0.7859589964151382,True
FTNT,2017Q1,0.17,0.15,/Users/vazea/Desktop/NNW/transcripts_by_company/FORTINET_INC_2017Q1.txt,0.21394261717796326,0.24234268069267273,0.777537363767624,True
CME,2007Q3,4.31,3.86,/Users/vazea/Desktop/NNW/transcripts_by_company/CME_GROUP_INC_2007Q3.txt,0.18250524997711182,0.17880181968212128,0.8186057791113853,True
NMM,2021Q4,4.03,15.29,/Users/vazea/Desktop/NNW/transcripts_by_company/NAVIOS_MARITIME_PARTNERS_LP_2021Q4.txt,0.14571864902973175,0.2433934211730957,0.8249789193272591,True
PRVA,2022Q2,0.14,-0.03,/Users/vazea/Desktop/NNW/transcripts_by_company/PRIVIA_HEALTH_GROUP_INC_2022Q2.txt,0.273198664188385,0.2363191545009613,0.7378651887178421,True
RDC,2011Q1,0.24,0.3,/Users/vazea/Desktop/NNW/transcripts_by_company/ROWAN_COS_INC_2011Q1.txt,0.14972351491451263,0.31718602776527405,0.8000377312302589,True
GCO,2018Q1,0.06,0.36,/Users/vazea/Desktop/NNW/transcripts_by_company/GENESCO_INC_2018Q1.txt,0.4887547492980957,0.44034919142723083,0.5257669180631638,True
PWFL,2021Q3,-0.13,-0.05,/Users/vazea/Desktop/NNW/transcripts_by_company/POWERFLEET_INC_2021Q3.txt,0.3070368766784668,0.4534450173377991,0.6490406811237335,True
SYY,2011Q4,0.57,1.98,/Users/vazea/Desktop/NNW/transcripts_by_company/SYSCO_CORP_2011Q4.txt,0.2547914683818817,0.04215945675969124,0.8089981351047755,True
FIS,2010Q3,0.52,0.51,/Users/vazea/Desktop/NNW/transcripts_by_company/FIDELITY_NATIONAL_INFORMATION_SE_2010Q3.txt,0.24055419862270355,0.37430286407470703,0.7193212017416954,True
XPOF,2022Q4,-1.13,0.05,/Users/vazea/Desktop/NNW/transcripts_by_company/XPONENTIAL_FITNESS_INC_2022Q4.txt,0.11193549633026123,-0.05903815105557442,0.9393565978854894,True
ABMD,2013Q3,0.07,0.07,/Users/vazea/Desktop/NNW/transcripts_by_company/ABIOMED_INC_2013Q3.txt,0.3048226535320282,0.15670382976531982,0.7396129935979843,True
CACC,2017Q1,4.72,4.38,/Users/vazea/Desktop/NNW/transcripts_by_company/CREDIT_ACCEPTANCE_CORP_2017Q1.txt,0.16356991231441498,0.1368810385465622,0.8444367498159409,True
NKTR,2017Q3,0.37,0.24,/Users/vazea/Desktop/NNW/transcripts_by_company/NEKTAR_THERAPEUTICS_2017Q3.txt,0.19776690006256104,0.24399274587631226,0.7883653461933136,True
ACEL,2023Q3,0.22,0.17,/Users/vazea/Desktop/NNW/transcripts_by_company/ACCEL_ENTERTAINMENT_INC_2023Q3.txt,0.14422908425331116,0.4553031921386719,0.7624486833810806,True
ONCE,2015Q3,-0.7,-0.38,/Users/vazea/Desktop/NNW/transcripts_by_company/SPARK_THERAPEUTICS_INC_2015Q3.txt,0.2131011188030243,0.06090988218784332,0.83255625218153,True
FEYE,2016Q1,-0.47,-0.5,/Users/vazea/Desktop/NNW/transcripts_by_company/FIREEYE_INC_2016Q1.txt,0.1728268414735794,0.3960782289505005,0.7601977422833442,True
GSOL,2006Q2,0.1,0.08,/Users/vazea/Desktop/NNW/transcripts_by_company/GLOBAL_SOURCES_LTD_2006Q2.txt,0.19057048857212067,0.14082227647304535,0.8243539750576019,True
HAL,2021Q3,0.28,0.28,/Users/vazea/Desktop/NNW/transcripts_by_company/HALLIBURTON_CO_2021Q3.txt,0.226650670170784,0.26974156498908997,0.7604220613837243,True
TXN,2007Q3,0.52,0.49,/Users/vazea/Desktop/NNW/transcripts_by_company/TEXAS_INSTRUMENTS_INC_2007Q3.txt,0.11975377798080444,0.33674782514572144,0.8151480078697204,True
JNS,2015Q3,0.22,0.24,/Users/vazea/Desktop/NNW/transcripts_by_company/JANUS_CAPITAL_GROUP_INC_2015Q3.txt,0.4543174207210541,0.2893753945827484,0.5951651871204376,True
LLY,2006Q4,0.85,3.15,/Users/vazea/Desktop/NNW/transcripts_by_company/ELI_LILLY_AND_CO_2006Q4.txt,0.2819558084011078,0.12483413517475128,0.7651806935667992,True
WIN,2018Q3,-2.57,-2.28,/Users/vazea/Desktop/NNW/transcripts_by_company/WINDSTREAM_HOLDINGS_INC_2018Q3.txt,0.09206254780292511,0.22230680286884308,0.8688641756772995,True
LRCX,2024Q1,6.85,6.05,/Users/vazea/Desktop/NNW/transcripts_by_company/LAM_RESEARCH_CORP_2024Q1.txt,0.07693993300199509,0.11286959052085876,0.9122811697423459,True
ALLY,2020Q1,-0.44,0.91,/Users/vazea/Desktop/NNW/transcripts_by_company/ALLY_FINANCIAL_INC_2020Q1.txt,0.1912619173526764,0.2593753933906555,0.7883040398359299,True
TRI,2009Q3,0.43,0.41,/Users/vazea/Desktop/NNW/transcripts_by_company/THOMSON_REUTERS_CORP_2009Q3.txt,0.16373637318611145,0.2920648753643036,0.7977650761604309,True
PEG,2017Q4,0.57,2.91,/Users/vazea/Desktop/NNW/transcripts_by_company/PUBLIC_SERVICE_ENTERPRISE_GROUP_2017Q4.txt,0.30629870295524597,-0.034908026456832886,0.7960633158683776,True
DLPN,2020Q4,-0.15,-0.37,/Users/vazea/Desktop/NNW/transcripts_by_company/DOLPHIN_ENTERTAINMENT_INC_2020Q4.txt,0.16205647587776184,0.2720888555049896,0.8049338102340698,True
PIR,2004Q2,0.2,0.21,/Users/vazea/Desktop/NNW/transcripts_by_company/PIER_1_IMPORTS_2004Q2.txt,0.3681597411632538,0.32444489002227783,0.644954714179039,True
AMWD,2012Q2,-0.21,-0.22,/Users/vazea/Desktop/NNW/transcripts_by_company/AMERICAN_WOODMARK_CORP_2012Q2.txt,0.3644722104072571,0.1792975217103958,0.6910801962018014,True
NOC,2022Q2,6.39,6.13,/Users/vazea/Desktop/NNW/transcripts_by_company/NORTHROP_GRUMMAN_CORP_2022Q2.txt,0.14793574810028076,0.2071581929922104,0.8342975184321404,True
PDFS,2004Q3,0.06,0.06,/Users/vazea/Desktop/NNW/transcripts_by_company/PDF_SOLUTIONS_INC_2004Q3.txt,0.30454522371292114,0.16445471346378326,0.7374819293618202,True
ALGT,2013Q2,1.34,1.5,/Users/vazea/Desktop/NNW/transcripts_by_company/ALLEGIANT_TRAVEL_CO_2013Q2.txt,0.181209534406662,0.4433510899543762,0.7401479989290237,True
NEON,2021Q3,-0.15,-0.14,/Users/vazea/Desktop/NNW/transcripts_by_company/NEONODE_INC_2021Q3.txt,0.09770230948925018,0.29379069805145264,0.843471173942089,True
ORI,2022Q1,0.63,0.65,/Users/vazea/Desktop/NNW/transcripts_by_company/OLD_REPUBLIC_INTERNATIONAL_CORP_2022Q1.txt,0.10154040902853012,0.2655254006385803,0.8492640934884548,True
ICOS,2005Q3,-0.18,-0.15,/Users/vazea/Desktop/NNW/transcripts_by_company/ICOS_CORP_2005Q3.txt,0.2706734538078308,0.21297021210193634,0.7466375187039376,True
SAP,2004Q4,0.58,1.33,/Users/vazea/Desktop/NNW/transcripts_by_company/SAP_SE_2004Q4.txt,0.2649693191051483,0.26050451397895813,0.7363701224327087,True
HLF,2020Q3,1.15,0.86,/Users/vazea/Desktop/NNW/transcripts_by_company/HERBALIFE_LTD_2020Q3.txt,0.1436978280544281,0.10483204573392868,0.8679619066417217,True
LXRX,2012Q1,-0.06,-0.06,/Users/vazea/Desktop/NNW/transcripts_by_company/LEXICON_PHARMACEUTICALS_INC_2012Q1.txt,0.17331181466579437,0.14852526783943176,0.8341241493821144,True
KMB,2022Q2,1.34,1.33,/Users/vazea/Desktop/NNW/transcripts_by_company/KIMBERLYCLARK_CORP_2022Q2.txt,0.16662047803401947,0.4201298952102661,0.7573266968131065,True
LLNW,2021Q2,-0.06,-0.03,/Users/vazea/Desktop/NNW/transcripts_by_company/EDGIO_INC_2021Q2.txt,0.2636045813560486,0.337514728307724,0.7142223745584488,True
AMZN,2014Q4,0.45,-0.73,/Users/vazea/Desktop/NNW/transcripts_by_company/AMAZONCOM_INC_2014Q4.txt,0.06974247097969055,0.2549697458744049,0.8746893465518951,True
KTWO,2014Q3,-0.35,-0.34,/Users/vazea/Desktop/NNW/transcripts_by_company/K2M_GROUP_HOLDINGS_INC_2014Q3.txt,0.20049063861370087,0.14458268880844116,0.8162817463278771,True
CRNT,2008Q3,0.11,0.13,/Users/vazea/Desktop/NNW/transcripts_by_company/CERAGON_NETWORKS_LTD_2008Q3.txt,0.11586662381887436,0.0,0.8841333761811256,False
HXL,2002Q1,-0.24,-0.41,/Users/vazea/Desktop/NNW/transcripts_by_company/HEXCEL_CORP_2002Q1.txt,0.12789177894592285,0.0,0.8721082210540771,False
ICLR,2003Q3,0.38,0.38,/Users/vazea/Desktop/NNW/transcripts_by_company/ICON_PLC_2003Q3.txt,0.09963550418615341,0.3714264929294586,0.818827199190855,True
HTGC,2008Q4,0.34,1.19,/Users/vazea/Desktop/NNW/transcripts_by_company/HERCULES_CAPITAL_INC_2008Q4.txt,0.22682413458824158,0.09827660769224167,0.8117401234805584,True
ALK,2017Q4,0.83,6.77,/Users/vazea/Desktop/NNW/transcripts_by_company/ALASKA_AIR_GROUP_INC_2017Q4.txt,0.17239950597286224,0.21070581674575806,0.816108600795269,True
PXLW,2018Q2,0.0,-0.01,/Users/vazea/Desktop/NNW/transcripts_by_company/PIXELWORKS_INC_2018Q2.txt,0.15381191670894623,0.3348933458328247,0.7918636545538902,True
SLP,2018Q4,0.07,0.48,/Users/vazea/Desktop/NNW/transcripts_by_company/SIMULATIONS_PLUS_INC_2018Q4.txt,0.289968878030777,0.3499075174331665,0.6920495301485061,True
SMP,2008Q2,-0.04,0.27,/Users/vazea/Desktop/NNW/transcripts_by_company/STANDARD_MOTOR_PRODUCTS_INC_2008Q2.txt,0.427650511264801,0.5411455035209656,0.5383009910583496,True
HZO,2010Q1,-0.42,-0.61,/Users/vazea/Desktop/NNW/transcripts_by_company/MARINEMAX_INC_2010Q1.txt,0.2823403477668762,0.3711887300014496,0.6910051375627517,True
NAV,2016Q4,-0.42,-0.51,/Users/vazea/Desktop/NNW/transcripts_by_company/NAVISTAR_INTERNATIONAL_CORP_2016Q4.txt,0.11729926615953445,0.06819276511669159,0.8974326841533184,True
MKC,2006Q3,0.42,0.35,/Users/vazea/Desktop/NNW/transcripts_by_company/MCCORMICK_COMPANY_INC_2006Q3.txt,0.16883507370948792,0.07566307485103607,0.8591165259480477,True
PKI,2017Q3,0.73,0.72,/Users/vazea/Desktop/NNW/transcripts_by_company/REVVITY_INC_2017Q3.txt,0.28855401277542114,0.3885941803455353,0.6814339369535447,True
BBBY,2021Q2,0.5,-0.39,/Users/vazea/Desktop/NNW/transcripts_by_company/BED_BATH_BEYOND_INC_2021Q2.txt,0.17917583882808685,0.1237446516752243,0.837453517317772,True
CCUR,2007Q4,-0.01,-0.19,/Users/vazea/Desktop/NNW/transcripts_by_company/CONCURRENT_COMPUTER_CORP_2007Q4.txt,0.20331035554409027,0.3592495322227478,0.7499078914523125,True
LEAP,2006Q3,0.16,-0.19,/Users/vazea/Desktop/NNW/transcripts_by_company/LEAP_WIRELESS_INTERNATIONAL_INC_2006Q3.txt,0.1398802548646927,0.12765397131443024,0.8637876302003861,True
EPD,2014Q4,0.36,1.51,/Users/vazea/Desktop/NNW/transcripts_by_company/ENTERPRISE_PRODUCTS_PARTNERS_LP_2014Q4.txt,0.20399442315101624,0.12193942815065384,0.8206220753490925,True
MCO,2002Q4,0.45,1.8,/Users/vazea/Desktop/NNW/transcripts_by_company/MOODYS_CORP_2002Q4.txt,0.18705223500728607,0.17835749685764313,0.8155561864376069,True
TTS,2013Q2,0.13,0.14,/Users/vazea/Desktop/NNW/transcripts_by_company/TILE_SHOP_HOLDINGS_INC_2013Q2.txt,0.15428686141967773,0.23949864506721497,0.8201496034860611,True
HCP,2011Q1,0.17,0.21,/Users/vazea/Desktop/NNW/transcripts_by_company/HCP_INC_2011Q1.txt,0.1435394287109375,0.13800182938575745,0.8581218510866165,True
MUX,2019Q3,-0.03,-0.01,/Users/vazea/Desktop/NNW/transcripts_by_company/MCEWEN_MINING_INC_2019Q3.txt,0.13197720050811768,0.2390650510787964,0.8358964443206787,True
PDD,2018Q3,-0.68,-1.68,/Users/vazea/Desktop/NNW/transcripts_by_company/PDD_HOLDINGS_INC_2018Q3.txt,0.13466039299964905,0.12030050903558731,0.8696475721895695,True
AAPL,2021Q2,1.4,0.98,/Users/vazea/Desktop/NNW/transcripts_by_company/APPLE_INC_2021Q2.txt,0.1777147501707077,0.1719365119934082,0.8240187212824821,True
FTV,2021Q2,0.66,0.58,/Users/vazea/Desktop/NNW/transcripts_by_company/FORTIVE_CORP_2021Q2.txt,0.06632731109857559,0.3334893584251404,0.8535240747034549,True
HAIN,2009Q4,0.28,1.26,/Users/vazea/Desktop/NNW/transcripts_by_company/HAIN_CELESTIAL_GROUP_INC_2009Q4.txt,0.29490095376968384,0.16449333727359772,0.744221331179142,True
V,2021Q1,1.42,1.28,/Users/vazea/Desktop/NNW/transcripts_by_company/VISA_INC_2021Q1.txt,0.13408324122428894,0.26568928360939026,0.8264349460601806,True
NHI,2017Q3,0.94,0.91,/Users/vazea/Desktop/NNW/transcripts_by_company/NATIONAL_HEALTH_INVESTORS_INC_2017Q3.txt,0.22138220071792603,0.12191851437091827,0.8084569051861763,True
AGEN,2009Q1,-0.14,-0.12,/Users/vazea/Desktop/NNW/transcripts_by_company/ANTIGENICS_2009Q1.txt,0.17533795535564423,0.3222995698451996,0.7805735602974893,True
GWRE,2022Q3,-0.26,-0.27,/Users/vazea/Desktop/NNW/transcripts_by_company/GUIDEWIRE_SOFTWARE_INC_2022Q3.txt,0.22899869084358215,0.4623605012893677,0.7009927660226822,True
HYRE,2022Q2,-0.2,-0.23,/Users/vazea/Desktop/NNW/transcripts_by_company/HYRECAR_INC_2022Q2.txt,0.33054110407829285,0.10066360980272293,0.7384221442043781,True
DRII,2014Q3,0.34,0.39,/Users/vazea/Desktop/NNW/transcripts_by_company/DIAMOND_RESORTS_INTERNATINAL_INC_2014Q3.txt,0.08545298874378204,0.07682889699935913,0.9171342387795448,True
MDAS,2015Q2,0.31,0.27,/Users/vazea/Desktop/NNW/transcripts_by_company/MEDASSETS_INC_2015Q2.txt,0.13315895199775696,0.24952244758605957,0.8319319993257523,True
WLKP,2023Q1,0.42,0.47,/Users/vazea/Desktop/NNW/transcripts_by_company/WESTLAKE_CHEMICAL_PARTNERS_LP_2023Q1.txt,0.15977202355861664,0.25065216422080994,0.8129639342427254,True
COUP,2019Q2,0.05,-0.09,/Users/vazea/Desktop/NNW/transcripts_by_company/COUPA_SOFTWARE_INC_2019Q2.txt,0.19632254540920258,0.39785438776016235,0.7432179018855095,True
CALX,2010Q4,0.26,0.4,/Users/vazea/Desktop/NNW/transcripts_by_company/CALIX_INC_2010Q4.txt,0.19934019446372986,0.15064364671707153,0.8152687698602676,True
RHI,2011Q2,0.25,0.22,/Users/vazea/Desktop/NNW/transcripts_by_company/ROBERT_HALF_INC_2011Q2.txt,0.27092409133911133,0.0966574102640152,0.7813559129834176,True
ALOG,2008Q3,0.5,0.51,/Users/vazea/Desktop/NNW/transcripts_by_company/ANALOGIC_CORP_2008Q3.txt,0.23098479211330414,0.20230115950107574,0.7776202976703643,True
HELE,2005Q4,0.37,2.61,/Users/vazea/Desktop/NNW/transcripts_by_company/HELEN_OF_TROY_LTD_2005Q4.txt,0.21149271726608276,0.33933255076408386,0.750155332684517,True
RRGB,2014Q1,0.82,0.72,/Users/vazea/Desktop/NNW/transcripts_by_company/RED_ROBIN_GOURMET_BURGERS_INC_2014Q1.txt,0.25957179069519043,0.3004993796348572,0.7281499326229095,True
NPSP,2007Q1,-0.3,-0.37,/Users/vazea/Desktop/NNW/transcripts_by_company/NPS_PHARMACEUTICALS_INCORPORATED_2007Q1.txt,0.10148180276155472,0.25080278515815735,0.8537219025194644,True
ROG,2020Q3,1.45,1.0,/Users/vazea/Desktop/NNW/transcripts_by_company/ROGERS_CORP_2020Q3.txt,0.1572614461183548,0.25919845700263977,0.8121574506163597,True
PETQ,2020Q1,0.2,0.18,/Users/vazea/Desktop/NNW/transcripts_by_company/PETIQ_INC_2020Q1.txt,0.15546919405460358,0.28682824969291687,0.8051230892539025,True
CGPI,2005Q1,-0.17,0.09,/Users/vazea/Desktop/NNW/transcripts_by_company/COLLAGENEX_PHARMACEUTICALS_INC_2005Q1.txt,0.132508784532547,0.32350167632102966,0.8101933479309082,True
BKE,2023Q2,1.01,0.9,/Users/vazea/Desktop/NNW/transcripts_by_company/BUCKLE_INC_2023Q2.txt,0.18053299188613892,0.08831266313791275,0.847133106738329,True
SPSS,2007Q4,0.5,1.54,/Users/vazea/Desktop/NNW/transcripts_by_company/SPSS_INCORPORATED_2007Q4.txt,0.29729896783828735,0.24745313823223114,0.7176547810435295,True
CTSH,2018Q1,1.06,1.05,/Users/vazea/Desktop/NNW/transcripts_by_company/COGNIZANT_TECHNOLOGY_SOLUTIONS_C_2018Q1.txt,0.3376989960670471,0.347359836101532,0.6594027519226074,True
NUVA,2011Q2,0.3,0.29,/Users/vazea/Desktop/NNW/transcripts_by_company/NUVASIVE_INC_2011Q2.txt,0.17777596414089203,0.2300046682357788,0.8065554246306419,True
CLH,2020Q1,0.28,0.13,/Users/vazea/Desktop/NNW/transcripts_by_company/CLEAN_HARBORS_INC_2020Q1.txt,0.21560633182525635,0.1186818778514862,0.8134710043668747,True
OREX,2016Q3,-2.06,-2.61,/Users/vazea/Desktop/NNW/transcripts_by_company/OREXIGEN_THERAPEUTICS_INC_2016Q3.txt,0.30084335803985596,0.18906885385513306,0.7326889932155609,True
UTX,2003Q3,1.27,1.24,/Users/vazea/Desktop/NNW/transcripts_by_company/UNITED_TECHNOLOGIES_CORP_2003Q3.txt,0.378144234418869,0.16684278845787048,0.6852461993694305,True
VAR,2004Q1,0.41,0.37,/Users/vazea/Desktop/NNW/transcripts_by_company/VARIAN_MEDICAL_SYSTEMS_INC_2004Q1.txt,0.21984918415546417,0.13316082954406738,0.8061573222279549,True
IMGN,2013Q4,-0.26,-0.91,/Users/vazea/Desktop/NNW/transcripts_by_company/IMMUNOGEN_INC_2013Q4.txt,0.19647903740406036,0.055814407765865326,0.8457203514873981,True
GCO,2012Q3,1.21,0.95,/Users/vazea/Desktop/NNW/transcripts_by_company/GENESCO_INC_2012Q3.txt,0.37949392199516296,0.44139841198921204,0.6019347310066223,True
SMSI,2011Q4,-0.12,-0.73,/Users/vazea/Desktop/NNW/transcripts_by_company/SMITH_MICRO_SOFTWARE_INC_2011Q4.txt,0.2191595882177353,0.3639504313468933,0.7374031588435173,True
AZO,2019Q4,22.59,62.56,/Users/vazea/Desktop/NNW/transcripts_by_company/AUTOZONE_INC_2019Q4.txt,0.31046169996261597,0.19176894426345825,0.7251461267471313,True
TSCO,2012Q4,1.11,3.72,/Users/vazea/Desktop/NNW/transcripts_by_company/TRACTOR_SUPPLY_CO_2012Q4.txt,0.19326607882976532,0.28014421463012695,0.7806704804301262,True
FUBO,2021Q2,-0.68,-0.49,/Users/vazea/Desktop/NNW/transcripts_by_company/FUBOTV_INC_2021Q2.txt,0.30572962760925293,0.26016271114349365,0.7079404473304749,True
FR,2010Q1,-0.35,-0.3,/Users/vazea/Desktop/NNW/transcripts_by_company/FIRST_INDUSTRIAL_REALTY_TRUST_IN_2010Q1.txt,0.21652555465698242,0.3669402301311493,0.7383500427007675,True
XXIA,2009Q3,0.02,0.01,/Users/vazea/Desktop/NNW/transcripts_by_company/IXIA_INC_2009Q3.txt,0.1475142389535904,0.2652784585952759,0.817156495153904,True
DGICA,2005Q2,0.48,0.39,/Users/vazea/Desktop/NNW/transcripts_by_company/DONEGAL_GROUP_INC_2005Q2.txt,0.11636713147163391,0.1984148472547531,0.8590185537934303,True
SCMR,2007Q4,0.02,0.16,/Users/vazea/Desktop/NNW/transcripts_by_company/SYCAMORE_NETWORKS_INC_2007Q4.txt,0.30948466062545776,0.4125579595565796,0.6595933496952058,True
SATS,2012Q1,1.45,0.06,/Users/vazea/Desktop/NNW/transcripts_by_company/ECHOSTAR_CORP_2012Q1.txt,0.21639403700828552,0.19686786830425262,0.7894638136029244,True
CTSH,2006Q3,0.4,0.38,/Users/vazea/Desktop/NNW/transcripts_by_company/COGNIZANT_TECHNOLOGY_SOLUTIONS_C_2006Q3.txt,0.2071729600429535,0.25890931487083435,0.7773061335086823,True
ARCC,2009Q4,0.35,1.28,/Users/vazea/Desktop/NNW/transcripts_by_company/ARES_CAPITAL_CORP_2009Q4.txt,0.32717522978782654,0.147527813911438,0.7267189949750901,True
CEVA,2023Q2,-0.02,0.08,/Users/vazea/Desktop/NNW/transcripts_by_company/CEVA_INC_2023Q2.txt,0.23058584332466125,0.19424492120742798,0.7803164333105088,True
TS,2014Q1,0.72,0.66,/Users/vazea/Desktop/NNW/transcripts_by_company/TENARIS_SA_2014Q1.txt,0.21261952817440033,0.12711787223815918,0.8130309686064721,True
AMRI,2017Q1,0.13,0.17,/Users/vazea/Desktop/NNW/transcripts_by_company/ALBANY_MOLECULAR_RESEARCH_2017Q1.txt,0.18732576072216034,0.18818584084510803,0.8124162152409553,True
UNF,2017Q2,1.1,1.01,/Users/vazea/Desktop/NNW/transcripts_by_company/UNIFIRST_CORP_2017Q2.txt,0.07683385908603668,0.29152756929397583,0.8587580278515816,True
GNSS,2006Q4,0.04,0.87,/Users/vazea/Desktop/NNW/transcripts_by_company/GENESIS_MICROCHIP_INC_2006Q4.txt,0.4773010015487671,0.37684085965156555,0.5528370410203934,True
DOYU,2020Q4,-0.45,2.75,/Users/vazea/Desktop/NNW/transcripts_by_company/DOUYU_INTERNATIONAL_HOLDINGS_LTD_2020Q4.txt,0.3599325120449066,0.178892582654953,0.6943794667720795,True
DTV,2013Q3,1.13,1.01,/Users/vazea/Desktop/NNW/transcripts_by_company/DIRECTV_2013Q3.txt,0.14809760451316833,0.38602736592292786,0.7805234670639039,True
ORCL,2015Q2,0.69,0.68,/Users/vazea/Desktop/NNW/transcripts_by_company/ORACLE_CORP_2015Q2.txt,0.2691713571548462,0.21332335472106934,0.7475830435752868,True
NYCB,2017Q3,0.11,0.17,/Users/vazea/Desktop/NNW/transcripts_by_company/NEW_YORK_COMMUNITY_BANCORP_INC_2017Q3.txt,0.19700784981250763,0.0764860063791275,0.8391487032175065,True
DG,2014Q2,0.77,0.74,/Users/vazea/Desktop/NNW/transcripts_by_company/DOLLAR_GENERAL_CORP_2014Q2.txt,0.18590913712978363,0.15741479396820068,0.8226391658186912,True
BBVA,2023Q3,0.359,0.36,/Users/vazea/Desktop/NNW/transcripts_by_company/BANCO_BILBAO_VIZCAYA_ARGENTARIA_2023Q3.txt,0.40321654081344604,0.0,0.596783459186554,False
WFC,2020Q3,0.42,0.38,/Users/vazea/Desktop/NNW/transcripts_by_company/WELLS_FARGO_CO_2020Q3.txt,0.10811404883861542,0.18980683386325836,0.8673781156539917,True
CURV,2023Q1,0.23,0.21,/Users/vazea/Desktop/NNW/transcripts_by_company/TORRID_HOLDINGS_INC_2023Q1.txt,0.10954371839761734,0.3192712962627411,0.8275380082428455,True
SSD,2018Q1,0.54,0.48,/Users/vazea/Desktop/NNW/transcripts_by_company/SIMPSON_MANUFACTURING_CO_INC_2018Q1.txt,0.04997813701629639,0.2223806232213974,0.8983011171221733,True
CDE,2003Q2,-0.03,0.02,/Users/vazea/Desktop/NNW/transcripts_by_company/COEUR_D_ALENE_MINES_CORP_ID_2003Q2.txt,0.3966006636619568,0.16991852223873138,0.6714039787650108,True
NEON,2021Q2,-0.14,-0.14,/Users/vazea/Desktop/NNW/transcripts_by_company/NEONODE_INC_2021Q2.txt,0.11808254569768906,0.209344282746315,0.8545389331877231,True
SCVL,2003Q4,0.13,1.22,/Users/vazea/Desktop/NNW/transcripts_by_company/SHOE_CARNIVAL_INC_2003Q4.txt,0.147260844707489,0.2609083950519562,0.8186448901891709,True
SREV,2014Q2,-0.09,-0.06,/Users/vazea/Desktop/NNW/transcripts_by_company/SERVICESOURCE_INTERNATIONAL_INC_2014Q2.txt,0.24169082939624786,0.15136030316352844,0.785408328473568,True
NWN,2021Q4,1.31,2.51,/Users/vazea/Desktop/NNW/transcripts_by_company/NORTHWEST_NATURAL_HOLDING_CO_2021Q4.txt,0.14420944452285767,0.20034515857696533,0.83894984126091,True
LRCX,2022Q2,8.53,8.45,/Users/vazea/Desktop/NNW/transcripts_by_company/LAM_RESEARCH_CORP_2022Q2.txt,0.30146825313568115,0.2992478013038635,0.6991978824138642,True
CTL,2010Q1,0.93,0.86,/Users/vazea/Desktop/NNW/transcripts_by_company/CENTURYLINK_INC_2010Q1.txt,0.14969542622566223,0.3447038233280182,0.791802054643631,True
ITG,2015Q3,0.12,0.05,/Users/vazea/Desktop/NNW/transcripts_by_company/INVESTMENT_TECHNOLOGY_GROUP_INC_2015Q3.txt,0.205299511551857,0.19428272545337677,0.7980055242776871,True
ARW,2022Q2,5.78,5.59,/Users/vazea/Desktop/NNW/transcripts_by_company/ARROW_ELECTRONICS_INC_2022Q2.txt,0.22014281153678894,0.22802519798278809,0.7774924725294113,True
SMSC,2004Q1,0.11,0.04,/Users/vazea/Desktop/NNW/transcripts_by_company/STANDARD_MICROSYSTEMS_CORP_2004Q1.txt,0.1471051722764969,0.20999564230442047,0.8340276867151261,True
PRGO,2003Q4,0.06,0.71,/Users/vazea/Desktop/NNW/transcripts_by_company/PERRIGO_CO_2003Q4.txt,0.18018436431884766,0.29495155811309814,0.7853854775428772,True
YCC,2002Q4,0.72,1.17,/Users/vazea/Desktop/NNW/transcripts_by_company/YANKEE_CANDLE_CO_2002Q4.txt,0.2597648501396179,0.07876961678266525,0.7945337198674679,True
CRIS,2008Q3,-0.07,-0.06,/Users/vazea/Desktop/NNW/transcripts_by_company/CURIS_INCORPORATED_2008Q3.txt,0.1399349868297577,-0.02828330360352993,0.9105305003002286,True
CVS,2002Q4,0.49,1.72,/Users/vazea/Desktop/NNW/transcripts_by_company/CVS_HEALTH_CORP_2002Q4.txt,0.22629745304584503,0.03042050264775753,0.8324656320735813,True
GILD,2016Q2,3.08,3.0,/Users/vazea/Desktop/NNW/transcripts_by_company/GILEAD_SCIENCES_INC_2016Q2.txt,0.2808312773704529,0.18764999508857727,0.7471231073141098,True
KMG,2017Q2,0.57,0.42,/Users/vazea/Desktop/NNW/transcripts_by_company/KMG_CHEMICALS_INC_2017Q2.txt,0.1638237088918686,0.21857573091983795,0.8197506844997406,True
STZ,2008Q3,0.55,0.54,/Users/vazea/Desktop/NNW/transcripts_by_company/CONSTELLATION_BRANDS_INC_2008Q3.txt,0.2756563127040863,0.2524949610233307,0.7312920928001404,True
ORN,2013Q3,-0.03,0.03,/Users/vazea/Desktop/NNW/transcripts_by_company/ORION_GROUP_HOLDINGS_INC_2013Q3.txt,0.19309699535369873,0.25674527883529663,0.7878085196018219,True
AZN,2016Q1,0.48,0.52,/Users/vazea/Desktop/NNW/transcripts_by_company/ASTRAZENECA_PLC_2016Q1.txt,0.14665476977825165,0.22382059693336487,0.8301954820752144,True
GPRO,2023Q2,-0.07,-0.07,/Users/vazea/Desktop/NNW/transcripts_by_company/GOPRO_INC_2023Q2.txt,0.2910122573375702,0.2334858924150467,0.7262456521391869,True
EYE,2008Q2,0.24,0.28,/Users/vazea/Desktop/NNW/transcripts_by_company/ADVANCED_MEDICAL_OPTICS_INC_2008Q2.txt,0.09309154003858566,0.25612950325012207,0.8579970709979534,True
NAV,2018Q1,-0.27,-0.21,/Users/vazea/Desktop/NNW/transcripts_by_company/NAVISTAR_INTERNATIONAL_CORP_2018Q1.txt,0.2172497808933258,0.2102828323841095,0.7848403036594391,True
LDI,2022Q4,-0.35,-1.41,/Users/vazea/Desktop/NNW/transcripts_by_company/LOANDEPOT_INC_2022Q4.txt,0.2003442794084549,0.2142317146062851,0.795489490032196,True
DVD,2008Q4,-0.34,0.07,/Users/vazea/Desktop/NNW/transcripts_by_company/DOVER_MOTORSPORTS_INC_2008Q4.txt,0.4022730886936188,0.0,0.5977269113063812,False
XRIT,2010Q4,0.05,0.02,/Users/vazea/Desktop/NNW/transcripts_by_company/XRITE_INCORPORATED_2010Q4.txt,0.16380612552165985,0.25161904096603394,0.8098499998450279,True
SIVB,2007Q2,0.88,0.76,/Users/vazea/Desktop/NNW/transcripts_by_company/SVB_FINANCIAL_GROUP_2007Q2.txt,0.12095923721790314,0.25915274024009705,0.8375827118754386,True
ITW,2001Q1,0.6,0.67,/Users/vazea/Desktop/NNW/transcripts_by_company/ILLINOIS_TOOL_WORKS_INC_2001Q1.txt,0.16592764854431152,0.0,0.8340723514556885,False
BZH,2009Q2,-2.97,-1.95,/Users/vazea/Desktop/NNW/transcripts_by_company/BEAZER_HOMES_2009Q2.txt,0.19116462767124176,0.2368212640285492,0.795138381421566,True
RDWR,2020Q2,0.13,0.12,/Users/vazea/Desktop/NNW/transcripts_by_company/RADWARE_LTD_2020Q2.txt,0.13552281260490417,0.35844385623931885,0.7976008743047714,True
WATT,2020Q3,-0.13,-0.15,/Users/vazea/Desktop/NNW/transcripts_by_company/ENERGOUS_CORP_2020Q3.txt,0.2196238785982132,0.08138010650873184,0.8218492530286312,True
ISNS,2012Q1,-0.07,-0.05,/Users/vazea/Desktop/NNW/transcripts_by_company/IMAGE_SENSING_SYSTEMS_INC_2012Q1.txt,0.05521828681230545,0.12665247917175293,0.9233514554798603,True
SPSC,2022Q1,0.55,0.47,/Users/vazea/Desktop/NNW/transcripts_by_company/SPS_COMMERCE_INC_2022Q1.txt,0.09371693432331085,0.28958427906036377,0.8475228622555733,True
FWRG,2022Q4,-0.01,0.15,/Users/vazea/Desktop/NNW/transcripts_by_company/FIRST_WATCH_RESTAURANT_GROUP_INC_2022Q4.txt,0.256678968667984,0.13648511469364166,0.7793791875243188,True
RKLB,2021Q3,-0.09,-0.12,/Users/vazea/Desktop/NNW/transcripts_by_company/ROCKET_LAB_USA_INC_2021Q3.txt,0.19823884963989258,0.1303388923406601,0.8221311375498772,True
SAM,2020Q1,1.6,1.93,/Users/vazea/Desktop/NNW/transcripts_by_company/BOSTON_BEER_COMPANY_INC_2020Q1.txt,0.16681505739688873,0.27458927035331726,0.8008526787161827,True
CBOE,2017Q2,0.87,0.86,/Users/vazea/Desktop/NNW/transcripts_by_company/CBOE_GLOBAL_MARKETS_INC_2017Q2.txt,0.18120022118091583,0.19649352133274078,0.8142117887735367,True
HES,2020Q1,-0.6,-0.35,/Users/vazea/Desktop/NNW/transcripts_by_company/HESS_CORP_2020Q1.txt,0.10414467751979828,0.16959142684936523,0.8762212976813316,True
BMO,2014Q3,1.73,1.65,/Users/vazea/Desktop/NNW/transcripts_by_company/BANK_OF_MONTREAL_2014Q3.txt,0.17336519062519073,0.23493386805057526,0.8081642061471939,True
CMLS,2012Q3,0.1,0.06,/Users/vazea/Desktop/NNW/transcripts_by_company/CUMULUS_MEDIA_INC_CL_A_2012Q3.txt,0.19756387174129486,0.22005502879619598,0.7956887811422348,True
NPO,2021Q1,1.37,0.91,/Users/vazea/Desktop/NNW/transcripts_by_company/ENPRO_INC_2021Q1.txt,0.14925266802310944,0.19389013946056366,0.8373560905456543,True
DVA,2008Q2,0.9,0.84,/Users/vazea/Desktop/NNW/transcripts_by_company/DAVITA_INC_2008Q2.txt,0.12817516922950745,0.24893857538700104,0.8355958089232445,True
PCYG,2019Q3,0.05,0.06,/Users/vazea/Desktop/NNW/transcripts_by_company/REPOSITRAK_INC_2019Q3.txt,0.1329851746559143,0.2401866763830185,0.8348543748259545,True
LAVA,2007Q3,0.06,0.06,/Users/vazea/Desktop/NNW/transcripts_by_company/MAGMA_DESIGN_AUTOMATION_2007Q3.txt,0.12975569069385529,0.37525278329849243,0.7965951815247536,True
AVP,2008Q2,0.55,0.47,/Users/vazea/Desktop/NNW/transcripts_by_company/AVON_PRODUCTS_INC_2008Q2.txt,0.10540980845689774,0.3776235282421112,0.8129260756075383,True
PNC,2021Q3,3.3,3.21,/Users/vazea/Desktop/NNW/transcripts_by_company/PNC_FINANCIAL_SERVICES_GROUP_INC_2021Q3.txt,0.16272813081741333,0.18457329273223877,0.830718320608139,True
ARLP,2009Q1,1.56,0.98,/Users/vazea/Desktop/NNW/transcripts_by_company/ALLIANCE_RESOURCE_PARTNERS_LP_2009Q1.txt,0.31308963894844055,0.3589670658111572,0.6731471329927445,True
AES,2012Q3,0.36,0.34,/Users/vazea/Desktop/NNW/transcripts_by_company/AES_CORP_2012Q3.txt,0.10454925149679184,0.11625592410564423,0.8919387467205524,True
COUP,2022Q1,0.07,-0.19,/Users/vazea/Desktop/NNW/transcripts_by_company/COUPA_SOFTWARE_INC_2022Q1.txt,0.2174866944551468,0.4206372797489166,0.7215681299567223,True
PRSS,2014Q3,-0.16,-0.12,/Users/vazea/Desktop/NNW/transcripts_by_company/CAFEPRESS_INC_2014Q3.txt,0.14277389645576477,0.30605852603912354,0.8082407146692276,True
TNAV,2018Q2,-0.29,-0.29,/Users/vazea/Desktop/NNW/transcripts_by_company/TELENAV_INC_2018Q2.txt,0.2975023090839386,0.1571808159351349,0.7445941388607025,True
APH,2021Q4,0.7,2.41,/Users/vazea/Desktop/NNW/transcripts_by_company/AMPHENOL_CORP_2021Q4.txt,0.17677074670791626,0.31363585591316223,0.7821697205305099,True
SBSA,2006Q1,0.71,-0.06,/Users/vazea/Desktop/NNW/transcripts_by_company/SPANISH_BROADCASTING_SYS_2006Q1.txt,0.3476763069629669,0.2095995396375656,0.6937467232346535,True
PVSW,2005Q4,0.09,0.21,/Users/vazea/Desktop/NNW/transcripts_by_company/PERVASIVE_SOFTWARE_INC_2005Q4.txt,0.29554104804992676,0.0,0.7044589519500732,False
AIRG,2017Q1,0.04,0.0,/Users/vazea/Desktop/NNW/transcripts_by_company/AIRGAIN_INC_2017Q1.txt,0.18619102239608765,0.04019612446427345,0.8576074469834566,True
GILD,2013Q3,0.52,0.48,/Users/vazea/Desktop/NNW/transcripts_by_company/GILEAD_SCIENCES_INC_2013Q3.txt,0.19795426726341248,0.07458222657442093,0.839057344943285,True
RDUS,2016Q4,-1.22,-4.17,/Users/vazea/Desktop/NNW/transcripts_by_company/RADIUS_HEALTH_INC_2016Q4.txt,0.28145962953567505,0.15131035447120667,0.7575851529836655,True
HDIX,2008Q3,0.23,0.2,/Users/vazea/Desktop/NNW/transcripts_by_company/HOME_DIAGNOSTICS_INC_2008Q3.txt,0.1774446666240692,0.20522478222846985,0.8142212986946107,True
MXCT,2021Q4,-0.05,-0.22,/Users/vazea/Desktop/NNW/transcripts_by_company/MAXCYTE_INC_2021Q4.txt,0.1548350304365158,0.21618612110614777,0.8267596423625946,True
MCY,2016Q3,0.67,0.59,/Users/vazea/Desktop/NNW/transcripts_by_company/MERCURY_GENERAL_CORP_2016Q3.txt,0.2435310184955597,0.35379141569137573,0.7233908623456955,True
ECYT,2016Q4,-0.26,-1.04,/Users/vazea/Desktop/NNW/transcripts_by_company/ENDOCYTE_INC_2016Q4.txt,0.20648720860481262,0.29909369349479675,0.7657308459281922,True
ENB,2013Q4,0.44,1.79,/Users/vazea/Desktop/NNW/transcripts_by_company/ENBRIDGE_INC_2013Q4.txt,0.1950613409280777,0.18392764031887054,0.8082787692546844,True
PLD,2018Q4,0.94,1.98,/Users/vazea/Desktop/NNW/transcripts_by_company/PROLOGIS_INC_2018Q4.txt,0.22354264557361603,0.20729173719882965,0.7813326269388199,True
RMBS,2013Q1,-0.09,-0.04,/Users/vazea/Desktop/NNW/transcripts_by_company/RAMBUS_INC_2013Q1.txt,0.3256925940513611,0.1572798788547516,0.7248312205076217,True
AIZ,2007Q2,1.37,1.24,/Users/vazea/Desktop/NNW/transcripts_by_company/ASSURANT_INC_2007Q2.txt,0.12089256942272186,0.155517116189003,0.8687200665473938,True
KSU,2011Q1,0.58,0.59,/Users/vazea/Desktop/NNW/transcripts_by_company/KANSAS_CITY_SOUTHERN_2011Q1.txt,0.31954503059387207,0.1480349898338318,0.7319079816341401,True
H,2014Q2,0.47,0.45,/Users/vazea/Desktop/NNW/transcripts_by_company/HYATT_HOTELS_CORP_2014Q2.txt,0.2107921540737152,0.3320515751838684,0.7528300195932389,True
DBD,2011Q3,0.69,0.6,/Users/vazea/Desktop/NNW/transcripts_by_company/DIEBOLD_NIXDORF_INCPREREINCORP_2011Q3.txt,0.09044654667377472,0.08788226544857025,0.9103227376937866,True
TWTI,2007Q4,-0.18,-0.63,/Users/vazea/Desktop/NNW/transcripts_by_company/THIRD_WAVE_TECHNOLOGIES_INC_2007Q4.txt,0.16154617071151733,0.11452038586139679,0.8525615647435189,True
SHLM,2008Q2,0.29,0.2,/Users/vazea/Desktop/NNW/transcripts_by_company/A_SCHULMAN_INC_2008Q2.txt,0.20635898411273956,0.33535271883010864,0.7549428954720497,True
GECC,2023Q3,0.4,0.45,/Users/vazea/Desktop/NNW/transcripts_by_company/GREAT_ELM_CAPITAL_CORP_2023Q3.txt,0.14828094840049744,0.16483411192893982,0.8467531025409698,True
ACTL,2005Q1,0.08,0.04,/Users/vazea/Desktop/NNW/transcripts_by_company/ACTEL_CORPORATION_2005Q1.txt,0.10512597858905792,0.3684704899787903,0.8158706679940224,True
VVUS,2013Q1,-0.47,-0.53,/Users/vazea/Desktop/NNW/transcripts_by_company/VIVUS_INC_2013Q1.txt,0.16906072199344635,0.03544238954782486,0.8710247777402401,True
BW,2021Q3,0.11,0.04,/Users/vazea/Desktop/NNW/transcripts_by_company/BABCOCK_WILCOX_ENTERPRISES_INC_2021Q3.txt,0.14415201544761658,0.18443724513053894,0.8437624156475068,True
PAYS,2020Q4,0.01,-0.06,/Users/vazea/Desktop/NNW/transcripts_by_company/PAYSIGN_INC_2020Q4.txt,0.18934598565101624,0.2669481337070465,0.7873733699321748,True
GTS,2020Q2,1.76,0.87,/Users/vazea/Desktop/NNW/transcripts_by_company/TRIPLES_MANAGEMENT_CORP_2020Q2.txt,0.12316365540027618,0.21807408332824707,0.8483632162213326,True
CNK,2020Q1,-0.51,0.29,/Users/vazea/Desktop/NNW/transcripts_by_company/CINEMARK_HOLDINGS_INC_2020Q1.txt,0.16925933957099915,0.19908539950847626,0.8217928424477577,True
RECN,2009Q3,0.05,0.07,/Users/vazea/Desktop/NNW/transcripts_by_company/RESOURCES_CONNECTION_INC_2009Q3.txt,0.2206997573375702,0.3533112108707428,0.739516806602478,True
BWA,2008Q3,0.44,0.61,/Users/vazea/Desktop/NNW/transcripts_by_company/BORGWARNER_INC_2008Q3.txt,0.23334142565727234,0.13576969504356384,0.7959300935268402,True
AMT,2018Q2,0.69,0.81,/Users/vazea/Desktop/NNW/transcripts_by_company/AMERICAN_TOWER_CORP_2018Q2.txt,0.0921962559223175,0.23619189858436584,0.864605051279068,True
WST,2016Q1,0.53,0.51,/Users/vazea/Desktop/NNW/transcripts_by_company/WEST_PHARMACEUTICAL_SERVICES_INC_2016Q1.txt,0.25648853182792664,0.3233717381954193,0.7234465062618256,True
PX,2017Q2,1.46,1.42,/Users/vazea/Desktop/NNW/transcripts_by_company/PRAXAIR_INC_2017Q2.txt,0.13428841531276703,0.16803407669067383,0.855587886273861,True
ADP,2003Q1,0.34,0.33,/Users/vazea/Desktop/NNW/transcripts_by_company/AUTOMATIC_DATA_PROCESSING_INC_2003Q1.txt,0.16162681579589844,0.0,0.8383731842041016,False
EQT,2020Q3,-0.15,-0.19,/Users/vazea/Desktop/NNW/transcripts_by_company/EQT_CORP_2020Q3.txt,0.1613835245370865,0.11807896196842194,0.8516078442335129,True
TNK,2013Q3,-0.05,-0.08,/Users/vazea/Desktop/NNW/transcripts_by_company/TEEKAY_TANKERS_LTD_2013Q3.txt,0.2072194516658783,0.2512058913707733,0.7795846164226532,True
OPNT,2020Q2,-0.05,-0.24,/Users/vazea/Desktop/NNW/transcripts_by_company/OPIANT_PHARMACEUTICALS_INC_2020Q2.txt,0.13421541452407837,0.2117733359336853,0.8425172090530395,True
MYE,2021Q3,0.23,0.27,/Users/vazea/Desktop/NNW/transcripts_by_company/MYERS_INDUSTRIES_INC_2021Q3.txt,0.3309413194656372,0.36044594645500183,0.6602072924375535,True
BAX,2023Q2,0.55,0.6,/Users/vazea/Desktop/NNW/transcripts_by_company/BAXTER_INTERNATIONAL_INC_2023Q2.txt,0.1333322525024414,0.31136569380760193,0.8132577151060105,True
KRNT,2015Q2,0.07,0.04,/Users/vazea/Desktop/NNW/transcripts_by_company/KORNIT_DIGITAL_LTD_2015Q2.txt,0.20665447413921356,0.3156950771808624,0.7606333449482918,True
RHI,2003Q1,-0.02,-0.02,/Users/vazea/Desktop/NNW/transcripts_by_company/ROBERT_HALF_INC_2003Q1.txt,0.3052328824996948,0.21664316952228546,0.721344031393528,True
CATY,2013Q3,0.38,0.36,/Users/vazea/Desktop/NNW/transcripts_by_company/CATHAY_GENERAL_BANCORP_2013Q3.txt,0.18550001084804535,0.34383293986320496,0.7670001104474068,True
HASI,2022Q4,0.47,2.12,/Users/vazea/Desktop/NNW/transcripts_by_company/HA_SUSTAINABLE_INFRASTRUCTURE_CA_2022Q4.txt,0.15806975960731506,0.16571734845638275,0.8396359637379647,True
SEE,2006Q1,0.6,0.66,/Users/vazea/Desktop/NNW/transcripts_by_company/SEALED_AIR_CORPORATION_2006Q1.txt,0.18396103382110596,0.29689741134643555,0.7821580529212953,True
NSIT,2008Q3,0.15,0.19,/Users/vazea/Desktop/NNW/transcripts_by_company/INSIGHT_ENTERPRISES_INC_2008Q3.txt,0.14172568917274475,0.21133512258529663,0.8373914808034897,True
AVID,2002Q1,-0.14,0.04,/Users/vazea/Desktop/NNW/transcripts_by_company/AVID_TECHNOLOGY_INC_2002Q1.txt,0.19637632369995117,0.092635877430439,0.8347458101809024,True
EPAY,2016Q3,0.4,0.38,/Users/vazea/Desktop/NNW/transcripts_by_company/BOTTOMLINE_TECHNOLOGIES_INC_2016Q3.txt,0.2858617603778839,0.0,0.7141382396221161,False
IVZ,2020Q2,0.35,0.37,/Users/vazea/Desktop/NNW/transcripts_by_company/INVESCO_LTD_2020Q2.txt,0.06670811027288437,0.2427278608083725,0.8804859645664692,True
MSCI,2022Q1,2.98,2.86,/Users/vazea/Desktop/NNW/transcripts_by_company/MSCI_INC_2022Q1.txt,0.13247045874595642,0.304731547832489,0.8158512145280838,True
DMRC,2018Q2,-0.71,-0.79,/Users/vazea/Desktop/NNW/transcripts_by_company/DIGIMARC_CORP_2018Q2.txt,0.26537221670150757,0.18493258953094482,0.7587596714496613,True
EXAR,2005Q2,0.02,0.03,/Users/vazea/Desktop/NNW/transcripts_by_company/EXAR_CORPORATION_2005Q2.txt,0.1744994819164276,0.18535956740379333,0.8222424924373627,True
EXAR,2009Q2,0.04,0.02,/Users/vazea/Desktop/NNW/transcripts_by_company/EXAR_CORPORATION_2009Q2.txt,0.22594238817691803,0.239252969622612,0.7700644373893738,True
TME,2023Q2,0.97,0.99,/Users/vazea/Desktop/NNW/transcripts_by_company/TENCENT_MUSIC_ENTERTAINMENT_GROU_2023Q2.txt,0.25066474080085754,0.22129158675670624,0.7581472054123879,True
MIC,2017Q1,0.44,0.48,/Users/vazea/Desktop/NNW/transcripts_by_company/MACQUARIE_INFRASTRUCTURE_HOLDING_2017Q1.txt,0.1244615912437439,0.26178282499313354,0.8343420386314393,True
GD,2014Q3,2.05,1.9,/Users/vazea/Desktop/NNW/transcripts_by_company/GENERAL_DYNAMICS_CORP_2014Q3.txt,0.10370488464832306,0.3282899260520935,0.8289196029305458,True
STN,2010Q3,0.57,0.54,/Users/vazea/Desktop/NNW/transcripts_by_company/STANTEC_INC_2010Q3.txt,0.10064951330423355,0.12638799846172333,0.8916289411485195,True
ELVT,2020Q4,-0.1,0.87,/Users/vazea/Desktop/NNW/transcripts_by_company/ELEVATE_CREDIT_INC_2020Q4.txt,0.17201219499111176,0.3134663701057434,0.7855515524744987,True
ITW,2013Q2,1.08,1.09,/Users/vazea/Desktop/NNW/transcripts_by_company/ILLINOIS_TOOL_WORKS_INC_2013Q2.txt,0.14976702630519867,0.21872694790363312,0.829544997215271,True
MSON,2020Q1,0.17,-0.18,/Users/vazea/Desktop/NNW/transcripts_by_company/MISONIX_INC_2020Q1.txt,0.17638060450553894,0.2707352936267853,0.7953129887580872,True
MMC,2015Q3,0.63,0.61,/Users/vazea/Desktop/NNW/transcripts_by_company/MARSH_MCLENNAN_COMPANIES_INC_2015Q3.txt,0.24879653751850128,0.16727215051651,0.7756607785820961,True
MED,2017Q1,0.51,0.44,/Users/vazea/Desktop/NNW/transcripts_by_company/MEDIFAST_INC_2017Q1.txt,0.10789454728364944,0.10347738116979599,0.8934306025505065,True
WST,2005Q1,0.41,0.34,/Users/vazea/Desktop/NNW/transcripts_by_company/WEST_PHARMACEUTICAL_SERVICES_INC_2005Q1.txt,0.12810616195201874,0.17396509647369385,0.8581361576914788,True
IPXL,2018Q1,0.14,0.16,/Users/vazea/Desktop/NNW/transcripts_by_company/IMPAX_LABORATORIES_INC_2018Q1.txt,0.3385109305381775,0.30929383635520935,0.6702541977167129,True
NGLS,2013Q2,0.08,0.13,/Users/vazea/Desktop/NNW/transcripts_by_company/TARGA_RESOURCES_PARTNERS_LP_2013Q2.txt,0.11907697468996048,0.10670126974582672,0.8846357367932797,True
SPWH,2020Q4,0.21,0.46,/Users/vazea/Desktop/NNW/transcripts_by_company/SPORTSMANS_WAREHOUSE_HOLDINGS_IN_2020Q4.txt,0.27518177032470703,0.11874069273471832,0.7717505529522896,True
FTNT,2021Q3,0.99,0.93,/Users/vazea/Desktop/NNW/transcripts_by_company/FORTINET_INC_2021Q3.txt,0.20150016248226166,0.35445258021354675,0.7526141121983528,True
AN,2002Q4,0.26,1.15,/Users/vazea/Desktop/NNW/transcripts_by_company/AUTONATION_INC_2002Q4.txt,0.17257046699523926,0.17980413138866425,0.8252594336867333,True
NTAP,2014Q4,0.84,2.74,/Users/vazea/Desktop/NNW/transcripts_by_company/NETAPP_INC_2014Q4.txt,0.19306990504264832,0.16693174839019775,0.8147715419530869,True
GRMN,2007Q1,0.59,0.59,/Users/vazea/Desktop/NNW/transcripts_by_company/GARMIN_2007Q1.txt,0.23057281970977783,0.32450106739997864,0.741248705983162,True
EXAS,2022Q1,-1.04,-1.1,/Users/vazea/Desktop/NNW/transcripts_by_company/EXACT_SCIENCES_CORP_2022Q1.txt,0.1276959925889969,0.13036632537841797,0.8715029075741768,True
BLK,2018Q2,6.66,6.63,/Users/vazea/Desktop/NNW/transcripts_by_company/BLACKROCK_INC_2018Q2.txt,0.15709562599658966,0.23082412779331207,0.8207858234643937,True
FGP,2010Q3,0.46,0.54,/Users/vazea/Desktop/NNW/transcripts_by_company/FERRELLGAS_PARTNERS_LP_2010Q3.txt,0.16200920939445496,0.18179404735565186,0.832055339217186,True
BAC,2020Q2,0.37,0.31,/Users/vazea/Desktop/NNW/transcripts_by_company/BANK_OF_AMERICA_CORP_2020Q2.txt,0.12105891853570938,0.2218819558620453,0.8486941702663898,True
COWN,2010Q2,-0.24,-0.04,/Users/vazea/Desktop/NNW/transcripts_by_company/COWEN_GROUP_INC_2010Q2.txt,0.2121405452489853,0.08415443450212479,0.8262552879750729,True
DWRI,2005Q2,0.09,0.1,/Users/vazea/Desktop/NNW/transcripts_by_company/DESIGN_WITHIN_REACH_INC_2005Q2.txt,0.1368340253829956,0.36129525303840637,0.7958276063203812,True
OSIS,2004Q2,0.2,0.19,/Users/vazea/Desktop/NNW/transcripts_by_company/OSI_SYSTEMS_INC_2004Q2.txt,0.05139157176017761,0.27073878049850464,0.8828042656183243,True
PLD,2003Q4,0.71,1.03,/Users/vazea/Desktop/NNW/transcripts_by_company/PROLOGIS_2003Q4.txt,0.05919893831014633,0.12840858101844788,0.9200381688773632,True
EMR,2005Q1,0.7,0.69,/Users/vazea/Desktop/NNW/transcripts_by_company/EMERSON_ELECTRIC_CO_2005Q1.txt,0.24726125597953796,0.0,0.752738744020462,False
INTU,2016Q1,0.09,-0.04,/Users/vazea/Desktop/NNW/transcripts_by_company/INTUIT_INC_2016Q1.txt,0.3058272898197174,0.3106975555419922,0.6927116304636002,True
LEN,2022Q2,4.49,3.94,/Users/vazea/Desktop/NNW/transcripts_by_company/LENNAR_CORP_2022Q2.txt,0.12957684695720673,0.10895382612943649,0.8766100592911243,True
D,2018Q2,0.86,0.76,/Users/vazea/Desktop/NNW/transcripts_by_company/DOMINION_ENERGY_INC_2018Q2.txt,0.17283755540847778,0.09668684750795364,0.8500076569616795,True
OMAM,2015Q2,0.32,0.31,/Users/vazea/Desktop/NNW/transcripts_by_company/OM_ASSET_MANAGEMENT_PLC_2015Q2.txt,0.2001989632844925,0.05390651524066925,0.8436887711286545,True
CNXT,2003Q4,0.03,0.0,/Users/vazea/Desktop/NNW/transcripts_by_company/CONEXANT_SYSTEMS_INCWI_2003Q4.txt,0.21122394502162933,0.18488800525665283,0.7966768369078636,True
BXMT,2022Q2,0.67,0.64,/Users/vazea/Desktop/NNW/transcripts_by_company/BLACKSTONE_MORTGAGE_TRUST_INC_2022Q2.txt,0.17910686135292053,0.2854648232460022,0.788985750079155,True
APAB,2008Q4,-0.15,-0.24,/Users/vazea/Desktop/NNW/transcripts_by_company/APPALACHIAN_BANCSHARES_INC_2008Q4.txt,0.15117967128753662,0.1983243227005005,0.8346769332885742,True
MDVL,2022Q1,-0.4,-0.36,/Users/vazea/Desktop/NNW/transcripts_by_company/MEDAVAIL_HOLDINGS_INC_2022Q1.txt,0.1563417911529541,0.18785762786865234,0.8342034578323365,True
LTRE,2011Q3,0.05,0.1,/Users/vazea/Desktop/NNW/transcripts_by_company/LEARNING_TREE_INTERNATIONAL_2011Q3.txt,0.2221018224954605,0.1866135448217392,0.7885446608066559,True
CSII,2023Q1,-0.27,-0.23,/Users/vazea/Desktop/NNW/transcripts_by_company/CARDIOVASCULAR_SYSTEMS_INC_2023Q1.txt,0.2798159122467041,0.3164651393890381,0.7091893196105957,True
VRTU,2019Q1,0.5,0.48,/Users/vazea/Desktop/NNW/transcripts_by_company/VIRTUSA_CORP_2019Q1.txt,0.21734802424907684,0.2321009635925293,0.7782260939478874,True
CME,2015Q1,0.98,0.97,/Users/vazea/Desktop/NNW/transcripts_by_company/CME_GROUP_INC_2015Q1.txt,0.21374008059501648,0.39886555075645447,0.7307222783565521,True
LIOX,2016Q2,0.14,0.17,/Users/vazea/Desktop/NNW/transcripts_by_company/LIONBRIDGE_TECHNOLOGIES_INC_2016Q2.txt,0.125573992729187,0.19335989654064178,0.8540902361273766,True
DVA,2011Q3,1.45,1.29,/Users/vazea/Desktop/NNW/transcripts_by_company/DAVITA_INC_2011Q3.txt,0.16642935574054718,-0.03788080811500549,0.8948636934161186,True
TGH,2010Q2,0.59,0.46,/Users/vazea/Desktop/NNW/transcripts_by_company/TEXTAINER_GROUP_HOLDINGS_LTD_2010Q2.txt,0.1156599372625351,0.2294430136680603,0.8502051398158074,True
CIR,2021Q2,0.35,0.33,/Users/vazea/Desktop/NNW/transcripts_by_company/CIRCOR_INTERNATIONAL_INC_2021Q2.txt,0.18387912213802338,0.17855823040008545,0.817717145383358,True
VAPO,2022Q1,-0.87,-0.65,/Users/vazea/Desktop/NNW/transcripts_by_company/VAPOTHERM_INC_2022Q1.txt,0.10591072589159012,0.05844014883041382,0.9083304472267628,True
MIPS,2004Q1,-0.06,-0.09,/Users/vazea/Desktop/NNW/transcripts_by_company/MIPS_TECHNOLOGIES_INC_2004Q1.txt,0.24556250870227814,0.3122177720069885,0.7344409123063087,True
NLNK,2017Q3,-0.69,-0.77,/Users/vazea/Desktop/NNW/transcripts_by_company/NEWLINK_GENETICS_CORP_2017Q3.txt,0.19586317241191864,0.18544647097587585,0.8072618380188942,True
MVIS,2012Q2,-0.26,-0.32,/Users/vazea/Desktop/NNW/transcripts_by_company/MICROVISION_INC_2012Q2.txt,0.17999719083309174,0.08710100501775742,0.8478716649115086,True
BEN,2009Q2,0.48,0.59,/Users/vazea/Desktop/NNW/transcripts_by_company/FRANKLIN_RESOURCES_INC_2009Q2.txt,0.1766481250524521,0.0,0.8233518749475479,False
HRMY,2022Q1,0.51,0.29,/Users/vazea/Desktop/NNW/transcripts_by_company/HARMONY_BIOSCIENCES_HOLDINGS_INC_2022Q1.txt,0.18939882516860962,0.2347017228603363,0.7970103055238724,True
HHS,2019Q3,-0.97,-0.33,/Users/vazea/Desktop/NNW/transcripts_by_company/HARTE_HANKS_INC_2019Q3.txt,0.22635850310325623,0.30404961109161377,0.7503341645002366,True
NVLS,2011Q4,0.45,3.08,/Users/vazea/Desktop/NNW/transcripts_by_company/NOVELLUS_SYSTEMS_2011Q4.txt,0.1447286456823349,0.3059341311454773,0.8069097086787224,True
SMRT,2022Q3,-0.13,-0.11,/Users/vazea/Desktop/NNW/transcripts_by_company/SMARTRENT_INC_2022Q3.txt,0.1414860337972641,0.2533301115036011,0.8249607428908348,True
ANIK,2021Q3,0.04,-0.12,/Users/vazea/Desktop/NNW/transcripts_by_company/ANIKA_THERAPEUTICS_INC_2021Q3.txt,0.18772973120212555,0.24899180233478546,0.7938916474580765,True
FL,2004Q2,0.25,0.24,/Users/vazea/Desktop/NNW/transcripts_by_company/FOOT_LOCKER_INC_2004Q2.txt,0.2786434292793274,0.24264922738075256,0.7321548312902451,True
APPN,2022Q2,-0.46,-0.35,/Users/vazea/Desktop/NNW/transcripts_by_company/APPIAN_CORP_2022Q2.txt,0.19717812538146973,0.19083696603775024,0.8047242224216461,True
PLSE,2020Q2,-0.53,-0.5,/Users/vazea/Desktop/NNW/transcripts_by_company/PULSE_BIOSCIENCES_INC_2020Q2.txt,0.22221851348876953,0.24732045829296112,0.770250903069973,True
DOCU,2024Q2,0.72,0.66,/Users/vazea/Desktop/NNW/transcripts_by_company/DOCUSIGN_INC_2024Q2.txt,0.3372780978679657,0.326450914144516,0.6659700572490692,True
UA,2019Q3,0.23,0.19,/Users/vazea/Desktop/NNW/transcripts_by_company/UNDER_ARMOUR_INC_2019Q3.txt,0.15816567838191986,0.23693294823169708,0.818204140663147,True
BMI,2020Q4,0.45,1.67,/Users/vazea/Desktop/NNW/transcripts_by_company/BADGER_METER_INC_2020Q4.txt,0.20995239913463593,0.3758750259876251,0.7402708128094673,True
CHH,2017Q4,0.63,2.88,/Users/vazea/Desktop/NNW/transcripts_by_company/CHOICE_HOTELS_INTERNATIONAL_INC_2017Q4.txt,0.3191915452480316,0.12042798846960068,0.7404375217854977,True
CSWI,2017Q1,0.51,0.54,/Users/vazea/Desktop/NNW/transcripts_by_company/CSW_INDUSTRIALS_INC_2017Q1.txt,0.17723563313484192,0.31633850932121277,0.7810335040092469,True
NSP,2011Q2,0.25,0.19,/Users/vazea/Desktop/NNW/transcripts_by_company/INSPERITY_INC_2011Q2.txt,0.2093270868062973,0.1764601767063141,0.8005329862236976,True
KLAC,2008Q4,0.6,2.75,/Users/vazea/Desktop/NNW/transcripts_by_company/KLA_CORP_2008Q4.txt,0.11045242846012115,0.09568571299314499,0.8939775861799717,True
AGCO,2012Q2,2.08,1.79,/Users/vazea/Desktop/NNW/transcripts_by_company/AGCO_CORP_2012Q2.txt,0.20283225178718567,0.11566749215126038,0.823317176103592,True
OPLK,2013Q4,0.24,0.88,/Users/vazea/Desktop/NNW/transcripts_by_company/OPLINK_COMMUNICATIONS_INC_2013Q4.txt,0.11376676708459854,0.2933298349380493,0.8323643125593663,True
SITM,2023Q3,0.06,0.0,/Users/vazea/Desktop/NNW/transcripts_by_company/SITIME_CORP_2023Q3.txt,0.14156202971935272,0.2328464388847351,0.8310526475310326,True
AZEK,2022Q4,0.16,0.99,/Users/vazea/Desktop/NNW/transcripts_by_company/AZEK_COMPANY_INC_2022Q4.txt,0.2682625949382782,0.18869341909885406,0.7556081578135491,True
EXTR,2017Q1,0.07,0.06,/Users/vazea/Desktop/NNW/transcripts_by_company/EXTREME_NETWORKS_INC_2017Q1.txt,0.11050427705049515,0.0994330644607544,0.8928170867264271,True
WSR,2012Q2,0.04,0.09,/Users/vazea/Desktop/NNW/transcripts_by_company/WHITESTONE_REIT_2012Q2.txt,0.19555528461933136,0.11922024935483932,0.8273452259600163,True
DRH,2010Q3,-0.02,0.0,/Users/vazea/Desktop/NNW/transcripts_by_company/DIAMONDROCK_HOSPITALITY_CO_2010Q3.txt,0.14538365602493286,0.13614889979362488,0.8573867708444596,True
VECO,2009Q3,0.16,0.0,/Users/vazea/Desktop/NNW/transcripts_by_company/VEECO_INSTRUMENTS_INC_2009Q3.txt,0.137612983584404,0.26489919424057007,0.8242011532187462,True
GLNG,2022Q3,0.48,0.35,/Users/vazea/Desktop/NNW/transcripts_by_company/GOLAR_LNG_LTD_2022Q3.txt,0.16929852962493896,0.15620534121990204,0.8346294268965722,True
KOP,2016Q3,0.99,0.64,/Users/vazea/Desktop/NNW/transcripts_by_company/KOPPERS_HOLDINGS_INC_2016Q3.txt,0.24138577282428741,0.13708238303661346,0.7899052441120148,True
ASND,2018Q3,-0.81,-1.11,/Users/vazea/Desktop/NNW/transcripts_by_company/ASCENDIS_PHARMA_AS_2018Q3.txt,0.20888103544712067,0.024746786803007126,0.8463592391461134,True
IRMD,2017Q1,0.0,0.01,/Users/vazea/Desktop/NNW/transcripts_by_company/IRADIMED_CORP_2017Q1.txt,0.2405519187450409,-0.018664393573999405,0.8372129749506712,True
CCMP,2003Q3,0.4,0.38,/Users/vazea/Desktop/NNW/transcripts_by_company/CABOT_MICROELECTRONICS_CORP_2003Q3.txt,0.20583948493003845,0.2871454358100891,0.7697687298059464,True
NEWR,2016Q1,-0.21,-0.25,/Users/vazea/Desktop/NNW/transcripts_by_company/NEW_RELIC_INC_2016Q1.txt,0.10944615304470062,0.16417540609836578,0.8741350710391999,True
PAY,2009Q3,0.26,0.17,/Users/vazea/Desktop/NNW/transcripts_by_company/VERIFONE_SYSTEMS_INC_2009Q3.txt,0.17281824350357056,0.42638659477233887,0.7511112511157989,True
MAN,2018Q2,2.17,2.35,/Users/vazea/Desktop/NNW/transcripts_by_company/MANPOWERGROUP_INC_2018Q2.txt,0.1470860242843628,0.23544323444366455,0.8264068126678468,True
PLTK,2023Q3,0.1,0.19,/Users/vazea/Desktop/NNW/transcripts_by_company/PLAYTIKA_HOLDING_CORP_2023Q3.txt,0.11516304314136505,0.11942637711763382,0.8835579566657543,True
NLS,2009Q3,-0.03,-0.2,/Users/vazea/Desktop/NNW/transcripts_by_company/BOWFLEX_INC_2009Q3.txt,0.2201382964849472,0.2842869460582733,0.760617108643055,True
CMS,2006Q3,0.31,0.25,/Users/vazea/Desktop/NNW/transcripts_by_company/CMS_ENERGY_CORP_2006Q3.txt,0.12797753512859344,0.2188730388879776,0.8447538137435913,True
AMAT,2003Q2,0.03,0.02,/Users/vazea/Desktop/NNW/transcripts_by_company/APPLIED_MATERIALS_INC_2003Q2.txt,0.22221601009368896,0.26010632514953613,0.7664168953895569,True
MGI,2011Q2,0.045,0.02,/Users/vazea/Desktop/NNW/transcripts_by_company/MONEYGRAM_INTERNATIONAL_INC_2011Q2.txt,0.15777933597564697,0.22809290885925293,0.8211265921592712,True
INXI,2009Q3,-0.03,0.01,/Users/vazea/Desktop/NNW/transcripts_by_company/INX_INC_2009Q3.txt,0.19128566980361938,0.015365221537649632,0.8614904646761715,True
NAME,2015Q4,-0.22,-0.68,/Users/vazea/Desktop/NNW/transcripts_by_company/RIGHTSIDE_GROUP_LTD_2015Q4.txt,0.2469773143529892,0.14450305700302124,0.7837649628520011,True
LNN,2006Q1,0.04,0.04,/Users/vazea/Desktop/NNW/transcripts_by_company/LINDSAY_CORP_2006Q1.txt,0.38542744517326355,0.21820306777954102,0.6647398680448533,True
CFR,2005Q4,0.81,3.07,/Users/vazea/Desktop/NNW/transcripts_by_company/CULLENFROST_BANKERS_INC_2005Q4_1.txt,0.15936993062496185,0.09763117879629135,0.8591516949236393,True
DGX,2021Q2,3.18,2.89,/Users/vazea/Desktop/NNW/transcripts_by_company/QUEST_DIAGNOSTICS_INC_2021Q2.txt,0.09809016436338425,0.2648574113845825,0.8518796615302563,True
EBAY,2005Q2,0.22,0.18,/Users/vazea/Desktop/NNW/transcripts_by_company/EBAY_INC_2005Q2.txt,0.16469506919384003,0.2270020693540573,0.8166128307580948,True
LAVA,2006Q1,0.09,0.08,/Users/vazea/Desktop/NNW/transcripts_by_company/MAGMA_DESIGN_AUTOMATION_2006Q1.txt,0.14245924353599548,0.2796801030635834,0.8163744986057282,True
PIKE,2010Q1,-0.08,0.1,/Users/vazea/Desktop/NNW/transcripts_by_company/PIKE_CORP_2010Q1.txt,0.1694496124982834,0.5034881234169006,0.7303388342261314,True
OCN,2012Q4,0.51,1.46,/Users/vazea/Desktop/NNW/transcripts_by_company/OCWEN_FINANCIAL_CORP_2012Q4.txt,0.2619495391845703,-0.0016461722552776337,0.8171291742473841,True
HMHC,2020Q1,-0.67,-0.78,/Users/vazea/Desktop/NNW/transcripts_by_company/HOUGHTON_MIFFLIN_HARCOURT_CO_2020Q1.txt,0.20098215341567993,0.21150773763656616,0.7958601713180542,True
OXY,2006Q1,2.83,2.71,/Users/vazea/Desktop/NNW/transcripts_by_company/OCCIDENTAL_PETROLEUM_CORP_2006Q1.txt,0.1414647400379181,0.39818713068962097,0.7815185427665711,True
TIF,2010Q1,0.2,0.2,/Users/vazea/Desktop/NNW/transcripts_by_company/TIFFANY_CO_2010Q1.txt,0.15158580243587494,0.0,0.8484141975641251,False
MIC,2011Q1,0.81,0.76,/Users/vazea/Desktop/NNW/transcripts_by_company/MACQUARIE_INFRASTRUCTURE_HOLDING_2011Q1.txt,0.17776112258434296,0.21229466795921326,0.8118788138031959,True
MRCY,2024Q1,-0.24,0.18,/Users/vazea/Desktop/NNW/transcripts_by_company/MERCURY_SYSTEMS_INC_2024Q1.txt,0.35336893796920776,0.23488198220729828,0.6821771487593651,True
GTN,2006Q1,-0.07,-0.05,/Users/vazea/Desktop/NNW/transcripts_by_company/GRAY_TELEVISION_INC_2006Q1.txt,0.20788618922233582,0.2790600061416626,0.7707616657018661,True
OPRX,2017Q4,-0.01,-0.08,/Users/vazea/Desktop/NNW/transcripts_by_company/OPTIMIZERX_CORP_2017Q4.txt,0.3557203412055969,0.17020413279533386,0.699934521317482,True
MOFG,2015Q3,0.67,0.66,/Users/vazea/Desktop/NNW/transcripts_by_company/MIDWESTONE_FINANCIAL_GROUP_INC_2015Q3.txt,0.09557785838842392,0.3730238378047943,0.8211883477866649,True
SBNY,2010Q3,0.66,0.54,/Users/vazea/Desktop/NNW/transcripts_by_company/SIGNATURE_BANK_2010Q3.txt,0.12036409229040146,0.23253433406352997,0.84598483517766,True
VG,2018Q1,0.12,0.07,/Users/vazea/Desktop/NNW/transcripts_by_company/VONAGE_HOLDINGS_CORP_2018Q1.txt,0.1293417066335678,0.17448611557483673,0.8571149706840515,True
CLMT,2017Q1,-0.08,-0.62,/Users/vazea/Desktop/NNW/transcripts_by_company/CALUMET_SPECIALTY_PRODUCTS_PARTN_2017Q1.txt,0.22817827761173248,0.1601288914680481,0.7922365382313729,True
MATK,2010Q3,0.35,0.36,/Users/vazea/Desktop/NNW/transcripts_by_company/MARTEK_BIOSCIENCE_CORPORATION_2010Q3.txt,0.2702264189720154,0.20565277338027954,0.7491456747055054,True
IGT,2021Q2,0.48,0.2,/Users/vazea/Desktop/NNW/transcripts_by_company/INTERNATIONAL_GAME_TECHNOLOGY_PL_2021Q2.txt,0.3442756235599518,0.17234833538532257,0.707302562892437,True
BKE,2010Q4,0.9,2.66,/Users/vazea/Desktop/NNW/transcripts_by_company/BUCKLE_INC_2010Q4.txt,0.23671692609786987,0.4043842554092407,0.7129828751087188,True
RDCM,2021Q3,-0.02,-0.07,/Users/vazea/Desktop/NNW/transcripts_by_company/RADCOM_LTD_2021Q3.txt,0.31387075781822205,0.16152769327163696,0.7318321615457535,True
CDW,2021Q4,2.08,7.8,/Users/vazea/Desktop/NNW/transcripts_by_company/CDW_CORP_2021Q4.txt,0.24651867151260376,0.3232191205024719,0.7304711937904358,True
SWK,2016Q4,1.71,6.5,/Users/vazea/Desktop/NNW/transcripts_by_company/STANLEY_BLACK_DECKER_INC_2016Q4.txt,0.3809981048107147,0.2979506254196167,0.6439161390066147,True
MAS,2019Q2,0.88,0.82,/Users/vazea/Desktop/NNW/transcripts_by_company/MASCO_CORP_2019Q2.txt,0.22763217985630035,0.2989710569381714,0.7509661570191384,True
DXC,2019Q2,2.02,1.94,/Users/vazea/Desktop/NNW/transcripts_by_company/DXC_TECHNOLOGY_CO_2019Q2.txt,0.1670161783695221,0.24696604907512665,0.8089988604187965,True
GTRC,2004Q4,0.99,2.28,/Users/vazea/Desktop/NNW/transcripts_by_company/GUITAR_CENTER_INC_2004Q4.txt,0.3876872658729553,0.18854056298732758,0.672056744992733,True
ITMN,2012Q3,-0.7,-0.82,/Users/vazea/Desktop/NNW/transcripts_by_company/INTERMUNE_INC_2012Q3.txt,0.09935611486434937,0.3605261743068695,0.8222928673028946,True
CY,2012Q2,0.18,0.18,/Users/vazea/Desktop/NNW/transcripts_by_company/CYPRESS_SEMICONDUCTOR_CORP_2012Q2.txt,0.18533343076705933,0.34553059935569763,0.7666074186563492,True
SVMK,2019Q2,-0.01,-0.05,/Users/vazea/Desktop/NNW/transcripts_by_company/SVMK_INC_2019Q2.txt,0.20143267512321472,0.21408334374427795,0.7947721242904663,True
LSPD,2022Q4,-0.15,-0.34,/Users/vazea/Desktop/NNW/transcripts_by_company/LIGHTSPEED_COMMERCE_INC_2022Q4.txt,0.32225313782691956,0.25421032309532166,0.6981597065925598,True
NFLX,2016Q4,0.15,0.4,/Users/vazea/Desktop/NNW/transcripts_by_company/NETFLIX_INC_2016Q4.txt,0.17264944314956665,0.4791054129600525,0.7354137659072876,True
SON,2009Q4,0.58,1.7,/Users/vazea/Desktop/NNW/transcripts_by_company/SONOCO_PRODUCTS_CO_2009Q4.txt,0.13031579554080963,0.31646817922592163,0.8138384893536568,True
CMAX,2021Q4,-0.04,-0.24,/Users/vazea/Desktop/NNW/transcripts_by_company/CAREMAX_INC_2021Q4.txt,0.15260060131549835,0.17689219117164612,0.8401119217276574,True
HRC,2017Q3,0.91,0.91,/Users/vazea/Desktop/NNW/transcripts_by_company/HILLROM_HOLDINGS_INC_2017Q3.txt,0.29847830533981323,0.2579919695854187,0.7136675953865051,True
NOVA,2005Q4,0.05,0.24,/Users/vazea/Desktop/NNW/transcripts_by_company/NOVAMED_INC_2005Q4.txt,0.17849671840667725,0.27896127104759216,0.7913639158010483,True
INTT,2018Q1,0.22,0.18,/Users/vazea/Desktop/NNW/transcripts_by_company/INTEST_CORP_2018Q1.txt,0.2523302137851715,0.18069599568843842,0.7691600516438484,True
ALLY,2014Q4,0.4,1.69,/Users/vazea/Desktop/NNW/transcripts_by_company/ALLY_FINANCIAL_INC_2014Q4.txt,0.15211421251296997,0.13562998175621033,0.8528310567140579,True
CORE,2019Q3,0.6,0.63,/Users/vazea/Desktop/NNW/transcripts_by_company/COREMARK_HOLDING_COMPANY_INC_2019Q3.txt,0.22633129358291626,0.2660825550556183,0.7617433279752732,True
ACO,2006Q2,0.39,0.4,/Users/vazea/Desktop/NNW/transcripts_by_company/AMCOL_INTERNATIONAL_CORPORATION_2006Q2.txt,0.21265265345573425,0.28487253189086914,0.7656813830137252,True
SRR,2006Q4,0.04,0.93,/Users/vazea/Desktop/NNW/transcripts_by_company/STRIDE_RITE_CORP_2006Q4.txt,0.1670776754617691,0.17524497210979462,0.8304721355438233,True
SHC,2022Q3,0.23,0.23,/Users/vazea/Desktop/NNW/transcripts_by_company/SOTERA_HEALTH_CO_2022Q3.txt,0.14539003372192383,0.34661567211151123,0.7942422747611999,True
INMD,2019Q3,0.42,0.3,/Users/vazea/Desktop/NNW/transcripts_by_company/INMODE_LTD_2019Q3.txt,0.1792226880788803,0.34940093755722046,0.7697238370776176,True
FCN,2014Q1,0.41,0.25,/Users/vazea/Desktop/NNW/transcripts_by_company/FTI_CONSULTING_INC_2014Q1.txt,0.20636872947216034,0.18459124863147736,0.8001645147800446,True
CBOE,2015Q4,0.59,2.37,/Users/vazea/Desktop/NNW/transcripts_by_company/CBOE_GLOBAL_MARKETS_INC_2015Q4.txt,0.20177747309207916,0.15652264654636383,0.8117989748716354,True
QSFT,2011Q1,0.2,0.29,/Users/vazea/Desktop/NNW/transcripts_by_company/QUEST_SOFTWARE_INC_2011Q1.txt,0.15599077939987183,0.22155670821666718,0.8243394419550896,True
OXPS,2005Q4,0.25,0.76,/Users/vazea/Desktop/NNW/transcripts_by_company/OPTIONSXPRESS_HOLDINGS_INC_2005Q4.txt,0.12407246977090836,0.14326344430446625,0.8701702378690243,True
CTLT,2021Q4,1.16,2.91,/Users/vazea/Desktop/NNW/transcripts_by_company/CATALENT_INC_2021Q4.txt,0.3683513402938843,0.21579043567180634,0.6774169310927391,True
PRG,2023Q3,0.9,0.63,/Users/vazea/Desktop/NNW/transcripts_by_company/PROG_HOLDINGS_INC_2023Q3.txt,0.28719863295555115,0.1962149441242218,0.7400964736938477,True
ADBE,2012Q4,0.61,2.31,/Users/vazea/Desktop/NNW/transcripts_by_company/ADOBE_INC_2012Q4.txt,0.2609007954597473,0.23101653158664703,0.7480644837021828,True
MMM,2016Q1,2.05,1.93,/Users/vazea/Desktop/NNW/transcripts_by_company/3M_CO_2016Q1.txt,0.05834635719656944,0.44732043147087097,0.8249614205211402,True
KO,2004Q2,0.64,0.63,/Users/vazea/Desktop/NNW/transcripts_by_company/COCACOLA_CO_2004Q2.txt,0.23491507768630981,0.301970899105072,0.7449681758880615,True
TXN,2004Q3,0.32,0.28,/Users/vazea/Desktop/NNW/transcripts_by_company/TEXAS_INSTRUMENTS_INC_2004Q3.txt,0.1853601634502411,0.33339887857437134,0.7702282220125198,True
NILE,2012Q2,0.11,0.07,/Users/vazea/Desktop/NNW/transcripts_by_company/BLUE_NILE_INC_2012Q2.txt,0.19930319488048553,0.3553777039051056,0.7538744524121285,True
AMSWA,2008Q1,0.07,0.1,/Users/vazea/Desktop/NNW/transcripts_by_company/LOGILITY_SUPPLY_CHAIN_SOLUTIONS_2008Q1.txt,0.2967284917831421,0.028355563059449196,0.7837833868339659,True
HDP,2017Q4,-0.24,-1.42,/Users/vazea/Desktop/NNW/transcripts_by_company/HORTONWORKS_INC_2017Q4.txt,0.2582705318927765,0.32483914494514465,0.721758884191513,True
MTCT,2006Q3,0.31,0.36,/Users/vazea/Desktop/NNW/transcripts_by_company/MTC_TECHNOLOGIES_2006Q3.txt,0.17336733639240265,0.36909908056259155,0.7679131403565407,True
NVLS,2004Q3,0.38,0.37,/Users/vazea/Desktop/NNW/transcripts_by_company/NOVELLUS_SYSTEMS_2004Q3.txt,0.10650559514760971,0.155567467212677,0.8787758432328701,True
XOM,2010Q2,1.6,1.47,/Users/vazea/Desktop/NNW/transcripts_by_company/EXXON_MOBIL_CORP_2010Q2.txt,0.21196183562278748,-0.009283594787120819,0.854411793500185,True
APFH,2016Q3,0.46,0.47,/Users/vazea/Desktop/NNW/transcripts_by_company/ADVANCEPIERRE_FOODS_HOLDINGS_INC_2016Q3.txt,0.19381830096244812,0.3605228066444397,0.7561703473329544,True
GFF,2007Q3,0.14,0.33,/Users/vazea/Desktop/NNW/transcripts_by_company/GRIFFON_CORP_2007Q3.txt,0.17895624041557312,0.16884751617908478,0.8240763768553734,True
VKTX,2020Q4,-0.15,-0.55,/Users/vazea/Desktop/NNW/transcripts_by_company/VIKING_THERAPEUTICS_INC_2020Q4.txt,0.13062849640846252,0.14448182284832,0.8652155056595803,True
EMR,2007Q1,0.55,0.53,/Users/vazea/Desktop/NNW/transcripts_by_company/EMERSON_ELECTRIC_CO_2007Q1.txt,0.24202732741832733,0.4171975255012512,0.7054216131567955,True
HAIN,2021Q2,0.34,0.29,/Users/vazea/Desktop/NNW/transcripts_by_company/HAIN_CELESTIAL_GROUP_INC_2021Q2.txt,0.09498925507068634,0.13640594482421875,0.8925857380032539,True
NTEC,2004Q3,-0.44,-0.48,/Users/vazea/Desktop/NNW/transcripts_by_company/NEOSE_TECHNOLOGIES_INC_2004Q3.txt,0.11234919726848602,0.0,0.887650802731514,False
SBNY,2017Q4,2.07,7.25,/Users/vazea/Desktop/NNW/transcripts_by_company/SIGNATURE_BANK_2017Q4.txt,0.16422875225543976,0.27604690194129944,0.8022258028388023,True
LOW,2013Q2,0.65,0.71,/Users/vazea/Desktop/NNW/transcripts_by_company/LOWES_COMPANIES_INC_2013Q2.txt,0.19694098830223083,0.32095474004745483,0.765854886174202,True
ADTN,2003Q2,0.31,0.27,/Users/vazea/Desktop/NNW/transcripts_by_company/ADTRAN_INC_2003Q2.txt,0.1684895008802414,0.07543477416038513,0.8594269171357155,True
ENG,2008Q2,0.24,0.16,/Users/vazea/Desktop/NNW/transcripts_by_company/ENGLOBAL_CORP_2008Q2.txt,0.19575369358062744,0.21110899746418,0.7996397152543068,True
STMP,2012Q2,0.4,0.37,/Users/vazea/Desktop/NNW/transcripts_by_company/STAMPSCOM_INC_2012Q2.txt,0.2281769961118698,0.5127432942390442,0.6864531144499779,True
HCKT,2020Q1,0.24,0.24,/Users/vazea/Desktop/NNW/transcripts_by_company/HACKETT_GROUP_INC_2020Q1.txt,0.1763714700937271,0.27680936455726624,0.7934971615672112,True
FTS,2021Q2,0.55,0.59,/Users/vazea/Desktop/NNW/transcripts_by_company/FORTIS_INC_2021Q2.txt,0.16397333145141602,0.2703063488006592,0.8041267633438111,True
RLGY,2018Q2,1.0,0.97,/Users/vazea/Desktop/NNW/transcripts_by_company/ANYWHERE_REAL_ESTATE_INC_2018Q2.txt,0.16199328005313873,0.22989746928215027,0.8176354631781578,True
STAR,2009Q1,0.22,0.16,/Users/vazea/Desktop/NNW/transcripts_by_company/STARENT_NETWORKS_CORP_2009Q1.txt,0.15220105648040771,0.10751932859420776,0.8612034618854523,True
ACRE,2023Q3,0.17,0.21,/Users/vazea/Desktop/NNW/transcripts_by_company/ARES_COMMERCIAL_REAL_ESTATE_CORP_2023Q3.txt,0.2012988030910492,0.2785523235797882,0.7755251407623291,True
LQDT,2021Q4,0.26,0.65,/Users/vazea/Desktop/NNW/transcripts_by_company/LIQUIDITY_SERVICES_INC_2021Q4.txt,0.25518539547920227,0.29774850606918335,0.7320456713438035,True
GECC,2023Q2,0.44,0.38,/Users/vazea/Desktop/NNW/transcripts_by_company/GREAT_ELM_CAPITAL_CORP_2023Q2.txt,0.07909976691007614,0.1520553082227707,0.8990135706961155,True
DOCU,2020Q3,0.11,0.04,/Users/vazea/Desktop/NNW/transcripts_by_company/DOCUSIGN_INC_2020Q3.txt,0.32964205741882324,0.2145734429359436,0.7048785269260407,True
VSH,2021Q1,0.46,0.38,/Users/vazea/Desktop/NNW/transcripts_by_company/VISHAY_INTERTECHNOLOGY_INC_2021Q1.txt,0.20131522417068481,0.2131015807390213,0.7951488688588142,True
ALU,2007Q4,0.22,0.19,/Users/vazea/Desktop/NNW/transcripts_by_company/ALCATEL_LUCENT_SA_2007Q4.txt,0.07129541039466858,0.20950846374034882,0.8872406736016274,True
STX,2006Q1,0.57,0.53,/Users/vazea/Desktop/NNW/transcripts_by_company/SEAGATE_TECHNOLOGY_2006Q1.txt,0.25206682085990906,0.3138267695903778,0.7294051945209503,True
TTWO,2021Q4,0.94,6.15,/Users/vazea/Desktop/NNW/transcripts_by_company/TAKETWO_INTERACTIVE_SOFTWARE_IN_2021Q4.txt,0.16747605800628662,0.07001303881406784,0.861762847751379,True
AUB,2020Q4,0.72,1.92,/Users/vazea/Desktop/NNW/transcripts_by_company/ATLANTIC_UNION_BANKSHARES_CORP_2020Q4.txt,0.20946456491947174,0.16080988943576813,0.8051318377256393,True
CHS,2009Q4,-0.14,-0.04,/Users/vazea/Desktop/NNW/transcripts_by_company/CHICOS_FAS_INC_2009Q4.txt,0.21773944795131683,0.30587244033813477,0.7558206543326378,True
HELE,2010Q2,0.51,0.41,/Users/vazea/Desktop/NNW/transcripts_by_company/HELEN_OF_TROY_LTD_2010Q2.txt,0.23292048275470734,0.1489584892988205,0.7922681152820588,True
XRTX,2009Q1,-0.37,-0.21,/Users/vazea/Desktop/NNW/transcripts_by_company/XYRATEX_LTD_2009Q1.txt,0.1378706693649292,0.0022887177765369415,0.9028039161115885,True
WFC,2005Q2,1.12,1.13,/Users/vazea/Desktop/NNW/transcripts_by_company/WELLS_FARGO_CO_2005Q2.txt,0.2985230088233948,0.0,0.7014769911766052,False
APDN,2023Q2,0.05,-0.2,/Users/vazea/Desktop/NNW/transcripts_by_company/APPLIED_DNA_SCIENCES_INC_2023Q2.txt,0.15740863978862762,0.1457105129957199,0.8461007982492447,True
DOW,2015Q3,0.82,0.69,/Users/vazea/Desktop/NNW/transcripts_by_company/DOW_CHEMICAL_CO_2015Q3.txt,0.08518186211585999,0.10148532688617706,0.9099270984530449,True
FIVE,2023Q1,0.59,0.59,/Users/vazea/Desktop/NNW/transcripts_by_company/FIVE_BELOW_INC_2023Q1.txt,0.12833674252033234,0.3080463111400604,0.8177503868937492,True
SUPX,2007Q4,0.38,1.73,/Users/vazea/Desktop/NNW/transcripts_by_company/SUPERTEX_INC_2007Q4.txt,0.21613709628582,0.3421725630760193,0.7460522636771202,True
SWK,2009Q1,0.48,0.48,/Users/vazea/Desktop/NNW/transcripts_by_company/STANLEY_WORKS_2009Q1.txt,0.1928730010986328,0.16706456243991852,0.8148695304989815,True
CMCO,2009Q1,0.61,0.56,/Users/vazea/Desktop/NNW/transcripts_by_company/COLUMBUS_MCKINNON_CORP_2009Q1.txt,0.15423114597797394,0.40830880403518677,0.7695455566048622,True
FWRD,2002Q3,0.21,0.21,/Users/vazea/Desktop/NNW/transcripts_by_company/FORWARD_AIR_CORP_2002Q3.txt,0.30489739775657654,0.18251840770244598,0.7318162992596626,True
HNSN,2008Q3,-0.48,-0.54,/Users/vazea/Desktop/NNW/transcripts_by_company/HANSEN_MEDICAL_INC_2008Q3.txt,0.1682518571615219,0.1883862167596817,0.8257078349590301,True
INTC,2007Q1,0.27,0.22,/Users/vazea/Desktop/NNW/transcripts_by_company/INTEL_CORP_2007Q1.txt,0.27789023518562317,0.28606486320495605,0.719657376408577,True
CVLT,2020Q4,0.3,1.6,/Users/vazea/Desktop/NNW/transcripts_by_company/COMMVAULT_SYSTEMS_INC_2020Q4.txt,0.1998598575592041,0.2515268921852112,0.7846400320529938,True
TWOU,2019Q2,-0.43,-0.35,/Users/vazea/Desktop/NNW/transcripts_by_company/2U_INC_2019Q2.txt,0.14987029135227203,0.3047999441623688,0.803650812804699,True
SMSI,2022Q1,-0.08,-0.08,/Users/vazea/Desktop/NNW/transcripts_by_company/SMITH_MICRO_SOFTWARE_INC_2022Q1.txt,0.3309558033943176,0.31161773204803467,0.6748456180095672,True
TBI,2020Q2,-0.12,-0.28,/Users/vazea/Desktop/NNW/transcripts_by_company/TRUEBLUE_INC_2020Q2.txt,0.1501881629228592,0.20948895812034607,0.8320215985178947,True
CAG,2007Q2,0.4,0.32,/Users/vazea/Desktop/NNW/transcripts_by_company/CONAGRA_BRANDS_INC_2007Q2.txt,0.20457689464092255,0.1010526567697525,0.8264803767204285,True
CAI,2016Q4,-0.09,0.85,/Users/vazea/Desktop/NNW/transcripts_by_company/CAI_INTERNATIONAL_INC_2016Q4.txt,0.15787523984909058,0.20102252066135406,0.8291805759072304,True
RDWR,2014Q4,0.28,0.85,/Users/vazea/Desktop/NNW/transcripts_by_company/RADWARE_LTD_2014Q4.txt,0.19335651397705078,0.2544035017490387,0.7883293896913528,True
PPL,2017Q1,0.62,0.62,/Users/vazea/Desktop/NNW/transcripts_by_company/PPL_CORP_2017Q1.txt,0.1707242876291275,0.22899025678634644,0.8117959216237068,True
ENVA,2018Q3,0.46,0.47,/Users/vazea/Desktop/NNW/transcripts_by_company/ENOVA_INTERNATIONAL_INC_2018Q3.txt,0.13786980509757996,0.1977585405111313,0.8441635742783546,True
ABAX,2014Q1,0.14,0.23,/Users/vazea/Desktop/NNW/transcripts_by_company/ABAXIS_INC_2014Q1.txt,0.18306566774845123,0.07317209988832474,0.8499024026095867,True
EMR,2005Q4,1.02,3.5,/Users/vazea/Desktop/NNW/transcripts_by_company/EMERSON_ELECTRIC_CO_2005Q4.txt,0.22804275155067444,0.21845611929893494,0.7748332381248474,True
RAVN,2007Q4,0.32,1.36,/Users/vazea/Desktop/NNW/transcripts_by_company/RAVEN_INDUSTRIES_INC_2007Q4.txt,0.3150922358036041,0.14271526038646698,0.7366208568215371,True
IM,2009Q4,0.61,1.22,/Users/vazea/Desktop/NNW/transcripts_by_company/INGRAM_MICRO_2009Q4.txt,0.26241523027420044,0.24152381718158722,0.7438521936535836,True
HITK,2013Q4,0.5,2.15,/Users/vazea/Desktop/NNW/transcripts_by_company/HITECH_PHARMACAL_2013Q4.txt,0.15455777943134308,0.22762344777584076,0.8235225200653076,True
NNBR,2008Q4,-0.16,0.85,/Users/vazea/Desktop/NNW/transcripts_by_company/NN_INC_2008Q4.txt,0.12683658301830292,0.2062123864889145,0.8493506759405136,True
AMTD,2014Q4,0.38,1.39,/Users/vazea/Desktop/NNW/transcripts_by_company/TD_AMERITRADE_HOLDING_CORP_2014Q4.txt,0.17249926924705505,0.13583464920520782,0.8385001167654991,True
MIPS,2011Q4,0.04,0.47,/Users/vazea/Desktop/NNW/transcripts_by_company/MIPS_TECHNOLOGIES_INC_2011Q4.txt,0.15125370025634766,0.2926044464111328,0.8063410758972168,True
ACN,2020Q4,1.7,7.64,/Users/vazea/Desktop/NNW/transcripts_by_company/ACCENTURE_PLC_2020Q4.txt,0.205509752035141,0.33747419714927673,0.7549009144306182,True
HZO,2007Q1,-0.21,-0.06,/Users/vazea/Desktop/NNW/transcripts_by_company/MARINEMAX_INC_2007Q1.txt,0.2165883183479309,0.19189780950546265,0.7908188343048096,True
CHKP,2014Q4,1.07,3.7,/Users/vazea/Desktop/NNW/transcripts_by_company/CHECK_POINT_SOFTWARE_TECHNOLOGIE_2014Q4.txt,0.22458194196224213,0.18834234774112701,0.7862899363040925,True
CELG,2006Q4,0.18,0.53,/Users/vazea/Desktop/NNW/transcripts_by_company/CELGENE_CORP_2006Q4.txt,0.21491871774196625,0.07749999314546585,0.8263068996369839,True
BGFV,2003Q2,0.28,0.3,/Users/vazea/Desktop/NNW/transcripts_by_company/BIG_5_SPORTING_GOODS_CORP_2003Q2.txt,0.17945338785648346,0.17396396398544312,0.8221934393048287,True
BKSY,2023Q2,-0.23,-0.11,/Users/vazea/Desktop/NNW/transcripts_by_company/BLACKSKY_TECHNOLOGY_INC_2023Q2.txt,0.09769655019044876,0.18439657986164093,0.8762934409081936,True
UNF,2009Q2,0.94,0.68,/Users/vazea/Desktop/NNW/transcripts_by_company/UNIFIRST_CORP_2009Q2.txt,0.27709344029426575,0.1825447529554367,0.751271165907383,True
ZS,2022Q2,0.13,0.11,/Users/vazea/Desktop/NNW/transcripts_by_company/ZSCALER_INC_2022Q2.txt,0.10989542305469513,0.351754754781723,0.8175467774271965,True
ELGX,2015Q4,-0.08,-0.6,/Users/vazea/Desktop/NNW/transcripts_by_company/ENDOLOGIX_INC_2015Q4.txt,0.207824245095253,0.35504022240638733,0.7480109617114068,True
TRV,2013Q3,2.35,1.72,/Users/vazea/Desktop/NNW/transcripts_by_company/TRAVELERS_COMPANIES_INC_2013Q3.txt,0.1414305716753006,0.27194562554359436,0.8194149121642113,True
FGP,2018Q1,-0.49,-0.31,/Users/vazea/Desktop/NNW/transcripts_by_company/FERRELLGAS_PARTNERS_LP_2018Q1.txt,0.2870601415634155,0.24367275834083557,0.7259560734033584,True
MHO,2013Q2,0.25,0.36,/Users/vazea/Desktop/NNW/transcripts_by_company/MI_HOMES_INC_2013Q2.txt,0.09746216237545013,0.2560526728630066,0.8549606844782829,True
TXRH,2006Q1,0.11,0.11,/Users/vazea/Desktop/NNW/transcripts_by_company/TEXAS_ROADHOUSE_INC_2006Q1.txt,0.33305975794792175,0.11207885295152664,0.7332345135509968,True
ALTR,2022Q2,0.13,0.1,/Users/vazea/Desktop/NNW/transcripts_by_company/ALTAIR_ENGINEERING_INC_2022Q2.txt,0.229111909866333,0.22729246318340302,0.771433924138546,True
ENTG,2008Q2,0.09,0.06,/Users/vazea/Desktop/NNW/transcripts_by_company/ENTEGRIS_INC_2008Q2.txt,0.12682980298995972,0.28585487604141235,0.8254626750946045,True
PSTV,2020Q2,-0.26,-0.75,/Users/vazea/Desktop/NNW/transcripts_by_company/PLUS_THERAPEUTICS_INC_2020Q2.txt,0.2997695803642273,0.13511313498020172,0.7496273532509804,True
KBR,2015Q1,0.34,0.17,/Users/vazea/Desktop/NNW/transcripts_by_company/KBR_INC_2015Q1.txt,0.1711353063583374,0.11779549717903137,0.8448666363954545,True
LVS,2006Q3,0.33,0.29,/Users/vazea/Desktop/NNW/transcripts_by_company/LAS_VEGAS_SANDS_CORP_2006Q3.txt,0.16570590436458588,0.26299744844436646,0.80510663241148,True
NAFC,2013Q1,0.2,0.41,/Users/vazea/Desktop/NNW/transcripts_by_company/NASH_FINCH_CO_2013Q1.txt,0.32272759079933167,0.07928086817264557,0.7503064259886743,True
JLL,2011Q4,2.56,4.57,/Users/vazea/Desktop/NNW/transcripts_by_company/JONES_LANG_LASALLE_INC_2011Q4.txt,0.18969763815402985,0.2485702484846115,0.7926405787467956,True
ENTL,2015Q1,-0.35,-0.48,/Users/vazea/Desktop/NNW/transcripts_by_company/ENTELLUS_MEDICAL_INC_2015Q1.txt,0.22996988892555237,0.35802507400512695,0.7316135555505753,True
AOS,2022Q3,0.69,0.9,/Users/vazea/Desktop/NNW/transcripts_by_company/A_O_SMITH_CORP_2022Q3.txt,0.04903124272823334,0.13534562289714813,0.9250744432210922,True
LUFK,2010Q4,0.47,1.5,/Users/vazea/Desktop/NNW/transcripts_by_company/LUFKIN_INDS_INC_2010Q4.txt,0.1605861485004425,0.22716902196407318,0.8194389894604683,True
WSO,2011Q1,0.21,0.18,/Users/vazea/Desktop/NNW/transcripts_by_company/WATSCO_INC_2011Q1.txt,0.04356146976351738,0.16491305828094482,0.9200330536812544,True
HHS,2005Q3,0.34,0.33,/Users/vazea/Desktop/NNW/transcripts_by_company/HARTE_HANKS_INC_2005Q3.txt,0.26656997203826904,0.286812961101532,0.727357131242752,True
KFRC,2002Q4,-0.36,-0.12,/Users/vazea/Desktop/NNW/transcripts_by_company/KFORCE_INC_2002Q4.txt,0.46648097038269043,0.25040048360824585,0.598343175649643,True
BEAV,2015Q2,0.75,0.75,/Users/vazea/Desktop/NNW/transcripts_by_company/BE_AEROSPACE_INC_2015Q2.txt,0.3010936975479126,0.10227135568857193,0.7585530050098896,True
MRO,2008Q4,1.44,6.07,/Users/vazea/Desktop/NNW/transcripts_by_company/MARATHON_OIL_CORP_2008Q4.txt,0.2662072479724884,0.2914910614490509,0.7262076079845429,True
MPX,2017Q1,0.15,0.13,/Users/vazea/Desktop/NNW/transcripts_by_company/MARINE_PRODUCTS_CORP_2017Q1.txt,0.1632421910762787,0.054128993302583694,0.8694917682558299,True
QDEL,2013Q4,0.03,0.28,/Users/vazea/Desktop/NNW/transcripts_by_company/QUIDEL_CORP_2013Q4.txt,0.26914235949516296,0.301249623298645,0.7212254613637924,True
VPG,2020Q4,0.43,1.34,/Users/vazea/Desktop/NNW/transcripts_by_company/VISHAY_PRECISION_GROUP_INC_2020Q4.txt,0.18457064032554626,0.08616094291210175,0.8449522688984871,True
AET,2005Q4,1.26,4.6,/Users/vazea/Desktop/NNW/transcripts_by_company/AETNA_INC_2005Q4.txt,0.19138015806674957,0.053318846970796585,0.8500382352620364,True
JNS,2006Q2,0.15,0.16,/Users/vazea/Desktop/NNW/transcripts_by_company/JANUS_CAPITAL_GROUP_INC_2006Q2.txt,0.1671726405620575,0.16595284640789032,0.8331932976841927,True
MBWM,2023Q3,1.3,1.14,/Users/vazea/Desktop/NNW/transcripts_by_company/MERCANTILE_BANK_CORP_2023Q3.txt,0.12029492110013962,0.15283817052841187,0.8699421040713787,True
PCH,2010Q4,0.28,1.13,/Users/vazea/Desktop/NNW/transcripts_by_company/POTLATCHDELTIC_CORP_2010Q4.txt,0.16201435029506683,0.05819199979305267,0.8691323548555374,True
OSIS,2007Q4,0.24,-1.16,/Users/vazea/Desktop/NNW/transcripts_by_company/OSI_SYSTEMS_INC_2007Q4.txt,0.19353097677230835,0.3490123450756073,0.759824612736702,True
VSTA,2006Q3,-0.01,0.01,/Users/vazea/Desktop/NNW/transcripts_by_company/VISTACARE_INC_2006Q3.txt,0.13820715248584747,0.33696162700653076,0.8021665051579475,True
SYNO,2010Q2,0.11,0.09,/Users/vazea/Desktop/NNW/transcripts_by_company/SYNOVIS_LIFE_TECHNOLOGIES_2010Q2.txt,0.29426103830337524,0.2062435746192932,0.7321442008018494,True
HPP,2017Q1,0.14,0.03,/Users/vazea/Desktop/NNW/transcripts_by_company/HUDSON_PACIFIC_PROPERTIES_INC_2017Q1.txt,0.2429695427417755,0.2126213014125824,0.7661349296569824,True
ECHO,2018Q4,0.47,1.78,/Users/vazea/Desktop/NNW/transcripts_by_company/ECHO_GLOBAL_LOGISTICS_INC_2018Q4.txt,0.2486693561077118,0.23609870672225952,0.7551018387079239,True
CMLS,2002Q2,0.09,0.04,/Users/vazea/Desktop/NNW/transcripts_by_company/CUMULUS_MEDIA_INC_CL_A_2002Q2.txt,0.14516794681549072,0.15763652324676514,0.8510914802551269,True
SFM,2018Q1,0.5,0.49,/Users/vazea/Desktop/NNW/transcripts_by_company/SPROUTS_FARMERS_MARKET_INC_2018Q1.txt,0.21507222950458527,0.32152098417282104,0.752993144094944,True
SEPR,2006Q3,0.56,0.19,/Users/vazea/Desktop/NNW/transcripts_by_company/SEPRACOR_INC_2006Q3.txt,0.13982953131198883,0.21754226088523865,0.8368566498160362,True
TITN,2013Q4,0.73,2.15,/Users/vazea/Desktop/NNW/transcripts_by_company/TITAN_MACHINERY_INC_2013Q4.txt,0.06354688853025436,0.17946520447731018,0.9016776166856288,True
SOMX,2011Q2,-0.33,-0.35,/Users/vazea/Desktop/NNW/transcripts_by_company/SOMAXON_PHARMACEUTICALS_INC_2011Q2.txt,0.3439200818538666,0.1545415073633194,0.7128934904932975,True
BZUN,2020Q1,0.44,1.02,/Users/vazea/Desktop/NNW/transcripts_by_company/BAOZUN_INC_2020Q1.txt,0.09825947135686874,0.3648919463157654,0.8217507861554623,True
DCI,2021Q3,0.66,0.57,/Users/vazea/Desktop/NNW/transcripts_by_company/DONALDSON_COMPANY_INC_2021Q3.txt,0.09263689070940018,0.11296678334474564,0.9012641414999962,True
EME,2005Q4,0.61,2.5,/Users/vazea/Desktop/NNW/transcripts_by_company/EMCOR_GROUP_INC_2005Q4.txt,0.14490994811058044,0.10465366393327713,0.8671669371426105,True
RL,2003Q4,0.77,1.85,/Users/vazea/Desktop/NNW/transcripts_by_company/POLO_RALPH_LAUREN_CORP_2003Q4.txt,0.3263009488582611,0.1742619425058365,0.7193107530474663,True
AMRC,2018Q2,0.19,0.1,/Users/vazea/Desktop/NNW/transcripts_by_company/AMERESCO_INC_2018Q2.txt,0.16550281643867493,0.35625332593917847,0.777272030711174,True
CPN,2002Q1,0.1,0.22,/Users/vazea/Desktop/NNW/transcripts_by_company/CALPINE_CORPORATION_2002Q1.txt,0.19058966636657715,0.0,0.8094103336334229,False
VPG,2018Q1,0.37,0.33,/Users/vazea/Desktop/NNW/transcripts_by_company/VISHAY_PRECISION_GROUP_INC_2018Q1.txt,0.1160564050078392,0.3561790883541107,0.8119067899882794,True
SLAB,2005Q4,0.31,1.15,/Users/vazea/Desktop/NNW/transcripts_by_company/SILICON_LABORATORIES_INC_2005Q4.txt,0.20272406935691833,0.2568884789943695,0.7810266077518464,True
ALOY,2006Q4,-2.78,0.1,/Users/vazea/Desktop/NNW/transcripts_by_company/ALLOY_INC_2006Q4.txt,0.15932819247245789,0.2555640637874603,0.8118010461330414,True
CAMP,2012Q4,0.06,0.18,/Users/vazea/Desktop/NNW/transcripts_by_company/CALAMP_CORP_2012Q4.txt,0.38170143961906433,0.21832741796970367,0.6673107668757439,True
SPPI,2011Q3,0.34,0.07,/Users/vazea/Desktop/NNW/transcripts_by_company/SPECTRUM_PHARMACEUTICALS_INC_2011Q3.txt,0.21835756301879883,0.04506140202283859,0.8336312852799892,True
RAD,2005Q2,0.0,0.01,/Users/vazea/Desktop/NNW/transcripts_by_company/RITE_AID_CORPORATION_2005Q2.txt,0.19245153665542603,0.03738471120595932,0.8540685109794139,True
QDEL,2019Q2,0.36,0.34,/Users/vazea/Desktop/NNW/transcripts_by_company/QUIDEL_CORP_2019Q2.txt,0.09367693960666656,0.09918701648712158,0.9046700373291969,True
LECO,2018Q1,1.1,1.08,/Users/vazea/Desktop/NNW/transcripts_by_company/LINCOLN_ELECTRIC_HOLDINGS_INC_2018Q1.txt,0.3153373897075653,0.2576415538787842,0.701971361041069,True
TUBE,2014Q3,-0.03,-0.3,/Users/vazea/Desktop/NNW/transcripts_by_company/TUBEMOGUL_INC_2014Q3.txt,0.16742537915706635,0.15133890509605408,0.8374005630612373,True
SASR,2018Q1,0.8,0.74,/Users/vazea/Desktop/NNW/transcripts_by_company/SANDY_SPRING_BANCORP_INC_2018Q1.txt,0.26542189717292786,0.13979624211788177,0.772265799343586,True
BCOV,2018Q3,-0.03,-0.05,/Users/vazea/Desktop/NNW/transcripts_by_company/BRIGHTCOVE_INC_2018Q3.txt,0.3009519577026367,0.1773168444633484,0.7361385762691498,True
APEI,2023Q2,-2.94,-0.3,/Users/vazea/Desktop/NNW/transcripts_by_company/AMERICAN_PUBLIC_EDUCATION_INC_2023Q2.txt,0.26271697878837585,0.30148255825042725,0.7256533473730087,True
SF,2015Q1,0.65,0.74,/Users/vazea/Desktop/NNW/transcripts_by_company/STIFEL_FINANCIAL_CORP_2015Q1.txt,0.11179094016551971,0.058788761496543884,0.904109713435173,True
AXAS,2014Q3,0.15,0.16,/Users/vazea/Desktop/NNW/transcripts_by_company/ABRAXAS_PETROLEUM_CORPORATION_2014Q3.txt,0.17589078843593597,0.17122428119182587,0.8255091637372971,True
NXTM,2006Q3,-0.34,-0.37,/Users/vazea/Desktop/NNW/transcripts_by_company/NXSTAGE_MEDICAL_INC_2006Q3.txt,0.18380741775035858,0.21577922999858856,0.8066010385751724,True
FELE,2008Q1,0.35,0.34,/Users/vazea/Desktop/NNW/transcripts_by_company/FRANKLIN_ELECTRIC_CO_INC_2008Q1.txt,0.24106603860855103,0.13122059404850006,0.7918875947594642,True
WMT,2022Q2,1.78,1.52,/Users/vazea/Desktop/NNW/transcripts_by_company/WALMART_INC_2022Q2.txt,0.07808762043714523,0.26430007815361023,0.8660486422479152,True
PCG,2002Q1,0.6,0.55,/Users/vazea/Desktop/NNW/transcripts_by_company/PGE_CORP_2002Q1.txt,0.24627463519573212,0.15554971992969513,0.7809428393840789,True
EA,2014Q1,-0.4,-0.61,/Users/vazea/Desktop/NNW/transcripts_by_company/ELECTRONIC_ARTS_INC_2014Q1.txt,0.1495889574289322,0.15729215741157532,0.8481000825762749,True
KNOL,2010Q2,0.2,0.14,/Users/vazea/Desktop/NNW/transcripts_by_company/KNOLOGY_INC_2010Q2.txt,0.3818982243537903,0.3017605245113373,0.6421430855989456,True
