ticker,period,eps_actual,eps_forecast,transcript_path,cosine,nnw
PROASSURANCE CORP,2.0,1.36,1.19,transcripts_by_company/ProAssurance_Corporation_2008Q2.txt,0.07987982034683228,0.9201201796531677
SALIX PHARMACEUTICALS LTD,3.0,-0.15,-0.1,transcripts_by_company/Salix_Pharmaceuticals_Ltd_2009Q3.txt,0.24833334982395172,0.7516666501760483
NAPCO SECURITY TECHNOLOGIES INC,3.0,0.28,0.24,transcripts_by_company/Napco_Security_Technologies_Inc_2023Q3.txt,0.30209851264953613,0.6979014873504639
BF GOODRICH COMPANY,1.0,0.86,1.06,transcripts_by_company/Goodrich_Corporation_2010Q1.txt,0.16066749393939972,0.8393325060606003
LGI HOMES INC,2.0,0.96,0.8,transcripts_by_company/LGI_Homes_Inc_2016Q2.txt,0.12189453840255737,0.8781054615974426
REDENVELOPE INC,4.0,0.43,0.49,transcripts_by_company/RedEnvelope_2005Q4.txt,0.1734817624092102,0.8265182375907898
GRUBHUB INC,1.0,0.3,0.56,transcripts_by_company/GrubHub_Inc_2019Q1.txt,0.20836138725280762,0.7916386127471924
SCHOLASTIC CORP,4.0,1.72,2.09,transcripts_by_company/Scholastic_2008Q4.txt,0.1773109883069992,0.8226890116930008
API GROUP CORP,2.0,0.37,0.35,transcripts_by_company/APi_Group_Corporation_2022Q2.txt,0.2778646945953369,0.7221353054046631
LHC GROUP INC,1.0,0.63,0.58,transcripts_by_company/LHC_Group_Inc_2018Q1.txt,0.10476633161306381,0.8952336683869362
RUE21 INC,1.0,0.52,0.5,transcripts_by_company/rue21_Inc_2012Q1.txt,0.12405605614185333,0.8759439438581467
KAPSTONE PAPER AND PACKAGING COR,4.0,0.51,0.4,transcripts_by_company/KapStone_Paper_and_Packaging_Corporation_2017Q4.txt,0.17698805034160614,0.8230119496583939
COPA HOLDINGS SA,4.0,0.73,1.92,transcripts_by_company/Copa_Holdings_SA_2015Q4.txt,0.10589957237243652,0.8941004276275635
SOTHEBY'S,1.0,0.03,-0.04,transcripts_by_company/Sothebys_2011Q1.txt,0.3076542019844055,0.6923457980155945
IDEXX LABORATORIES INC,1.0,1.17,1.09,transcripts_by_company/IDEXX_Laboratories_Inc_2019Q1.txt,0.20245946943759918,0.7975405305624008
MGM RESORTS INTERNATIONAL,4.0,-0.2,-0.21,transcripts_by_company/MGM_RESORTS_INTERNATIONAL_2010Q4.txt,0.14039449393749237,0.8596055060625076
MECHANICAL TECHNOLOGY,4.0,-0.14,-0.06,transcripts_by_company/Mechanical_Technology_Inc_2005Q4.txt,0.1751454919576645,0.8248545080423355
GREENHILL & CO INC,1.0,0.01,0.47,transcripts_by_company/Greenhill_and_Co_Inc_2014Q1.txt,0.22811226546764374,0.7718877345323563
UNIFIRST CORP,3.0,0.37,0.38,transcripts_by_company/UniFirst_Corporation_2003Q3.txt,0.25101837515830994,0.7489816248416901
CALERES INC,1.0,0.38,0.55,transcripts_by_company/Caleres_Inc_2019Q1.txt,0.041819360107183456,0.9581806398928165
L-1 IDENTITY SOLUTIONS INC,2.0,-0.03,0.01,transcripts_by_company/L-1_Identity_Solutions_Inc_2010Q2.txt,0.15602128207683563,0.8439787179231644
NETLIST INC,1.0,-0.03,-0.13,transcripts_by_company/Netlist_Inc_2008Q1.txt,0.2088318169116974,0.7911681830883026
ASTEC INDUSTRIES INC,4.0,0.26,0.17,transcripts_by_company/Astec_Industries_Inc_2010Q4.txt,0.3077459931373596,0.6922540068626404
EZCORP INC,4.0,0.15,0.13,transcripts_by_company/EZCORP_Inc_2016Q4.txt,0.12975308299064636,0.8702469170093536
SILICOM LIMITED,3.0,0.34,0.81,transcripts_by_company/Silicom_Ltd_2019Q3.txt,0.261236310005188,0.738763689994812
BORGWARNER INC,2.0,1.65,1.8,transcripts_by_company/BorgWarner_2003Q2.txt,0.216103658080101,0.783896341919899
LIFE TECHNOLOGIES CORP,1.0,0.87,0.78,transcripts_by_company/Synovis_Life_Technologies_Inc_2010Q1.txt,0.24580872058868408,0.7541912794113159
GROUPON INC,4.0,0.04,0.06,transcripts_by_company/Groupon_Inc_2013Q4.txt,0.12674595415592194,0.8732540458440781
STELLARONE CORP,4.0,-0.04,0.39,transcripts_by_company/StellarOne_Corporation_2008Q4.txt,0.1940753310918808,0.8059246689081192
EZCORP INC,3.0,0.43,0.78,transcripts_by_company/EZCORP_Inc_2013Q3.txt,0.24774274230003357,0.7522572576999664
APOLLO EDUCATION GROUP INC,4.0,1.28,1.11,transcripts_by_company/Apollo_Group_Inc_2011Q4.txt,0.13121117651462555,0.8687888234853745
LIGAND PHARMACEUTICALS INC,1.0,-0.03,0.01,transcripts_by_company/Ligand_Pharmaceuticals_2012Q1.txt,0.14364036917686462,0.8563596308231354
NPS PHARMACEUTICALS INCORPORATED,1.0,-0.83,-1.03,transcripts_by_company/NPS_Pharmaceuticals_Inc_2006Q1.txt,0.20052087306976318,0.7994791269302368
FTI CONSULTING INC,2.0,1.14,0.6,transcripts_by_company/FTI_Consulting_Inc_2018Q2.txt,0.26838839054107666,0.7316116094589233
DXP ENTERPRISES INC,4.0,0.61,0.49,transcripts_by_company/DXP_Enterprises_Inc_2011Q4.txt,0.13722538948059082,0.8627746105194092
SILGAN HOLDINGS INC,3.0,1.19,1.23,transcripts_by_company/Silgan_Holdings_Inc_2006Q3.txt,0.19932864606380463,0.8006713539361954
MICREL INC,3.0,-0.04,0.01,transcripts_by_company/Micrel_Inc_2002Q3.txt,0.3404088020324707,0.6595911979675293
ACTERNA,3.0,-2.12,-0.15,transcripts_by_company/Acterna_2002Q3.txt,0.4289507567882538,0.5710492432117462
DOMINO'S PIZZA INC,4.0,0.78,0.74,transcripts_by_company/Dominos_Pizza_Inc_2013Q4.txt,0.12689025700092316,0.8731097429990768
SONOCO PRODS,4.0,0.43,0.41,transcripts_by_company/Sonoco_2004Q4.txt,0.2937225103378296,0.7062774896621704
LIFELOCK INC,1.0,-0.06,0.04,transcripts_by_company/LifeLock_Inc_2015Q1.txt,0.1284426748752594,0.8715573251247406
EXACT SCIENCES CORP,4.0,-0.38,-0.29,transcripts_by_company/Exact_Sciences_Corp_2014Q4.txt,0.0865325927734375,0.9134674072265625
SVB FINANCIAL GROUP,4.0,1.68,1.61,transcripts_by_company/SVB_Financial_Group_2015Q4.txt,0.20279181003570557,0.7972081899642944
OPNET TECHNOLOGIES,3.0,0.24,0.23,transcripts_by_company/OPNET_Technologies_Inc_2011Q3.txt,0.15723130106925964,0.8427686989307404
NET 1 UEPS TECHNOLOGIES INC,3.0,0.36,0.54,transcripts_by_company/Net_1_UEPS_Technologies_Inc_2010Q3.txt,0.06861086934804916,0.9313891306519508
CALYXT INC,1.0,-0.23,-0.27,transcripts_by_company/Calyxt_Inc_2019Q1.txt,0.09663000702857971,0.9033699929714203
AVOCENT,3.0,0.34,0.38,transcripts_by_company/Avocent_Corporation_2004Q3.txt,0.2378990352153778,0.7621009647846222
TTM TECHNOLOGIES INC,2.0,0.31,0.32,transcripts_by_company/TTM_Technologies_Inc_2017Q2.txt,0.21010267734527588,0.7898973226547241
LATTICE SEMICONDUCTOR CORP,1.0,0.02,-0.03,transcripts_by_company/Lattice_Semiconductor_2006Q1.txt,0.25699329376220703,0.743006706237793
CARLISLE COMPANIES INC,1.0,0.37,0.34,transcripts_by_company/Carlisle_Companies_2010Q1.txt,0.18920588493347168,0.8107941150665283
RETAILMENOT INC,1.0,0.21,0.18,transcripts_by_company/RetailMeNot_Inc_2014Q1.txt,0.058465760201215744,0.9415342397987843
ILG INC,4.0,0.24,0.29,transcripts_by_company/ILG_Inc_2017Q4.txt,0.10957979410886765,0.8904202058911324
TGC INDUSTRIES INC,1.0,0.32,0.1,transcripts_by_company/TGC_Industries_Inc_2011Q1.txt,0.1952676922082901,0.8047323077917099
FORTINET INC,4.0,0.3,0.26,transcripts_by_company/Fortinet_Inc_2016Q4.txt,0.11595913022756577,0.8840408697724342
THERAVANCE BIOPHARMA INC,4.0,-1.23,-1.5,transcripts_by_company/Theravance_2015Q4.txt,0.17088547348976135,0.8291145265102386
PRGX GLOBAL INC,3.0,-0.03,0.09,transcripts_by_company/PRGX_Global_Inc_2019Q3.txt,0.38856396079063416,0.6114360392093658
BIOGEN IDEC INC,3.0,1.61,1.48,transcripts_by_company/Biogen_Idec_Inc_2011Q3.txt,0.12379258871078491,0.8762074112892151
HERLEY INDUSTRIES INCORPORAT,2.0,0.24,0.28,transcripts_by_company/Herley_Industries_Inc_2005Q2.txt,0.2661750912666321,0.7338249087333679
J M SMUCKER CO,2.0,1.8,1.82,transcripts_by_company/The_J_M_Smucker_Company_2017Q2.txt,0.13171419501304626,0.8682858049869537
WABTEC CORPORATION,1.0,0.52,0.48,transcripts_by_company/Wabtec_Corporation_2007Q1.txt,0.10836847126483917,0.8916315287351608
INFOSONICS CORP,4.0,-0.07,0.09,transcripts_by_company/InfoSonics_Corporation_2007Q4.txt,0.1514163762331009,0.8485836237668991
ARTIO GLOBAL INVESTORS INC,1.0,0.46,0.42,transcripts_by_company/Artio_Global_Investors_2010Q1.txt,0.16368187963962555,0.8363181203603745
GOLAR LNG LTD,1.0,-0.08,-0.02,transcripts_by_company/Golar_LNG_Limited_2021Q1.txt,0.2088814675807953,0.7911185324192047
SYMMETRICOM INCORPORATED,3.0,0.05,0.08,transcripts_by_company/Symmetricom_2009Q3.txt,0.24850519001483917,0.7514948099851608
SCICLONE PHARMACEUTICALS INCORPO,4.0,-0.08,-0.07,transcripts_by_company/SciClone_Pharmaceuticals_Inc_2007Q4.txt,0.12665268778800964,0.8733473122119904
CYNERGISTEK INC,2.0,0.08,0.11,transcripts_by_company/Cynergistek_Inc_2018Q2.txt,0.26073068380355835,0.7392693161964417
LOWE'S COMPANIES INC,2.0,1.77,1.49,transcripts_by_company/Lowes_Companies_Inc_2020Q2.txt,0.3434075713157654,0.6565924286842346
CALERES INC,4.0,1.37,1.25,transcripts_by_company/Caleres_Inc_2023Q4.txt,0.17699728906154633,0.8230027109384537
INTUIT INC,2.0,1.05,1.06,transcripts_by_company/Intuit_2003Q2.txt,0.37535080313682556,0.6246491968631744
SUPERTEX INC,2.0,0.05,0.07,transcripts_by_company/Supertex_Inc_2012Q2.txt,0.15642456710338593,0.8435754328966141
ALDEYRA THERAPEUTICS INC,4.0,-0.47,-0.57,transcripts_by_company/Aldeyra_Therapeutics_Inc_2019Q4.txt,0.3058164715766907,0.6941835284233093
SNAP INC,2.0,-0.02,0.09,transcripts_by_company/Snap_Inc_2022Q2.txt,0.13965216279029846,0.8603478372097015
MANULIFE FINANCIAL CORP,4.0,0.74,0.69,transcripts_by_company/Manulife_Financial_Corporation_2020Q4.txt,0.26535162329673767,0.7346483767032623
LANDAUER INC,1.0,0.54,0.86,transcripts_by_company/Landauer_Inc_2013Q1.txt,0.23244473338127136,0.7675552666187286
HCP INC,3.0,0.12,0.23,transcripts_by_company/HCP_Inc_2017Q3.txt,0.12877295911312103,0.871227040886879
"RICK'S CABARET INTERNATIONAL, IN",3.0,0.27,0.33,transcripts_by_company/Ricks_Cabaret_International_Inc_2013Q3.txt,0.2266114205121994,0.7733885794878006
SUPERGEN INC,2.0,0.19,-0.05,transcripts_by_company/SuperGen_2007Q2.txt,0.18800774216651917,0.8119922578334808
LOOPNET INC,2.0,0.07,0.06,transcripts_by_company/LoopNet_Inc_2010Q2.txt,0.1629515141248703,0.8370484858751297
BOWATER INC,1.0,-0.9,-0.2,transcripts_by_company/Bowater_Incorporated_2003Q1.txt,0.33260586857795715,0.6673941314220428
CREDIT SUISSE GROUP AG,3.0,0.98,1.47,transcripts_by_company/Credit_Suisse_Group_2007Q3.txt,0.2402767688035965,0.7597232311964035
CAMTEK LTD,4.0,-0.02,0.12,transcripts_by_company/Camtek_Ltd_2011Q4.txt,0.33516836166381836,0.6648316383361816
SONIDA SENIOR LIVING INC,2.0,23.49,-1.56,transcripts_by_company/Sienna_Senior_Living_Inc_2021Q2.txt,0.2933551073074341,0.7066448926925659
PENNANTPARK INVESTMENT CORP,3.0,0.26,0.28,transcripts_by_company/PennantPark_Investment_Corporation_2013Q3.txt,0.21904072165489197,0.780959278345108
EDUCATION MANAGEMENT,1.0,0.52,0.51,transcripts_by_company/Education_Management_Corporation_2006Q1.txt,0.15532433986663818,0.8446756601333618
LIQUID HOLDINGS GROUP INC,3.0,-0.09,-0.1,transcripts_by_company/Liquid_Holdings_Group_Inc_2014Q3.txt,0.08486790955066681,0.9151320904493332
CNA SURETY CP,3.0,-1.14,0.21,transcripts_by_company/CNA_Surety_2003Q3.txt,0.2551933228969574,0.7448066771030426
SYNCHRONOSS TECHNOLOGIES INC,4.0,0.06,0.03,transcripts_by_company/Synchronoss_Technologies_Inc_2021Q4.txt,0.2030268758535385,0.7969731241464615
PDI INC,1.0,-0.04,0.06,transcripts_by_company/PDI_Inc_2011Q1.txt,0.19180041551589966,0.8081995844841003
UICI,4.0,0.52,0.46,transcripts_by_company/UICI_2003Q4.txt,0.1205059140920639,0.8794940859079361
CINEDIGM CORP,2.0,-0.14,-0.09,transcripts_by_company/Cegedim_SA_2014Q2.txt,0.30145320296287537,0.6985467970371246
INFUSYSTEM HOLDINGS INC,3.0,0.14,0.03,transcripts_by_company/InfuSystem_Holdings_Inc_2020Q3.txt,0.27163970470428467,0.7283602952957153
SHELL MIDSTREAM PARTNERS LP,2.0,0.32,0.45,transcripts_by_company/Shell_Midstream_Partners_LP_2020Q2.txt,0.4232425093650818,0.5767574906349182
"NETEASE, INC",1.0,7.7,7.58,transcripts_by_company/NetEase_Inc_2022Q1.txt,0.41924938559532166,0.5807506144046783
AMN HEALTHCARE SERVICES  INC,4.0,0.63,0.66,transcripts_by_company/AMN_Healthcare_Services_Inc_2017Q4.txt,0.15227100253105164,0.8477289974689484
ZAFGEN INC,2.0,-0.57,-0.39,transcripts_by_company/Zafgen_Inc_2018Q2.txt,0.03282826021313667,0.9671717397868633
HCI GROUP INC,1.0,1.5,0.03,transcripts_by_company/HCI_Group_Inc_2023Q1.txt,0.20775258541107178,0.7922474145889282
LEAR CORP,1.0,2.28,2.09,transcripts_by_company/Lear_Corporation_2015Q1.txt,0.40394076704978943,0.5960592329502106
ALLIANT ENERGY CORP,1.0,0.3,0.57,transcripts_by_company/Alliant_Energy_2009Q1.txt,0.13227646052837372,0.8677235394716263
ACM RESEARCH INC,3.0,0.23,0.21,transcripts_by_company/ACM_Research_Inc_2018Q3.txt,0.08304667472839355,0.9169533252716064
CAPITAL PRODUCT PARTNERS LP,1.0,0.09,0.11,transcripts_by_company/Capital_Product_Partners_LP_2015Q1.txt,0.19101367890834808,0.8089863210916519
NASDAQ OMX GROUP INC,4.0,0.15,0.11,transcripts_by_company/OMX_AB_2005Q4.txt,0.13060511648654938,0.8693948835134506
INTRA-CELLULAR THERAPIES INC,4.0,-0.75,-1.04,transcripts_by_company/Intra-Cellular_Therapies_Inc_2018Q4.txt,0.3072013854980469,0.6927986145019531
NETLIST INC,2.0,-0.11,-0.07,transcripts_by_company/Netlist_Inc_2008Q2.txt,0.333732545375824,0.666267454624176
FUEL TECH INC,3.0,0.05,0.08,transcripts_by_company/QUANTUM_FUEL_SYS_TECH_WORLDWDE_2005Q3.txt,0.0946972519159317,0.9053027480840683
DEMAND MEDIA INC,2.0,0.09,0.07,transcripts_by_company/Demand_Media_Inc_2012Q2.txt,0.24617815017700195,0.753821849822998
ALLIANCE DATA SYSTEMS CORP,1.0,2.83,2.94,transcripts_by_company/Alliance_Data_Systems_2014Q1.txt,0.24307666718959808,0.7569233328104019
NVIDIA CORP,3.0,0.07,-0.06,transcripts_by_company/NVIDIA_Corporation_2009Q3.txt,0.17056258022785187,0.8294374197721481
NUVEI CORP,3.0,0.39,0.57,transcripts_by_company/Nuvei_Corporation_2023Q3.txt,0.1369263380765915,0.8630736619234085
KIMCO REALTY CORP,2.0,0.04,0.06,transcripts_by_company/Kimco_Realty_Corporation_2010Q2.txt,0.24964487552642822,0.7503551244735718
GOL LINHAS AEREAS INTELIGENTES S,2.0,-0.28,-0.13,transcripts_by_company/GOL_Linhas_Aereas_Inteligentes_SA_2014Q2.txt,0.15990310907363892,0.8400968909263611
TWIN DISC INC,4.0,0.04,-0.13,transcripts_by_company/Twin_Disc_Incorporated_2017Q4.txt,0.29187870025634766,0.7081212997436523
GREEN MOUNTAIN COFFEE INC.,1.0,0.64,0.78,transcripts_by_company/Green_Mountain_Coffee_Roasters_Inc_2012Q1.txt,0.18961793184280396,0.810382068157196
ALLEGION PLC,1.0,0.61,0.66,transcripts_by_company/Allegion_plc_2016Q1.txt,0.1296844780445099,0.8703155219554901
SPS COMMERCE INC,4.0,0.35,0.55,transcripts_by_company/SPS_Commerce_Inc_2019Q4.txt,0.06268080323934555,0.9373191967606544
LCI INDUSTRIES,1.0,1.38,2.02,transcripts_by_company/LCI_Industries_2019Q1.txt,0.2939314842224121,0.7060685157775879
LECROY CORPORATION,3.0,0.26,0.26,transcripts_by_company/LeCroy_Corp_2011Q3.txt,0.3850637674331665,0.6149362325668335
ROYAL DUTCH SHELL PLC,4.0,0.6,0.58,transcripts_by_company/Royal_Dutch_Shell_plc_2017Q4.txt,0.23056191205978394,0.7694380879402161
GREEN PLAINS INC,4.0,0.12,0.39,transcripts_by_company/Green_Plains_Inc_CurrentQ4.txt,0.18942517042160034,0.8105748295783997
WINGSTOP INC,3.0,0.21,0.2,transcripts_by_company/Wingstop_Inc_2018Q3.txt,0.13756468892097473,0.8624353110790253
FULGENT GENETICS INC,4.0,-0.06,0.07,transcripts_by_company/Fulgent_Genetics_Inc_2017Q4.txt,0.10679939389228821,0.8932006061077118
TENET HEALTHCARE CORP,1.0,1.42,1.7,transcripts_by_company/Tenet_Healthcare_Corporation_2023Q1.txt,0.2497948706150055,0.7502051293849945
SHOCKWAVE MEDICAL INC,3.0,-0.38,-0.51,transcripts_by_company/ShockWave_Medical_Inc_2020Q3.txt,0.2721036374568939,0.7278963625431061
COMPANHIA BRASILEIRA DE DISTRIBC,4.0,0.88,0.65,transcripts_by_company/Companhia_Brasileira_de_Distribuicao_2009Q4.txt,0.16263699531555176,0.8373630046844482
CCC INFORMATION SERVICES GROUP,1.0,0.22,0.23,transcripts_by_company/CCC_Information_Services_Inc_2004Q1.txt,0.25469163060188293,0.7453083693981171
LIVE NATION ENTERTAINMENT INC,2.0,0.15,0.14,transcripts_by_company/Live_Nation_Inc_2007Q2.txt,0.16045214235782623,0.8395478576421738
BIO-RAD LABORATORIES INC,2.0,3.54,2.73,transcripts_by_company/Bio-Rad_Laboratories_Inc_2021Q2.txt,0.269157737493515,0.730842262506485
INTERSTATE HOTELS & RESORTS INC,1.0,-0.03,-0.02,transcripts_by_company/Interstate_Hotels_and_Resorts_2004Q1.txt,0.07717084884643555,0.9228291511535645
CIBER INC,1.0,0.03,0.04,transcripts_by_company/Ciber_Inc_2013Q1.txt,0.3049144148826599,0.6950855851173401
MGM GROWTH PROPERTIES LLC,1.0,0.22,0.24,transcripts_by_company/MGM_Growth_Properties_LLC_2018Q1.txt,0.22705918550491333,0.7729408144950867
IDEXX LABORATORIES INC,3.0,0.66,0.67,transcripts_by_company/IDEXX_Laboratories_Inc_2011Q3.txt,0.16561578214168549,0.8343842178583145
MT BANK CORP,4.0,2.66,2.42,transcripts_by_company/ING_Bank_Slaski_SA_2017Q4.txt,0.13204136490821838,0.8679586350917816
INFOBLOX INC,2.0,0.07,0.14,transcripts_by_company/Infoblox_Inc_2014Q2.txt,0.12445083260536194,0.8755491673946381
NU SKIN ENTERPRISES INC,1.0,0.37,0.92,transcripts_by_company/Nu_Skin_Enterprises_Inc_2023Q1.txt,0.10511168837547302,0.894888311624527
OXFORD INDUSTRIES INC,1.0,0.13,0.73,transcripts_by_company/Oxford_Industries_Inc_2021Q1.txt,0.10340920090675354,0.8965907990932465
STEPAN CO,3.0,0.92,1.12,transcripts_by_company/Stepan_Co_2013Q3.txt,0.34537285566329956,0.6546271443367004
BRUNSWICK CORP,1.0,0.12,0.28,transcripts_by_company/Brunswick_Corporation_2008Q1.txt,0.2295917272567749,0.7704082727432251
NEUROMETRIX INC,2.0,-0.13,-0.11,transcripts_by_company/NeuroMetrix_Inc_2009Q2.txt,0.2565920650959015,0.7434079349040985
PALM HARBOR HOMES INC,1.0,-0.19,0.19,transcripts_by_company/Palm_Harbor_Homes_Inc_2007Q1.txt,0.3582778871059418,0.6417221128940582
LEAPFROG ENTERPRISES INC,3.0,-0.46,0.02,transcripts_by_company/LeapFrog_Enterprises_Inc_2015Q3.txt,0.1372765749692917,0.8627234250307083
TENARIS SA,1.0,0.81,0.82,transcripts_by_company/Tenaris_2007Q1.txt,0.22009465098381042,0.7799053490161896
INNERWORKINGS INC,4.0,0.01,0.18,transcripts_by_company/InnerWorkings_Inc_2008Q4.txt,0.3075781464576721,0.6924218535423279
MINERVA NEUROSCIENCES INC,3.0,-0.24,-0.28,transcripts_by_company/Minerva_SA_2016Q3.txt,0.1594182848930359,0.8405817151069641
CONTAINER STORE GROUP INC,3.0,0.54,0.27,transcripts_by_company/The_Container_Store_Group_Inc_2021Q3.txt,0.2182215005159378,0.7817784994840622
MAIDEN HOLDINGS LTD,1.0,0.29,0.3,transcripts_by_company/Maiden_Holdings_Ltd_2013Q1.txt,0.2878779172897339,0.7121220827102661
ARCH CHEMICALS INC,3.0,0.25,0.15,transcripts_by_company/Arch_Chemicals_Inc_2004Q3.txt,0.30261772871017456,0.6973822712898254
HARTE-HANKS COMMUNICATIONS,2.0,0.13,0.18,transcripts_by_company/Harte-Hanks_Inc_2012Q2.txt,0.3406105637550354,0.6593894362449646
MERCURY COMPUTER SYSTEMS,2.0,0.2,0.29,transcripts_by_company/Mercury_Computer_Systems_2003Q2.txt,0.33849531412124634,0.6615046858787537
REPLIGEN CORP,1.0,0.17,0.17,transcripts_by_company/Repligen_Corporation_2018Q1.txt,0.36481040716171265,0.6351895928382874
OMNIVISION TECHNOLOGIES INC,3.0,0.07,0.03,transcripts_by_company/Omnivision_2002Q3.txt,0.3198907971382141,0.6801092028617859
ONCOCYTE CORP,1.0,-0.05,-0.08,transcripts_by_company/OncoCyte_Corporation_2021Q1.txt,0.26330024003982544,0.7366997599601746
VALEANT PHARMACEUTICALS INTERNAT,2.0,1.34,1.22,transcripts_by_company/Valeant_Pharmaceuticals_International_Inc_2013Q2.txt,0.10649152100086212,0.8935084789991379
FASTENAL CO,4.0,0.59,0.58,transcripts_by_company/Fastenal_Company_2018Q4.txt,0.16220839321613312,0.8377916067838669
IMMUNOGEN INC,4.0,-0.17,-0.23,transcripts_by_company/ImmunoGen_Inc_2021Q4.txt,0.276127427816391,0.723872572183609
INTERMUNE INC,3.0,-0.67,-0.32,transcripts_by_company/InterMune_Inc_2006Q3.txt,0.34231823682785034,0.6576817631721497
ARTHUR J GALLAGHER & CO,4.0,0.59,0.68,transcripts_by_company/Arthur_J_Gallagher_and_Company_2015Q4.txt,0.18685604631900787,0.8131439536809921
W&T OFFSHORE INC,1.0,0.29,1.21,transcripts_by_company/WandT_Offshore_Inc_2007Q1.txt,0.14822828769683838,0.8517717123031616
NISOURCE INC,2.0,0.13,0.16,transcripts_by_company/NiSource_Incorporated_2004Q2.txt,0.1353372037410736,0.8646627962589264
GOPRO INC,4.0,0.41,0.42,transcripts_by_company/GoPro_Inc_2021Q4.txt,0.21047532558441162,0.7895246744155884
XO GROUP INC,4.0,0.09,0.05,transcripts_by_company/XO_Group_Inc_2011Q4.txt,0.14478382468223572,0.8552161753177643
MEDICAL PROPERTIES TRUST INC,3.0,0.13,0.13,transcripts_by_company/Medical_Properties_Trust_Inc_2009Q3.txt,0.2821516692638397,0.7178483307361603
SUSSER HOLDINGS CORP,2.0,0.37,0.24,transcripts_by_company/Susser_Holdings_Corp_2007Q2.txt,0.16293932497501373,0.8370606750249863
KANSAS CITY SOUTHERN,3.0,0.32,0.17,transcripts_by_company/Kansas_City_Southern_2006Q3.txt,0.33893513679504395,0.661064863204956
TEVA PHARMACEUTICAL INDUSTRIES L,2.0,0.56,0.58,transcripts_by_company/Teva_Pharmaceutical_Industries_Limited_2023Q2.txt,0.1824640929698944,0.8175359070301056
ENTROPIC COMMUNICATIONS INC,4.0,0.08,0.08,transcripts_by_company/Entropic_Communications_Inc_2012Q4.txt,0.32284247875213623,0.6771575212478638
MPLX LP,4.0,1.1,0.91,transcripts_by_company/MPLX_LP_2023Q4.txt,0.18545259535312653,0.8145474046468735
IMPAC MORTGAGE HOLDINGS INC,2.0,0.27,0.31,transcripts_by_company/Impac_Mortgage_Holdings_Inc_2006Q2.txt,0.14297756552696228,0.8570224344730377
APPLIED INDUSTRIAL TECHNOLOGIES,1.0,0.39,0.3,transcripts_by_company/Applied_Industrial_Technologies_2010Q1.txt,0.28716176748275757,0.7128382325172424
RPM INTERNATIONAL INC,1.0,0.2,0.15,transcripts_by_company/RPM_International_Inc_2015Q1.txt,0.12954729795455933,0.8704527020454407
NOVA CHEMICALS CORP,4.0,-2.3,0.77,transcripts_by_company/NOVA_Chemicals_2008Q4.txt,0.08590998500585556,0.9140900149941444
COOPER TIRE & RUBBER CO,3.0,0.29,0.31,transcripts_by_company/Cooper_Tire_and_Rubber_2007Q3.txt,0.1925700157880783,0.8074299842119217
CABOT CORP,2.0,0.06,0.38,transcripts_by_company/Cabot_Microelectronics_2009Q2.txt,0.33349767327308655,0.6665023267269135
KEYSTONE AUTOMOTIVE INDUSTRIES,4.0,0.25,0.35,transcripts_by_company/Keystone_Automotive_2004Q4.txt,0.38131919503211975,0.6186808049678802
HENRY SCHEIN INC,4.0,0.7,0.67,transcripts_by_company/Henry_Schein_2006Q4.txt,0.29729026556015015,0.7027097344398499
GLADSTONE LAND CORP,3.0,-0.03,-0.01,transcripts_by_company/Gladstone_Land_Corporation_2019Q3.txt,0.18219366669654846,0.8178063333034515
SUNRISE SENIOR LIVING INC,3.0,0.41,0.48,transcripts_by_company/Sunrise_Senior_Living_Inc_2004Q3.txt,0.18233883380889893,0.8176611661911011
LEVI STRAUSS & CO,4.0,0.34,0.41,transcripts_by_company/Levi_Strauss_and_Co_2022Q4.txt,0.2384156733751297,0.7615843266248703
"SPATIALIGHT, INC.",2.0,-0.1,-0.04,transcripts_by_company/Tiscali_SpA_2005Q2.txt,0.20831480622291565,0.7916851937770844
ALNYLAM PHARMACEUTICALS INC,3.0,-0.23,-0.38,transcripts_by_company/Alnylam_Pharmaceuticals_2006Q3.txt,0.2140129953622818,0.7859870046377182
CALITHERA BIOSCIENCES INC,3.0,-0.32,-0.37,transcripts_by_company/Calithera_Biosciences_Inc_2020Q3.txt,0.161814346909523,0.838185653090477
PAR TECHNOLOGY C,2.0,0.14,0.08,transcripts_by_company/PAR_Technology_Corporation_2004Q2.txt,0.2910462021827698,0.7089537978172302
SI-BONE INC,4.0,-0.36,-0.28,transcripts_by_company/SI-BONE_Inc_2019Q4.txt,0.15138834714889526,0.8486116528511047
PDI INC,4.0,0.01,0.04,transcripts_by_company/PDI_Inc_2006Q4.txt,0.2591687738895416,0.7408312261104584
WIX.COM LTD,1.0,-0.3,-0.2,transcripts_by_company/Wixcom_Ltd_2014Q1.txt,0.04790341481566429,0.9520965851843357
"DISNEY, WALT",4.0,1.63,1.46,transcripts_by_company/The_Walt_Disney_Company_2015Q4.txt,0.15370267629623413,0.8462973237037659
EMC CORP MASS,4.0,0.49,0.47,transcripts_by_company/EMC_Corporation_2011Q4.txt,0.31815701723098755,0.6818429827690125
SPARTANNASH CO,3.0,0.53,0.54,transcripts_by_company/SpartanNash_Company_2016Q3.txt,0.15428052842617035,0.8457194715738297
AUXILIUM PHARMACEUTICALS INC,1.0,-0.18,-0.38,transcripts_by_company/Auxilium_Pharmaceuticals_Inc_2010Q1.txt,0.2093384861946106,0.7906615138053894
OKTA INC,3.0,0.31,0.05,transcripts_by_company/Okta_Inc_2023Q3.txt,0.2718641757965088,0.7281358242034912
OUTBACK STEAKHOUSE INC,4.0,0.5,0.64,transcripts_by_company/Outback_Steakhouse_2004Q4.txt,0.2098417431116104,0.7901582568883896
CNH INDUSTRIAL NV,4.0,0.06,0.16,transcripts_by_company/CNH_Industrial_NV_2014Q4.txt,0.08146531134843826,0.9185346886515617
XEROX CORP,4.0,0.24,0.24,transcripts_by_company/Xerox_Corp_2004Q4.txt,0.17184382677078247,0.8281561732292175
COLUMBIA LABORATORIES INC,2.0,-0.05,-0.05,transcripts_by_company/Columbia_Laboratories_2006Q2.txt,0.2546980679035187,0.7453019320964813
AFFILIATED MANAGERS GROUP INC,4.0,2.15,2.41,transcripts_by_company/Affiliated_Managers_Group_Inc_2007Q4.txt,0.09042657911777496,0.909573420882225
DST SYSTEMS INC,2.0,0.9,0.98,transcripts_by_company/DST_Systems_2009Q2.txt,0.30573850870132446,0.6942614912986755
AVISTA CORP,3.0,-0.08,0.14,transcripts_by_company/Avista_Corporation_2022Q3.txt,0.15274696052074432,0.8472530394792557
ALLIANCE RESOURCE PARTNERS LP,3.0,1.18,1.54,transcripts_by_company/Alliance_Resource_Partners_LP_2023Q3.txt,0.2900318205356598,0.7099681794643402
CAPSTEAD MORTGAGE CORP,4.0,0.35,0.33,transcripts_by_company/Capstead_Mortgage_Corporation_2013Q4.txt,0.09954117983579636,0.9004588201642036
HITACHI LTD,3.0,1.29,1.32,transcripts_by_company/Hitachi_Data_Systems_2011Q3.txt,0.12579093873500824,0.8742090612649918
CHURCHILL DOWNS INC,1.0,0.16,0.5,transcripts_by_company/Churchill_Downs_Incorporated_2016Q1.txt,0.046058397740125656,0.9539416022598743
OPEN TEXT CORP (PRE-REINCORPORAT,1.0,0.75,0.71,transcripts_by_company/Open_Text_Corporation_2021Q1.txt,0.24303124845027924,0.7569687515497208
TREX COMPANY INC,3.0,0.5,0.91,transcripts_by_company/Trex_Company_Inc_2018Q3.txt,0.1660921573638916,0.8339078426361084
GENOCEA BIOSCIENCES INC,4.0,0.0,-0.15,transcripts_by_company/Genocea_Biosciences_Inc_2018Q4.txt,0.1538221836090088,0.8461778163909912
MAGMA DESIGN AUTOMATION,3.0,0.02,0.15,transcripts_by_company/Magma_Design_Automation_Inc_2008Q3.txt,0.2576967775821686,0.7423032224178314
EDUCATION MANAGEMENT,3.0,0.08,0.08,transcripts_by_company/Education_Management_2002Q3.txt,0.10589568316936493,0.8941043168306351
PERKINELMER INC,3.0,0.45,0.47,transcripts_by_company/PerkinElmer_Inc_2012Q3.txt,0.2485954910516739,0.7514045089483261
POLYCOM INC,1.0,0.18,0.14,transcripts_by_company/Polycom_2014Q1.txt,0.3449167311191559,0.6550832688808441
NEENAH INC,1.0,0.38,0.62,transcripts_by_company/Neenah_Paper_Inc_2008Q1.txt,0.37831738591194153,0.6216826140880585
AVALONBAY COMMUNITIES INC,3.0,2.0,1.19,transcripts_by_company/AvalonBay_Communities_Inc_2019Q3.txt,0.34062618017196655,0.6593738198280334
BRUNSWICK CORP,4.0,0.52,0.45,transcripts_by_company/Brunswick_Corp_2015Q4.txt,0.13044950366020203,0.869550496339798
SMARTFINANCIAL INC,1.0,0.19,0.4,transcripts_by_company/SmartFinancial_Inc_2020Q1.txt,0.17479190230369568,0.8252080976963043
ADVISORY BOARD CO.,4.0,0.26,0.31,transcripts_by_company/The_Advisory_Board_Company_2014Q4.txt,0.21761608123779297,0.782383918762207
WESTLAKE CHEMICAL CORP,2.0,1.03,1.01,transcripts_by_company/Westlake_Chemical_Corporation_2006Q2.txt,0.11924868077039719,0.8807513192296028
STRAYER EDUCATION,3.0,0.36,0.8,transcripts_by_company/Strayer_Education_2012Q3.txt,0.21166713535785675,0.7883328646421432
BOISE CASCADE CO,4.0,4.26,1.29,transcripts_by_company/BSE_Limited_2021Q4.txt,0.15351703763008118,0.8464829623699188
TERCICA INC,3.0,-0.37,-0.46,transcripts_by_company/Tercica_2005Q3.txt,0.17789877951145172,0.8221012204885483
GRAFTECH INTERNATIONAL LTD,1.0,0.07,0.06,transcripts_by_company/GrafTech_International_Ltd_2006Q1.txt,0.06451446563005447,0.9354855343699455
PEPSICO INC,2.0,1.21,1.23,transcripts_by_company/PepsiCo_Inc_2011Q2.txt,0.1544906198978424,0.8455093801021576
RIMINI STREET INC,4.0,-0.03,0.07,transcripts_by_company/Rimini_Street_Inc_2020Q4.txt,0.2201719582080841,0.7798280417919159
STARTEK INC,4.0,0.06,0.15,transcripts_by_company/StarTek_2009Q4.txt,0.16907647252082825,0.8309235274791718
AWARE INC,2.0,-0.06,-0.06,transcripts_by_company/Aware_Inc_2022Q2.txt,0.38847482204437256,0.6115251779556274
DLH HOLDINGS CORP,2.0,0.13,0.14,transcripts_by_company/DLH_Holdings_Corp_2019Q2.txt,0.19020363688468933,0.8097963631153107
GENERAC HOLDINGS INC,4.0,2.12,1.39,transcripts_by_company/Generac_Holdings_Inc_2020Q4.txt,0.29654935002326965,0.7034506499767303
POWELL INDUSTRIES INC,3.0,0.28,0.2,transcripts_by_company/Powell_Industries_Inc_2021Q3.txt,0.16072645783424377,0.8392735421657562
UNIVERSAL DISPLAY CORP,4.0,0.16,0.04,transcripts_by_company/Universal_Display_Corp_2011Q4.txt,0.2503388822078705,0.7496611177921295
SIERRA WIRELESS INC,2.0,-0.3,0.21,transcripts_by_company/Sierra_Wireless_2005Q2.txt,0.28368741273880005,0.7163125872612
FRESH DEL MONTE PRODUCE INC,2.0,0.27,0.71,transcripts_by_company/Fresh_Del_Monte_Produce_Inc_2006Q2.txt,0.28963497281074524,0.7103650271892548
MATTHEWS INTERNATIONAL CORP,4.0,0.47,0.5,transcripts_by_company/Matthews_International_Corp_2011Q4.txt,0.3991011381149292,0.6008988618850708
JOUNCE THERAPEUTICS INC,4.0,-0.59,-0.32,transcripts_by_company/Jounce_Therapeutics_Inc_2021Q4.txt,0.16998492181301117,0.8300150781869888
HENRY JACK & ASSOCIATES,1.0,0.77,0.73,transcripts_by_company/Jack_Henry_and_Associates_Inc_2017Q1.txt,0.2656731605529785,0.7343268394470215
ELECTRONIC GAME CARD INC,2.0,0.02,0.02,transcripts_by_company/Electronic_Game_Card_Inc_2008Q2.txt,0.21657343208789825,0.7834265679121017
VIR BIOTECHNOLOGY INC,1.0,-1.06,-0.51,transcripts_by_company/Vir_Biotechnology_Inc_2023Q1.txt,0.1342238485813141,0.8657761514186859
HELMERICH  PAYNE INC,3.0,-0.33,-0.27,transcripts_by_company/Helmerich_and_Payne_Inc_2016Q3.txt,0.3076605498790741,0.6923394501209259
ABENGOA YIELD PLC,2.0,0.17,0.32,transcripts_by_company/Abengoa_SA_2015Q2.txt,0.1617136299610138,0.8382863700389862
COCA-COLA HBC,4.0,1.67,1.63,transcripts_by_company/Coca-Cola_Hellenic_Bottling_Company_SA_2009Q4.txt,0.14373329281806946,0.8562667071819305
POLARITYTE INC,1.0,-0.16,-0.14,transcripts_by_company/PolarityTE_Inc_2021Q1.txt,0.20927830040454865,0.7907216995954514
BRAVO BRIO RESTAURANT GROUP INC,1.0,0.14,0.2,transcripts_by_company/Bravo_Brio_Restaurant_Group_Inc_2014Q1.txt,0.054362136870622635,0.9456378631293774
SI-BONE INC,1.0,-0.47,-0.22,transcripts_by_company/SI-BONE_Inc_2020Q1.txt,0.1505410224199295,0.8494589775800705
BELLATRIX EXPLORATION LTD,3.0,-0.45,-0.02,transcripts_by_company/Bellatrix_Exploration_Ltd_2017Q3.txt,0.10468164086341858,0.8953183591365814
ALIGNMENT HEALTHCARE INC,4.0,-0.27,-0.14,transcripts_by_company/Alignment_Healthcare_Inc_2021Q4.txt,0.20237737894058228,0.7976226210594177
LIVEPERSON INC,4.0,0.01,0.06,transcripts_by_company/LivePerson_Inc_2018Q4.txt,0.30974841117858887,0.6902515888214111
ENTEGRIS INC,3.0,0.1,0.17,transcripts_by_company/Entegris_2007Q3.txt,0.1225138008594513,0.8774861991405487
BANK OF MONTREAL,1.0,1.14,1.11,transcripts_by_company/Bank_of_Montreal_2007Q1.txt,0.2590560019016266,0.7409439980983734
DRS TECHNOLOGIES INC,1.0,0.6,0.52,transcripts_by_company/DRS_Technologies_2004Q1.txt,0.21523411571979523,0.7847658842802048
PUBLIC SERVICE ENTERPRISE GROUP,1.0,1.39,1.21,transcripts_by_company/Public_Service_Enterprise_Group_Incorporated_2023Q1.txt,0.20937997102737427,0.7906200289726257
RADISYS CORPORATION,3.0,0.13,0.15,transcripts_by_company/RadiSys_Corporation_2009Q3.txt,0.10773997753858566,0.8922600224614143
PROTAGONIST THERAPEUTICS INC,2.0,-0.61,-0.69,transcripts_by_company/Protagonist_Therapeutics_Inc_2020Q2.txt,0.21501806378364563,0.7849819362163544
EURONET WORLDWIDE INC,4.0,0.34,0.39,transcripts_by_company/Euronet_Worldwide_Inc_2008Q4.txt,0.21620211005210876,0.7837978899478912
GRUPO SIMEC SAB DE CV,3.0,2.49,2.564,transcripts_by_company/Grupo_Bimbo_SAB_de_CV_2017Q3.txt,0.198224276304245,0.801775723695755
DORAL FINANCIAL CORP,1.0,0.28,1.04,transcripts_by_company/Doral_Financial_2005Q1.txt,0.21096225082874298,0.789037749171257
RANGE RESOURCES CORP,3.0,0.46,0.53,transcripts_by_company/Range_Resources_Corporation_2023Q3.txt,0.17516659200191498,0.824833407998085
INNERWORKINGS INC,4.0,0.11,0.11,transcripts_by_company/InnerWorkings_Inc_2007Q4.txt,0.3299805223941803,0.6700194776058197
AVERY DENNISON CORP,1.0,0.75,0.75,transcripts_by_company/Avery_Dennison_Corporation_2006Q1.txt,0.22625085711479187,0.7737491428852081
ITAU UNIBANCO HOLDING SA,1.0,0.48,0.47,transcripts_by_company/Itau_Unibanco_Holding_SA_2011Q1.txt,0.20668882131576538,0.7933111786842346
QUINSTREET INC,4.0,0.12,0.15,transcripts_by_company/QuinStreet_Inc_2019Q4.txt,0.10810336470603943,0.8918966352939606
HUMANA INC,4.0,1.07,1.2,transcripts_by_company/Humana_Inc_2008Q4.txt,0.09267347306013107,0.9073265269398689
SERVICE CORPORATION INTERNATIONA,2.0,0.28,0.3,transcripts_by_company/Service_Corporation_International_2016Q2.txt,0.4049140512943268,0.5950859487056732
HEMISPHERE MEDIA GROUP INC,1.0,0.12,-0.13,transcripts_by_company/Hemisphere_Media_Group_Inc_2021Q1.txt,0.35282793641090393,0.6471720635890961
LEXINGTON REALTY TRUST,3.0,0.15,0.04,transcripts_by_company/Lexington_Realty_Trust_2020Q3.txt,0.2655872702598572,0.7344127297401428
BOEING CO,2.0,1.16,1.5,transcripts_by_company/The_Boeing_Company_2008Q2.txt,0.2510165274143219,0.7489834725856781
AFLAC INC,4.0,1.48,1.58,transcripts_by_company/Aflac_Incorporated_2012Q4.txt,0.19385215640068054,0.8061478435993195
ASTRONICS CORP,3.0,0.21,0.45,transcripts_by_company/Astronics_Corporation_2017Q3.txt,0.3270106315612793,0.6729893684387207
VOLCANO CORP,3.0,0.04,0.06,transcripts_by_company/Volcano_Corporation_2012Q3.txt,0.23696495592594147,0.7630350440740585
EXLSERVICE HOLDINGS INC,1.0,0.71,0.71,transcripts_by_company/ExlService_Holdings_Inc_2019Q1.txt,0.12858770787715912,0.8714122921228409
IRONWOOD PHARMACEUTICALS INC,3.0,-0.25,-0.12,transcripts_by_company/Ironwood_Pharmaceuticals_Inc_2015Q3.txt,0.3365975618362427,0.6634024381637573
MDU RESOURCES GROUP INC,1.0,0.19,0.24,transcripts_by_company/MDU_Resources_Group_Inc_2012Q1.txt,0.09729006886482239,0.9027099311351776
GENESCO INC,1.0,1.16,1.13,transcripts_by_company/Genesco_Inc_2010Q1.txt,0.15768155455589294,0.8423184454441071
KOHL'S CORP,2.0,0.63,0.81,transcripts_by_company/Kohls_Corporation_2012Q2.txt,0.3900117576122284,0.6099882423877716
8X8 INC,4.0,0.07,0.04,transcripts_by_company/8x8_Inc_2022Q4.txt,0.19239793717861176,0.8076020628213882
CLEARFIELD INC,4.0,0.08,0.08,transcripts_by_company/Clearfield_Inc_2018Q4.txt,0.36365675926208496,0.636343240737915
HARTFORD FINANCIAL SERVICES GP,2.0,1.9,1.56,transcripts_by_company/Hartford_Financial_Services_2009Q2.txt,0.09528137743473053,0.9047186225652695
SYNTEL INC,3.0,0.29,0.26,transcripts_by_company/Synthes_Inc_2004Q3.txt,0.06843388080596924,0.9315661191940308
FGI INDUSTRIES LTD,3.0,0.05,0.13,transcripts_by_company/FGI_Industries_Ltd_2023Q3.txt,0.17601579427719116,0.8239842057228088
NETGEAR INC,1.0,0.14,0.1,transcripts_by_company/NetGear_Inc_2004Q1.txt,0.2924845218658447,0.7075154781341553
GENVEC INC.,1.0,-0.08,-0.07,transcripts_by_company/GenVec_2007Q1.txt,0.17298352718353271,0.8270164728164673
GOODYEAR TIRE  RUBBER CO,4.0,0.19,0.71,transcripts_by_company/The_Goodyear_Tire_and_Rubber_Company_2019Q4.txt,0.1587907373905182,0.8412092626094818
BUTTERFLY NETWORK INC,1.0,-0.17,-0.21,transcripts_by_company/Butterfly_Network_Inc_2023Q1.txt,0.30215689539909363,0.6978431046009064
ARTESYN TECHNOLOGIES INC,2.0,0.08,0.03,transcripts_by_company/Artesyn_Technologies_Inc_2004Q2.txt,0.17073878645896912,0.8292612135410309
COPA HOLDINGS SA,1.0,1.12,0.78,transcripts_by_company/COPA_HOLDINGS_SA_2007Q1.txt,0.15014579892158508,0.8498542010784149
GRAY TELEVISION INC,3.0,1.14,0.65,transcripts_by_company/Gray_Television_Inc_2020Q3.txt,0.18016666173934937,0.8198333382606506
IDACORP INC.,3.0,2.07,1.99,transcripts_by_company/IDACORP_Inc_2023Q3.txt,0.2164643555879593,0.7835356444120407
TRECORA RESOURCES,1.0,0.09,0.18,transcripts_by_company/Trecora_Resources_2018Q1.txt,0.16904273629188538,0.8309572637081146
U.S. SHIPPING PARTNERS LP,2.0,-0.14,-0.15,transcripts_by_company/US_Shipping_Partners_LP_2008Q2.txt,0.20517224073410034,0.7948277592658997
DICK'S SPORTING GOODS INC,3.0,0.83,0.58,transcripts_by_company/Dicks_Sporting_Goods_Inc_2007Q3.txt,0.3687482476234436,0.6312517523765564
BIOMARIN PHARMACEUTICAL INC,3.0,-0.21,-0.3,transcripts_by_company/BioMarin_2005Q3.txt,0.24050277471542358,0.7594972252845764
SIGMA-ALDRICH CORP,1.0,0.68,0.64,transcripts_by_company/Sigma-Aldrich_Corporation_2003Q1.txt,0.273284912109375,0.726715087890625
NU SKIN ENTERPRISES INC,4.0,2.02,1.5,transcripts_by_company/Nu_Skin_Enterprises_Inc_2013Q4.txt,0.10244059562683105,0.897559404373169
TRUSTCO BANK CORP NY,1.0,0.93,0.9,transcripts_by_company/TrustCo_Bank_Corp_NY_2023Q1.txt,0.2126488834619522,0.7873511165380478
UNIFIRST CORP,1.0,1.71,1.81,transcripts_by_company/UniFirst_Corporation_2021Q1.txt,0.20746202766895294,0.7925379723310471
AIR METHODS CORP,3.0,1.48,1.03,transcripts_by_company/Air_Methods_2010Q3.txt,0.23592935502529144,0.7640706449747086
COTERRA ENERGY INC,2.0,0.39,0.62,transcripts_by_company/Coterra_Energy_Inc_2023Q2.txt,0.11296769976615906,0.8870323002338409
JACOBS ENGINEERING GROUP INC,3.0,0.63,0.89,transcripts_by_company/Jacobs_Engineering_Group_Inc_2009Q3.txt,0.31268632411956787,0.6873136758804321
FARFETCH LTD,1.0,-0.22,-0.29,transcripts_by_company/Farfetch_Limited_2021Q1.txt,0.23598197102546692,0.7640180289745331
RADIAN GROUP INC,1.0,-0.06,-0.14,transcripts_by_company/Radian_Group_Inc_2013Q1.txt,0.14524510502815247,0.8547548949718475
DOVER CORP,2.0,2.06,1.47,transcripts_by_company/Dover_Corporation_2021Q2.txt,0.0453324131667614,0.9546675868332386
ENTERPRISE FINANCIAL SERVICES CO,4.0,1.09,1.11,transcripts_by_company/Enterprise_Financial_Services_Corp_2019Q4.txt,0.13331474363803864,0.8666852563619614
BOMBARDIER INC,3.0,0.11,0.17,transcripts_by_company/Bombardier_Inc_2009Q3.txt,0.279391348361969,0.720608651638031
CUBIC CORP,1.0,-0.07,0.37,transcripts_by_company/Cubic_Corporation_2018Q1.txt,0.33415302634239197,0.665846973657608
EXPONENT INC,2.0,0.77,0.77,transcripts_by_company/Exponent_Inc_2013Q2.txt,0.15608170628547668,0.8439182937145233
EQUIFAX INC,1.0,0.38,0.34,transcripts_by_company/Equifax_Inc_2004Q1.txt,0.24562571942806244,0.7543742805719376
DIAMEDICA THERAPEUTICS INC,2.0,-0.16,-0.22,transcripts_by_company/DiaMedica_Therapeutics_Inc_2023Q2.txt,0.2411288022994995,0.7588711977005005
PEMBINA PIPELINE CORP,2.0,0.25,0.31,transcripts_by_company/Pembina_Pipeline_Corporation_2016Q2.txt,0.1947559118270874,0.8052440881729126
STEIN MART INC,3.0,0.19,0.3,transcripts_by_company/Stein_Mart_Inc_2006Q3.txt,0.1319982260465622,0.8680017739534378
ARGON ST INC,4.0,0.27,0.29,transcripts_by_company/Argon_ST_Inc_2005Q4.txt,0.3402065336704254,0.6597934663295746
SNAP-ON INC,2.0,3.22,3.29,transcripts_by_company/Snap-on_Incorporated_2019Q2.txt,0.19104839861392975,0.8089516013860703
BOOKING HOLDINGS INC,4.0,23.3,23.01,transcripts_by_company/Booking_Holdings_Inc_2019Q4.txt,0.2837553322315216,0.7162446677684784
"OLYMPIC STEEL, INC.",1.0,-2.34,0.99,transcripts_by_company/Olympic_Steel_2009Q1.txt,0.2936601936817169,0.7063398063182831
TILLY'S INC,4.0,0.17,0.33,transcripts_by_company/Tillys_Inc_2022Q4.txt,0.15389029681682587,0.8461097031831741
NORTHWESTERN CORP,2.0,0.5,0.63,transcripts_by_company/NorthWestern_Corporation_2019Q2.txt,0.14564059674739838,0.8543594032526016
SURMODICS INC,4.0,0.12,0.14,transcripts_by_company/SurModics_2002Q4.txt,0.12440971285104752,0.8755902871489525
DENDREON CORP,4.0,-0.58,-0.32,transcripts_by_company/Dendreon_Corp_2013Q4.txt,0.27591684460639954,0.7240831553936005
AIR TRANSPORT SERVICES GROUP INC,1.0,0.1,0.17,transcripts_by_company/Air_Transport_Services_Group_Inc_2012Q1.txt,0.07291357964277267,0.9270864203572273
MYOKARDIA INC,3.0,-1.6,-1.48,transcripts_by_company/MyoKardia_Inc_2020Q3.txt,0.20935986936092377,0.7906401306390762
WINTRUST FINANCIAL CORP,3.0,2.53,2.75,transcripts_by_company/Wintrust_Financial_Corporation_2023Q3.txt,0.25900599360466003,0.74099400639534
BUENAVENTURA,3.0,0.31,0.24,transcripts_by_company/Compania_de_Minas_Buenaventura_SAA_2014Q3.txt,0.17347656190395355,0.8265234380960464
SYNNEX CORP,4.0,1.2,1.21,transcripts_by_company/SYNNEX_Corporation_2013Q4.txt,0.23130562901496887,0.7686943709850311
TENNECO AUTOMOTIVE INC,3.0,0.99,0.98,transcripts_by_company/Tenneco_Inc_2013Q3.txt,0.19395646452903748,0.8060435354709625
KFX INC,4.0,-0.17,0.01,transcripts_by_company/KFx_2005Q4.txt,0.23332621157169342,0.7666737884283066
MMC NORILSK NICKEL,4.0,2.92,37.17,transcripts_by_company/JSC_MMC_Norilsk_Nickel_2007Q4.txt,0.27041923999786377,0.7295807600021362
HERC HOLDINGS INC,4.0,3.44,3.62,transcripts_by_company/Herc_Holdings_Inc_2022Q4.txt,0.2797364592552185,0.7202635407447815
FLEXIBLE SOLUTIONS INTERNATIONAL,4.0,0.0,0.04,transcripts_by_company/Flexible_Solutions_International_Inc_2020Q4.txt,0.15104277431964874,0.8489572256803513
RADIANT LOGISTICS INC,2.0,0.07,0.04,transcripts_by_company/Radiant_Logistics_Inc_2017Q2.txt,0.3567677140235901,0.6432322859764099
TYLER TECHNOLOGIES INC,1.0,0.01,0.07,transcripts_by_company/Tyler_Technologies_2005Q1.txt,0.32305195927619934,0.6769480407238007
GREENHILL & CO INC,1.0,0.53,0.48,transcripts_by_company/Greenhill_and_Co_Inc_2012Q1.txt,0.019962869584560394,0.9800371304154396
HANNON ARMSTRONG SUSTAINABLE INF,1.0,0.27,0.36,transcripts_by_company/Hannon_Armstrong_Sustainable_Infrastructure_Capital_Inc_2018Q1.txt,0.08889199793338776,0.9111080020666122
RETAIL OPPORTUNITY INVESTMENTS C,1.0,0.08,0.06,transcripts_by_company/Retail_Opportunity_Investments_Corporation_2016Q1.txt,0.3400055170059204,0.6599944829940796
PHUNWARE INC,1.0,-0.18,-0.07,transcripts_by_company/Phunware_Inc_2021Q1.txt,0.3946956694126129,0.6053043305873871
GUIDANCE SOFTWARE INC,2.0,0.05,0.04,transcripts_by_company/Guidance_Software_Inc_2012Q2.txt,0.13473357260227203,0.865266427397728
PRUDENTIAL FINANCIAL INC,3.0,2.66,2.5,transcripts_by_company/Prudential_Financial_Inc_2016Q3.txt,0.2080407738685608,0.7919592261314392
VULCAN MATERIALS CO,2.0,0.9,1.04,transcripts_by_company/Vulcan_Materials_Company_2016Q2.txt,0.23968662321567535,0.7603133767843246
AMERICAN WOODMARK CORP,1.0,0.84,1.0,transcripts_by_company/American_Woodmark_Corporation_2018Q1.txt,0.2527105212211609,0.7472894787788391
IROBOT CORP,4.0,0.88,0.9,transcripts_by_company/iRobot_Corporation_2018Q4.txt,0.1913595199584961,0.8086404800415039
PRICESMART INC,2.0,0.61,0.68,transcripts_by_company/PriceSmart_Inc_2018Q2.txt,0.23987020552158356,0.7601297944784164
KENNEDY-WILSON HOLDINGS INC,1.0,-0.12,-0.07,transcripts_by_company/Kennedy-Wilson_Holdings_Inc_2012Q1.txt,0.25428399443626404,0.745716005563736
AMEREN CORP,4.0,0.48,0.45,transcripts_by_company/Ameren_Corporation_2021Q4.txt,0.23576165735721588,0.7642383426427841
LINDSAY CORP,2.0,1.47,1.21,transcripts_by_company/Lindsay_Corp_2012Q2.txt,0.25191283226013184,0.7480871677398682
MYERS INDUSTRIES INC,1.0,0.23,0.25,transcripts_by_company/Myers_Industries_Inc_2019Q1.txt,0.18413864076137543,0.8158613592386246
NISOURCE INC,1.0,0.77,0.8,transcripts_by_company/NiSource_Inc_2021Q1.txt,0.1907825469970703,0.8092174530029297
CALIX INC,4.0,0.45,0.14,transcripts_by_company/Calix_Inc_2020Q4.txt,0.2672269344329834,0.7327730655670166
ENTERGY CORP,2.0,1.78,1.42,transcripts_by_company/Entergy_Corporation_2022Q2.txt,0.2485656440258026,0.7514343559741974
FORMFACTOR INC,1.0,0.17,0.27,transcripts_by_company/FormFactor_Inc_2018Q1.txt,0.4025549292564392,0.5974450707435608
GOLUB CAPITAL BDC INC,3.0,0.32,0.33,transcripts_by_company/Golub_Capital_BDC_Inc_2015Q3.txt,0.33891308307647705,0.661086916923523
ARES MANAGEMENT CORP,4.0,0.85,0.64,transcripts_by_company/Ares_Management_Corporation_2021Q4.txt,0.16959457099437714,0.8304054290056229
TENNECO AUTOMOTIVE INC,1.0,0.2,0.2,transcripts_by_company/Tenneco_Automotive_2005Q1.txt,0.210073783993721,0.789926216006279
DELUXE CHECK PTR,4.0,1.38,1.0,transcripts_by_company/Deluxe_Corporation_2020Q4.txt,0.2615692615509033,0.7384307384490967
GREENLAND TECHNOLOGIES HOLDING C,1.0,0.11,0.16,transcripts_by_company/Greenland_Technologies_Holding_Corporation_2023Q1.txt,0.12381408363580704,0.876185916364193
TECNOGLASS INC,2.0,0.08,0.23,transcripts_by_company/Tecnoglass_Inc_2017Q2.txt,0.2731342315673828,0.7268657684326172
E-HOUSE CHINA HOLDINGS LTD,3.0,-0.07,0.19,transcripts_by_company/E-House_Holdings_Ltd_2012Q3.txt,0.1455623209476471,0.8544376790523529
CSG SYSTEMS INTERNATIONAL INC,3.0,1.06,0.93,transcripts_by_company/CSG_Systems_International_Inc_2022Q3.txt,0.2443053275346756,0.7556946724653244
WILLIAMS COMPANIES INC,1.0,0.41,0.3,transcripts_by_company/The_Williams_Companies_Inc_2022Q1.txt,0.12388483434915543,0.8761151656508446
CRYOLIFE INC,2.0,-0.02,0.11,transcripts_by_company/CryoLife_Inc_2020Q2.txt,0.17201396822929382,0.8279860317707062
SCHWEITZER-MAUDUIT INTERNATIONAL,3.0,1.0,0.8,transcripts_by_company/Schweitzer-Mauduit_International_Inc_2017Q3.txt,0.26306822896003723,0.7369317710399628
BIONTECH SE,2.0,-0.38,-0.19,transcripts_by_company/BioNTech_SE_2020Q2.txt,0.0685114935040474,0.9314885064959526
CALAMOS ASSET MANAGEMENT INC,4.0,0.28,0.17,transcripts_by_company/Calamos_Asset_Management_Inc_2010Q4.txt,0.22562651336193085,0.7743734866380692
SCHIFF NUTRITION INTERNATIONAL I,3.0,0.16,0.12,transcripts_by_company/Schiff_Nutrition_International_Inc_2011Q3.txt,0.33596715331077576,0.6640328466892242
MATRIXONE INC,4.0,-0.02,-0.01,transcripts_by_company/MatrixOne_2005Q4.txt,0.24817903339862823,0.7518209666013718
SHIP FINANCE INTERNATIONAL LTD,3.0,0.44,0.35,transcripts_by_company/Ship_Finance_International_Ltd_2012Q3.txt,0.07899671792984009,0.9210032820701599
NAVIGATORS GROUP INC,2.0,0.88,0.7,transcripts_by_company/The_Navigators_Group_Inc_2012Q2.txt,0.32333460450172424,0.6766653954982758
EQUITY RESIDENTIAL PROPERTY TRUS,4.0,0.42,0.4,transcripts_by_company/Equity_Residential_2022Q4.txt,0.16178709268569946,0.8382129073143005
PSS WORLD MEDICAL INC,2.0,0.06,0.06,transcripts_by_company/PSSI_World_Medical_2002Q2.txt,0.31920740008354187,0.6807925999164581
NATIONAL RETAIL PROPERTIES INC,4.0,0.26,0.24,transcripts_by_company/National_Retail_Properties_Inc_2011Q4.txt,0.1343717724084854,0.8656282275915146
BEAM GLOBAL,4.0,-0.67,-0.27,transcripts_by_company/Beam_Global_2023Q4.txt,0.22527481615543365,0.7747251838445663
NORTHERN OIL AND GAS INC,3.0,0.32,0.34,transcripts_by_company/Northern_Oil_and_Gas_Inc_2013Q3.txt,0.23535683751106262,0.7646431624889374
CVS CORPORATION,3.0,1.84,1.7,transcripts_by_company/CVS_Health_Corporation_2019Q3.txt,0.4464953541755676,0.5535046458244324
RADIAN GROUP INC,4.0,1.25,1.2,transcripts_by_company/Radian_Group_Inc_2004Q4.txt,0.24454939365386963,0.7554506063461304
GOLAR LNG LTD,4.0,0.15,0.22,transcripts_by_company/Golar_LNG_Limited_2020Q4.txt,0.21390192210674286,0.7860980778932571
"VIVUS, INC.",1.0,-0.12,-0.18,transcripts_by_company/VIVUS_Inc_2016Q1.txt,0.2309671938419342,0.7690328061580658
AXT INC,4.0,-0.11,-0.12,transcripts_by_company/AXT_Inc_2005Q4.txt,0.2542564570903778,0.7457435429096222
MERCER INTERNATIONAL INC,4.0,0.3,0.42,transcripts_by_company/Mercer_International_Inc_2022Q4.txt,0.18946099281311035,0.8105390071868896
SPSS INCORPORATED,3.0,0.41,0.33,transcripts_by_company/SPSS_2007Q3.txt,0.29889294505119324,0.7011070549488068
TAYSHA GENE THERAPIES INC,4.0,-0.34,-0.82,transcripts_by_company/Taysha_Gene_Therapies_Inc_2022Q4.txt,0.2669313848018646,0.7330686151981354
CHEMTURA CORP,2.0,0.17,0.2,transcripts_by_company/Chemtura_Corporation_2007Q2.txt,0.20174597203731537,0.7982540279626846
EQT CORP,3.0,0.21,0.47,transcripts_by_company/EQT_Corporation_2012Q3.txt,0.1347295194864273,0.8652704805135727
ECOLAB INC,3.0,1.04,1.03,transcripts_by_company/Ecolab_Inc_2013Q3.txt,0.17372852563858032,0.8262714743614197
ROCKWELL AUTOMATION INC,3.0,3.04,3.25,transcripts_by_company/Rockwell_Automation_Inc_2022Q3.txt,0.2121250182390213,0.7878749817609787
STEEL DYNAMICS INC,2.0,0.2,0.41,transcripts_by_company/Steel_Dynamics_Inc_2012Q2.txt,0.3625220060348511,0.6374779939651489
AZEK COMPANY INC,2.0,0.29,0.33,transcripts_by_company/The_AZEK_Company_Inc_2022Q2.txt,0.19286733865737915,0.8071326613426208
LIVEONE INC,1.0,-0.06,-0.01,transcripts_by_company/LiveOne_Inc_2023Q1.txt,0.3535867929458618,0.6464132070541382
LANTHEUS HOLDINGS INC,4.0,1.37,0.77,transcripts_by_company/Lantheus_Holdings_Inc_2022Q4.txt,0.26486626267433167,0.7351337373256683
EOG RESOURCES INC,2.0,1.11,0.74,transcripts_by_company/EOG_Resources_Inc_2011Q2.txt,0.15783292055130005,0.8421670794487
AIR LEASE CORP,4.0,0.7,0.73,transcripts_by_company/Air_Lease_Corporation_2015Q4.txt,0.14139558374881744,0.8586044162511826
FORIAN INC,2.0,-0.17,-0.23,transcripts_by_company/Forian_Inc_2022Q2.txt,0.41900134086608887,0.5809986591339111
IQVIA HOLDINGS INC,2.0,2.43,2.56,transcripts_by_company/IQVIA_Holdings_Inc_2023Q2.txt,0.19506926834583282,0.8049307316541672
TEXAS INSTRUMENTS INC,4.0,0.21,0.51,transcripts_by_company/Texas_Instruments_2008Q4.txt,0.1818731725215912,0.8181268274784088
CYNOSURE INC,3.0,0.25,0.37,transcripts_by_company/Cynosure_Inc_2014Q3.txt,0.30681052803993225,0.6931894719600677
ALLEGIANT TRAVEL CO,4.0,0.88,0.16,transcripts_by_company/Allegiant_Travel_2008Q4.txt,0.27604758739471436,0.7239524126052856
GROCERY OUTLET HOLDING CORP,3.0,0.31,0.25,transcripts_by_company/Grocery_Outlet_Holding_Corp_2023Q3.txt,0.17913426458835602,0.820865735411644
COVANTA HOLDING CORP,3.0,0.28,0.22,transcripts_by_company/Covanta_Holding_Corp_2013Q3.txt,0.14458489418029785,0.8554151058197021
BIOTELEMETRY INC,2.0,0.23,0.22,transcripts_by_company/BioTelemetry_Inc_2017Q2.txt,0.23649080097675323,0.7635091990232468
ECOLAB INC,4.0,0.55,0.56,transcripts_by_company/Ecolab_Inc_2009Q4.txt,0.1531502604484558,0.8468497395515442
PAIN THERAPEUTICS INC,2.0,-0.14,-0.18,transcripts_by_company/Pain_Therapeutics_2002Q2.txt,0.2975924611091614,0.7024075388908386
ENTROPIC COMMUNICATIONS INC,3.0,0.18,0.07,transcripts_by_company/Entropic_Communications_Inc_2010Q3.txt,0.2034180909395218,0.7965819090604782
REINSURANCE GROUP OF AMERICA INC,1.0,-1.24,2.26,transcripts_by_company/Reinsurance_Group_of_America_Incorporated_2021Q1.txt,0.19181132316589355,0.8081886768341064
RESIDEO TECHNOLOGIES INC,2.0,0.63,0.41,transcripts_by_company/Resideo_Technologies_Inc_2022Q2.txt,0.2882671058177948,0.7117328941822052
COMPASS MINERALS INTERNATIONAL I,2.0,0.31,0.41,transcripts_by_company/OZ_Minerals_Limited_2012Q2.txt,0.22322198748588562,0.7767780125141144
SVB FINANCIAL GROUP,4.0,4.62,10.54,transcripts_by_company/SVB_Financial_Group_2022Q4.txt,0.1961270123720169,0.8038729876279831
DOLBY LABORATORIES INC,4.0,0.4,0.44,transcripts_by_company/Dolby_Laboratories_Inc_2014Q4.txt,0.22481882572174072,0.7751811742782593
MOBILE TELESYSTEMS OAO,4.0,5.59,18.72,transcripts_by_company/Mobile_TeleSystems_OAO_2014Q4.txt,0.11713236570358276,0.8828676342964172
BRADY CORP,3.0,0.49,0.34,transcripts_by_company/Brady_Corporation_2016Q3.txt,0.10737040638923645,0.8926295936107635
CELLDEX THERAPEUTICS INC,1.0,-0.25,-0.35,transcripts_by_company/Celldex_Therapeutics_Inc_2017Q1.txt,0.20153072476387024,0.7984692752361298
AVALARA INC,2.0,0.02,-0.03,transcripts_by_company/Puravankara_Limited_2021Q2.txt,0.21292778849601746,0.7870722115039825
GOLAR LNG LTD,3.0,-0.19,-0.26,transcripts_by_company/Golar_LNG_Ltd_2016Q3.txt,0.14854277670383453,0.8514572232961655
X-RITE INC,1.0,0.01,0.06,transcripts_by_company/X-Rite_Inc_2006Q1.txt,0.3150038719177246,0.6849961280822754
CENTURY ALUMINUM CO,2.0,-0.27,0.22,transcripts_by_company/Century_Aluminum_Company_2021Q2.txt,0.17526403069496155,0.8247359693050385
WGL HOLDING INC,2.0,-0.03,-0.07,transcripts_by_company/WGL_Holdings_2011Q2.txt,0.27725619077682495,0.722743809223175
CB RICHARD ELLIS GROUP INC,3.0,0.75,0.5,transcripts_by_company/CB_Richard_Ellis_Group_Inc_2005Q3.txt,0.14598114788532257,0.8540188521146774
MKS INSTRUMENTS INC,2.0,1.32,1.06,transcripts_by_company/MKS_Instruments_Inc_2023Q2.txt,0.1121826022863388,0.8878173977136612
MCGRATH RENTCORP,4.0,0.48,0.57,transcripts_by_company/McGrath_RentCorp_2015Q4.txt,0.12573789060115814,0.8742621093988419
ZOGENIX INC,1.0,-0.16,-0.09,transcripts_by_company/Zogenix_Inc_2012Q1.txt,0.190316841006279,0.809683158993721
AMERICA MOVIL SAB DE CV,4.0,-0.09,0.24,transcripts_by_company/America_Movil_SAB_de_CV_2016Q4.txt,0.17299340665340424,0.8270065933465958
MAXEON SOLAR TECHNOLOGIES LTD,3.0,-2.21,-0.25,transcripts_by_company/Maxeon_Solar_Technologies_Ltd_2023Q3.txt,0.15894149243831635,0.8410585075616837
OLO INC,4.0,0.02,0.02,transcripts_by_company/Olo_Inc_2021Q4.txt,0.25940412282943726,0.7405958771705627
LANDAUER INC,4.0,0.46,0.54,transcripts_by_company/Landauer_Inc_2014Q4.txt,0.17059355974197388,0.8294064402580261
BEYOND INC,1.0,-0.1,0.15,transcripts_by_company/Beyond_Meat_Inc_2023Q1.txt,0.3403664827346802,0.6596335172653198
TIVO CORP,4.0,0.24,0.31,transcripts_by_company/TiVo_Corporation_2018Q4.txt,0.09429815411567688,0.9057018458843231
VEREIT INC,3.0,0.04,-0.01,transcripts_by_company/OneREIT_2016Q3.txt,0.20206396281719208,0.7979360371828079
TRAEGER INC,2.0,0.04,0.02,transcripts_by_company/Traeger_Inc_2023Q2.txt,0.24445557594299316,0.7555444240570068
LITTELFUSE INC,3.0,0.48,0.56,transcripts_by_company/LITTELFUSE_INC_2007Q3.txt,0.2956767976284027,0.7043232023715973
BAZAARVOICE INC,4.0,0.0,-0.01,transcripts_by_company/Bazaarvoice_Inc_2015Q4.txt,0.31755122542381287,0.6824487745761871
AGCO CORP,2.0,2.08,1.56,transcripts_by_company/AGCO_Your_Agriculture_Company_2012Q2.txt,0.22117018699645996,0.77882981300354
CAMPUS CREST COMMUNITIES INC,4.0,-0.18,0.1,transcripts_by_company/Campus_Crest_Communities_Inc_2013Q4.txt,0.25765734910964966,0.7423426508903503
BROOKS AUTOMATION INC,3.0,0.47,0.33,transcripts_by_company/Brooks_Automation_Inc_2020Q3.txt,0.14598800241947174,0.8540119975805283
MICROTUNE,4.0,-0.01,0.02,transcripts_by_company/Microtune_Inc_2006Q4.txt,0.24764396250247955,0.7523560374975204
MODTECH HOLDINGS INC,2.0,0.18,0.13,transcripts_by_company/Modtech_Holdings_Inc_2005Q2.txt,0.16034165024757385,0.8396583497524261
STANTEC INC,1.0,0.37,0.41,transcripts_by_company/Stantec_Inc_2008Q1.txt,0.14877356588840485,0.8512264341115952
SAREPTA THERAPEUTICS INC,3.0,-1.15,-0.28,transcripts_by_company/Sarepta_Therapeutics_Inc_2018Q3.txt,0.15838979184627533,0.8416102081537247
EDELMAN FINANCIAL GROUP INC,3.0,0.09,0.1,transcripts_by_company/Edelman_Financial_Group_2011Q3.txt,0.19023975729942322,0.8097602427005768
MICHAELS STORES INC,2.0,0.42,0.37,transcripts_by_company/Michaels_Stores_2004Q2.txt,0.309551864862442,0.690448135137558
WD 40 CO,4.0,0.56,0.49,transcripts_by_company/WD-40_Company_2009Q4.txt,0.1069866344332695,0.8930133655667305
TELENAV INC,2.0,-0.54,-0.28,transcripts_by_company/Telenav_Inc_2018Q2.txt,0.3394069969654083,0.6605930030345917
CINCINNATI FINANCIAL CORP,4.0,0.57,0.65,transcripts_by_company/Cincinnati_Financial_Corporation_2008Q4.txt,0.3614268898963928,0.6385731101036072
UNITED STATES STEEL CORP,4.0,1.15,1.63,transcripts_by_company/United_States_Steel_Corp_2005Q4.txt,0.2753440737724304,0.7246559262275696
HOSPIRA INC,1.0,0.93,0.99,transcripts_by_company/Hospira_2011Q1.txt,0.14850306510925293,0.8514969348907471
WYETH,2.0,0.91,0.87,transcripts_by_company/Wyeth_2008Q2.txt,0.15632951259613037,0.8436704874038696
MEDNAX INC,2.0,1.15,1.22,transcripts_by_company/MEDNAX_Inc_2011Q2.txt,0.22629490494728088,0.7737050950527191
JAMBA INC,1.0,-0.03,-0.03,transcripts_by_company/Jamba_Inc_2012Q1.txt,0.15101301670074463,0.8489869832992554
XILINX INC,4.0,0.19,0.17,transcripts_by_company/Xilinx_2003Q4.txt,0.22470003366470337,0.7752999663352966
IRADIMED CORP,1.0,0.22,0.28,transcripts_by_company/IRadimed_Corporation_2022Q1.txt,0.12974630296230316,0.8702536970376968
NATIONAL FUEL GAS CO N J,1.0,0.99,0.78,transcripts_by_company/National_Fuel_Gas_Company_2003Q1.txt,0.27408185601234436,0.7259181439876556
INTL PAPER CO,3.0,0.64,0.8,transcripts_by_company/InRetail_Perú_Corp_2023Q3.txt,0.09350831806659698,0.906491681933403
TTM TECHNOLOGIES INC,1.0,0.18,0.22,transcripts_by_company/TTM_Technologies_Inc_2020Q1.txt,0.09076570719480515,0.9092342928051949
HAIN CELESTIAL GROUP INC,2.0,0.14,0.24,transcripts_by_company/The_Hain_Celestial_Group_Inc_2004Q2.txt,0.1693766862154007,0.8306233137845993
HUB GROUP INC,2.0,0.36,0.55,transcripts_by_company/Hub_Group_Inc_2017Q2.txt,0.13534097373485565,0.8646590262651443
WESTERN DIGITAL CORP,2.0,1.96,1.8,transcripts_by_company/Western_Digital_Corp_2013Q2.txt,0.26433515548706055,0.7356648445129395
AKASTOR ASA,3.0,-0.37,-0.12,transcripts_by_company/Akastor_ASA_2023Q3.txt,0.31344136595726013,0.6865586340427399
AUTOBYTEL.COM INC,2.0,-0.03,-0.05,transcripts_by_company/Autobytelcom_2009Q2.txt,0.21681593358516693,0.7831840664148331
SHUTTERFLY INC,4.0,0.63,0.59,transcripts_by_company/Shutterfly_Inc_2007Q4.txt,0.20330078899860382,0.7966992110013962
EDWARDS LIFESCIENCES CORP,3.0,0.43,0.85,transcripts_by_company/Edwards_Lifesciences_2010Q3.txt,0.27621135115623474,0.7237886488437653
MICRON TECHNOLOGY INC,4.0,0.24,0.83,transcripts_by_company/Micron_Technology_Inc_2015Q4.txt,0.2638688385486603,0.7361311614513397
MULTIPLAN CORP,4.0,0.04,0.04,transcripts_by_company/Multiplan_Empreendimentos_Imobiliários_SA_2021Q4.txt,0.3358452618122101,0.6641547381877899
FS INVESTMENT CORP,3.0,0.23,0.25,transcripts_by_company/Globaltrans_Investment_PLC_2014Q3.txt,0.09150632470846176,0.9084936752915382
KFORCE INC,1.0,0.01,0.01,transcripts_by_company/Kforce_2003Q1.txt,0.4429204761981964,0.5570795238018036
MARINEMAX INC,1.0,0.23,0.29,transcripts_by_company/MarineMax_Inc_2020Q1.txt,0.3636786639690399,0.6363213360309601
CATALINA MARKETING,4.0,0.31,0.37,transcripts_by_company/Catalina_Marketing_Corp_2002Q4.txt,0.16414198279380798,0.835858017206192
CONAGRA BRANDS INC,4.0,0.55,0.54,transcripts_by_company/Conagra_Brands_Inc_2017Q4.txt,0.4038057327270508,0.5961942672729492
AC MOORE ARTS & CRAFTS INC,1.0,0.01,0.1,transcripts_by_company/AC_Moore_Arts_and_Crafts_2006Q1.txt,0.186245396733284,0.813754603266716
OLLIE'S BARGAIN OUTLET HOLDINGS,4.0,0.37,0.4,transcripts_by_company/Ollies_Bargain_Outlet_Holdings_Inc_2022Q4.txt,0.24712586402893066,0.7528741359710693
EAGLE MATERIALS INC,1.0,0.2,0.04,transcripts_by_company/Eagle_Materials_Inc_2012Q1.txt,0.2174791842699051,0.7825208157300949
DYNAGAS LNG PARTNERS LP,3.0,0.39,0.41,transcripts_by_company/Dynagas_LNG_Partners_LP_2014Q3.txt,0.14091293513774872,0.8590870648622513
CROWDSTRIKE HOLDINGS INC,2.0,0.1,0.03,transcripts_by_company/CrowdStrike_Holdings_Inc_2021Q2.txt,0.2418493628501892,0.7581506371498108
ALEXZA PHARMACEUTICALS INC,4.0,0.42,-0.27,transcripts_by_company/Alexza_Pharmaceuticals_Inc_2010Q4.txt,0.15529541671276093,0.8447045832872391
EQUITY BANCSHARES INC,1.0,0.08,0.6,transcripts_by_company/Equity_Bancshares_Inc_2020Q1.txt,0.19636467099189758,0.8036353290081024
MATADOR RESOURCES CO,2.0,0.41,0.32,transcripts_by_company/Matador_Resources_Company_2018Q2.txt,0.29456835985183716,0.7054316401481628
BIG LOTS INC,3.0,0.35,0.26,transcripts_by_company/Big_Lots_Inc_2009Q3.txt,0.1622900515794754,0.8377099484205246
MARATHON OIL CORP,3.0,0.65,0.95,transcripts_by_company/Marathon_Oil_Corporation_2012Q3.txt,0.07358109951019287,0.9264189004898071
CLOUDERA INC,1.0,0.15,0.1,transcripts_by_company/Cloudera_Inc_2021Q1.txt,0.13677246868610382,0.8632275313138962
TEXAS ROADHOUSE INC,4.0,0.61,0.5,transcripts_by_company/Texas_Roadhouse_Inc_2019Q4.txt,0.13595551252365112,0.8640444874763489
MODINE MANUFACTURING CO,3.0,0.48,0.36,transcripts_by_company/Modine_Manufacturing_Company_2022Q3.txt,0.27161550521850586,0.7283844947814941
BB&T CORP,1.0,0.69,0.7,transcripts_by_company/BBandT_Corporation_2013Q1.txt,0.10795723646879196,0.892042763531208
STARBUCKS CORP,4.0,0.68,0.67,transcripts_by_company/Starbucks_Corporation_2018Q4.txt,0.16674567759037018,0.8332543224096298
AT CROSS CO,1.0,-0.12,0.09,transcripts_by_company/AT_Cross_Company_2009Q1.txt,0.30051809549331665,0.6994819045066833
STERICYCLE INC,3.0,0.8,0.89,transcripts_by_company/Stericycle_Inc_2019Q3.txt,0.16924098134040833,0.8307590186595917
BAIDU INC,3.0,20.4,17.6,transcripts_by_company/Baidu_Inc_2023Q3.txt,0.2708025276660919,0.7291974723339081
CAPELLA EDUCATION CO,2.0,0.83,0.79,transcripts_by_company/Capella_Education_Company_2013Q2.txt,0.26642951369285583,0.7335704863071442
CALLAWAY GOLF CO,3.0,0.05,-0.01,transcripts_by_company/Callaway_Golf_Company_2017Q3.txt,0.19580663740634918,0.8041933625936508
NORWEGIAN AIR SHUTTLE AS,1.0,-16.4,-39.82,transcripts_by_company/Norwegian_Air_Shuttle_ASA_2019Q1.txt,0.2792111933231354,0.7207888066768646
OASIS PETROLEUM INC,1.0,0.1,-0.01,transcripts_by_company/Oasis_Petroleum_Inc_2018Q1.txt,0.300889253616333,0.699110746383667
DOUBLE-TAKE SOFTWARE INC,4.0,0.48,0.21,transcripts_by_company/Double-Take_Software_Inc_2008Q4.txt,0.2479248195886612,0.7520751804113388
AMC NETWORKS INC,1.0,2.65,2.17,transcripts_by_company/AMC_Networks_Inc_2018Q1.txt,0.25801071524620056,0.7419892847537994
GOODYEAR TIRE  RUBBER CO,3.0,1.17,1.22,transcripts_by_company/Goodyear_Tire_and_Rubber_Company_2016Q3.txt,0.2379574477672577,0.7620425522327423
IMATION CORPORATION,2.0,-0.32,-0.24,transcripts_by_company/Imation_Corp_2012Q2.txt,0.3404588997364044,0.6595411002635956
CAMDEN PROPERTY TRUST,4.0,0.67,0.47,transcripts_by_company/Camden_Property_Trust_2015Q4.txt,0.25734877586364746,0.7426512241363525
SONOS INC,3.0,-0.5,0.24,transcripts_by_company/Sonos_Inc_2022Q3.txt,0.09980685263872147,0.9001931473612785
ADVANCED EMISSIONS SOLUTIONS INC,1.0,0.39,0.57,transcripts_by_company/Advanced_Emissions_Solutions_Inc_2017Q1.txt,0.12268155813217163,0.8773184418678284
HERITAGE FINANCIAL CORP,3.0,0.37,0.31,transcripts_by_company/Heritage_Financial_2003Q3.txt,0.31027278304100037,0.6897272169589996
E*TRADE FINANCIAL CORP,3.0,0.28,0.25,transcripts_by_company/ETRADE_Financial_Corp_2005Q3.txt,0.239897683262825,0.760102316737175
SYNCHRONOSS TECHNOLOGIES INC,2.0,0.21,0.19,transcripts_by_company/Synchronoss_Technologies_Inc_2011Q2.txt,0.08992445468902588,0.9100755453109741
TELLABS INC,3.0,0.14,0.08,transcripts_by_company/Tellabs_2010Q3.txt,0.3619304895401001,0.6380695104598999
NEW JERSEY RESOURCES CORP,3.0,-0.03,-0.07,transcripts_by_company/New_Jersey_Resources_2010Q3.txt,0.14531254768371582,0.8546874523162842
CALAMP CORP,1.0,0.16,0.79,transcripts_by_company/CalAmp_Corp_2013Q1.txt,0.17933984100818634,0.8206601589918137
ALLIANT TECHSYSTEMS INC,3.0,1.15,1.18,transcripts_by_company/Alliant_Techsystems_Inc_2006Q3.txt,0.16356107592582703,0.836438924074173
ARTHUR J GALLAGHER & CO,3.0,0.8,0.89,transcripts_by_company/Arthur_J_Gallagher_and_Co_2019Q3.txt,0.27834993600845337,0.7216500639915466
BLOOM ENERGY CORP,2.0,-0.13,-0.07,transcripts_by_company/Bloom_Energy_Corporation_2019Q2.txt,0.0785793885588646,0.9214206114411354
PSS WORLD MEDICAL INC,3.0,0.13,0.14,transcripts_by_company/PSS_World_Medical_Inc_2004Q3.txt,0.25997766852378845,0.7400223314762115
FINISH LINE INC,1.0,0.88,0.94,transcripts_by_company/The_Finish_Line_Inc_2015Q1.txt,0.1705789417028427,0.8294210582971573
SEI CORP,1.0,0.29,0.3,transcripts_by_company/SEI_Investments_Inc_2011Q1.txt,0.18496382236480713,0.8150361776351929
SPOTIFY TECHNOLOGY SA,4.0,-0.21,-0.34,transcripts_by_company/Spotify_Technology_SA_2021Q4.txt,0.12321222573518753,0.8767877742648125
VALUEVISION MEDIA INC,1.0,-0.17,0.17,transcripts_by_company/ValueVision_Media_Inc_2012Q1.txt,0.37331900000572205,0.626680999994278
U.S.I. HOLDINGS,1.0,0.22,0.24,transcripts_by_company/USI_Holdings_Corporation_2004Q1.txt,0.17771902680397034,0.8222809731960297
FINISH LINE INC,4.0,0.11,0.1,transcripts_by_company/Finish_Line_Inc_2011Q4.txt,0.14979188144207,0.85020811855793
SJW CORP,2.0,0.69,0.73,transcripts_by_company/SJW_Group_2021Q2.txt,0.14896662533283234,0.8510333746671677
DIAMOND FOODS INC,1.0,0.37,0.27,transcripts_by_company/Diamond_Foods_Inc_2009Q1.txt,0.1322103589773178,0.8677896410226822
MCDONALD'S CORP,4.0,1.16,1.12,transcripts_by_company/McDonalds_Corporation_2010Q4.txt,0.1708800494670868,0.8291199505329132
AXOS FINANCIAL INC,1.0,1.02,0.91,transcripts_by_company/Axos_Financial_Inc_2022Q1.txt,0.08980833739042282,0.9101916626095772
VOLT INFORMATION SCIENCES INC,3.0,0.18,0.46,transcripts_by_company/Volt_Information_Sciences_2008Q3.txt,0.13592493534088135,0.8640750646591187
KURA SUSHI USA INC,2.0,-1.1,0.12,transcripts_by_company/Kura_Sushi_USA_Inc_2020Q2.txt,0.10005512088537216,0.8999448791146278
ADVANCED EMISSIONS SOLUTIONS INC,3.0,0.28,0.52,transcripts_by_company/Advanced_Emissions_Solutions_Inc_2018Q3.txt,0.06608916819095612,0.9339108318090439
HI/FN INC,1.0,-0.47,-0.29,transcripts_by_company/Hifn_2003Q1.txt,0.08129425346851349,0.9187057465314865
HANNON ARMSTRONG SUSTAINABLE INF,3.0,0.41,0.41,transcripts_by_company/Hannon_Armstrong_Sustainable_Infrastructure_Capital_Inc_2021Q3.txt,0.2151859998703003,0.7848140001296997
DESCARTES SYSTEMS GROUP (THE),1.0,0.13,0.13,transcripts_by_company/Descartes_Systems_Group_Inc_2012Q1.txt,0.12246941030025482,0.8775305896997452
BED BATH  BEYOND INC,3.0,0.04,0.5,transcripts_by_company/Bed_Bath_and_Beyond_Inc_2021Q3.txt,0.1830814629793167,0.8169185370206833
TRUSTMARK CORP,2.0,0.44,0.39,transcripts_by_company/Trustmark_Corporation_2012Q2.txt,0.19301658868789673,0.8069834113121033
FIRST COMMONWEALTH FINANCIAL COR,4.0,-0.05,0.1,transcripts_by_company/First_Commonwealth_Financial_Corp_2011Q4.txt,0.14585773646831512,0.8541422635316849
FISERV INC,3.0,0.58,0.56,transcripts_by_company/Fiserv_2005Q3.txt,0.19826547801494598,0.801734521985054
PINNACLE FINANCIAL PARTNERS INC,4.0,1.71,1.38,transcripts_by_company/Pinnacle_Financial_Partners_Inc_2021Q4.txt,0.25908586382865906,0.7409141361713409
SONOCO PRODUCTS CO,4.0,0.49,0.66,transcripts_by_company/Sonoco_Products_Company_2008Q4.txt,0.2726660370826721,0.7273339629173279
ALBIREO PHARMA INC,2.0,-1.22,0.49,transcripts_by_company/Albireo_Pharma_Inc_2018Q2.txt,0.12482798099517822,0.8751720190048218
TENNANT CO,2.0,0.71,0.64,transcripts_by_company/Tennant_Company_2012Q2.txt,0.11101286113262177,0.8889871388673782
SUPER MICRO COMPUTER INC,4.0,0.57,0.66,transcripts_by_company/Super_Micro_Computer_Inc_2019Q4.txt,0.1494038850069046,0.8505961149930954
TRUSTMARK CORP,3.0,0.46,0.4,transcripts_by_company/Trustmark_Corporation_2012Q3.txt,0.19046719372272491,0.8095328062772751
INTEROIL CORP,3.0,-0.41,0.18,transcripts_by_company/InterOil_Corporation_2011Q3.txt,0.3426596224308014,0.6573403775691986
MPLX LP,3.0,1.36,0.83,transcripts_by_company/MPLX_LP_2022Q3.txt,0.22242051362991333,0.7775794863700867
BROWN-FORMAN CORP,4.0,1.04,1.04,transcripts_by_company/Brown-Forman_Corporation_2007Q4.txt,0.13567501306533813,0.8643249869346619
TEXAS PACIFIC LAND CORP,4.0,12.94,17.02,transcripts_by_company/Texas_Pacific_Land_Corporation_2022Q4.txt,0.1898195594549179,0.8101804405450821
BANK OF MONTREAL,3.0,1.16,1.07,transcripts_by_company/Bank_of_Montreal_2006Q3.txt,0.2491079568862915,0.7508920431137085
HAWAIIAN ELECTRIC INDUSTRIES INC,4.0,0.72,0.83,transcripts_by_company/Hawaiian_Electric_Industries_2002Q4.txt,0.13059644401073456,0.8694035559892654
BRIDGEPOINT EDUCATION INC,1.0,-0.01,-0.06,transcripts_by_company/Bridgepoint_Education_Inc_2015Q1.txt,0.3300744295120239,0.6699255704879761
BLACK BOX CORPORATION,2.0,0.56,0.76,transcripts_by_company/Black_Box_Network_Services_2012Q2.txt,0.18473732471466064,0.8152626752853394
WALTER INDUSTRIES INC,3.0,0.5,0.45,transcripts_by_company/Walter_Industries_2004Q3.txt,0.11697616428136826,0.8830238357186317
HAWAIIAN HOLDINGS INC,4.0,1.1,1.13,transcripts_by_company/Hawaiian_Holdings_Inc_2017Q4.txt,0.1928713023662567,0.8071286976337433
OSIRIS THERAPEUTICS INC,2.0,-0.3,-0.27,transcripts_by_company/Osiris_Therapeutics_Inc_2009Q2.txt,0.06885994970798492,0.9311400502920151
MODINE MANUFACTURING CO,2.0,0.07,0.34,transcripts_by_company/Modine_Manufacturing_Company_2012Q2.txt,0.19367380440235138,0.8063261955976486
ALLEGIANT TRAVEL CO,1.0,3.42,2.98,transcripts_by_company/Allegiant_Travel_Company_2018Q1.txt,0.06530183553695679,0.9346981644630432
ANNALY CAPITAL MANAGEMENT INC,4.0,0.47,0.7,transcripts_by_company/Annaly_Capital_Management_Inc_2008Q4.txt,0.21121764183044434,0.7887823581695557
CENTERRA GOLD INC,3.0,0.2,0.36,transcripts_by_company/Centerra_Gold_Inc_2023Q3.txt,0.09984290599822998,0.90015709400177
SONOCO PRODUCTS CO,4.0,0.66,0.64,transcripts_by_company/Sonoco_Products_Company_2014Q4.txt,0.19712305068969727,0.8028769493103027
QUICKLOGIC CORP,2.0,-0.03,-0.09,transcripts_by_company/QuickLogic_Corp_2003Q2.txt,0.18228483200073242,0.8177151679992676
RUBY TUESDAY INC,3.0,0.01,0.16,transcripts_by_company/Ruby_Tuesday_2008Q3.txt,0.17569471895694733,0.8243052810430527
LPL FINANCIAL HOLDINGS INC,2.0,0.61,0.55,transcripts_by_company/LPL_Financial_2013Q2.txt,0.16133613884449005,0.83866386115551
ASGN INC,2.0,1.17,1.26,transcripts_by_company/ASGN_Incorporated_2020Q2.txt,0.11154770106077194,0.8884522989392281
LUMINEX CORP,4.0,-0.06,0.02,transcripts_by_company/Luminex_Corporation_2007Q4.txt,0.2597249448299408,0.7402750551700592
PRUDENTIAL FINANCIAL INC,4.0,2.58,3.06,transcripts_by_company/Prudential_Financial_Inc_CurrentQ4.txt,0.32931849360466003,0.67068150639534
ALBANY MOLECULAR RESEARCH,4.0,0.17,0.04,transcripts_by_company/Albany_Molecular_Research_Inc_2012Q4.txt,0.11953480541706085,0.8804651945829391
SIGMA-ALDRICH CORP,2.0,0.7,0.64,transcripts_by_company/Sigma-Aldrich_Corporation_2008Q2.txt,0.24072852730751038,0.7592714726924896
NACCO INDUSTRIES INC,2.0,1.39,-0.05,transcripts_by_company/NACCO_Industries_2010Q2.txt,0.29833748936653137,0.7016625106334686
OPEN TEXT CORP,1.0,1.26,1.27,transcripts_by_company/OpenText_Corporation_2013Q1.txt,0.25486060976982117,0.7451393902301788
GTT COMMUNICATIONS INC,4.0,0.76,0.1,transcripts_by_company/GTT_Communications_2015Q4.txt,0.24901485443115234,0.7509851455688477
USANA HEALTH SCIENCES INC,3.0,1.02,1.03,transcripts_by_company/USANA_Health_Sciences_Inc_2017Q3.txt,0.4079536199569702,0.5920463800430298
ESTEE LAUDER COMPANIES INC,2.0,0.17,0.29,transcripts_by_company/The_Estee_Lauder_Companies_Inc_2012Q2.txt,0.10779812932014465,0.8922018706798553
CV THERAPEUTICS INC,2.0,-1.43,-1.48,transcripts_by_company/CV_Therapeutics_2005Q2.txt,0.2907750904560089,0.7092249095439911
SCHOLAR ROCK HOLDING CORP,2.0,-0.84,-0.66,transcripts_by_company/Scholar_Rock_Holding_Corporation_2021Q2.txt,0.17980875074863434,0.8201912492513657
ROCKWELL COLLINS INC,4.0,1.3,1.31,transcripts_by_company/Rockwell_Collins_Inc_2015Q4.txt,0.34736746549606323,0.6526325345039368
QUEST DIAGNOSTICS INC,1.0,0.84,1.06,transcripts_by_company/Quest_Diagnostics_Incorporated_2014Q1.txt,0.171662837266922,0.828337162733078
RPT REALTY,1.0,0.11,0.03,transcripts_by_company/RPT_Realty_2019Q1.txt,0.1911681890487671,0.8088318109512329
WIND RIVER SYSTEMS INC,1.0,0.11,0.12,transcripts_by_company/Wind_River_Systems_2006Q1.txt,0.08412119746208191,0.9158788025379181
KIMCO REALTY CORP,4.0,0.87,0.16,transcripts_by_company/Kimco_Realty_Corporation_2015Q4.txt,0.3395381569862366,0.6604618430137634
M/I HOMES INC,1.0,0.23,0.23,transcripts_by_company/MI_Homes_Inc_2014Q1.txt,0.14853163063526154,0.8514683693647385
VAIL RESORTS INC,2.0,4.4,4.81,transcripts_by_company/Vail_Resorts_Inc_2017Q2.txt,0.21672794222831726,0.7832720577716827
HUMAN GENOME SCIENCES INCORPORAT,3.0,-0.22,-0.22,transcripts_by_company/Human_Genome_Sciences_Inc_2010Q3.txt,0.15253636240959167,0.8474636375904083
ONESPAWORLD HOLDINGS LTD,2.0,-0.16,-0.12,transcripts_by_company/OneSpaWorld_Holdings_Limited_2021Q2.txt,0.03653183579444885,0.9634681642055511
SOUTH STATE CORP,4.0,1.16,1.15,transcripts_by_company/South_State_Corporation_2016Q4.txt,0.18576279282569885,0.8142372071743011
STILLWATER MINING CO,2.0,-0.03,0.16,transcripts_by_company/Stillwater_Mining_2007Q2.txt,0.32464244961738586,0.6753575503826141
51JOB INC,4.0,0.22,0.72,transcripts_by_company/51job_Inc_2014Q4.txt,0.3603529930114746,0.6396470069885254
CENCOSUD SA,2.0,0.036,0.02,transcripts_by_company/Cencosud_SA_2014Q2.txt,0.18144896626472473,0.8185510337352753
JEFFERSON-PILOT,2.0,0.98,1.02,transcripts_by_company/Jefferson-Pilot_2005Q2.txt,0.1493874192237854,0.8506125807762146
NEKTAR THERAPEUTICS,4.0,-0.11,-0.2,transcripts_by_company/Nektar_Therapeutics_2017Q4.txt,0.2403821051120758,0.7596178948879242
LUNDIN MINING CORP,4.0,0.13,0.12,transcripts_by_company/Lundin_Mining_Corporation_2019Q4.txt,0.10838001221418381,0.8916199877858162
CITI TRENDS INC,4.0,-0.04,0.29,transcripts_by_company/Citigroup_2007Q4.txt,0.1858615279197693,0.8141384720802307
MCGRAW-HILL COMPANIES INCORPORAT,2.0,0.79,0.68,transcripts_by_company/The_McGraw-Hill_Companies_2007Q2.txt,0.11647683382034302,0.883523166179657
COMMVAULT SYSTEMS INC,2.0,0.4,0.33,transcripts_by_company/CommVault_Systems_Inc_2013Q2.txt,0.22496047616004944,0.7750395238399506
DENNY'S CORP,2.0,0.11,0.1,transcripts_by_company/Dennys_Corporation_2015Q2.txt,0.19999706745147705,0.800002932548523
XILINX INC,1.0,0.14,0.14,transcripts_by_company/Xilinx_2003Q1.txt,0.3205360770225525,0.6794639229774475
DIGITAL REALTY TRUST INC,3.0,0.16,0.1,transcripts_by_company/Digital_Realty_Trust_Inc_2009Q3.txt,0.19755259156227112,0.8024474084377289
YRC WORLDWIDE INC,2.0,0.3,0.55,transcripts_by_company/YRC_Worldwide_Inc_2008Q2.txt,0.13018952310085297,0.869810476899147
VERU INC,4.0,-0.05,-0.04,transcripts_by_company/Veru_Inc_2019Q4.txt,0.3794918954372406,0.6205081045627594
CURO GROUP HOLDINGS CORP,1.0,-1.34,0.41,transcripts_by_company/Crayon_Group_Holding_ASA_2023Q1.txt,0.20034515857696533,0.7996548414230347
MICROSTRATEGY INC,2.0,1.12,0.64,transcripts_by_company/MicroStrategy_2005Q2.txt,0.3560187518596649,0.6439812481403351
MANITEX INTERNATIONAL INC,2.0,0.2,0.14,transcripts_by_company/Manitex_International_Inc_2012Q2.txt,0.1703164428472519,0.8296835571527481
QUALITY SYS INC,2.0,0.38,0.61,transcripts_by_company/Quality_Systems_2005Q2.txt,0.14321807026863098,0.856781929731369
COMPUTER PROGRAMS AND SYSTEMS IN,1.0,0.81,0.69,transcripts_by_company/Computer_Programs_and_Systems_Inc_2022Q1.txt,0.17847870290279388,0.8215212970972061
FIRST MARBLEHEAD CORP,1.0,-0.09,-0.08,transcripts_by_company/The_First_Marblehead_Corp_2012Q1.txt,0.14285996556282043,0.8571400344371796
CYBERARK SOFTWARE LTD,4.0,0.39,0.13,transcripts_by_company/Cyberark_Software_Ltd_2015Q4.txt,0.21753408014774323,0.7824659198522568
KEYW HOLDING CORP,3.0,0.01,0.03,transcripts_by_company/The_KEYW_Holding_Corporation_2012Q3.txt,0.3707309663295746,0.6292690336704254
CONCUR TECHNOLOGIES INC,1.0,0.16,0.23,transcripts_by_company/Concur_Technologies_2011Q1.txt,0.17355138063430786,0.8264486193656921
PARATEK PHARMACEUTICALS INC,2.0,0.2,-0.14,transcripts_by_company/Paratek_Pharmaceuticals_Inc_2021Q2.txt,0.3068751096725464,0.6931248903274536
MINERALS TECHNOLOGIES INC,3.0,0.62,0.74,transcripts_by_company/MINERALS_TECHNOLOGIES_INC_2003Q3.txt,0.08042573183774948,0.9195742681622505
WATSCO INC,3.0,0.84,0.91,transcripts_by_company/Watsco_Incorporated_2008Q3.txt,0.19546322524547577,0.8045367747545242
EXAR CORP,1.0,0.07,0.11,transcripts_by_company/Exar_2007Q1.txt,0.25397297739982605,0.746027022600174
CENTRAL GARDEN  PET CO,2.0,0.8,0.78,transcripts_by_company/Central_Garden_and_Pet_Company_2019Q2.txt,0.2582286596298218,0.7417713403701782
ELLINGTON FINANCIAL INC,2.0,0.51,0.42,transcripts_by_company/Ellington_Financial_Inc_2021Q2.txt,0.26877567172050476,0.7312243282794952
JUPITERMEDIA CORP,3.0,0.02,0.04,transcripts_by_company/Jupitermedia_Corporation_2007Q3.txt,0.18610551953315735,0.8138944804668427
MDU RESOURCES GP,2.0,0.45,0.42,transcripts_by_company/MDU_Resources_2007Q2.txt,0.11371148377656937,0.8862885162234306
INTEL CORP,1.0,0.41,0.51,transcripts_by_company/Intel_Corporation_2015Q1.txt,0.4068825840950012,0.5931174159049988
INTEVAC INC,4.0,0.22,0.16,transcripts_by_company/Intevac_Inc_2019Q4.txt,0.2954101264476776,0.7045898735523224
HILLENBRAND INC,1.0,0.63,0.67,transcripts_by_company/Hillenbrand_Inc_2019Q1.txt,0.20070385932922363,0.7992961406707764
AMKOR TECHNOLOGY INC,1.0,0.1,0.28,transcripts_by_company/Amkor_Technology_Inc_2011Q1.txt,0.5015180706977844,0.4984819293022156
J & J SNACK FOODS CORP,4.0,0.67,0.58,transcripts_by_company/JandJ_Snack_Foods_Corp_2013Q4.txt,0.13938501477241516,0.8606149852275848
FIRST INDUSTRIAL REALTY TRUST IN,1.0,0.19,0.13,transcripts_by_company/First_Industrial_Realty_Trust_Inc_2017Q1.txt,0.24081428349018097,0.759185716509819
PALO ALTO NETWORKS INC,4.0,0.04,0.03,transcripts_by_company/Palo_Alto_Networks_2012Q4.txt,0.1400614231824875,0.8599385768175125
OHIO CASUALTY CORP,2.0,0.85,0.67,transcripts_by_company/Ohio_Casualty_Corporation_2007Q2.txt,0.22750534117221832,0.7724946588277817
DEMANDWARE INC,4.0,0.16,0.1,transcripts_by_company/Demandware_Inc_2013Q4.txt,0.3515283167362213,0.6484716832637787
ROYAL GOLD INC,4.0,0.95,0.99,transcripts_by_company/Royal_Gold_Inc_CurrentQ4.txt,0.17204704880714417,0.8279529511928558
LUMINAR TECHNOLOGIES INC,1.0,-0.23,-0.05,transcripts_by_company/Luminar_Technologies_Inc_2021Q1.txt,0.302836537361145,0.697163462638855
DESCARTES SYSTEMS GROUP (THE),1.0,0.05,0.03,transcripts_by_company/The_Descartes_Systems_Group_2007Q1.txt,0.1541425585746765,0.8458574414253235
BOARDWALK PIPELINE PARTNERS LP,3.0,0.17,0.28,transcripts_by_company/Boardwalk_Pipeline_Partners_LP_2013Q3.txt,0.20066727697849274,0.7993327230215073
JAKKS PACIFIC INC,2.0,0.21,0.46,transcripts_by_company/JAKKS_Pacific_Inc_2003Q2.txt,0.21195241808891296,0.788047581911087
DOMINO'S PIZZA INC,1.0,2.0,1.5,transcripts_by_company/Dominos_Pizza_Inc_2018Q1.txt,0.14253109693527222,0.8574689030647278
HAWAIIAN ELECTRIC INDUSTRIES INC,2.0,0.48,0.53,transcripts_by_company/Hawaiian_Electric_Industries_Inc_2022Q2.txt,0.17006027698516846,0.8299397230148315
INTERSIL CORPORATION,3.0,0.33,0.3,transcripts_by_company/Intersil_Corporation_2006Q3.txt,0.2308797389268875,0.7691202610731125
PERSONALIS INC,3.0,-0.58,-0.62,transcripts_by_company/Personalis_Inc_2022Q3.txt,0.08446995913982391,0.9155300408601761
OSI SYSTEMS INC,2.0,2.66,2.16,transcripts_by_company/OSI_Systems_Inc_2023Q2.txt,0.25890055298805237,0.7410994470119476
NANOSTRING TECHNOLOGIES INC,1.0,-0.62,-0.69,transcripts_by_company/NanoString_Technologies_Inc_2021Q1.txt,0.21914847195148468,0.7808515280485153
BOOKHAM INC,3.0,-0.26,-0.7,transcripts_by_company/Bookham_Inc_2005Q3.txt,0.2615624964237213,0.7384375035762787
AGIOS PHARMACEUTICALS INC,3.0,-1.63,-1.64,transcripts_by_company/Agios_Pharmaceuticals_Inc_2018Q3.txt,0.14267858862876892,0.8573214113712311
CAMPUS CREST COMMUNITIES INC,4.0,0.14,-0.01,transcripts_by_company/Campus_Crest_Communities_Inc_2011Q4.txt,0.25912272930145264,0.7408772706985474
DYNAMICS RESEARCH CORP,2.0,0.14,0.32,transcripts_by_company/Dynamics_Research_Corporation_2012Q2.txt,0.1487007737159729,0.8512992262840271
VERISK ANALYTICS INC,3.0,1.44,1.4,transcripts_by_company/Verisk_Analytics_Inc_2021Q3.txt,0.1595582365989685,0.8404417634010315
PROVIDENT FINANCIAL HOLDINGS INC,2.0,0.18,0.2,transcripts_by_company/Provident_Financial_Holdings_Inc_2011Q2.txt,0.32740962505340576,0.6725903749465942
EVEREST GROUP LTD,1.0,6.29,4.6,transcripts_by_company/Everest_Re_Group_Ltd_2017Q1.txt,0.11227075755596161,0.8877292424440384
CHARLES & COLVARD LTD,1.0,0.01,0.02,transcripts_by_company/Charles_and_Colvard_Ltd_2022Q1.txt,0.365591436624527,0.634408563375473
LAFARGEHOLCIM LTD,2.0,1.16,0.78,transcripts_by_company/LafargeHolcim_Ltd_2017Q2.txt,0.249058797955513,0.750941202044487
PGT INC,4.0,0.31,0.33,transcripts_by_company/PGT_Innovations_Inc_2021Q4.txt,0.20670686662197113,0.7932931333780289
TRACON PHARMACEUTICALS INC,3.0,-0.48,-0.77,transcripts_by_company/TRACON_Pharmaceuticals_Inc_2016Q3.txt,0.24132072925567627,0.7586792707443237
HANGER INC,1.0,-0.28,-0.11,transcripts_by_company/Hanger_Inc_2020Q1.txt,0.1459510177373886,0.8540489822626114
ZOGENIX INC,2.0,-0.12,-0.13,transcripts_by_company/Zogenix_Inc_2013Q2.txt,0.11244910210371017,0.8875508978962898
CACI INTERNATIONAL INC,3.0,1.47,1.52,transcripts_by_company/CACI_International_Inc_2016Q3.txt,0.1595950424671173,0.8404049575328827
VANDA PHARMACEUTICALS INC,3.0,0.14,0.17,transcripts_by_company/Vanda_Pharmaceuticals_Inc_2021Q3.txt,0.17834442853927612,0.8216555714607239
APPLE HOSPITALITY REIT INC,4.0,0.15,0.15,transcripts_by_company/Apple_Hospitality_REIT_Inc_2018Q4.txt,0.17528453469276428,0.8247154653072357
SOMAXON PHARMACEUTICALS INC,2.0,-0.16,-0.05,transcripts_by_company/SOMAXON_PHARMACEUTICALS_INC_2010Q2.txt,0.1889752298593521,0.8110247701406479
PETROBRAS,1.0,0.28,0.39,transcripts_by_company/Petroleo_Brasileiro_SA_Petrobras_2015Q1.txt,0.22005268931388855,0.7799473106861115
MYR GROUP INC,2.0,0.18,0.24,transcripts_by_company/MYR_Group_Inc_2011Q2.txt,0.11199676990509033,0.8880032300949097
SYMANTEC CORP,2.0,0.29,0.27,transcripts_by_company/Symantec_Corporation_2016Q2.txt,0.09811532497406006,0.9018846750259399
CURAGEN CORPORATION,2.0,-0.57,-0.41,transcripts_by_company/CuraGen_2004Q2.txt,0.2699841558933258,0.7300158441066742
ALLIANCEBERNSTEIN HOLDING LP,2.0,0.45,0.42,transcripts_by_company/AllianceBernstein_Holding_LP_2014Q2.txt,0.09260742366313934,0.9073925763368607
CONSOLIDATED WATER CO LTD,3.0,0.02,0.13,transcripts_by_company/Consolidated_Water_Co_Ltd_2022Q3.txt,0.22771716117858887,0.7722828388214111
THIRD POINT REINSURANCE LTD,2.0,0.29,0.47,transcripts_by_company/Third_Point_Reinsurance_Ltd_2014Q2.txt,0.023563524708151817,0.9764364752918482
HCI GROUP INC,4.0,0.95,1.02,transcripts_by_company/HCI_Group_Inc_2017Q4.txt,0.1854943335056305,0.8145056664943695
KEYSTONE AUTOMOTIVE INDUSTRIES,2.0,0.44,0.44,transcripts_by_company/Keystone_Automotive_2007Q2.txt,0.2110103964805603,0.7889896035194397
INTEROIL CORP,4.0,-1.26,-0.25,transcripts_by_company/InterOil_Corporation_2014Q4.txt,0.3367037773132324,0.6632962226867676
BJ'S WHOLESALE CLUB HOLDINGS INC,1.0,0.7,0.49,transcripts_by_company/BJs_Wholesale_Club_Holdings_Inc_2021Q1.txt,0.23263852298259735,0.7673614770174026
LAM RESEARCH CORP,3.0,6.85,5.88,transcripts_by_company/Lam_Research_Corporation_2023Q3.txt,0.07582753896713257,0.9241724610328674
METLIFE INC,4.0,1.35,1.29,transcripts_by_company/MetLife_Inc_2018Q4.txt,0.20551107823848724,0.7944889217615128
CERNER CORP,1.0,0.45,0.43,transcripts_by_company/Cerner_Corporation_2015Q1.txt,0.14518287777900696,0.854817122220993
DR PEPPER SNAPPLE GROUP INC,3.0,0.6,0.67,transcripts_by_company/Dr_Pepper_Snapple_Group_Inc_2010Q3.txt,0.11533372104167938,0.8846662789583206
HENRY SCHEIN INC,4.0,1.67,1.72,transcripts_by_company/Henry_Schein_Inc_2015Q4.txt,0.32458797097206116,0.6754120290279388
VISTA GOLD CORP,1.0,-0.03,-0.02,transcripts_by_company/Vista_Gold_Corp_2021Q1.txt,0.18573370575904846,0.8142662942409515
ABM INDUSTRIES INC,1.0,0.22,0.31,transcripts_by_company/ABM_Industries_2011Q1.txt,0.30285289883613586,0.6971471011638641
HOSPIRA INC,4.0,0.4,0.3,transcripts_by_company/Hospira_Inc_2004Q4.txt,0.12960147857666016,0.8703985214233398
POLARIS INC,1.0,0.38,0.62,transcripts_by_company/Polaris_Industries_Inc_2004Q1.txt,0.26354947686195374,0.7364505231380463
BM TECHNOLOGIES INC,3.0,-0.41,0.19,transcripts_by_company/Parade_Technologies_Ltd_2022Q3.txt,0.1931592971086502,0.8068407028913498
ROCKWELL AUTOMATION INC,2.0,2.16,1.99,transcripts_by_company/Rockwell_Automation_Inc_2018Q2.txt,0.17408590018749237,0.8259140998125076
SYNOPSYS INC,1.0,1.52,1.42,transcripts_by_company/Synopsys_Inc_2021Q1.txt,0.30328667163848877,0.6967133283615112
JAKKS PACIFIC INC,2.0,-0.67,-0.36,transcripts_by_company/JAKKS_Pacific_Inc_2017Q2.txt,0.3746419847011566,0.6253580152988434
SHAW COMMUNICATIONS 'B',4.0,0.49,0.43,transcripts_by_company/Shaw_Communications_Inc_2012Q4.txt,0.1941687911748886,0.8058312088251114
GREAT-WEST LIFECO INC,4.0,0.69,0.7,transcripts_by_company/Great-West_Lifeco_Inc_2015Q4.txt,0.13050983846187592,0.8694901615381241
BELLATRIX EXPLORATION LTD,4.0,-0.26,-0.07,transcripts_by_company/Bellatrix_Exploration_Ltd_2017Q4.txt,0.10508531332015991,0.8949146866798401
AMGEN INC,1.0,0.42,0.34,transcripts_by_company/Amgen_2003Q1.txt,0.21822194755077362,0.7817780524492264
BANCORP INC,4.0,0.19,0.21,transcripts_by_company/Fifth_Third_Bancorp_2013Q4.txt,0.09518424421548843,0.9048157557845116
MERRIMACK PHARMACEUTICALS INC,1.0,-0.27,-0.34,transcripts_by_company/Merrimack_Pharmaceuticals_Inc_2014Q1.txt,0.2531317472457886,0.7468682527542114
BECKMAN COULTER INC,1.0,0.68,0.69,transcripts_by_company/Beckman_Coulter_2008Q1.txt,0.1554182916879654,0.8445817083120346
FUEL SYSTEMS SOLUTIONS INC,4.0,1.12,0.3,transcripts_by_company/Fuel_Systems_Solutions_Inc_2009Q4.txt,0.23963207006454468,0.7603679299354553
PEPCO HOLDINGS INC,4.0,0.25,0.16,transcripts_by_company/Pepco_Holdings_Inc_2010Q4.txt,0.22410032153129578,0.7758996784687042
RAYONIER ADVANCED MATERIALS INC,4.0,0.5,0.2,transcripts_by_company/Rayonier_Inc_2017Q4.txt,0.1809946894645691,0.8190053105354309
COLUMBIA SPORTSWEAR CO,2.0,-0.09,-0.13,transcripts_by_company/Columbia_Sportswear_Company_2015Q2.txt,0.32424330711364746,0.6757566928863525
POLYONE CORPORATION,1.0,0.33,0.2,transcripts_by_company/PolyOne_Corp_2006Q1.txt,0.16067591309547424,0.8393240869045258
SUPERTEX INC,1.0,0.12,0.32,transcripts_by_company/Supertex_2011Q1.txt,0.32651135325431824,0.6734886467456818
"IQIYI, INC",4.0,-2.02,-2.16,transcripts_by_company/iQIYI_Inc_2021Q4.txt,0.1041473001241684,0.8958526998758316
SIGMA ADDITIVE SOLUTIONS INC,4.0,-0.18,-0.23,transcripts_by_company/Sigma_Additive_Solutions_Inc_2022Q4.txt,0.27146729826927185,0.7285327017307281
ADAMS RESOURCES & ENERGY INC,3.0,0.88,0.94,transcripts_by_company/Adams_Resources_and_Energy_Inc_2023Q3.txt,0.082418292760849,0.917581707239151
TOLL BROTHERS IN,4.0,-0.52,0.31,transcripts_by_company/Toll_Brothers_2007Q4.txt,0.2313552349805832,0.7686447650194168
CENTRAL GARDEN  PET CO,2.0,0.31,0.45,transcripts_by_company/Central_Garden_and_Pet_Company_2011Q2.txt,0.11583363264799118,0.8841663673520088
NORTHERN TR CORP,3.0,0.51,0.5,transcripts_by_company/Northern_Rock_2003Q3.txt,0.428419828414917,0.571580171585083
INPUT/OUTPUT INC,1.0,-0.04,0.11,transcripts_by_company/InputOutput_2005Q1.txt,0.1715051233768463,0.8284948766231537
CONEXANT SYSTEMS INC-W/I,2.0,-0.04,0.03,transcripts_by_company/Conexant_Systems_2007Q2.txt,0.3113303482532501,0.6886696517467499
IAA INC (NEW YORK),4.0,0.37,0.34,transcripts_by_company/IAA_Inc_2019Q4.txt,0.1554761528968811,0.8445238471031189
ENEL AMERICAS SA,3.0,0.12,0.21,transcripts_by_company/Enel_Américas_SA_2021Q3.txt,0.2354242205619812,0.7645757794380188
PARK CITY GROUP INC,2.0,0.06,0.11,transcripts_by_company/Park_City_Group_Inc_2018Q2.txt,0.16997650265693665,0.8300234973430634
"VAALCO ENERGY, INC.",1.0,0.19,0.16,transcripts_by_company/VAALCO_ENERGY_INC_2011Q1.txt,0.1974080353975296,0.8025919646024704
TRINITY INDUSTRIES INC,4.0,0.26,0.36,transcripts_by_company/Trinity_Industries_Inc_2018Q4.txt,0.19590312242507935,0.8040968775749207
MIRAGEN THERAPEUTICS INC,1.0,-0.18,-0.29,transcripts_by_company/Miragen_Therapeutics_Inc_2020Q1.txt,0.11833934485912323,0.8816606551408768
PARKER DRILLING CO,2.0,0.2,0.2,transcripts_by_company/Parker_Drilling_2007Q2.txt,0.3991446793079376,0.6008553206920624
THOR INDUSTRIES INC,2.0,6.32,3.5,transcripts_by_company/Thor_Industries_Inc_2022Q2.txt,0.23660965263843536,0.7633903473615646
THOMSON CORP,2.0,0.47,0.59,transcripts_by_company/Thomson_Reuters_2010Q2.txt,0.17518824338912964,0.8248117566108704
KELLOGG CO,3.0,0.66,0.65,transcripts_by_company/Kellogg_Company_2005Q3.txt,0.22222548723220825,0.7777745127677917
AVNET INC,3.0,0.56,0.49,transcripts_by_company/Avnet_2006Q3.txt,0.23530910909175873,0.7646908909082413
ENCORE WIRE CORP,1.0,0.46,0.22,transcripts_by_company/Encore_Wire_2011Q1.txt,0.12731923162937164,0.8726807683706284
DIGITAL REALTY TRUST INC,1.0,0.36,0.36,transcripts_by_company/Digital_Realty_Trust_Inc_2012Q1.txt,0.19301597774028778,0.8069840222597122
NEXSTAR BROADCASTING GROUP INC.,4.0,0.64,1.79,transcripts_by_company/Nexstar_Broadcasting_Group_Inc_2016Q4.txt,0.1367892175912857,0.8632107824087143
TELUS CORP,3.0,0.56,0.55,transcripts_by_company/TELUS_2013Q3.txt,0.21667766571044922,0.7833223342895508
"O'REILLY AUTOMOTIVE, INC.",1.0,2.06,1.86,transcripts_by_company/OReilly_Automotive_Inc_2015Q1.txt,0.11903483420610428,0.8809651657938957
CLOUDFLARE INC,1.0,0.01,-0.01,transcripts_by_company/Cloudflare_Inc_2022Q1.txt,0.1951141655445099,0.8048858344554901
TEXAS INSTRUMENTS INC,1.0,0.85,0.73,transcripts_by_company/Texas_Instruments_Inc_2017Q1.txt,0.2392224371433258,0.7607775628566742
CADENCE PHARMACEUTICALS INC,3.0,-0.08,-0.09,transcripts_by_company/Cadence_Pharmaceuticals_2013Q3.txt,0.21495039761066437,0.7850496023893356
INDEPENDENT BANK CORP (MASSACHUS,4.0,0.56,0.53,transcripts_by_company/Independent_Bank_Corp_2007Q4.txt,0.07878732681274414,0.9212126731872559
DASSAULT SYSTEMES SE,4.0,0.36,0.36,transcripts_by_company/Dassault_Systèmes_SE_2023Q4.txt,0.09120520204305649,0.9087947979569435
KMG AMERICA CORP,1.0,-0.42,0.11,transcripts_by_company/KMG_America_Corporation_2007Q1.txt,0.25885239243507385,0.7411476075649261
ORASURE TECHNOLOGIES INC,4.0,-0.64,-0.03,transcripts_by_company/OraSure_Technologies_Inc_2008Q4.txt,0.3034028112888336,0.6965971887111664
INCYTE CORP,2.0,0.8,0.82,transcripts_by_company/Incyte_Corporation_2021Q2.txt,0.11924891918897629,0.8807510808110237
PENN NATIONAL GAMING INC,4.0,0.07,-0.26,transcripts_by_company/Penn_National_Gaming_Inc_2020Q4.txt,0.1265723556280136,0.8734276443719864
AIXTRON SE,1.0,-0.14,-0.15,transcripts_by_company/AIXTRON_SE_2016Q1.txt,0.04669332876801491,0.9533066712319851
BRISTOL-MYERS SQUIBB CO,1.0,0.71,0.48,transcripts_by_company/Bristol-Myers_Squibb_Company_2015Q1.txt,0.1619868278503418,0.8380131721496582
MAXIMUS INC,1.0,0.81,0.69,transcripts_by_company/MAXIMUS_Inc_2010Q1.txt,0.12737658619880676,0.8726234138011932
ESTERLINE CORP,2.0,1.44,1.41,transcripts_by_company/Esterline_Technologies_Corp_2012Q2.txt,0.21129748225212097,0.788702517747879
WORLD FUEL SERVICES CORP,2.0,0.41,0.46,transcripts_by_company/World_Fuel_Services_Corporation_2022Q2.txt,0.2296646237373352,0.7703353762626648
"UNIVERSAL FOREST PRODUCTS, INC.",1.0,-0.06,-0.08,transcripts_by_company/Universal_Forest_Products_Inc_2009Q1.txt,0.2112804502248764,0.7887195497751236
SPECTRANETICS CORP,4.0,0.03,0.04,transcripts_by_company/Spectranetics_Corporation_2012Q4.txt,0.11197491735219955,0.8880250826478004
UNITED STATES STEEL CORP,4.0,0.76,0.69,transcripts_by_company/United_States_Steel_Corporation_2017Q4.txt,0.10153845697641373,0.8984615430235863
BIOSCRIP INC,4.0,0.06,0.04,transcripts_by_company/BioScrip_2007Q4.txt,0.13417476415634155,0.8658252358436584
MARKEL CORP,1.0,13.16,5.78,transcripts_by_company/Azrieli_Group_Ltd_2015Q1.txt,0.14197175204753876,0.8580282479524612
SIAM CEMENT PCL,2.0,10.33,10.39,transcripts_by_company/The_Siam_Cement_Public_Company_Limited_2018Q2.txt,0.3750978112220764,0.6249021887779236
SONIC AUTOMOTIVE INC,4.0,0.3,0.24,transcripts_by_company/Sonic_2010Q4.txt,0.22596099972724915,0.7740390002727509
HEALTHSTREAM INC,3.0,0.02,0.02,transcripts_by_company/HealthStream_Inc_2005Q3.txt,0.39570432901382446,0.6042956709861755
DENTSPLY INTERNATIONAL INC,1.0,0.52,0.59,transcripts_by_company/DENTSPLY_International_Inc_2013Q1.txt,0.20777910947799683,0.7922208905220032
TTM TECHNOLOGIES INC,2.0,0.09,0.18,transcripts_by_company/TTM_Technologies_2013Q2.txt,0.1074526458978653,0.8925473541021347
CADENCE DESIGN SYSTEMS INC,1.0,1.29,1.11,transcripts_by_company/Cadence_Design_Systems_Inc_2023Q1.txt,0.1269921511411667,0.8730078488588333
HANSEN MEDICAL INC,1.0,-0.2,-0.15,transcripts_by_company/Hansen_Medical_2012Q1.txt,0.1882595419883728,0.8117404580116272
CALEDONIA MINING CORP,4.0,0.09,0.11,transcripts_by_company/Acacia_Mining_plc_2015Q4.txt,0.3274826407432556,0.6725173592567444
PHOENIX TECHNOLOGIES LIMITED,4.0,-0.31,-0.15,transcripts_by_company/Phoenix_Technologies_2006Q4.txt,0.12709420919418335,0.8729057908058167
NAUTILUS BIOTECHNOLOGY INC,2.0,-0.12,-0.16,transcripts_by_company/Nautilus_Biotechnology_Inc_2022Q2.txt,0.14002695679664612,0.8599730432033539
STANDEX INTERNATIONAL CORP,2.0,1.24,1.13,transcripts_by_company/Standex_International_2014Q2.txt,0.2216229885816574,0.7783770114183426
SITIME CORP,3.0,0.23,0.12,transcripts_by_company/SiTime_Corporation_2020Q3.txt,0.28027811646461487,0.7197218835353851
ATHEROS COMMUNICATIONS INC.,3.0,0.19,0.14,transcripts_by_company/Atheros_Communications_Inc_2006Q3.txt,0.15806573629379272,0.8419342637062073
SOVRAN SELF STORAGE INC,1.0,0.73,0.75,transcripts_by_company/Sovran_Self_Storage_Inc_2016Q1.txt,0.15382353961467743,0.8461764603853226
INFINERA CORP,2.0,-0.01,-0.05,transcripts_by_company/Infinera_Corporation_2013Q2.txt,0.2598109245300293,0.7401890754699707
WJ COMMUNICATIONS,1.0,-0.05,-0.04,transcripts_by_company/WJ_Communications_Inc_2004Q1.txt,0.14704501628875732,0.8529549837112427
BUILDERS FIRSTSOURCE INC,2.0,-0.07,-0.05,transcripts_by_company/Builders_FirstSource_Inc_2012Q2.txt,0.2443668693304062,0.7556331306695938
BILL BARRETT CORP,2.0,-0.19,0.08,transcripts_by_company/Bill_Barrett_Corporation_2013Q2.txt,0.32440632581710815,0.6755936741828918
JOS A BANK CLOTHIERS INC,4.0,0.3,0.32,transcripts_by_company/Jos_A_Bank_Clothiers_Inc_2006Q4.txt,0.04694433882832527,0.9530556611716747
BE AEROSPACE INC,1.0,0.38,0.6,transcripts_by_company/BE_Aerospace_2009Q1.txt,0.09485477209091187,0.9051452279090881
BUCYRUS INTERNATIONAL INC,2.0,0.49,0.54,transcripts_by_company/Bucyrus_International_Inc_2005Q2.txt,0.19733348488807678,0.8026665151119232
BRF SA,2.0,0.04,0.84,transcripts_by_company/BRF_SA_2016Q2.txt,0.30299708247184753,0.6970029175281525
ARGOS THERAPEUTICS INC,3.0,-0.77,-0.49,transcripts_by_company/Argos_Therapeutics_Inc_2014Q3.txt,0.2900068759918213,0.7099931240081787
AMERICAN EAGLE OUTFITTERS INC,2.0,0.22,0.15,transcripts_by_company/American_Eagle_Outfitters_Inc_2016Q2.txt,0.13731753826141357,0.8626824617385864
WATCHGUARD TECHNOLOGIES INC,1.0,-0.08,-0.01,transcripts_by_company/WatchGuard_Technologies_Inc_2006Q1.txt,0.3329097330570221,0.6670902669429779
CARRIAGE SERVICES INC,4.0,0.1,0.1,transcripts_by_company/Carriage_Services_Inc_2007Q4.txt,0.35805466771125793,0.6419453322887421
AFC ENTERPRISES,2.0,0.22,0.2,transcripts_by_company/AFC_Enterprises_Inc_2007Q2.txt,0.090001679956913,0.909998320043087
UWM HOLDINGS CORP,2.0,0.07,0.38,transcripts_by_company/UWM_Holdings_Corporation_2021Q2.txt,0.28942129015922546,0.7105787098407745
EXPLORATION CO,3.0,-0.01,0.09,transcripts_by_company/Peyto_Exploration_and_Development_Corp_2005Q3.txt,0.19432446360588074,0.8056755363941193
GRANITE POINT MORTGAGE TRUST INC,2.0,0.12,0.17,transcripts_by_company/Granite_Point_Mortgage_Trust_Inc_2023Q2.txt,0.06127813458442688,0.9387218654155731
SELECTA BIOSCIENCES INC,4.0,-0.14,-0.15,transcripts_by_company/Selecta_Biosciences_Inc_2020Q4.txt,0.1436086893081665,0.8563913106918335
ESSENTIAL UTILITIES INC,1.0,0.72,0.55,transcripts_by_company/Essential_Utilities_Inc_2021Q1.txt,0.23007242381572723,0.7699275761842728
AVNET INC,1.0,0.34,0.37,transcripts_by_company/Avnet_2005Q1.txt,0.24214142560958862,0.7578585743904114
MESOBLAST LTD,2.0,-0.14,-0.18,transcripts_by_company/Mesoblast_Limited_2023Q2.txt,0.285656213760376,0.714343786239624
GERDAU (COSIGUA),1.0,0.22,0.26,transcripts_by_company/Gerdau_SA_2012Q1.txt,0.23801881074905396,0.761981189250946
NEOPHOTONICS CORP,1.0,0.13,-0.13,transcripts_by_company/NeoPhotonics_Corporation_2015Q1.txt,0.16936209797859192,0.8306379020214081
SEALED AIR CORP,1.0,0.6,0.66,transcripts_by_company/Sealed_Air_2006Q1.txt,0.1163552850484848,0.8836447149515152
HANNON ARMSTRONG SUSTAINABLE INF,3.0,0.62,0.55,transcripts_by_company/Hannon_Armstrong_Sustainable_Infrastructure_Capital_Inc_2023Q3.txt,0.1111694946885109,0.8888305053114891
PROOFPOINT INC,3.0,0.25,0.15,transcripts_by_company/Proofpoint_Inc_2017Q3.txt,0.17561878263950348,0.8243812173604965
PARKERVISION INCORPORATED,4.0,-0.07,-0.06,transcripts_by_company/ParkerVision_Inc_2012Q4.txt,0.0833270326256752,0.9166729673743248
GAP INC,2.0,0.48,-0.16,transcripts_by_company/The_Gap_Inc_2021Q2.txt,0.1611063927412033,0.8388936072587967
MCDERMOTT INTERNATIONAL INC,4.0,0.19,0.78,transcripts_by_company/McDermott_International_Inc_2008Q4.txt,0.21964970231056213,0.7803502976894379
DROPBOX INC,3.0,0.26,0.19,transcripts_by_company/Dropbox_Inc_2020Q3.txt,0.13655072450637817,0.8634492754936218
ONYX PHARMACEUTICALS INC,4.0,-0.35,-0.4,transcripts_by_company/Onyx_Pharmaceuticals_Inc_2003Q4.txt,0.13844364881515503,0.861556351184845
BIONTECH SE,3.0,12.35,5.12,transcripts_by_company/BioNTech_SE_2021Q3.txt,0.260078489780426,0.739921510219574
ACADIA REALTY TRUST,4.0,0.16,0.09,transcripts_by_company/Acadia_Realty_Trust_2009Q4.txt,0.3079794943332672,0.6920205056667328
WILLBROS GROUP INCORPORATED,3.0,-0.24,0.3,transcripts_by_company/Willbros_Group_2004Q3.txt,0.22922329604625702,0.770776703953743
ASPEN TECHNOLOGY INC,1.0,0.14,0.06,transcripts_by_company/Aspen_Technology_2013Q1.txt,0.2393532246351242,0.7606467753648758
PACIFIC DRILLING SA,4.0,0.08,0.16,transcripts_by_company/Pacific_Drilling_LTD_2012Q4.txt,0.1396363377571106,0.8603636622428894
TRICIDA INC,4.0,-1.09,-1.16,transcripts_by_company/Tricida_Inc_2020Q4.txt,0.24312467873096466,0.7568753212690353
AK STEEL HOLDING CORP,3.0,-0.25,0.24,transcripts_by_company/AK_Steel_Corp_2012Q3.txt,0.20968599617481232,0.7903140038251877
NIKE INC,4.0,0.8,0.82,transcripts_by_company/Nike_2008Q4.txt,0.29562321305274963,0.7043767869472504
PATRIOT COAL CORP,2.0,-0.38,0.1,transcripts_by_company/Patriot_Coal_Corp_2009Q2.txt,0.2943127751350403,0.7056872248649597
EASTMAN CHEMICAL CO,3.0,2.33,1.17,transcripts_by_company/Eastman_Chemical_Company_2010Q3.txt,0.3061734735965729,0.6938265264034271
ACTIVE POWER INC,1.0,-0.01,-0.02,transcripts_by_company/Active_Power_Inc_2011Q1.txt,0.2796844244003296,0.7203155755996704
EVERQUOTE INC,2.0,-0.07,-0.1,transcripts_by_company/EverQuote_Inc_2021Q2.txt,0.20626263320446014,0.7937373667955399
MONROE CAPITAL CORP,1.0,0.35,0.38,transcripts_by_company/Monroe_Capital_Corporation_2017Q1.txt,0.19292519986629486,0.8070748001337051
BIONTECH SE,2.0,6.45,7.55,transcripts_by_company/BioNTech_SE_2022Q2.txt,0.13300780951976776,0.8669921904802322
NLIGHT INC,4.0,-0.27,0.02,transcripts_by_company/nLIGHT_Inc_2022Q4.txt,0.11652949452400208,0.8834705054759979
IPASS INC,4.0,-0.06,0.01,transcripts_by_company/iPass_Inc_2017Q4.txt,0.12767700850963593,0.8723229914903641
FIRSTENERGY CORP,4.0,0.8,0.63,transcripts_by_company/FirstEnergy_Corp_2014Q4.txt,0.34567466378211975,0.6543253362178802
ATMOS ENERGY CORPORATION,1.0,2.37,2.21,transcripts_by_company/Atmos_Energy_Corporation_2022Q1.txt,0.08786763995885849,0.9121323600411415
3M CO,2.0,2.02,2.09,transcripts_by_company/3M_Company_2015Q2.txt,0.28728264570236206,0.7127173542976379
TRADE DESK INC,2.0,0.28,0.26,transcripts_by_company/The_Trade_Desk_Inc_2023Q2.txt,0.061506640166044235,0.9384933598339558
SPECTRUM PHARMACEUTICALS INC,1.0,0.02,-0.41,transcripts_by_company/Spectrum_Pharmaceuticals_Inc_2009Q1.txt,0.18931475281715393,0.8106852471828461
AFFILIATED MANAGERS GROUP INC,3.0,3.45,3.87,transcripts_by_company/Affiliated_Managers_Group_Inc_2018Q3.txt,0.17086009681224823,0.8291399031877518
AMDOCS LTD,1.0,0.44,0.41,transcripts_by_company/Amdocs_Ltd_2006Q1.txt,0.34868812561035156,0.6513118743896484
COLOPLAST A/S,3.0,4.75,5.03,transcripts_by_company/Coloplast_AS_2017Q3.txt,0.14641867578029633,0.8535813242197037
ACCELERATE DIAGNOSTICS INC,4.0,-0.27,-0.3,transcripts_by_company/Accelerate_Diagnostics_Inc_2017Q4.txt,0.3125603497028351,0.6874396502971649
PNC FINANCIAL SERVICES GROUP INC,3.0,2.82,2.7,transcripts_by_company/The_PNC_Financial_Services_Group_Inc_2018Q3.txt,0.18418648838996887,0.8158135116100311
FATE THERAPEUTICS INC,4.0,-0.26,-0.37,transcripts_by_company/Fate_Therapeutics_Inc_2015Q4.txt,0.23480242490768433,0.7651975750923157
HUNTSMAN CORP,2.0,0.39,0.53,transcripts_by_company/Huntsman_Corporation_2013Q2.txt,0.05848581716418266,0.9415141828358173
FRED'S INC,1.0,0.28,0.27,transcripts_by_company/Freds_2007Q1.txt,0.30121108889579773,0.6987889111042023
GOODYEAR TIRE  RUBBER CO,3.0,0.7,1.25,transcripts_by_company/The_Goodyear_Tire_and_Rubber_Company_2017Q3.txt,0.15446989238262177,0.8455301076173782
ORACLE CORP,4.0,0.69,0.69,transcripts_by_company/Oracle_Corp_2013Q4.txt,0.16576729714870453,0.8342327028512955
MYLAN INC,4.0,0.65,0.66,transcripts_by_company/Mylan_Inc_2012Q4.txt,0.38079458475112915,0.6192054152488708
ACADIA REALTY TRUST,2.0,0.04,-0.12,transcripts_by_company/Acadia_Realty_Trust_2021Q2.txt,0.21617643535137177,0.7838235646486282
BANK ONE CORPORATION,1.0,0.71,0.74,transcripts_by_company/Bank_One_2003Q1.txt,0.27958303689956665,0.7204169631004333
AMERCO,3.0,4.22,2.85,transcripts_by_company/AMERCO_2010Q3.txt,0.20767417550086975,0.7923258244991302
HENNESSY ADVISORS INC,4.0,0.39,0.59,transcripts_by_company/Omega_Advisors_Inc_2018Q4.txt,0.1120910793542862,0.8879089206457138
ATRICURE INC,3.0,-0.26,-0.31,transcripts_by_company/AtriCure_Inc_2006Q3.txt,0.07784853875637054,0.9221514612436295
LOUISIANA-PACIFIC CORP,4.0,0.01,-0.05,transcripts_by_company/Louisiana-Pacific_Corporation_2015Q4.txt,0.32261985540390015,0.6773801445960999
GYMBOREE CORPORATION,3.0,0.41,0.19,transcripts_by_company/The_Gymboree_Corporation_2009Q3.txt,0.15446723997592926,0.8455327600240707
ELECTROGLAS INCORPORATED,3.0,-0.09,-0.12,transcripts_by_company/Electroglas_2006Q3.txt,0.13939373195171356,0.8606062680482864
ELAN PLC,3.0,-0.26,-0.17,transcripts_by_company/Elan_Corporation_PLC_2003Q3.txt,0.24604496359825134,0.7539550364017487
MIM CORP.,3.0,0.08,0.11,transcripts_by_company/MIM_Corporation_2004Q3.txt,0.06786468625068665,0.9321353137493134
INFOSPACE INC,4.0,0.2,0.03,transcripts_by_company/Infospace_2009Q4.txt,0.2444549798965454,0.7555450201034546
EDIETS.COM INC,1.0,-0.12,-0.15,transcripts_by_company/eDietscom_Inc_2006Q1.txt,0.22407466173171997,0.77592533826828
ORBCOMM INC,2.0,0.02,0.02,transcripts_by_company/ORBCOMM_Inc_2014Q2.txt,0.3498499095439911,0.6501500904560089
PANTRY INC.,3.0,0.33,0.32,transcripts_by_company/The_Pantry_2003Q3.txt,0.14018958806991577,0.8598104119300842
STORA ENSO OYJ A-SHARE,4.0,0.17,0.66,transcripts_by_company/Stora_Enso_2006Q4.txt,0.19493158161640167,0.8050684183835983
INTERLINE BRANDS INC,1.0,0.09,0.11,transcripts_by_company/INTERLINE_BRANDS_INC_2009Q1.txt,0.24110156297683716,0.7588984370231628
ROCKWELL COLLINS INC,2.0,0.33,0.32,transcripts_by_company/Rockwell_Collins_Inc_2002Q2.txt,0.27772098779678345,0.7222790122032166
CAPSTAR FINANCIAL HOLDINGS INC,2.0,0.45,0.47,transcripts_by_company/CapStar_Financial_Holdings_Inc_2022Q2.txt,0.22563013434410095,0.774369865655899
ALIGN TECHNOLOGY INC,2.0,0.06,0.18,transcripts_by_company/Align_Technology_2008Q2.txt,0.2595859169960022,0.7404140830039978
BRISTOW GROUP INC,3.0,0.79,0.73,transcripts_by_company/Bristow_Group_Inc_2006Q3.txt,0.07960090041160583,0.9203990995883942
MANTECH INTERNATIONAL CORP,3.0,0.83,0.79,transcripts_by_company/ManTech_International_Corporation_2020Q3.txt,0.325414776802063,0.674585223197937
TYSON FOODS INC,4.0,0.15,0.32,transcripts_by_company/Tyson_Foods_Inc_2002Q4.txt,0.294660747051239,0.705339252948761
ALERUS FINANCIAL CORP,1.0,0.86,0.3,transcripts_by_company/Alerus_Financial_Corporation_2021Q1.txt,0.21795335412025452,0.7820466458797455
LAMB WESTON HOLDINGS INC,1.0,0.45,0.69,transcripts_by_company/Lamb_Weston_Holdings_Inc_2021Q1.txt,0.1932941973209381,0.8067058026790619
ONEBEACON INSURANCE GROUP LTD,1.0,-0.29,0.38,transcripts_by_company/OneBeacon_Insurance_Group_Ltd_2010Q1.txt,0.11142830550670624,0.8885716944932938
TARGETED GENETICS CORP,3.0,-0.07,-0.07,transcripts_by_company/Targeted_Genetics_2005Q3.txt,0.1715133935213089,0.8284866064786911
BUENAVENTURA 'C',3.0,0.68,0.68,transcripts_by_company/Buenaventura_2010Q3.txt,0.130353182554245,0.869646817445755
TETRA TECHNOLOGIES INC DEL,3.0,-0.02,0.02,transcripts_by_company/TETRA_Technologies_Inc_2019Q3.txt,0.21031813323497772,0.7896818667650223
BEIGENE LTD,3.0,-4.46,-4.83,transcripts_by_company/BeiGene_Ltd_2021Q3.txt,0.17968113720417023,0.8203188627958298
EPIRUS BIOPHARMACEUTICALS INC,1.0,-0.66,-0.52,transcripts_by_company/EPIRUS_Biopharmaceuticals_Inc_2016Q1.txt,0.2040710151195526,0.7959289848804474
NATIONAL OILWELL VARCO INC,4.0,0.4,0.02,transcripts_by_company/National_Oilwell_Varco_Inc_2019Q4.txt,0.1872347742319107,0.8127652257680893
AUTOMATIC DATA PROCESSING INC,3.0,2.08,2.05,transcripts_by_company/Automatic_Data_Processing_Inc_2023Q3.txt,0.11870083957910538,0.8812991604208946
LINCOLN ELECTRIC HOLDINGS INC,3.0,0.71,0.62,transcripts_by_company/Lincoln_Holdings_Inc_2005Q3.txt,0.21504966914653778,0.7849503308534622
TIMKEN CO,3.0,1.06,0.88,transcripts_by_company/The_Timken_Company_2018Q3.txt,0.16888336837291718,0.8311166316270828
YATSEN HOLDING LTD,3.0,-1.2,-0.23,transcripts_by_company/Yatsen_Holding_Limited_2023Q3.txt,0.3374439775943756,0.6625560224056244
MARATHON OIL CORP,3.0,0.91,1.49,transcripts_by_company/Marathon_Oil_Corporation_2011Q3.txt,0.33583393692970276,0.6641660630702972
MICROSEMI CORP,2.0,0.68,0.71,transcripts_by_company/Microsemi_Corporation_2015Q2.txt,0.14618618786334991,0.8538138121366501
UPM-KYMMENE OY,4.0,0.49,1.15,transcripts_by_company/UPM-Hymmene_Group_2006Q4.txt,0.20925451815128326,0.7907454818487167
OLD REPUBLIC INTERNATIONAL CORP,4.0,-0.11,0.19,transcripts_by_company/Old_Republic_International_Corp_2011Q4.txt,0.21991802752017975,0.7800819724798203
SCORPIO TANKERS INC,4.0,-0.18,0.23,transcripts_by_company/Scorpio_Tankers_Inc_2016Q4.txt,0.297018438577652,0.702981561422348
APPLIED OPTOELECTRONICS INC,4.0,-0.2,-0.14,transcripts_by_company/Applied_Optoelectronics_Inc_2020Q4.txt,0.07803861051797867,0.9219613894820213
DUKE REALTY CORP,4.0,0.37,0.28,transcripts_by_company/Duke_Realty_Corporation_2006Q4.txt,0.16652868688106537,0.8334713131189346
TANOX,4.0,-0.09,-0.08,transcripts_by_company/Tanox_Inc_2004Q4.txt,0.20525391399860382,0.7947460860013962
BLOOMIN' BRANDS INC,1.0,0.75,0.7,transcripts_by_company/Bloomin_Brands_Inc_2019Q1.txt,0.22469714283943176,0.7753028571605682
DERMA SCIENCES INC.,2.0,-0.01,-0.01,transcripts_by_company/Derma_Sciences_2009Q2.txt,0.2015548050403595,0.7984451949596405
VIOMI TECHNOLOGY CO LTD,3.0,0.79,1.22,transcripts_by_company/Viomi_Technology_Co_Ltd_2020Q3.txt,-0.0006430335924960673,1.000643033592496
COMMUNITY BANK SYSTEM INC,1.0,0.5,0.53,transcripts_by_company/Community_Bank_System_Inc_2012Q1.txt,0.2250962257385254,0.7749037742614746
KEY TECHNOLOGY,2.0,0.16,0.2,transcripts_by_company/Key_Technology_Inc_2016Q2.txt,0.3773759603500366,0.6226240396499634
CONSTRUCTION PARTNERS INC,2.0,0.23,0.31,transcripts_by_company/Construction_Partners_Inc_2022Q2.txt,0.09360675513744354,0.9063932448625565
ENVIRI CORP,4.0,-0.07,-0.05,transcripts_by_company/Enviri_Corporation_CurrentQ4.txt,0.16257719695568085,0.8374228030443192
ARES CAPITAL CORP,1.0,0.38,0.38,transcripts_by_company/CapitaMalls_Asia_Ltd_2012Q1.txt,0.1784035861492157,0.8215964138507843
TASER INTERNATIONAL INC,1.0,0.07,0.1,transcripts_by_company/TASER_International_Inc_2017Q1.txt,0.09518565982580185,0.9048143401741982
ILLINOIS TOOL WORKS INC,2.0,1.29,1.36,transcripts_by_company/Illinois_Tool_Works_Inc_2005Q2.txt,0.12109888345003128,0.8789011165499687
VECTOR GROUP LTD,2.0,0.32,0.34,transcripts_by_company/Vector_Group_Ltd_2023Q2.txt,0.22665175795555115,0.7733482420444489
GEA GROUP AG,3.0,0.35,0.41,transcripts_by_company/PageGroup_plc_2019Q3.txt,0.17230287194252014,0.8276971280574799
BAYTEX ENERGY CORP,2.0,-0.13,-0.07,transcripts_by_company/Baytex_Energy_Corporation_2015Q2.txt,0.15039639174938202,0.849603608250618
EXANTAS CAPITAL CORP,3.0,0.24,0.16,transcripts_by_company/Exantas_Capital_Corp_2018Q3.txt,0.3696143627166748,0.6303856372833252
HUB INTERNATIONAL LIMITED,3.0,0.23,0.25,transcripts_by_company/Hub_International_Limited_2004Q3.txt,0.2270444929599762,0.7729555070400238
ON ASSIGNMENT INC,3.0,0.57,0.48,transcripts_by_company/On_Assignment_Inc_2014Q3.txt,0.09356684982776642,0.9064331501722336
SHIRE LTD,3.0,0.5,0.44,transcripts_by_company/Shire_Pharmaceuticals_Group_2004Q3.txt,0.06177227571606636,0.9382277242839336
FIRST COMMONWEALTH FINANCIAL COR,2.0,0.14,0.16,transcripts_by_company/First_Commonwealth_Financial_Corporation_2016Q2.txt,0.20851586759090424,0.7914841324090958
J M SMUCKER CO,2.0,2.08,2.02,transcripts_by_company/The_J_M_Smucker_Company_2019Q2.txt,0.1542803794145584,0.8457196205854416
DEMANDWARE INC,1.0,-0.07,-0.09,transcripts_by_company/Demandware_Inc_2014Q1.txt,0.14078563451766968,0.8592143654823303
INTEGER HOLDINGS CORP,4.0,0.87,0.98,transcripts_by_company/Integer_Holdings_Corporation_2016Q4.txt,0.22031396627426147,0.7796860337257385
HARMONIC INC,1.0,-0.04,0.01,transcripts_by_company/Harmonic_2006Q1.txt,0.1147838681936264,0.8852161318063736
COMSCORE INC,3.0,-0.1,0.03,transcripts_by_company/comScore_Inc_2014Q3.txt,0.13966242969036102,0.860337570309639
SCHICK TECHNOLOGIES INC.,3.0,0.17,0.17,transcripts_by_company/Schick_Technologies_2005Q3.txt,0.2232520431280136,0.7767479568719864
MICROSTRATEGY INC,1.0,1.79,0.17,transcripts_by_company/MicroStrategy_Incorporated_2015Q1.txt,0.2335042804479599,0.7664957195520401
STERICYCLE INC,1.0,0.88,0.89,transcripts_by_company/Stericycle_Inc_2013Q1.txt,0.15286797285079956,0.8471320271492004
WORTHINGTON INDUSTRIES INC,1.0,0.35,0.28,transcripts_by_company/Worthington_Industries_2011Q1.txt,0.1730697602033615,0.8269302397966385
AMBAC FINANCIAL GROUP INC,4.0,-6.79,-0.79,transcripts_by_company/Ambac_Financial_Group_2008Q4.txt,0.20257209241390228,0.7974279075860977
HENRY SCHEIN INC,4.0,1.0,1.03,transcripts_by_company/Henry_Schein_2010Q4.txt,0.16451488435268402,0.835485115647316
VITAL SIGNS INC,3.0,0.62,0.74,transcripts_by_company/Vital_Signs_2007Q3.txt,0.2118545025587082,0.7881454974412918
PACCAR INC,4.0,1.11,1.01,transcripts_by_company/PACCAR_Inc_2014Q4.txt,0.09615713357925415,0.9038428664207458
NATCO GROUP,2.0,0.5,0.33,transcripts_by_company/NATCO_Group_2006Q2.txt,0.18499931693077087,0.8150006830692291
CAE INC,1.0,0.37,0.32,transcripts_by_company/CAE_Inc_2018Q1.txt,0.29600417613983154,0.7039958238601685
PDL BIOPHARMA INC,2.0,-0.43,0.04,transcripts_by_company/PDL_BioPharma_Inc_2020Q2.txt,0.3203650414943695,0.6796349585056305
FTI CONSULTING INC,1.0,0.48,0.66,transcripts_by_company/FTI_Consulting_2011Q1.txt,0.11748842895030975,0.8825115710496902
MEDCATH CORPORATION,3.0,-0.12,0.17,transcripts_by_company/Medcath_Corporation_2005Q3.txt,0.43962162733078003,0.56037837266922
SHENANDOAH TELECOMMUNICATIONS CO,4.0,0.05,-0.03,transcripts_by_company/Shenandoah_Telecommunications_Company_2023Q4.txt,0.17933006584644318,0.8206699341535568
HANCOCK HLDG CO,2.0,0.59,0.58,transcripts_by_company/Hancock_Holding_Company_2014Q2.txt,0.42503058910369873,0.5749694108963013
MERCURY COMPUTER SYSTEMS,2.0,0.47,0.5,transcripts_by_company/Mercury_Systems_Inc_2019Q2.txt,0.14954394102096558,0.8504560589790344
AMERICAN PUBLIC EDUCATION INC,3.0,0.11,0.36,transcripts_by_company/American_Public_Education_Inc_2019Q3.txt,0.1726556122303009,0.8273443877696991
ACADIA REALTY TRUST,3.0,-0.02,-0.01,transcripts_by_company/Acadia_Realty_Trust_2023Q3.txt,0.23231105506420135,0.7676889449357986
AMGEN INC,2.0,1.12,1.13,transcripts_by_company/Amgen_Inc_2007Q2.txt,0.1763656735420227,0.8236343264579773
LAYNE CHRISTENSEN CO,2.0,-0.17,-0.04,transcripts_by_company/Layne_Christensen_Company_2017Q2.txt,0.3111693561077118,0.6888306438922882
KLA-TENCOR CORP,4.0,1.52,1.25,transcripts_by_company/KLA-Tencor_Corporation_2016Q4.txt,0.2172098457813263,0.7827901542186737
IBERIABANK CORPORATION,2.0,0.65,0.83,transcripts_by_company/IBERIABANK_Corporation_2013Q2.txt,0.16211619973182678,0.8378838002681732
LEGG MASON INC,2.0,0.93,0.96,transcripts_by_company/Legg_Mason_2005Q2.txt,0.2806747853755951,0.7193252146244049
AMERIPRISE FINANCIAL INC,3.0,1.04,1.47,transcripts_by_company/Ameriprise_Financial_Inc_2011Q3.txt,0.15575815737247467,0.8442418426275253
PAYCHEX INC,3.0,0.6,0.57,transcripts_by_company/Paychex_Inc_2016Q3.txt,0.21595542132854462,0.7840445786714554
CITY OFFICE REIT INC,4.0,-0.36,0.04,transcripts_by_company/Slate_Office_REIT_2022Q4.txt,0.2508181035518646,0.7491818964481354
AMERICAN WATER WORKS COMPANY INC,2.0,1.2,1.21,transcripts_by_company/American_Water_Works_Company_Inc_2022Q2.txt,0.44016945362091064,0.5598305463790894
SAFE BULKERS INC,2.0,0.02,0.18,transcripts_by_company/Safe_Bulkers_Inc_2014Q2.txt,0.36457622051239014,0.6354237794876099
MICRON TECHNOLOGY INC,4.0,2.16,2.53,transcripts_by_company/Micron_Technology_Inc_2021Q4.txt,0.1417475938796997,0.8582524061203003
EVOLUTION AB (PUBL),1.0,1.223,1.18,transcripts_by_company/Lifco_AB_publ_2023Q1.txt,0.35205042362213135,0.6479495763778687
TOTAL SA,4.0,1.99,1.84,transcripts_by_company/Total_Access_Communication_PUB_2007Q4.txt,0.0819043442606926,0.9180956557393074
AMERESCO INC,1.0,-0.04,0.17,transcripts_by_company/Ameresco_Inc_2013Q1.txt,0.3420255780220032,0.6579744219779968
NATIONAL SEMICONDUCTOR CORP,4.0,0.27,0.41,transcripts_by_company/National_Semiconductor_2006Q4.txt,0.16910803318023682,0.8308919668197632
WESTERN ALLIANCE BANCORPORATION,2.0,2.39,2.43,transcripts_by_company/Western_Alliance_Bancorporation_2022Q2.txt,0.3548678457736969,0.6451321542263031
ARES COMMERCIAL REAL ESTATE CORP,4.0,-0.73,0.13,transcripts_by_company/Ares_Commercial_Real_Estate_Corporation_CurrentQ4.txt,0.3273293077945709,0.6726706922054291
ICONIX BRAND GROUP INC,1.0,0.3,0.32,transcripts_by_company/Iconix_Brand_Group_2008Q1.txt,0.15142901241779327,0.8485709875822067
TALBOTS INC.,3.0,0.35,0.34,transcripts_by_company/Talbots_2005Q3.txt,0.2368154078722,0.7631845921278
ALLEGION PLC,3.0,1.56,1.4,transcripts_by_company/Allegion_plc_2021Q3.txt,0.2937505543231964,0.7062494456768036
DUKE REALTY CORP,4.0,0.07,0.09,transcripts_by_company/Duke_Realty_Corporation_2015Q4.txt,0.1258290410041809,0.8741709589958191
POLARIS INC,1.0,0.55,0.67,transcripts_by_company/Polaris_Industries_Inc_2003Q1.txt,0.11654028296470642,0.8834597170352936
T2 BIOSYSTEMS INC,4.0,-0.45,-0.43,transcripts_by_company/T2_Biosystems_2014Q4.txt,0.2211245596408844,0.7788754403591156
ICONIX BRAND GROUP INC,3.0,0.4,0.38,transcripts_by_company/Iconix_Brand_Group_2011Q3.txt,0.06269866228103638,0.9373013377189636
NATURE'S SUNSHINE PRODUCTS INC,4.0,0.45,0.18,transcripts_by_company/Natures_Sunshine_Products_Inc_CurrentQ4.txt,0.3311004042625427,0.6688995957374573
EURODRY LTD,3.0,-0.19,0.68,transcripts_by_company/Europris_ASA_2023Q3.txt,0.26962023973464966,0.7303797602653503
NAVIGANT CONSULTING CO,4.0,0.24,0.25,transcripts_by_company/Navigant_Consulting_2008Q4.txt,0.21612270176410675,0.7838772982358932
FELCOR LODGING TRUST INC,2.0,-0.07,-0.11,transcripts_by_company/FelCor_Lodging_Trust_Incorporated_2013Q2.txt,0.2714490294456482,0.7285509705543518
TORO CO,2.0,1.58,1.53,transcripts_by_company/The_Toro_Company_2023Q2.txt,0.19091306626796722,0.8090869337320328
PENN NATIONAL GAMING INC,2.0,0.62,0.62,transcripts_by_company/Penn_National_Gaming_2012Q2.txt,0.3561007082462311,0.6438992917537689
EVERCORE INC,1.0,0.13,0.44,transcripts_by_company/Evercore_Partners_2008Q1.txt,0.0851496234536171,0.9148503765463829
SIGMA-ALDRICH CORP,4.0,0.96,1.02,transcripts_by_company/Sigma-Aldrich_Corporation_2012Q4.txt,0.1576175093650818,0.8423824906349182
CRA INTERNATIONAL INC,2.0,0.53,0.65,transcripts_by_company/CRA_International_2007Q2.txt,0.2264958918094635,0.7735041081905365
TRW AUTOMOTIVE HOLDINGS CORP,1.0,1.81,1.78,transcripts_by_company/TRW_Automotive_Holdings_Corp_2014Q1.txt,0.35170841217041016,0.6482915878295898
UNIVERSAL LOGISTICS HOLDINGS INC,1.0,0.45,0.63,transcripts_by_company/Universal_Logistics_Holdings_Inc_2020Q1.txt,0.11048969626426697,0.889510303735733
TENABLE HOLDINGS INC,2.0,0.22,0.1,transcripts_by_company/Tenable_Holdings_Inc_2023Q2.txt,0.3638879060745239,0.6361120939254761
CANADIAN SOLAR INC,4.0,-1.71,-0.04,transcripts_by_company/Canadian_Solar_Inc_2012Q4.txt,0.3017430007457733,0.6982569992542267
ASBURY AUTOMOTIVE GROUP INC,1.0,1.36,1.48,transcripts_by_company/Asbury_Automotive_Group_Inc_2016Q1.txt,0.1587277352809906,0.8412722647190094
NATIONAL INSTRUMENTS CORP,4.0,0.25,0.33,transcripts_by_company/National_Instruments_Corp_2015Q4.txt,0.27961403131484985,0.7203859686851501
ASPEN AEROGELS INC,4.0,-0.07,-0.11,transcripts_by_company/Aspen_Aerogels_Inc_2017Q4.txt,0.1859235018491745,0.8140764981508255
RTI SURGICAL HOLDINGS INC,3.0,0.0,0.05,transcripts_by_company/RTI_Surgical_Inc_2016Q3.txt,0.35139501094818115,0.6486049890518188
OXFORD INDUSTRIES INC,4.0,0.68,0.64,transcripts_by_company/Oxford_Industries_2006Q4.txt,0.1191592589020729,0.8808407410979271
ACHILLION PHARMACEUTICALS INC,1.0,-0.49,-0.5,transcripts_by_company/Achillion_2007Q1.txt,0.1955953687429428,0.8044046312570572
LENNOX INTERNATIONAL INC,2.0,2.53,2.19,transcripts_by_company/Lennox_International_Inc_2016Q2.txt,0.24620461463928223,0.7537953853607178
WNS (HOLDINGS) LTD,2.0,0.39,0.33,transcripts_by_company/WNS_Holdings_Limited_2014Q2.txt,0.21982726454734802,0.780172735452652
TUMI HOLDINGS INC,2.0,0.18,0.13,transcripts_by_company/Tumi_Holdings_Inc_2012Q2.txt,0.2605697512626648,0.7394302487373352
CEPHEID INC,4.0,0.02,-0.02,transcripts_by_company/Cepheid_2010Q4.txt,0.2788020968437195,0.7211979031562805
GOLD FIELDS LIMITED,1.0,-0.02,0.03,transcripts_by_company/Gold_Fields_Ltd_2015Q1.txt,0.3238513767719269,0.6761486232280731
SERVICE PROPERTIES TRUST,2.0,-0.55,-0.28,transcripts_by_company/Service_Properties_Trust_2021Q2.txt,0.2882808744907379,0.7117191255092621
NEUROMETRIX INC,1.0,-0.2,-0.09,transcripts_by_company/NeuroMetrix_Inc_2010Q1.txt,0.28480249643325806,0.7151975035667419
GOLAR LNG LTD,4.0,-0.01,0.2,transcripts_by_company/Golar_LNG_Limited_2008Q4.txt,0.18327608704566956,0.8167239129543304
STONERIDGE INC,1.0,0.31,0.23,transcripts_by_company/Stoneridge_Inc_2016Q1.txt,0.31724220514297485,0.6827577948570251
HERCULES CAPITAL INC,1.0,0.28,0.29,transcripts_by_company/Hercules_Technology_Growth_Capital_2008Q1.txt,0.21573519706726074,0.7842648029327393
THE VALSPAR CORP,2.0,0.71,0.83,transcripts_by_company/Valspar_2005Q2.txt,0.15361875295639038,0.8463812470436096
AFFORDABLE RESIDENTIAL COMMUNITI,1.0,0.0,-0.23,transcripts_by_company/Affordable_Residential_Communities_Inc_2007Q1.txt,0.28890419006347656,0.7110958099365234
DSV A/S,1.0,7.55,6.61,transcripts_by_company/DSV_AS_2023Q1.txt,0.11438358575105667,0.8856164142489433
SAPIENT CORP,1.0,0.05,0.07,transcripts_by_company/Sapient_2010Q1.txt,0.23893572390079498,0.761064276099205
GREATBATCH INC,1.0,0.44,0.43,transcripts_by_company/Greatbatch_Inc_2013Q1.txt,0.19352228939533234,0.8064777106046677
OPTIONSXPRESS HOLDINGS INC,3.0,0.26,0.26,transcripts_by_company/optionsXpress_Holdings_Inc_2006Q3.txt,0.33301886916160583,0.6669811308383942
MISTRAS GROUP INC,3.0,0.12,0.19,transcripts_by_company/Mistras_Group_Inc_2021Q3.txt,0.17473873496055603,0.825261265039444
LENSAR INC,2.0,-0.81,-0.3,transcripts_by_company/LENSAR_Inc_2023Q2.txt,0.15601736307144165,0.8439826369285583
ESCO TECHNOLOGIES INC,4.0,0.6,0.61,transcripts_by_company/ESCO_Technologies_Inc_2022Q4.txt,0.40212249755859375,0.5978775024414062
GSE SYSTEMS INC,1.0,0.03,0.03,transcripts_by_company/GSE_Systems_Inc_2019Q1.txt,0.11281200498342514,0.8871879950165749
SCHLUMBERGER LTD,4.0,0.85,0.81,transcripts_by_company/Schlumberger_2010Q4.txt,0.16134633123874664,0.8386536687612534
MARKETAXESS HOLDINGS INC,1.0,1.11,0.99,transcripts_by_company/MarketAxess_Holdings_Inc_2017Q1.txt,0.10361471772193909,0.8963852822780609
CLECO CORPORATE HOLDINGS LLC,2.0,0.64,0.58,transcripts_by_company/Cleco_Corporation_2012Q2.txt,0.16325624287128448,0.8367437571287155
SCHNITZER STEEL INDUSTRIES INC,4.0,0.08,0.17,transcripts_by_company/Schnitzer_Steel_Industries_Inc_2014Q4.txt,0.09838463366031647,0.9016153663396835
NORDSON CORP,1.0,0.15,0.1,transcripts_by_company/Nordson_Corporation_2003Q1.txt,0.14125853776931763,0.8587414622306824
SPRING BANK PHARMACEUTICALS INC,1.0,-0.37,-0.5,transcripts_by_company/Spring_Bank_Pharmaceuticals_Inc_2018Q1.txt,0.20852476358413696,0.791475236415863
ENERNOC INC,2.0,-1.16,-0.86,transcripts_by_company/EnerNOC_Inc_2014Q2.txt,0.3026440739631653,0.6973559260368347
PROG HOLDINGS INC,1.0,0.57,1.09,transcripts_by_company/PWR_Holdings_Limited_2022Q1.txt,0.13621370494365692,0.8637862950563431
DERMIRA INC,1.0,-0.79,-0.91,transcripts_by_company/Dermira_Inc_2017Q1.txt,0.17016571760177612,0.8298342823982239
WEBEX COMMUNICATIONS,2.0,0.29,0.27,transcripts_by_company/WebEx_Communications_Inc_2005Q2.txt,0.0811142772436142,0.9188857227563858
AVON PRODUCTS INC,3.0,0.35,0.43,transcripts_by_company/Avon_Products_Inc_2005Q3.txt,0.26962852478027344,0.7303714752197266
TRIQUINT SEMICONDUCTOR INC,3.0,-0.01,0.02,transcripts_by_company/TriQuint_Semiconductor_2002Q3.txt,0.14066524803638458,0.8593347519636154
INTEGRATED DEVICE TECHNOLOGY INC,1.0,0.15,0.11,transcripts_by_company/Integrated_Device_Technology_2006Q1.txt,0.1895177811384201,0.8104822188615799
NAVIGATOR HOLDINGS LTD,1.0,0.35,0.46,transcripts_by_company/Navigator_2016Q1.txt,0.24599911272525787,0.7540008872747421
JOANN INC,1.0,0.07,0.82,transcripts_by_company/JOANN_Inc_2023Q1.txt,0.3877120912075043,0.6122879087924957
CARS.COM INC,4.0,0.17,0.41,transcripts_by_company/Carscom_Inc_2021Q4.txt,0.30225762724876404,0.697742372751236
VALMONT INDS INC,4.0,2.66,2.57,transcripts_by_company/Valmont_2013Q4.txt,0.1662653684616089,0.8337346315383911
HARTE-HANKS COMMUNICATIONS,3.0,0.14,0.21,transcripts_by_company/Harte-Hanks_Inc_2012Q3.txt,0.3767085373401642,0.6232914626598358
CAPELLA EDUCATION CO,1.0,0.31,0.3,transcripts_by_company/Capella_Education_Co_2008Q1.txt,0.2742544114589691,0.7257455885410309
JABIL CIRCUIT INC,2.0,0.04,0.24,transcripts_by_company/Jabil_Circuit_Inc_2009Q2.txt,0.09502565860748291,0.9049743413925171
TRINITY INDUSTRIES INC,2.0,0.84,0.55,transcripts_by_company/Trinity_Industries_Inc_2012Q2.txt,0.16614985466003418,0.8338501453399658
BIOLASE INC,2.0,0.03,0.11,transcripts_by_company/Biolase_Technology_Inc_2004Q2.txt,0.2271994650363922,0.7728005349636078
CRYOLIFE INC,1.0,0.03,-0.01,transcripts_by_company/CryoLife_Inc_2021Q1.txt,0.18593436479568481,0.8140656352043152
LATTICE SEMICONDUCTOR CORP,1.0,0.05,0.06,transcripts_by_company/Lattice_Semiconductor_Corporation_2018Q1.txt,0.11457503587007523,0.8854249641299248
OASIS PETROLEUM INC,3.0,0.8,0.64,transcripts_by_company/Oasis_Petroleum_2013Q3.txt,0.3220401406288147,0.6779598593711853
MERIX CORPORATION,1.0,0.12,-0.01,transcripts_by_company/Merix_Corp_2004Q1.txt,0.33070698380470276,0.6692930161952972
NAVIDEA BIOPHARMACEUTICALS INC,2.0,-0.07,-0.07,transcripts_by_company/Navidea_Biopharmaceuticals_Inc_2014Q2.txt,0.3284507989883423,0.6715492010116577
FTD COMPANIES INC,1.0,0.48,0.39,transcripts_by_company/FTD_Companies_Inc_2017Q1.txt,0.1259492039680481,0.8740507960319519
AMERICAN WOODMARK CORP,3.0,0.01,0.3,transcripts_by_company/American_Woodmark_Corp_2008Q3.txt,0.4201279580593109,0.5798720419406891
HACKETT GROUP INC,2.0,0.39,0.25,transcripts_by_company/The_Hackett_Group_Inc_2021Q2.txt,0.1932990849018097,0.8067009150981903
ESTERLINE CORP,3.0,0.55,0.47,transcripts_by_company/Esterline_Technologies_2005Q3.txt,0.17859703302383423,0.8214029669761658
GATX CORP,2.0,1.35,1.04,transcripts_by_company/GATX_Corporation_2021Q2.txt,0.13316354155540466,0.8668364584445953
"VERISIGN, INC",1.0,0.21,0.31,transcripts_by_company/VeriSign_Inc_2008Q1.txt,0.12142632156610489,0.8785736784338951
ROBERT HALF INC,4.0,0.65,0.66,transcripts_by_company/Robert_Half_International_Inc_2017Q4.txt,0.3788885474205017,0.6211114525794983
CISION LTD,1.0,0.19,0.2,transcripts_by_company/Cision_Ltd_2018Q1.txt,0.226840078830719,0.773159921169281
IMMUNOCELLULAR THERAPEUTICS LTD,3.0,-0.03,-0.05,transcripts_by_company/ImmunoCellular_Therapeutics_Ltd_2014Q3.txt,0.15673650801181793,0.8432634919881821
PROTO LABS INC,1.0,0.3,0.42,transcripts_by_company/Proto_Labs_Inc_2023Q1.txt,0.31811031699180603,0.681889683008194
SANTARUS INC,1.0,0.01,0.05,transcripts_by_company/Santarus_Inc_2012Q1.txt,0.23258429765701294,0.7674157023429871
HASBRO BRADLEY I,3.0,0.32,0.41,transcripts_by_company/Hasbro_Inc_2002Q3.txt,0.1284848302602768,0.8715151697397232
YAHOO INC,1.0,0.1,0.14,transcripts_by_company/Yahoo_2007Q1.txt,0.1284864991903305,0.8715135008096695
IAA INC (NEW YORK),3.0,0.41,0.3,transcripts_by_company/IAA_Inc_2020Q3.txt,0.23326489329338074,0.7667351067066193
PPL CORP,1.0,0.74,0.66,transcripts_by_company/PPL_Corporation_2018Q1.txt,0.11871694028377533,0.8812830597162247
FLEXSHOPPER INC,2.0,-0.05,-0.11,transcripts_by_company/FlexShopper_Inc_2019Q2.txt,0.23777428269386292,0.7622257173061371
OMEGA PROTEIN CORPORATION,3.0,0.12,0.34,transcripts_by_company/Omega_Protein_Corporation_2014Q3.txt,0.1542644053697586,0.8457355946302414
TEXAS CAPITAL BANCSHARES INC,3.0,0.28,0.27,transcripts_by_company/Texas_Capital_Bancshares_2005Q3.txt,0.131667360663414,0.868332639336586
"BIOCRYST PHARMACEUTICALS, INC.",1.0,-0.3,-0.43,transcripts_by_company/BioCryst_Pharmaceuticals_2007Q1.txt,0.19973596930503845,0.8002640306949615
SCHNEIDER NATIONAL INC,3.0,0.62,0.41,transcripts_by_company/Schneider_National_Inc_2021Q3.txt,0.23552387952804565,0.7644761204719543
AMERICA'S CAR-MART INC,1.0,0.84,0.81,transcripts_by_company/Americas_CAR-MART_Inc_2013Q1.txt,0.11723058670759201,0.882769413292408
TIFFANY  CO,1.0,1.27,1.22,transcripts_by_company/Tiffany_and_Co_2008Q1.txt,0.1518101692199707,0.8481898307800293
SYMYX TECHNOLOGIES INC,4.0,0.16,0.14,transcripts_by_company/Symyx_Technologies_2006Q4.txt,0.10882655531167984,0.8911734446883202
AGILYSYS INC,3.0,-0.14,-0.1,transcripts_by_company/Agilysys_Inc_2011Q3.txt,0.3334719240665436,0.6665280759334564
FTC SOLAR INC,1.0,-0.07,0.02,transcripts_by_company/FTC_Solar_Inc_2023Q1.txt,0.12348690629005432,0.8765130937099457
NORTHERN OIL AND GAS INC,3.0,0.1,0.11,transcripts_by_company/NORTHERN_OIL_and_GAS_INC_NEV_2010Q3.txt,0.2254556119441986,0.7745443880558014
INTERNATIONAL FLAVORS & FRAGRANC,2.0,1.08,1.06,transcripts_by_company/International_Flavors_and_Fragrances_Inc_2012Q2.txt,0.2869652211666107,0.7130347788333893
FLOTEK INDUSTRIES INC,2.0,-0.04,0.04,transcripts_by_company/Flotek_Industries_Inc_2016Q2.txt,0.4172017574310303,0.5827982425689697
SEALED AIR CORP,3.0,0.68,0.76,transcripts_by_company/Sealed_Air_2005Q3.txt,0.16722720861434937,0.8327727913856506
Q2 HOLDINGS INC,2.0,-0.03,-0.05,transcripts_by_company/Q2_Holdings_Inc_2017Q2.txt,0.19706906378269196,0.802930936217308
STRYVE FOODS INC,2.0,-1.87,-0.09,transcripts_by_company/Stryve_Foods_Inc_2023Q2.txt,0.09766378998756409,0.9023362100124359
HIPCRICKET INC,2.0,-0.04,-0.03,transcripts_by_company/Hipcricket_Inc_2014Q2.txt,0.056334853172302246,0.9436651468276978
SCHOLASTIC CORP,4.0,1.85,1.93,transcripts_by_company/Scholastic_2002Q4.txt,0.14385341107845306,0.8561465889215469
HENRY SCHEIN INC,1.0,0.82,0.82,transcripts_by_company/Henry_Schein_Inc_2011Q1.txt,0.21237072348594666,0.7876292765140533
UTI WORLDWIDE INC,2.0,0.4,0.32,transcripts_by_company/UTi_Worldwide_2004Q2.txt,0.12233740836381912,0.8776625916361809
"VIVUS, INC.",1.0,-0.23,-0.3,transcripts_by_company/VIVUS_Inc_2010Q1.txt,0.21747879683971405,0.782521203160286
INFRASOURCE SERVICES INC,1.0,0.04,0.16,transcripts_by_company/InfraSource_Services_Inc_2005Q1.txt,0.1650882065296173,0.8349117934703827
"NUTRI/SYSTEM, INC.",4.0,0.25,0.25,transcripts_by_company/Nutrisystem_Inc_2010Q4.txt,0.14467164874076843,0.8553283512592316
JOINT CORP,2.0,-0.26,-0.27,transcripts_by_company/The_Joint_Corp_2016Q2.txt,0.1588687300682068,0.8411312699317932
CENTURYLINK INC,2.0,0.42,0.37,transcripts_by_company/CenturyLink_Inc_2020Q2.txt,0.20825234055519104,0.791747659444809
TAUBMAN CENTERS INCORPORATED,3.0,0.15,0.11,transcripts_by_company/Taubman_Centers_2007Q3.txt,0.18285533785820007,0.8171446621417999
FLEETCOR TECHNOLOGIES INC,1.0,1.12,1.04,transcripts_by_company/Fleetcor_Technologies_Inc_2014Q1.txt,0.0627526119351387,0.9372473880648613
COPA HOLDINGS SA,2.0,1.48,1.16,transcripts_by_company/Copa_Holdings_SA_2017Q2.txt,0.14858359098434448,0.8514164090156555
JOURNAL COMMUNICATIONS INC,3.0,0.16,0.2,transcripts_by_company/Journal_Communications_Inc_2008Q3.txt,0.253385990858078,0.746614009141922
BUILDERS FIRSTSOURCE INC,3.0,-0.07,-0.05,transcripts_by_company/Builders_FirstSource_Inc_2012Q3.txt,0.26165705919265747,0.7383429408073425
TOWN SPORTS INTERNATIONAL HOLDIN,2.0,0.26,0.25,transcripts_by_company/Town_Sports_International_Inc_2008Q2.txt,0.2273074984550476,0.7726925015449524
INNOPHOS HOLDINGS INC,1.0,1.08,0.75,transcripts_by_company/Innophos_Holdings_Inc_2011Q1.txt,0.2528313994407654,0.7471686005592346
GREAT ATLANTIC & PAC TEA INC,1.0,-0.28,-0.18,transcripts_by_company/Great_Atlantic_and_Pacific_Tea_2007Q1.txt,0.33549824357032776,0.6645017564296722
TOMRA SYSTEMS ASA,3.0,1.51,1.4,transcripts_by_company/Tomra_Systems_ASA_2016Q3.txt,0.2744843661785126,0.7255156338214874
PPL CORP,1.0,0.41,0.39,transcripts_by_company/PPL_Corporation_2022Q1.txt,0.14883750677108765,0.8511624932289124
"DONNELLEY, RR",4.0,0.8,0.73,transcripts_by_company/RR_Donnelley_2007Q4.txt,0.08824972063302994,0.9117502793669701
INDEPENDENT BANK CORP (MASSACHUS,3.0,0.87,0.89,transcripts_by_company/Independent_Bank_Corp_2017Q3.txt,0.18124930560588837,0.8187506943941116
YANKEE CANDLE CO,2.0,0.13,0.12,transcripts_by_company/Yankee_Candle_2003Q2.txt,0.22104886174201965,0.7789511382579803
FRED'S INC,4.0,0.19,0.28,transcripts_by_company/Freds_Inc_2004Q4.txt,0.3405889868736267,0.6594110131263733
MERCANTILE BANKSHARES CORP,2.0,0.72,0.72,transcripts_by_company/Mercantile_Bankshares_Corp_2003Q2.txt,0.15219154953956604,0.847808450460434
ENTRAVISION COMMUNICATIONS CORP,2.0,-0.02,0.11,transcripts_by_company/Entravision_Communications_Corporation_2023Q2.txt,0.13320909440517426,0.8667909055948257
JELD-WEN HOLDING INC,2.0,0.57,0.79,transcripts_by_company/JELD-WEN_Holding_Inc_2022Q2.txt,0.47187095880508423,0.5281290411949158
"TC PIPELINES, LP",3.0,0.72,0.67,transcripts_by_company/TC_PipeLines_LP_2008Q3.txt,0.18746845424175262,0.8125315457582474
BANCORP INC,1.0,0.25,0.16,transcripts_by_company/Fifth_Third_Bancorp_2018Q1.txt,0.24396245181560516,0.7560375481843948
WESTELL TECHNOLOGIES INC,3.0,0.1,0.1,transcripts_by_company/Westell_Technologies_2004Q3.txt,0.38635802268981934,0.6136419773101807
ENGAGESMART INC,3.0,0.11,0.08,transcripts_by_company/EngageSmart_Inc_2023Q3.txt,0.2585316598415375,0.7414683401584625
POLYCOM INC,4.0,0.42,0.44,transcripts_by_company/Polycom_Incorporated_2008Q4.txt,0.1500188112258911,0.8499811887741089
OPENDOOR TECHNOLOGIES INC,2.0,0.19,-0.16,transcripts_by_company/Opendoor_Technologies_Inc_2022Q2.txt,0.24540892243385315,0.7545910775661469
PRINCIPAL FINANCIAL GROUP INC,2.0,0.72,0.78,transcripts_by_company/The_Principal_Financial_Group_2012Q2.txt,0.1284317821264267,0.8715682178735733
CNA FINANCIAL CORP,3.0,0.68,0.88,transcripts_by_company/CNA_Financial_Corporation_2014Q3.txt,0.1731649935245514,0.8268350064754486
PETSMART INC,3.0,0.54,0.49,transcripts_by_company/PetSmart_Inc_2011Q3.txt,0.371609091758728,0.628390908241272
OMRIX BIOPHARMACEUTICALS INC,2.0,0.17,0.29,transcripts_by_company/Omrix_Biopharmaceuticals_2008Q2.txt,0.26662686467170715,0.7333731353282928
BROOKFIELD ASSET MANAGEMENT INC,2.0,-0.43,0.84,transcripts_by_company/Brookfield_Asset_Management_Inc_2020Q2.txt,0.1443813443183899,0.8556186556816101
RESEARCH IN MOTION LTD,3.0,-0.27,0.57,transcripts_by_company/Research_In_Motion_Limited_2012Q3.txt,0.052609916776418686,0.9473900832235813
NETWORK APPLIANCE INC,4.0,0.32,0.33,transcripts_by_company/Network_Appliance_2007Q4.txt,0.3577113449573517,0.6422886550426483
WAREHOUSE GROUP LTD,3.0,0.171,0.187,transcripts_by_company/The_Warehouse_Group_Limited_2017Q3.txt,0.06195168197154999,0.93804831802845
BUSINESS OBJECTS SA,2.0,0.32,0.25,transcripts_by_company/Business_Objects_SA_2005Q2.txt,0.20549620687961578,0.7945037931203842
ALBANY INTERNATIONAL CORP,3.0,0.85,0.61,transcripts_by_company/Albany_International_Corp_2018Q3.txt,0.24238178133964539,0.7576182186603546
SCANSOURCE INC,3.0,0.76,0.84,transcripts_by_company/ScanSource_Inc_2017Q3.txt,0.20796608924865723,0.7920339107513428
AMERANT BANCORP INC,4.0,0.24,0.69,transcripts_by_company/Amerant_Bancorp_Inc_2023Q4.txt,0.09255673736333847,0.9074432626366615
CGI GROUP INC,2.0,0.17,0.14,transcripts_by_company/CGI_Group_Inc_2007Q2.txt,0.0873367190361023,0.9126632809638977
PDF SOLUTIONS INC,4.0,-0.03,0.09,transcripts_by_company/PDF_Solutions_Inc_2020Q4.txt,0.37102147936820984,0.6289785206317902
BROADSOFT INC,3.0,0.38,0.62,transcripts_by_company/BroadSoft_Inc_2017Q3.txt,0.2449459284543991,0.7550540715456009
SONDER HOLDINGS INC,1.0,-0.6,-0.29,transcripts_by_company/Sonder_Holdings_Inc_2022Q1.txt,0.3133535385131836,0.6866464614868164
EXAMWORKS GROUP INC,1.0,0.05,0.02,transcripts_by_company/ExamWorks_Group_Inc_2011Q1.txt,0.1487804502248764,0.8512195497751236
O'CHARLEY'S INC,1.0,0.34,0.36,transcripts_by_company/OCharleys_Inc_2004Q1.txt,0.3571714758872986,0.6428285241127014
EHEALTH INC,1.0,0.1,0.07,transcripts_by_company/eHealth_Inc_2012Q1.txt,0.15105053782463074,0.8489494621753693
FIRST INTERSTATE BANCSYSTEM INC,2.0,0.59,0.57,transcripts_by_company/First_Interstate_BancSystem_Inc_2017Q2.txt,0.1172475665807724,0.8827524334192276
ENANTA PHARMACEUTICALS INC,4.0,-1.39,4.33,transcripts_by_company/Enanta_Pharmaceuticals_Inc_2022Q4.txt,0.2531546354293823,0.7468453645706177
APOGEE ENTERPRISES INC,3.0,0.77,0.65,transcripts_by_company/Apogee_Enterprises_Inc_2016Q3.txt,0.09573838859796524,0.9042616114020348
COLUMBUS MCKINNON CORP,3.0,0.54,0.45,transcripts_by_company/Columbus_McKinnon_Corp_2007Q3.txt,0.23853394389152527,0.7614660561084747
CALIFORNIA MICRO DEVICES CP,1.0,0.02,0.04,transcripts_by_company/California_Micro_Devices_Corp_2007Q1.txt,0.31906837224960327,0.6809316277503967
ARVINMERITOR INC,1.0,-0.12,0.52,transcripts_by_company/ArvinMeritor_Inc_2009Q1.txt,0.11382389068603516,0.8861761093139648
LA-Z-BOY INC,3.0,0.21,0.33,transcripts_by_company/La-Z-Boy_Incorporated_2017Q3.txt,0.300535649061203,0.699464350938797
CONOCOPHILLIPS,2.0,2.88,1.44,transcripts_by_company/ConocoPhillips_Company_2004Q2.txt,0.23201565444469452,0.7679843455553055
CA INC,4.0,0.63,0.62,transcripts_by_company/CA_Technologies_2015Q4.txt,0.178439199924469,0.821560800075531
RURAL CELLULAR CORP CL A,4.0,-4.81,-1.54,transcripts_by_company/Rural_Cellular_Corporation_2004Q4.txt,0.23564478754997253,0.7643552124500275
COOPER TIRE,4.0,0.32,0.41,transcripts_by_company/Cooper_Tire_and_Rubber_2002Q4.txt,0.28853482007980347,0.7114651799201965
HEADWATERS,3.0,-0.08,0.27,transcripts_by_company/Headwaters_Inc_2009Q3.txt,0.19589301943778992,0.8041069805622101
GENWORTH FINANCIAL INC,1.0,0.75,0.76,transcripts_by_company/Genworth_Financial_2007Q1.txt,0.26429858803749084,0.7357014119625092
EVANS & SUTHERLAND COMPUTER,4.0,-0.1,0.25,transcripts_by_company/Evans_and_Sutherland_Corporation_2007Q4.txt,0.31788086891174316,0.6821191310882568
AMBEV SA,1.0,0.045,0.01,transcripts_by_company/Ambev_SA_2017Q1.txt,0.23147423565387726,0.7685257643461227
1-800-FLOWERS.COM INC,1.0,0.02,-0.09,transcripts_by_company/1-800-FLOWERSCOM_Inc_2021Q1.txt,0.350104957818985,0.649895042181015
ANGIODYNAMICS INC,1.0,0.12,0.16,transcripts_by_company/AngioDynamics_Inc_2015Q1.txt,0.2970863878726959,0.7029136121273041
TRIZEC PROPERTIES INC,3.0,0.05,0.15,transcripts_by_company/Trizec_Properties_2005Q3.txt,0.17504554986953735,0.8249544501304626
GENESEE & WYOMING INC-CL A,3.0,0.43,0.53,transcripts_by_company/Genesee_and_Wyoming_2009Q3.txt,0.1810661405324936,0.8189338594675064
PRESTIGE BRANDS HOLDINGS INC,4.0,0.48,0.45,transcripts_by_company/Prestige_Brands_Holdings_Inc_2014Q4.txt,0.20114582777023315,0.7988541722297668
NW NATURAL GAS,1.0,1.64,1.75,transcripts_by_company/NW_Natural_2010Q1.txt,0.2196446657180786,0.7803553342819214
CIA ANONIMA NACIONAL TELEFONOS D,3.0,-0.13,0.07,transcripts_by_company/Campania_Anonima_Nacional_2003Q3.txt,0.06768427044153214,0.9323157295584679
TRIMBLE INC,2.0,0.64,0.77,transcripts_by_company/Trimble_Inc_2022Q2.txt,0.0377289354801178,0.9622710645198822
VOLVO A B,1.0,0.33,0.33,transcripts_by_company/Volvo_AB_2008Q1.txt,0.2655750513076782,0.7344249486923218
ADMA BIOLOGICS INC,4.0,-0.09,-0.13,transcripts_by_company/ADMA_Biologics_Inc_2021Q4.txt,0.2870270311832428,0.7129729688167572
WET SEAL INC,1.0,0.13,0.14,transcripts_by_company/The_Wet_Seal_Inc_2008Q1.txt,0.2056380659341812,0.7943619340658188
UNITI GROUP INC,1.0,-0.41,0.03,transcripts_by_company/Uniti_Group_Inc_2020Q1.txt,0.2768595516681671,0.7231404483318329
TELEFLEX INC,3.0,0.96,1.0,transcripts_by_company/Teleflex_Incorporated_2007Q3.txt,0.19865408539772034,0.8013459146022797
GOLFSMITH INTERNATIONAL HOLDINGS,2.0,0.54,0.43,transcripts_by_company/Golfsmith_International_Holdings_Inc_2008Q2.txt,0.25240781903266907,0.7475921809673309
KULICKE & SOFFA INDS INC,1.0,-0.54,0.03,transcripts_by_company/Kulicke_and_Soffa_2009Q1.txt,0.28619641065597534,0.7138035893440247
VISHAY INTERTECHNOLOGY INC,1.0,0.25,0.16,transcripts_by_company/Vishay_Intertechnology_Inc_2006Q1.txt,0.25452008843421936,0.7454799115657806
AVID TECHNOLOGY INC,1.0,0.11,0.33,transcripts_by_company/Avid_Technology_2017Q1.txt,0.1172676682472229,0.8827323317527771
MICROCHIP TECHNOLOGY INC,2.0,1.64,1.49,transcripts_by_company/Microchip_Technology_Incorporated_2023Q2.txt,0.2838370203971863,0.7161629796028137
SUNRUN INC,4.0,0.1,0.33,transcripts_by_company/Sunrun_Inc_2019Q4.txt,0.09768051654100418,0.9023194834589958
MASTERCARD INC,1.0,1.5,1.19,transcripts_by_company/Mastercard_Incorporated_2018Q1.txt,0.18447023630142212,0.8155297636985779
SCANSOURCE INC,2.0,0.77,0.75,transcripts_by_company/ScanSource_Inc_2018Q2.txt,0.17294509708881378,0.8270549029111862
INTREPID POTASH INC,2.0,-0.03,-0.07,transcripts_by_company/Intrepid_Potash_Inc_2017Q2.txt,0.1260715126991272,0.8739284873008728
EXTENDED STAY AMERICA INC,3.0,0.29,0.34,transcripts_by_company/Extended_Stay_America_Inc_2014Q3.txt,0.2270689457654953,0.7729310542345047
CONCUR TECHNOLOGIES INC,3.0,0.26,0.24,transcripts_by_company/Concur_Technologies_Inc_2012Q3.txt,0.13086658716201782,0.8691334128379822
BIOSITE DIAGNOST,1.0,0.55,0.43,transcripts_by_company/Biosite_2004Q1.txt,0.23902930319309235,0.7609706968069077
NGM BIOPHARMACEUTICALS INC,1.0,-0.58,-0.53,transcripts_by_company/NGM_Biopharmaceuticals_Inc_2023Q1.txt,0.18507657945156097,0.814923420548439
CHEMOURS CO,4.0,0.56,1.08,transcripts_by_company/The_Chemours_Company_2019Q4.txt,0.26457715034484863,0.7354228496551514
REALPAGE INC,4.0,0.09,0.18,transcripts_by_company/RealPage_Inc_2014Q4.txt,0.09972457587718964,0.9002754241228104
INTRA-CELLULAR THERAPIES INC,4.0,-0.74,-1.1,transcripts_by_company/Intra-Cellular_Therapies_Inc_2019Q4.txt,0.2730269134044647,0.7269730865955353
SYNTEL INC,2.0,0.42,0.39,transcripts_by_company/Synthes_Inc_2008Q2.txt,0.21445691585540771,0.7855430841445923
STAKTEK HOLDINGS INC,2.0,0.11,0.11,transcripts_by_company/Staktek_Holdings_Inc_2004Q2.txt,0.3846355676651001,0.6153644323348999
H.B. FULLER COMPANY,2.0,0.36,0.38,transcripts_by_company/HB_Fuller_Company_2009Q2.txt,0.3171950876712799,0.6828049123287201
SAPIENT CORP,2.0,0.11,0.12,transcripts_by_company/Sapient_Corp_2011Q2.txt,0.05550209805369377,0.9444979019463062
LNR PROPERTY CORPORATION,2.0,1.57,0.93,transcripts_by_company/LNR_Property_2004Q2.txt,0.5456546545028687,0.45434534549713135
SHIP FINANCE INTERNATIONAL LTD,3.0,0.47,0.59,transcripts_by_company/Ship_Finance_International_Limited_2009Q3.txt,0.06607728451490402,0.933922715485096
MOLSON COORS BREWING CO,4.0,0.68,0.81,transcripts_by_company/Molson_Coors_Brewing_Company_2013Q4.txt,0.2715502679347992,0.7284497320652008
ENTEGRIS INC,4.0,0.18,0.16,transcripts_by_company/Entegris_Inc_2013Q4.txt,0.22158053517341614,0.7784194648265839
MICREL INC,1.0,0.02,0.13,transcripts_by_company/Micrel_Inc_2009Q1.txt,0.11250544339418411,0.8874945566058159
LTC PROPERTIES INC,2.0,0.4,0.41,transcripts_by_company/LTC_Properties_Inc_2012Q2.txt,0.19391372799873352,0.8060862720012665
WESTLAKE CHEMICAL CORP,3.0,4.69,1.59,transcripts_by_company/Westlake_Chemical_Corporation_2021Q3.txt,0.22403421998023987,0.7759657800197601
VIEWRAY INC,2.0,-0.15,-0.15,transcripts_by_company/ViewRay_Inc_2022Q2.txt,0.14429067075252533,0.8557093292474747
MEDQUIST HOLDINGS INC,3.0,0.34,0.33,transcripts_by_company/Medquist_Holdings_Inc_2011Q3.txt,0.1952008306980133,0.8047991693019867
LIFELOCK INC,2.0,0.05,0.06,transcripts_by_company/LifeLock_Inc_2014Q2.txt,0.07259074598550797,0.927409254014492
CENTERPOINT ENERGY INC,1.0,0.47,0.51,transcripts_by_company/CenterPoint_Energy_Inc_2022Q1.txt,0.15568003058433533,0.8443199694156647
SAFECO CORPORATION,4.0,1.48,1.33,transcripts_by_company/Safeco_Corp_2005Q4.txt,0.02598719857633114,0.9740128014236689
CAPELLA EDUCATION CO,4.0,0.96,1.03,transcripts_by_company/Capella_Education_Company_2015Q4.txt,0.15479634702205658,0.8452036529779434
KRISPY KREME DOUGHNUTS INC,2.0,0.13,0.09,transcripts_by_company/Krispy_Kreme_Doughnuts_Inc_2011Q2.txt,0.2698155343532562,0.7301844656467438
PROG HOLDINGS INC,3.0,0.94,0.92,transcripts_by_company/PROG_Holdings_Inc_2021Q3.txt,0.32436394691467285,0.6756360530853271
FERRO CORP,4.0,-0.08,0.33,transcripts_by_company/Ferro_Corp_2011Q4.txt,0.1337340921163559,0.8662659078836441
TRANSATLANTIC HLDGS INC,4.0,1.96,1.63,transcripts_by_company/Transatlantic_Holdings_Inc_2009Q4.txt,0.1622215360403061,0.8377784639596939
FRESH DEL MONTE PRODUCE INC,4.0,0.68,0.2,transcripts_by_company/Fresh_Del_Monte_2007Q4.txt,0.1718413382768631,0.8281586617231369
CHEMOCENTRYX INC,1.0,-0.35,-0.35,transcripts_by_company/ChemoCentryx_Inc_2020Q1.txt,0.4058743715286255,0.5941256284713745
BAXTER INTERNATIONAL INC,3.0,0.83,0.92,transcripts_by_company/Baxter_International_Inc_2020Q3.txt,0.12932612001895905,0.870673879981041
NAVTEQ CORPORATION,3.0,0.28,0.3,transcripts_by_company/NAVTEQ_Corporation_2006Q3.txt,0.18234069645404816,0.8176593035459518
JMP GROUP INC,1.0,-0.09,0.1,transcripts_by_company/JMP_Group_Inc_2017Q1.txt,0.25684332847595215,0.7431566715240479
ETON PHARMACEUTICALS INC,1.0,-0.5,-0.2,transcripts_by_company/Eton_Pharmaceuticals_Inc_2020Q1.txt,0.2793482542037964,0.7206517457962036
"ESSEX PROPERTY TRUST, INC.",3.0,1.22,1.18,transcripts_by_company/Essex_Property_Trust_Inc_2018Q3.txt,0.19107769429683685,0.8089223057031631
HARBOR CUSTOM DEVELOPMENT INC,2.0,-0.46,-0.01,transcripts_by_company/Harbor_Custom_Development_Inc_2022Q2.txt,0.15538543462753296,0.844614565372467
DASSAULT SYSTEMES SE,3.0,0.34,0.35,transcripts_by_company/Dassault_Systemes_2004Q3.txt,0.20697279274463654,0.7930272072553635
CLECO CORPORATE HOLDINGS LLC,2.0,0.25,0.36,transcripts_by_company/Cleco_Corp_2007Q2.txt,0.18724821507930756,0.8127517849206924
INFINITY PHARMACEUTICALS INC,3.0,-0.39,-0.87,transcripts_by_company/Infinity_Pharmaceuticals_Inc_2016Q3.txt,0.26470106840133667,0.7352989315986633
WAYFAIR INC,3.0,2.3,-2.2,transcripts_by_company/Wayfair_Inc_2020Q3.txt,0.17211753129959106,0.8278824687004089
VALENCE TECHNOLOGY INC,2.0,-0.05,-0.04,transcripts_by_company/Valence_Technology_2008Q2.txt,0.2561226189136505,0.7438773810863495
MICROS SYSTEM INC,2.0,0.58,0.52,transcripts_by_company/MICROS_Systems_Inc_2006Q2.txt,0.1610708385705948,0.8389291614294052
EMERITUS CORP,3.0,-0.58,-0.24,transcripts_by_company/Emeritus_Corporation_2011Q3.txt,0.41914620995521545,0.5808537900447845
HANDSPRING INC,4.0,-0.07,-0.02,transcripts_by_company/Handspring_Inc_2002Q4.txt,0.11661478132009506,0.8833852186799049
PROGENITY INC,4.0,-0.56,-0.4,transcripts_by_company/Progenity_Inc_2021Q4.txt,0.29402193427085876,0.7059780657291412
ACORN INTERNATIONAL INC,3.0,0.1,0.2,transcripts_by_company/Acorn_International_Incorporated_2009Q3.txt,0.19629107415676117,0.8037089258432388
PROLOGIS INC,2.0,0.82,0.48,transcripts_by_company/Prologis_Inc_2022Q2.txt,0.28894054889678955,0.7110594511032104
EURONET WORLDWIDE INC,2.0,0.39,0.39,transcripts_by_company/Euronet_Worldwide_Inc_2012Q2.txt,0.14574556052684784,0.8542544394731522
EHEALTH INC,3.0,-0.36,-0.61,transcripts_by_company/Healthia_Limited_2020Q3.txt,0.08225705474615097,0.917742945253849
VERITEX HOLDINGS INC,2.0,0.55,0.76,transcripts_by_company/Veritex_Holdings_Inc_2022Q2.txt,0.2761937081813812,0.7238062918186188
SAP A.G.,3.0,0.78,0.83,transcripts_by_company/SAP_AG_2013Q3.txt,0.15396739542484283,0.8460326045751572
VISIONCHINA MEDIA INC,2.0,0.12,0.12,transcripts_by_company/VisionChina_Media_2008Q2.txt,0.1757405400276184,0.8242594599723816
AMC NETWORKS INC,2.0,0.82,0.84,transcripts_by_company/AMC_Networks_Inc_2014Q2.txt,0.17689278721809387,0.8231072127819061
ADVANCED MICRO DEVICES INC,1.0,0.18,0.21,transcripts_by_company/Advanced_Micro_Devices_Inc_2020Q1.txt,0.21583153307437897,0.784168466925621
CHILDREN'S PLACE INC,2.0,0.52,0.55,transcripts_by_company/The_Childrens_Place_Retail_Stores_Inc_2006Q2.txt,0.20344144105911255,0.7965585589408875
MEDCATH CORPORATION,2.0,0.04,0.11,transcripts_by_company/Medcath_Corporation_2003Q2.txt,0.34498095512390137,0.6550190448760986
ORACLE CORP,3.0,0.48,0.46,transcripts_by_company/Oracle_Corp_2011Q3.txt,0.12342413514852524,0.8765758648514748
INGREDION INC,4.0,1.61,1.88,transcripts_by_company/Ingredion_Incorporated_2018Q4.txt,0.11531493067741394,0.8846850693225861
KIMCO REALTY CORP,3.0,0.15,0.15,transcripts_by_company/Kimco_Realty_Corporation_2015Q3.txt,0.38311946392059326,0.6168805360794067
LOWE'S COMPANIES INC,4.0,0.31,0.32,transcripts_by_company/Lowes_Companies_2010Q4.txt,0.2321212887763977,0.7678787112236023
TESSERA TECHNOLOGIES INC.,4.0,0.13,0.21,transcripts_by_company/Tessera_Technologies_Inc_2011Q4.txt,0.22829195857048035,0.7717080414295197
ELECTRONICS FOR IMAGING INC,4.0,0.52,0.54,transcripts_by_company/Electronics_For_Imaging_Inc_2014Q4.txt,0.17080774903297424,0.8291922509670258
GENOCEA BIOSCIENCES INC,1.0,-0.15,-0.1,transcripts_by_company/Genocea_Biosciences_Inc_2019Q1.txt,0.17333920300006866,0.8266607969999313
SILICON MOTION TECHNOLOGY CORP,4.0,1.9,1.37,transcripts_by_company/Silicon_Motion_Technology_Corporation_2021Q4.txt,0.29356375336647034,0.7064362466335297
COMPUCOM SYSTEMS INC,3.0,0.04,0.11,transcripts_by_company/CompuCom_Systems_2003Q3.txt,0.46106791496276855,0.5389320850372314
SCIPLAY CORP,4.0,0.23,0.27,transcripts_by_company/Cipla_Limited_2019Q4.txt,0.1805133819580078,0.8194866180419922
INTER-TEL INC,3.0,0.3,0.28,transcripts_by_company/Inter-Tel_2006Q3.txt,0.23960278928279877,0.7603972107172012
HANOVER INSURANCE GROUP INC,3.0,0.72,0.92,transcripts_by_company/The_Hanover_Insurance_Group_Inc_2012Q3.txt,0.15361513197422028,0.8463848680257797
VALIDUS HOLDINGS LTD,1.0,1.27,1.18,transcripts_by_company/VALIDUS_HOLDINGS_LTD_2009Q1.txt,0.23532795906066895,0.764672040939331
AVI BIOPHARMA INC,1.0,-0.23,-0.14,transcripts_by_company/AVI_BioPharma_Inc_2008Q1.txt,0.21702399849891663,0.7829760015010834
CASELLA WASTE SYSTEMS INC,3.0,0.3,0.32,transcripts_by_company/Casella_Waste_Systems_Inc_2018Q3.txt,0.1679513305425644,0.8320486694574356
AGILE THERAPEUTICS INC,1.0,-3.78,-0.2,transcripts_by_company/Agile_Therapeutics_Inc_2022Q1.txt,0.1385376900434494,0.8614623099565506
PIEDMONT OFFICE REALTY TRUST INC,4.0,1.29,0.1,transcripts_by_company/Piedmont_Office_Realty_Trust_Inc_2019Q4.txt,0.28417226672172546,0.7158277332782745
GRAHAM CORP,2.0,0.35,0.2,transcripts_by_company/Graham_2009Q2.txt,0.17028193175792694,0.8297180682420731
NEOPROBE CORPORATION,3.0,-0.07,-0.02,transcripts_by_company/Neoprobe_Corporation_2011Q3.txt,0.21245889365673065,0.7875411063432693
OMNOVA SOLUTIONS,3.0,0.19,0.24,transcripts_by_company/OMNOVA_Solutions_Inc_2013Q3.txt,0.11765264719724655,0.8823473528027534
ALLISON TRANSMISSION HOLDINGS IN,4.0,1.14,0.87,transcripts_by_company/Allison_Transmission_Holdings_Inc_2018Q4.txt,0.15692110359668732,0.8430788964033127
PLAINS ALL AMERICAN PIPELINE LP,4.0,0.5,0.65,transcripts_by_company/Plains_All_American_Pipeline_LP_2007Q4.txt,0.17781752347946167,0.8221824765205383
SUNEDISON INC,1.0,-0.72,-0.21,transcripts_by_company/SunEdison_Inc_2015Q1.txt,0.2363690733909607,0.7636309266090393
BOWNE & CO,4.0,0.08,0.1,transcripts_by_company/Bowne_and_Company_2007Q4.txt,0.22391824424266815,0.7760817557573318
FASTENAL CO,4.0,0.31,0.33,transcripts_by_company/Fastenal_Company_2019Q4.txt,0.22923815250396729,0.7707618474960327
FULL HOUSE RESORTS INC,1.0,-0.09,0.03,transcripts_by_company/Full_House_Resorts_Inc_2018Q1.txt,0.19944854080677032,0.8005514591932297
TECK RESOURCES LTD,4.0,0.86,1.1,transcripts_by_company/Teck_Resources_Limited_2018Q4.txt,0.13989615440368652,0.8601038455963135
GREAT WOLF RESORTS INC,4.0,-0.34,-0.5,transcripts_by_company/Great_Wolf_Resorts_Inc_2010Q4.txt,0.08391893655061722,0.9160810634493828
NEOGEN CORP,4.0,0.11,-0.02,transcripts_by_company/Neogen_Corporation_2023Q4.txt,0.2922431230545044,0.7077568769454956
TELIK INC,2.0,-0.26,-0.23,transcripts_by_company/Telik_Inc_2008Q2.txt,0.285595178604126,0.714404821395874
LPL FINANCIAL HOLDINGS INC,3.0,0.48,0.62,transcripts_by_company/LPL_Financial_Holdings_Inc_2014Q3.txt,0.17300739884376526,0.8269926011562347
CHEMOURS CO,4.0,0.81,0.77,transcripts_by_company/The_Chemours_Company_2021Q4.txt,0.12567643821239471,0.8743235617876053
HARMONY GOLD MINING COMPANY LTD,4.0,-0.07,0.23,transcripts_by_company/Harmony_Gold_Mining_Company_Limited_2003Q4.txt,0.25997045636177063,0.7400295436382294
BIODEL INC,3.0,0.1,-0.24,transcripts_by_company/Biodel_Inc_2011Q3.txt,0.20715777575969696,0.792842224240303
KITE PHARMA INC,2.0,-0.48,-0.6,transcripts_by_company/Kite_Pharma_Inc_2015Q2.txt,0.25191429257392883,0.7480857074260712
PENN NATIONAL GAMING INC,2.0,0.38,0.64,transcripts_by_company/Penn_National_Gaming_2005Q2.txt,0.10908756405115128,0.8909124359488487
ELECTRONIC ARTS INC,4.0,1.26,1.38,transcripts_by_company/Electronic_Arts_Inc_2013Q4.txt,0.18907175958156586,0.8109282404184341
CSG SYSTEMS INTERNATIONAL INC,1.0,0.82,0.75,transcripts_by_company/CSG_Systems_International_Inc_2019Q1.txt,0.3180282413959503,0.6819717586040497
SPIRIT AEROSYSTEMS HOLDINGS INC,1.0,-1.69,-0.04,transcripts_by_company/Spirit_AeroSystems_Holdings_Inc_2023Q1.txt,0.3116427958011627,0.6883572041988373
VECTOR GROUP LTD,2.0,0.16,0.16,transcripts_by_company/Vector_Group_Ltd_2014Q2.txt,0.35870084166526794,0.6412991583347321
"INSIGHT ENTERPRISES, INC.",2.0,0.63,0.62,transcripts_by_company/Insight_Enterprises_Inc_2008Q2.txt,0.22046411037445068,0.7795358896255493
NASDAQ INC,3.0,0.42,0.48,transcripts_by_company/The_NASDAQ_OMX_Group_Inc_2009Q3.txt,0.17416898906230927,0.8258310109376907
NAVIENT CORP,1.0,0.48,0.51,transcripts_by_company/Navient_Corporation_2015Q1.txt,0.11215785890817642,0.8878421410918236
CONAGRA FOODS INC,2.0,0.44,0.33,transcripts_by_company/ConAgra_Foods_2008Q2.txt,0.3040274977684021,0.6959725022315979
GENMAB A/S,4.0,0.166,1.97,transcripts_by_company/Genmab_AS_2021Q4.txt,0.17540808022022247,0.8245919197797775
CHINA DISTANCE EDUCATION HOLDING,2.0,0.064,0.07,transcripts_by_company/China_Distance_Education_Holdings_Limited_2013Q2.txt,0.27987828850746155,0.7201217114925385
ARCH CHEMICALS INC,3.0,0.3,0.33,transcripts_by_company/Arch_Chemicals_Inc_2006Q3.txt,0.19372518360614777,0.8062748163938522
MERSANA THERAPEUTICS INC,4.0,-0.34,-0.42,transcripts_by_company/Mersana_Therapeutics_Inc_2019Q4.txt,0.3279726207256317,0.6720273792743683
ZOLL MEDICAL CORP,4.0,0.12,0.11,transcripts_by_company/ZOLL_Medical_Corporation_2005Q4.txt,0.2405393123626709,0.7594606876373291
NEWMONT CORPORATION,4.0,1.14,0.6,transcripts_by_company/Newmont_Mining_Corporation_2009Q4.txt,0.2930007874965668,0.7069992125034332
GIBRALTAR INDUSTRIES INC,4.0,0.3,0.28,transcripts_by_company/Gibraltar_Industries_Inc_2016Q4.txt,0.09807004779577255,0.9019299522042274
SANTANDER CONSUMER USA HOLDINGS,2.0,3.45,0.62,transcripts_by_company/Santander_Consumer_USA_Holdings_Inc_2021Q2.txt,0.18327030539512634,0.8167296946048737
TRACTOR SUPPLY CO,2.0,1.37,0.99,transcripts_by_company/Tractor_Supply_Company_2003Q2.txt,0.1827055960893631,0.8172944039106369
FLOWERS FOODS INC,4.0,0.26,0.25,transcripts_by_company/Flowers_Foods_2006Q4.txt,0.18635983765125275,0.8136401623487473
METALINK LTD,2.0,-0.23,-0.12,transcripts_by_company/Metalink_Ltd_2005Q2.txt,0.30860477685928345,0.6913952231407166
MAGELLAN MIDSTREAM PARTNERS LP,4.0,1.25,1.15,transcripts_by_company/Magellan_Midstream_Partners_LP_2019Q4.txt,0.12929828464984894,0.8707017153501511
ADMINISTAFF INC,2.0,0.07,0.01,transcripts_by_company/Administaff_Inc_2003Q2.txt,0.2703513503074646,0.7296486496925354
"UNIVERSAL FOREST PRODUCTS, INC.",3.0,0.96,0.97,transcripts_by_company/Universal_Forest_Products_Inc_2014Q3.txt,0.19009704887866974,0.8099029511213303
ALPHA NATURAL RESOURCES INC,1.0,0.66,2.76,transcripts_by_company/Alpha_Natural_Resources_Inc_2009Q1.txt,0.13797788321971893,0.8620221167802811
STIFEL FINANCIAL CORP,3.0,0.8,1.05,transcripts_by_company/Stifel_Financial_Corp_2007Q3.txt,0.14597518742084503,0.854024812579155
MYOKARDIA INC,3.0,-0.39,-0.4,transcripts_by_company/MyoKardia_Inc_2018Q3.txt,0.03525049239397049,0.9647495076060295
"MERCK & CO., INC.",1.0,1.4,1.5,transcripts_by_company/Merck_and_Co_Inc_2021Q1.txt,0.08952320367097855,0.9104767963290215
MONOTYPE IMAGING HOLDINGS INC,3.0,0.25,0.29,transcripts_by_company/Monotype_Imaging_Holdings_Inc_2013Q3.txt,0.09708989411592484,0.9029101058840752
NATIONAL FUEL GAS CO N J,2.0,0.51,0.53,transcripts_by_company/National_Fuel_Gas_Company_2010Q2.txt,0.24221932888031006,0.7577806711196899
QUALYS INC,2.0,0.16,0.12,transcripts_by_company/Qualys_Inc_2015Q2.txt,0.2346324771642685,0.7653675228357315
ONEMAIN HOLDINGS INC,2.0,2.66,1.62,transcripts_by_company/OneMain_Holdings_Inc_2021Q2.txt,0.3044605553150177,0.6955394446849823
BLOCK H&R INCORPORATED,3.0,-0.62,-0.61,transcripts_by_company/HandR_Block_Inc_2017Q3.txt,0.1442887932062149,0.8557112067937851
ARDMORE SHIPPING CORP,3.0,-0.17,-0.05,transcripts_by_company/Ardmore_Shipping_Corporation_2019Q3.txt,0.09984779357910156,0.9001522064208984
STAG INDUSTRIAL INC,4.0,0.17,0.17,transcripts_by_company/STAG_Industrial_Inc_2022Q4.txt,0.12180410325527191,0.8781958967447281
SP PLUS CORP,1.0,0.6,0.46,transcripts_by_company/SP_Plus_Corporation_2019Q1.txt,0.3466179370880127,0.6533820629119873
JELD-WEN HOLDING INC,1.0,0.13,0.27,transcripts_by_company/JELD-WEN_Holding_Inc_2020Q1.txt,0.4398716688156128,0.5601283311843872
GENERAL FINANCE CORP,4.0,-0.17,0.06,transcripts_by_company/General_Finance_Corporation_2018Q4.txt,0.2959270775318146,0.7040729224681854
EZCORP INC,2.0,0.1,0.12,transcripts_by_company/EZCORP_Inc_2017Q2.txt,0.15612146258354187,0.8438785374164581
CARDIAC SCIENCE CORP,3.0,-2.85,0.04,transcripts_by_company/Cardiac_Science_2009Q3.txt,0.240491583943367,0.759508416056633
AXALTA COATING SYSTEMS LTD,3.0,0.39,0.53,transcripts_by_company/Axalta_Coating_Systems_Ltd_2022Q3.txt,0.10698974132537842,0.8930102586746216
MSC INDUSTRIAL DIRECT CO INC,4.0,1.25,1.16,transcripts_by_company/MSC_Industrial_Direct_Co_Inc_2021Q4.txt,0.26071614027023315,0.7392838597297668
MERCER INTERNATIONAL INC,4.0,0.28,0.23,transcripts_by_company/Mercer_International_Inc_2016Q4.txt,0.2870599031448364,0.7129400968551636
"EAST WEST BANCORP, INC.",2.0,0.52,0.49,transcripts_by_company/West_Corporation_2013Q2.txt,0.10951605439186096,0.890483945608139
PPL CORP,1.0,0.28,0.67,transcripts_by_company/PPL_Corporation_2021Q1.txt,0.10965429246425629,0.8903457075357437
MEDIWOUND LTD,2.0,-0.12,-0.05,transcripts_by_company/MediWound_Ltd_2021Q2.txt,0.3176572620868683,0.6823427379131317
AFFILIATED MANAGERS GROUP INC,2.0,2.18,2.07,transcripts_by_company/Affiliated_Managers_Group_Inc_2013Q2.txt,0.23835350573062897,0.761646494269371
IDACORP INC.,2.0,0.58,0.5,transcripts_by_company/IDACORP_Inc_2009Q2.txt,0.08976934850215912,0.9102306514978409
FREQUENCY THERAPEUTICS INC,1.0,-0.67,-0.79,transcripts_by_company/Frequency_Therapeutics_Inc_2022Q1.txt,0.21138319373130798,0.788616806268692
GP STRATEGIES CORP,4.0,0.38,0.34,transcripts_by_company/GP_Strategies_Corporation_2013Q4.txt,0.22239963710308075,0.7776003628969193
FBL FINANCIAL GROUP - CLASS A,4.0,0.7,0.82,transcripts_by_company/FBL_Financial_Group_Inc_2011Q4.txt,0.1827033907175064,0.8172966092824936
COLUMBIA PROPERTY TRUST INC,1.0,0.03,0.02,transcripts_by_company/Columbia_Property_Trust_Inc_2019Q1.txt,0.38086825609207153,0.6191317439079285
SALEM COMMUNICATIONS,4.0,0.12,0.18,transcripts_by_company/Salem_Communications_Corporation_2005Q4.txt,0.2938513457775116,0.7061486542224884
VERIGY LTD,4.0,0.29,0.14,transcripts_by_company/Verigy_Ltd_2010Q4.txt,0.2808230519294739,0.7191769480705261
CUE BIOPHARMA INC,1.0,-0.54,-0.4,transcripts_by_company/Cue_Biopharma_Inc_2019Q1.txt,0.24898502230644226,0.7510149776935577
RADISYS CORPORATION,3.0,0.11,0.17,transcripts_by_company/RadiSys_Corporation_2007Q3.txt,0.2260970026254654,0.7739029973745346
TRACON PHARMACEUTICALS INC,1.0,-0.46,-0.32,transcripts_by_company/TRACON_Pharmaceuticals_Inc_2018Q1.txt,0.23011618852615356,0.7698838114738464
BT GROUP PLC,3.0,0.416,1.28,transcripts_by_company/BT_Group_plc_2017Q3.txt,0.26101553440093994,0.7389844655990601
CELGENE CORP,1.0,0.2,0.21,transcripts_by_company/Celgene_2007Q1.txt,0.15178239345550537,0.8482176065444946
NEWMONT CORPORATION,1.0,0.69,0.86,transcripts_by_company/Newmont_Corporation_2022Q1.txt,0.13561710715293884,0.8643828928470612
HAYNES INTERNATIONAL INC,2.0,-0.65,0.49,transcripts_by_company/Haynes_International_Inc_2020Q2.txt,0.4780034124851227,0.5219965875148773
CHEGG INC,4.0,0.25,0.19,transcripts_by_company/Chegg_Inc_2018Q4.txt,0.2871056795120239,0.7128943204879761
CSW INDUSTRIALS INC,4.0,0.46,0.4,transcripts_by_company/CSW_Industrials_Inc_2018Q4.txt,0.11556758731603622,0.8844324126839638
WAL-MART STORES INC,1.0,0.84,0.85,transcripts_by_company/Wal-Mart_Stores_Inc_2006Q1.txt,0.3749724328517914,0.6250275671482086
MONRO INC,1.0,0.5,0.51,transcripts_by_company/Monro_Inc_2019Q1.txt,0.239058718085289,0.760941281914711
SPIRIT AIRLINES INC,3.0,0.03,-0.14,transcripts_by_company/Spirit_Airlines_Inc_2022Q3.txt,0.20778857171535492,0.7922114282846451
EXLSERVICE HOLDINGS INC,1.0,0.41,0.44,transcripts_by_company/ExlService_Holdings_Inc_2015Q1.txt,0.2468937635421753,0.7531062364578247
AVANOS MEDICAL INC,1.0,0.26,0.37,transcripts_by_company/Avanos_Medical_Inc_2022Q1.txt,0.12086786329746246,0.8791321367025375
RUTH'S CHRIS STEAK HOUSE,3.0,0.08,0.13,transcripts_by_company/Ruths_Chris_Steak_House_2006Q3.txt,0.1101999506354332,0.8898000493645668
INARI MEDICAL INC,3.0,-0.19,-0.07,transcripts_by_company/Inari_Medical_Inc_2022Q3.txt,0.08065694570541382,0.9193430542945862
ROYALTY PHARMA PLC,3.0,0.17,0.62,transcripts_by_company/Royalty_Pharma_plc_2021Q3.txt,0.2797897458076477,0.7202102541923523
AMEDISYS INC,1.0,0.22,0.37,transcripts_by_company/Amedisys_Inc_2012Q1.txt,0.24121543765068054,0.7587845623493195
AXOGEN INC,1.0,-0.15,-0.12,transcripts_by_company/AxoGen_Inc_2019Q1.txt,0.09638162702322006,0.9036183729767799
LEAFLY HOLDINGS INC,1.0,-0.22,-0.09,transcripts_by_company/Leafly_Holdings_Inc_2022Q1.txt,0.07902395725250244,0.9209760427474976
CBS CORP,1.0,1.06,0.99,transcripts_by_company/CBS_Corporation_2017Q1.txt,0.16415493190288544,0.8358450680971146
COBRA ELECTRONICS,4.0,-0.59,0.42,transcripts_by_company/Cobra_Electronics_Corporation_2007Q4.txt,0.3863992989063263,0.6136007010936737
NOVELLUS SYSTEMS,3.0,0.02,0.29,transcripts_by_company/Novellus_Systems_Inc_2008Q3.txt,0.16188175976276398,0.838118240237236
CINEMARK HOLDINGS INC,1.0,0.05,0.03,transcripts_by_company/Cinemark_Holdings_Inc_2008Q1.txt,0.14600969851016998,0.85399030148983
GENESCO INC,3.0,-0.85,0.7,transcripts_by_company/Genesco_Inc_2023Q3.txt,0.3199220895767212,0.6800779104232788
CSG SYSTEMS INTERNATIONAL INC,3.0,0.88,0.85,transcripts_by_company/CSG_Systems_International_Inc_2021Q3.txt,0.2802478075027466,0.7197521924972534
AVNET INC,4.0,1.51,0.85,transcripts_by_company/Avnet_Inc_2021Q4.txt,0.12206406891345978,0.8779359310865402
NVIDIA CORP,3.0,0.13,0.41,transcripts_by_company/NVIDIA_Corporation_2008Q3.txt,0.29624757170677185,0.7037524282932281
CANADIAN PACIFIC RAILWAY LTD,1.0,2.5,2.5,transcripts_by_company/Canadian_Pacific_Railway_Limited_2016Q1.txt,0.28895798325538635,0.7110420167446136
ARRIS GROUP INC,2.0,0.27,0.2,transcripts_by_company/ARRIS_Group_Inc_2009Q2.txt,0.1683882474899292,0.8316117525100708
ATP OIL & GAS,2.0,-0.12,0.11,transcripts_by_company/ATP_Oil_and_Gas_2009Q2.txt,0.20768772065639496,0.792312279343605
AMICUS THERAPEUTICS INC,3.0,-0.29,-0.34,transcripts_by_company/Amicus_Therapeutics_Inc_2013Q3.txt,0.22275850176811218,0.7772414982318878
ADVENT SOFTWARE INC,2.0,0.21,0.2,transcripts_by_company/Advent_Software_Inc_2011Q2.txt,0.2799493372440338,0.7200506627559662
SIGMA-ALDRICH CORP,1.0,0.68,0.73,transcripts_by_company/Sigma-Aldrich_Corporation_2009Q1.txt,0.1890832632780075,0.8109167367219925
HERMAN  MILLER INC,4.0,0.57,0.53,transcripts_by_company/Herman_Miller_Inc_2015Q4.txt,0.057807546108961105,0.9421924538910389
AVIS BUDGET GROUP INC,3.0,1.48,1.62,transcripts_by_company/Avis_Budget_Group_Inc_2013Q3.txt,0.1346345841884613,0.8653654158115387
COMERICA INC,4.0,0.68,0.63,transcripts_by_company/Comerica_Incorporated_2012Q4.txt,0.2953086197376251,0.7046913802623749
GOOSEHEAD INSURANCE INC,1.0,0.17,0.04,transcripts_by_company/Goosehead_Insurance_Inc_2023Q1.txt,0.20877428352832794,0.7912257164716721
ARRAY BIOPHARMA INC,3.0,-0.15,-0.16,transcripts_by_company/Array_BioPharma_Inc_2015Q3.txt,0.20486274361610413,0.7951372563838959
TGC INDUSTRIES INC,2.0,0.07,0.13,transcripts_by_company/TGC_Industries_Inc_2009Q2.txt,0.13129186630249023,0.8687081336975098
US UNWIRED INC,3.0,-0.25,-0.4,transcripts_by_company/US_Unwired_Inc_2003Q3.txt,0.3585185408592224,0.6414814591407776
ALEXION PHARMACEUTICALS INC,2.0,0.39,0.3,transcripts_by_company/Alexion_Pharmaceuticals_2010Q2.txt,0.25636473298072815,0.7436352670192719
JABIL CIRCUIT INC,2.0,0.64,0.65,transcripts_by_company/Jabil_Circuit_Inc_2012Q2.txt,0.23955078423023224,0.7604492157697678
STORE CAPITAL CORP,2.0,0.31,0.21,transcripts_by_company/STORE_Capital_Corporation_2018Q2.txt,0.1371333748102188,0.8628666251897812
LINCOLN EDUCATIONAL SERVICES COR,1.0,-0.06,0.11,transcripts_by_company/Lincoln_Educational_Services_2007Q1.txt,0.2239803522825241,0.7760196477174759
DOMINION ENERGY INC,2.0,0.53,0.89,transcripts_by_company/Dominion_Energy_Inc_2023Q2.txt,0.27985450625419617,0.7201454937458038
RAVEN INDUSTRIES INC,3.0,0.23,0.31,transcripts_by_company/Raven_Industries_Inc_2013Q3.txt,0.07158192247152328,0.9284180775284767
VULCAN MATERIALS CO,2.0,1.64,1.93,transcripts_by_company/Vulcan_Materials_Company_2022Q2.txt,0.15805643796920776,0.8419435620307922
SELECTIVE INSURANCE GROUP INC,4.0,1.56,1.3,transcripts_by_company/Selective_Insurance_Group_Inc_2021Q4.txt,0.1107410416007042,0.8892589583992958
LEGGETT  PLATT INC,2.0,0.64,0.72,transcripts_by_company/Leggett_and_Platt_Incorporated_2017Q2.txt,0.23980170488357544,0.7601982951164246
LANCASTER COLONY CORP,3.0,0.53,0.59,transcripts_by_company/Lancaster_Colony_Corporation_2005Q3.txt,0.27248114347457886,0.7275188565254211
AIRCASTLE LTD,3.0,0.11,0.25,transcripts_by_company/Aircastle_Limited_2010Q3.txt,0.09950988739728928,0.9004901126027107
DUNKIN BRANDS GROUP INC,4.0,0.34,0.32,transcripts_by_company/Dunkin_Brands_Inc_2012Q4.txt,0.09952594339847565,0.9004740566015244
POWELL INDUSTRIES INC,4.0,0.68,0.6,transcripts_by_company/Powell_Industries_Inc_2008Q4.txt,0.20857149362564087,0.7914285063743591
CIENA CORP,2.0,-0.1,-0.14,transcripts_by_company/CIENA_2003Q2.txt,0.120296411216259,0.879703588783741
ARTHUR J GALLAGHER & CO,2.0,0.8,0.8,transcripts_by_company/Arthur_J_Gallagher_and_Co_2014Q2.txt,0.22952423989772797,0.770475760102272
CANCERVAX CORPORATION,4.0,-0.57,-0.37,transcripts_by_company/CancerVax_Corporation_2005Q4.txt,0.20831821858882904,0.791681781411171
MINERVA NEUROSCIENCES INC,3.0,-0.19,-0.29,transcripts_by_company/Minerva_SA_2020Q3.txt,0.11016534268856049,0.8898346573114395
AEVA TECHNOLOGIES INC,3.0,-0.15,-0.17,transcripts_by_company/Aeva_Technologies_Inc_2023Q3.txt,0.14376330375671387,0.8562366962432861
MARVELL TECHNOLOGY GROUP LTD,3.0,0.38,0.4,transcripts_by_company/Marvell_Technology_Group_Ltd_2011Q3.txt,0.14571011066436768,0.8542898893356323
"GLATFELTER, PH",3.0,0.36,0.36,transcripts_by_company/Glatfelter_2010Q3.txt,0.21039792895317078,0.7896020710468292
ALLSTATE CORP,4.0,-1.36,3.4,transcripts_by_company/The_Allstate_Corporation_2022Q4.txt,0.18856889009475708,0.8114311099052429
MICRON TECHNOLOGY INC,4.0,-0.19,0.3,transcripts_by_company/Micron_Technology_Inc_2011Q4.txt,0.4035005271434784,0.5964994728565216
PENN NATIONAL GAMING INC,3.0,0.57,0.56,transcripts_by_company/Penn_National_Gaming_2012Q3.txt,0.35881149768829346,0.6411885023117065
NATIONAL OILWELL VARCO INC,1.0,0.55,0.13,transcripts_by_company/National_Oilwell_Varco_Inc_2020Q1.txt,0.20741291344165802,0.792587086558342
DINEEQUITY INC,1.0,1.08,0.75,transcripts_by_company/DineEquity_2010Q1.txt,0.18551214039325714,0.8144878596067429
UROLOGIX INC,3.0,-0.04,0.03,transcripts_by_company/Urologix_Inc_2006Q3.txt,0.2811322510242462,0.7188677489757538
STRATEGIC HOTELS  RESORTS INC,3.0,0.02,-0.02,transcripts_by_company/Strategic_Hotels_and_Resorts_Inc_2013Q3.txt,0.22496680915355682,0.7750331908464432
VISHAY PRECISION GROUP INC,3.0,0.4,0.28,transcripts_by_company/Vishay_Precision_Group_Inc_2020Q3.txt,0.14200633764266968,0.8579936623573303
OUTERWALL INC,4.0,2.44,2.23,transcripts_by_company/Outerwall_Inc_2014Q4.txt,0.15314583480358124,0.8468541651964188
BE AEROSPACE INC,1.0,0.49,0.42,transcripts_by_company/BE_Aerospace_2011Q1.txt,0.09543798118829727,0.9045620188117027
BANKFINANCIAL CORP,3.0,0.2,0.12,transcripts_by_company/BankFinancial_Corporation_2017Q3.txt,0.2596961259841919,0.7403038740158081
AMERICAN AXLE  MANUFACTURING HO,2.0,0.97,0.99,transcripts_by_company/American_Axle_and_Manufacturing_Holdings_2003Q2.txt,0.27133840322494507,0.7286615967750549
GILDAN ACTIVEWEAR INC-CL A,3.0,0.83,0.84,transcripts_by_company/Gildan_Activewear_Inc_2013Q3.txt,0.35123714804649353,0.6487628519535065
OSI SYSTEMS INC,3.0,0.81,0.72,transcripts_by_company/OSI_Systems_Inc_2018Q3.txt,0.27992647886276245,0.7200735211372375
QUALITY DISTRIBUTION INC.,1.0,0.17,0.16,transcripts_by_company/Quality_Distribution_Inc_2012Q1.txt,0.2287607342004776,0.7712392657995224
IMAX CORP,2.0,0.02,0.07,transcripts_by_company/IMAX_Corp_2005Q2.txt,0.10971919447183609,0.8902808055281639
ADTRAN HOLDINGS INC,1.0,-0.06,0.19,transcripts_by_company/ADTRAN_Holdings_Inc_2023Q1.txt,0.47648805379867554,0.5235119462013245
S&W SEED CO,1.0,0.07,0.01,transcripts_by_company/SandW_Seed_Company_2018Q1.txt,0.16386550664901733,0.8361344933509827
GENWORTH FINANCIAL INC,4.0,0.52,0.54,transcripts_by_company/Genworth_Financial_Inc_2004Q4.txt,0.23892350494861603,0.761076495051384
REPSOL YPF SA,1.0,0.83,0.83,transcripts_by_company/Repsol_YPF_2006Q1.txt,0.12396113574504852,0.8760388642549515
ESCO TECHNOLOGIES INC,3.0,1.09,1.15,transcripts_by_company/ESCO_Technologies_Inc_2019Q3.txt,0.27177757024765015,0.7282224297523499
FIRST WATCH RESTAURANT GROUP INC,3.0,0.0,0.03,transcripts_by_company/First_Watch_Restaurant_Group_Inc_2022Q3.txt,0.08685605973005295,0.913143940269947
CULP INC,3.0,-0.09,0.05,transcripts_by_company/Culp_Inc_2004Q3.txt,0.1825265735387802,0.8174734264612198
FLANDERS CORPORATION,3.0,0.07,0.1,transcripts_by_company/Flanders_2009Q3.txt,0.3072558045387268,0.6927441954612732
STEEL DYNAMICS INC,3.0,3.47,3.48,transcripts_by_company/Steel_Dynamics_Inc_2023Q3.txt,0.17514613270759583,0.8248538672924042
FOCUS MEDIA HOLDING LTD,2.0,0.38,0.27,transcripts_by_company/Focus_Media_Holding_Ltd_2006Q2.txt,0.1668376475572586,0.8331623524427414
"HEARTLAND FINANCIAL USA, INC.",3.0,0.34,0.2,transcripts_by_company/Heartland_Financial_USA_Inc_2010Q3.txt,0.18806736171245575,0.8119326382875443
SYMANTEC CORP,1.0,0.43,0.51,transcripts_by_company/Symantec_Corp_2015Q1.txt,0.18948450684547424,0.8105154931545258
SUPERVALU INC,3.0,0.1,0.13,transcripts_by_company/SUPERVALU_Inc_2016Q3.txt,0.202314555644989,0.797685444355011
INTEL CORP,1.0,0.66,0.59,transcripts_by_company/Intel_Corporation_2017Q1.txt,0.24441055953502655,0.7555894404649734
STONERIDGE INC,3.0,0.47,0.48,transcripts_by_company/Stoneridge_Inc_2018Q3.txt,0.3214832544326782,0.6785167455673218
WEBEX COMMUNICATIONS,3.0,0.35,0.35,transcripts_by_company/WebEx_Communications_Inc_2006Q3.txt,0.1835319548845291,0.8164680451154709
CNA SURETY CP,3.0,0.46,0.32,transcripts_by_company/CNA_Surety_Corporation_2005Q3.txt,0.3249284625053406,0.6750715374946594
ZYNGA INC,4.0,0.01,0.08,transcripts_by_company/Zynga_Inc_2012Q4.txt,0.2747189402580261,0.7252810597419739
GRANITE POINT MORTGAGE TRUST INC,4.0,0.24,0.3,transcripts_by_company/Granite_Point_Mortgage_Trust_Inc_2021Q4.txt,0.10177665203809738,0.8982233479619026
ON SEMICONDUCTOR CORP,3.0,0.27,0.3,transcripts_by_company/ON_Semiconductor_Corporation_2020Q3.txt,0.2623692750930786,0.7376307249069214
PLBY GROUP INC,3.0,-5.65,0.11,transcripts_by_company/PLBY_Group_Inc_2022Q3.txt,0.12028952687978745,0.8797104731202126
CBIZ INC,1.0,0.66,0.74,transcripts_by_company/CBIZ_Inc_2020Q1.txt,0.14166341722011566,0.8583365827798843
GENESIS HEALTHCARE CORP,1.0,0.49,0.54,transcripts_by_company/Genesis_HealthCare_Corporation_2006Q1.txt,0.06240871176123619,0.9375912882387638
OLIN CORP,4.0,0.31,0.37,transcripts_by_company/Olin_Corporation_2015Q4.txt,0.18428967893123627,0.8157103210687637
NU SKIN ENTERPRISES INC,2.0,0.94,0.72,transcripts_by_company/Nu_Skin_Enterprises_2012Q2.txt,0.19436131417751312,0.8056386858224869
PIPER JAFFRAY COMPANIES INC.,3.0,0.72,0.39,transcripts_by_company/Piper_Jaffray_2012Q3.txt,0.16044358909130096,0.839556410908699
NUCOR CORP,1.0,0.21,0.72,transcripts_by_company/Nucor_Corporation_2015Q1.txt,0.289111852645874,0.710888147354126
PAREXEL INTERNATIONAL CORP,1.0,0.33,0.32,transcripts_by_company/PAREXEL_International_Corporation_2012Q1.txt,0.192856103181839,0.807143896818161
AMERICAN EAGLE OUTFITTERS INC,2.0,0.13,0.18,transcripts_by_company/American_Eagle_Outfitters_Inc_2011Q2.txt,0.2231612503528595,0.7768387496471405
HTG MOLECULAR DIAGNOSTICS INC,2.0,-0.6,-0.61,transcripts_by_company/HTG_Molecular_Diagnostics_Inc_2017Q2.txt,0.19480280578136444,0.8051971942186356
AMNEAL PHARMACEUTICALS INC,3.0,0.14,0.24,transcripts_by_company/Amneal_Pharmaceuticals_Inc_2022Q3.txt,0.0817866250872612,0.9182133749127388
PLEXUS CORP,2.0,1.2,1.05,transcripts_by_company/Plexus_Corp_2020Q2.txt,0.319904088973999,0.680095911026001
ATMEL CORP,1.0,0.03,0.1,transcripts_by_company/Atmel_Corp_2013Q1.txt,0.31690070033073425,0.6830992996692657
AVITA MEDICAL INC,1.0,-0.37,-0.35,transcripts_by_company/AVITA_Medical_Inc_2023Q1.txt,0.11990515887737274,0.8800948411226273
COX RADIO,4.0,0.22,0.19,transcripts_by_company/COX_RADIO_INC_2006Q4.txt,0.053174808621406555,0.9468251913785934
DEL FRISCO'S RESTAURANT GROUP IN,2.0,0.19,0.19,transcripts_by_company/Del_Friscos_Restaurant_Group_Inc_2016Q2.txt,0.13153906166553497,0.868460938334465
METHANEX CORP,4.0,0.52,0.58,transcripts_by_company/Methanex_Corporation_2005Q4.txt,0.1438438594341278,0.8561561405658722
INFOSYS LTD,2.0,0.54,0.52,transcripts_by_company/Infosys_Technologies_Ltd_2008Q2.txt,0.2153768688440323,0.7846231311559677
BENSON HILL INC,2.0,-0.15,-0.17,transcripts_by_company/Benson_Hill_Inc_2022Q2.txt,0.05978808179497719,0.9402119182050228
PIEDMONT OFFICE REALTY TRUST INC,3.0,0.87,0.06,transcripts_by_company/Piedmont_Office_Realty_Trust_Inc_2017Q3.txt,0.15452051162719727,0.8454794883728027
EMPIRE DISTRICT ELECTRIC CO,1.0,0.32,0.38,transcripts_by_company/Empire_District_Electric_2009Q1.txt,0.13040529191493988,0.8695947080850601
COPA HOLDINGS SA,4.0,2.01,2.29,transcripts_by_company/Copa_Holdings_SA_2012Q4.txt,0.1456216722726822,0.8543783277273178
IRIDEX CORP,4.0,0.05,0.06,transcripts_by_company/IRIDEX_2005Q4.txt,0.2525596022605896,0.7474403977394104
"O'REILLY AUTOMOTIVE, INC.",4.0,9.26,8.94,transcripts_by_company/OReilly_Automotive_Inc_2023Q4.txt,0.29096487164497375,0.7090351283550262
HEALTHSTREAM INC,3.0,0.06,0.08,transcripts_by_company/HealthStream_Inc_2016Q3.txt,0.16502772271633148,0.8349722772836685
TEXTRON INC,2.0,1.0,0.98,transcripts_by_company/Textron_Inc_2022Q2.txt,0.13188214600086212,0.8681178539991379
RES-CARE INC,4.0,0.44,0.39,transcripts_by_company/ResCare_Inc_2008Q4.txt,0.09202587604522705,0.907974123954773
BIO IMAGING TECHNOLOGIES INC,2.0,0.07,0.06,transcripts_by_company/Bio-Imaging_Technologies_2008Q2.txt,0.2885872423648834,0.7114127576351166
CITY NATIONAL CORPORATION,3.0,0.94,0.88,transcripts_by_company/National_City_Corporation_2002Q3.txt,0.057422928512096405,0.9425770714879036
1-800-FLOWERS.COM INC,1.0,-0.13,-0.11,transcripts_by_company/1-800-FLOWERSCOM_Inc_2018Q1.txt,0.14157210290431976,0.8584278970956802
XYRATEX LTD,4.0,-0.03,0.16,transcripts_by_company/Xyratex_Ltd_2013Q4.txt,0.221602663397789,0.778397336602211
DESTINATION MATERNITY CORP,2.0,0.72,1.72,transcripts_by_company/Destination_Maternity_Corporation_2011Q2.txt,0.09666343033313751,0.9033365696668625
"INSIGHT ENTERPRISES, INC.",4.0,0.81,0.83,transcripts_by_company/Insight_Enterprises_Inc_2017Q4.txt,0.19736574590206146,0.8026342540979385
GAP INC,1.0,0.75,0.84,transcripts_by_company/Gap_Inc_2015Q1.txt,0.38415205478668213,0.6158479452133179
NORFOLK SOUTHERN CORP,3.0,1.02,0.87,transcripts_by_company/Norfolk_Southern_Corp_2006Q3.txt,0.3156471848487854,0.6843528151512146
SYNOVUS FINANCIAL CORP,4.0,0.94,1.05,transcripts_by_company/Synovus_Financial_Corp_2019Q4.txt,0.18967169523239136,0.8103283047676086
HEALTHCARE REALTY TRUST INC,1.0,-0.09,0.05,transcripts_by_company/Healthcare_Realty_Trust_2011Q1.txt,0.11375576257705688,0.8862442374229431
BROOKS AUTOMATION INC,4.0,0.25,0.19,transcripts_by_company/Brooks_Automation_Inc_2016Q4.txt,0.11615508794784546,0.8838449120521545
CONIFER HOLDINGS INC,2.0,-0.14,0.17,transcripts_by_company/Conifer_Holdings_Inc_2016Q2.txt,0.14756686985492706,0.8524331301450729
VALUECLICK INC,4.0,0.07,0.04,transcripts_by_company/ValueClick_Inc_2003Q4.txt,0.23475289344787598,0.765247106552124
GLIMCHER REALTY TRUST,2.0,-1.17,0.13,transcripts_by_company/Glimcher_Realty_Trust_2006Q2.txt,0.23881125450134277,0.7611887454986572
CRANE CO,3.0,0.6,0.46,transcripts_by_company/Crane_Co_2009Q3.txt,0.08806093037128448,0.9119390696287155
GENUS INC,2.0,-0.05,0.02,transcripts_by_company/Genus_2003Q2.txt,0.18181158602237701,0.818188413977623
MERIT MEDICAL SYSTEMS INC,3.0,0.52,0.48,transcripts_by_company/Merit_Medical_Systems_Inc_2021Q3.txt,0.2625403106212616,0.7374596893787384
NBTY INCORPORATED,1.0,0.34,0.37,transcripts_by_company/NBTY_2003Q1.txt,0.1518554985523224,0.8481445014476776
KEMET CORP,4.0,0.04,0.55,transcripts_by_company/KEMET_Corp_2011Q4.txt,0.3573668897151947,0.6426331102848053
"VERISIGN, INC",3.0,0.33,0.33,transcripts_by_company/VeriSign_Inc_2009Q3.txt,0.1763736605644226,0.8236263394355774
DAVE  BUSTERS ENTERTAINMENT IN,1.0,0.52,0.61,transcripts_by_company/Dave_Inc_2022Q1.txt,0.25293198227882385,0.7470680177211761
ELIZABETH ARDEN INC,3.0,0.02,-0.6,transcripts_by_company/Elizabeth_Arden_2003Q3.txt,0.1691620945930481,0.8308379054069519
BUILDERS FIRSTSOURCE INC,3.0,5.2,2.91,transcripts_by_company/Builders_FirstSource_Inc_2022Q3.txt,0.22415728867053986,0.7758427113294601
MULTIMEDIA GAMES HOLDING CO INC,3.0,0.1,0.12,transcripts_by_company/Multimedia_Games_2005Q3.txt,0.17179960012435913,0.8282003998756409
ADTALEM GLOBAL EDUCATION INC,2.0,0.7,0.65,transcripts_by_company/Adtalem_Global_Education_Inc_2021Q2.txt,0.189041405916214,0.810958594083786
RENASANT CORP,1.0,0.77,0.79,transcripts_by_company/Renasant_Corporation_2019Q1.txt,0.2489277571439743,0.7510722428560257
ITURAN LOCATION AND CONTROL LTD,2.0,0.12,0.17,transcripts_by_company/Ituran_2008Q2.txt,0.2244025468826294,0.7755974531173706
POLYONE CORPORATION,1.0,0.31,0.35,transcripts_by_company/PolyOne_Corporation_2013Q1.txt,0.16560719907283783,0.8343928009271622
GREENTREE HOSPITALITY GROUP LTD,2.0,0.77,1.46,transcripts_by_company/GreenTree_Hospitality_Group_Ltd_2021Q2.txt,0.06200120225548744,0.9379987977445126
ARRIS INTERNATIONAL PLC,2.0,0.63,0.79,transcripts_by_company/ARRIS_International_plc_2017Q2.txt,0.07296713441610336,0.9270328655838966
MGIC INVESTMENT CORP,4.0,-0.01,-0.14,transcripts_by_company/MGIC_Investment_Corp_2013Q4.txt,0.387973815202713,0.612026184797287
"ADVO, INCORPORATED",2.0,0.3,0.54,transcripts_by_company/ADVO_2006Q2.txt,0.0545671172440052,0.9454328827559948
FIRST INTERSTATE BANCSYSTEM INC,4.0,0.8,0.82,transcripts_by_company/First_Interstate_BancSystem_Inc_2019Q4.txt,0.22590377926826477,0.7740962207317352
PZENA INVESTMENT MANAGEMENT INC,4.0,0.16,0.21,transcripts_by_company/Pzena_Investment_Management_Inc_2018Q4.txt,0.07536718249320984,0.9246328175067902
MICROCHIP TECHNOLOGY INC,2.0,0.36,0.36,transcripts_by_company/Microchip_Technology_2007Q2.txt,0.37089842557907104,0.629101574420929
MOSYS INC,1.0,-0.03,0.04,transcripts_by_company/MoSys_Inc_2007Q1.txt,0.21508251130580902,0.784917488694191
TRANSCONTINENTAL INC,4.0,0.88,0.86,transcripts_by_company/Transcontinental_Inc_2017Q4.txt,0.14642469584941864,0.8535753041505814
BORR DRILLING LTD,4.0,-0.34,-0.19,transcripts_by_company/Borr_Drilling_Limited_2021Q4.txt,0.36151641607284546,0.6384835839271545
QUANTUMSCAPE CORP,2.0,-0.26,-0.17,transcripts_by_company/QuantumScape_Corporation_2023Q2.txt,0.1861514449119568,0.8138485550880432
BIOLASE INC,4.0,-0.04,-0.03,transcripts_by_company/BIOLASE_Inc_2017Q4.txt,0.2177371382713318,0.7822628617286682
AXIS CAPITAL HOLDINGS LTD,3.0,1.66,1.22,transcripts_by_company/Axis_Capital_2007Q3.txt,0.29960083961486816,0.7003991603851318
MARLIN BUSINESS SERVICES CORP,3.0,0.41,0.47,transcripts_by_company/Marlin_Business_Services_Corp_2007Q3.txt,0.2092714160680771,0.7907285839319229
CARAUSTAR INDUSTRIES INCORPO,3.0,0.03,0.14,transcripts_by_company/Caraustar_Industries_Inc_2003Q3.txt,0.19579258561134338,0.8042074143886566
DEL TACO RESTAURANTS INC,4.0,0.18,0.23,transcripts_by_company/Del_Taco_Restaurants_Inc_2018Q4.txt,0.3807254135608673,0.6192745864391327
ECLIPSYS CORP,2.0,0.18,0.19,transcripts_by_company/Eclipsys_2007Q2.txt,0.31574302911758423,0.6842569708824158
KNIGHT CAPITAL GROUP INC,3.0,0.48,0.28,transcripts_by_company/Knight_Capital_Group_Inc_2011Q3.txt,0.20867152512073517,0.7913284748792648
RETAIL OPPORTUNITY INVESTMENTS C,2.0,0.08,0.06,transcripts_by_company/Retail_Opportunity_Investments_Corp_2016Q2.txt,0.31904295086860657,0.6809570491313934
BWX TECHNOLOGIES INC,1.0,0.51,0.66,transcripts_by_company/BWX_Technologies_Inc_2019Q1.txt,0.0907883569598198,0.9092116430401802
HEIDRICK & STRUGGLES INTERNATION,2.0,0.37,0.64,transcripts_by_company/Heidrick_and_Struggles_International_Inc_2020Q2.txt,0.08940598368644714,0.9105940163135529
GSI TECHNOLOGY INC,2.0,0.11,0.14,transcripts_by_company/GSI_Technology_Inc_2011Q2.txt,0.299638569355011,0.700361430644989
MERITAGE CORPORATION,4.0,0.0,0.12,transcripts_by_company/Meritage_Homes_Corporation_2010Q4.txt,0.09716208279132843,0.9028379172086716
CROCS INC,2.0,0.53,0.31,transcripts_by_company/Crocs_Inc_2018Q2.txt,0.23885922133922577,0.7611407786607742
SOURCEFORGE INC,1.0,-0.12,0.05,transcripts_by_company/SourceForge_Inc_2009Q1.txt,0.11743424832820892,0.8825657516717911
51JOB INC,2.0,1.16,3.02,transcripts_by_company/51job_Inc_2017Q2.txt,0.3856024444103241,0.6143975555896759
ENPRO INC,4.0,0.93,0.92,transcripts_by_company/EnPro_Industries_Inc_2007Q4.txt,0.1649664044380188,0.8350335955619812
BROADSOFT INC,1.0,0.18,0.03,transcripts_by_company/ReadSoft_AB_2011Q1.txt,0.1401805728673935,0.8598194271326065
POWER-ONE INC.,2.0,-0.1,0.06,transcripts_by_company/Power-One_2007Q2.txt,0.16003425419330597,0.839965745806694
TYLER TECHNOLOGIES INC,2.0,0.17,0.12,transcripts_by_company/Tyler_Technologies_2008Q2.txt,0.1417931467294693,0.8582068532705307
ELKCORP,3.0,0.51,0.74,transcripts_by_company/ELKCORP_2005Q3.txt,0.1305309683084488,0.8694690316915512
CAFEPRESS INC,1.0,-0.12,-0.02,transcripts_by_company/CafePress_Inc_2014Q1.txt,0.14241456985473633,0.8575854301452637
CONMED CORP,4.0,0.73,0.74,transcripts_by_company/CONMED_Corporation_2018Q4.txt,0.2744232416152954,0.7255767583847046
SYNOPSYS INC,1.0,2.62,2.26,transcripts_by_company/Synopsys_Inc_2023Q1.txt,0.11256873607635498,0.887431263923645
SMARTSHEET INC,2.0,-0.18,-0.1,transcripts_by_company/Smartsheet_Inc_2022Q2.txt,0.2734619975090027,0.7265380024909973
SIRONA DENTAL SYSTEMS INC,1.0,0.64,0.44,transcripts_by_company/Sirona_Dental_Systems_2010Q1.txt,0.18866278231143951,0.8113372176885605
LUXOTTICA GROUP SPA,4.0,0.32,0.3,transcripts_by_company/Luxottica_Group_SpA_2014Q4.txt,0.06280098110437393,0.9371990188956261
METALINK LTD,1.0,-0.4,-0.21,transcripts_by_company/Metalink_2008Q1.txt,0.21780261397361755,0.7821973860263824
FULL HOUSE RESORTS INC,3.0,-0.1,0.1,transcripts_by_company/Full_House_Resorts_Inc_2022Q3.txt,0.24918514490127563,0.7508148550987244
NETWORK APPLIANCE INC,1.0,0.22,0.2,transcripts_by_company/Network_Appliance_2006Q1.txt,0.13620521128177643,0.8637947887182236
TRISTATE CAPITAL HOLDINGS INC,3.0,0.44,0.35,transcripts_by_company/TriState_Capital_Holdings_Inc_2021Q3.txt,0.28027963638305664,0.7197203636169434
HEADWATERS,3.0,0.05,0.14,transcripts_by_company/Headwaters_Inc_2012Q3.txt,0.11859866231679916,0.8814013376832008
QEP RESOURCES INC,1.0,-0.14,-0.17,transcripts_by_company/QEP_Resources_Inc_2017Q1.txt,0.25665339827537537,0.7433466017246246
TRICIDA INC,1.0,-1.49,-0.96,transcripts_by_company/Tricida_Inc_2020Q1.txt,0.2588908076286316,0.7411091923713684
NATIONAL CINEMEDIA INC,3.0,0.11,0.21,transcripts_by_company/National_CineMedia_Inc_2014Q3.txt,0.10195166617631912,0.8980483338236809
KT CORP (P),4.0,0.3,2.75,transcripts_by_company/KT_Corp_2007Q4.txt,0.096345454454422,0.903654545545578
WEYERHAEUSER CO,4.0,0.24,0.35,transcripts_by_company/Weyerhaeuser_Company_2015Q4.txt,0.13916033506393433,0.8608396649360657
OCWEN FINANCIAL CORP,2.0,0.25,0.34,transcripts_by_company/Ocwen_Financial_Corporation_2011Q2.txt,0.12420535087585449,0.8757946491241455
ABBOTT LABORATORIES,1.0,0.57,0.58,transcripts_by_company/Abbott_Laboratories_2004Q1.txt,0.21315565705299377,0.7868443429470062
EDITAS MEDICINE INC,2.0,-0.65,-0.62,transcripts_by_company/Editas_Medicine_Inc_2017Q2.txt,0.2079441398382187,0.7920558601617813
SCANSOURCE INC,1.0,0.59,0.62,transcripts_by_company/ScanSource_Inc_2014Q1.txt,0.21505869925022125,0.7849413007497787
CHECKPOINT SYS,3.0,0.33,0.46,transcripts_by_company/Checkpoint_2006Q3.txt,0.32883453369140625,0.6711654663085938
ORBOTECH LTD,3.0,0.55,0.49,transcripts_by_company/Orbotech_Ltd_2015Q3.txt,0.2773272395133972,0.7226727604866028
IDACORP INC.,2.0,0.42,0.85,transcripts_by_company/IDACORP_Inc_and_Idaho_Power_2011Q2.txt,0.044476546347141266,0.9555234536528587
HAIN CELESTIAL GROUP INC,4.0,0.87,0.83,transcripts_by_company/The_Hain_Celestial_Group_Inc_2013Q4.txt,0.09770514816045761,0.9022948518395424
MKS INSTRUMENTS INC,4.0,0.33,0.4,transcripts_by_company/MKS_Instruments_2007Q4.txt,0.11325275152921677,0.8867472484707832
ENDURANCE INTERNATIONAL GROUP HO,1.0,-0.26,-0.37,transcripts_by_company/Endurance_International_Group_Holdings_Inc_2017Q1.txt,0.09378960728645325,0.9062103927135468
NOVELL INC,3.0,0.04,0.02,transcripts_by_company/Novell_2002Q3.txt,0.31802597641944885,0.6819740235805511
CANDELA CORPORATION,4.0,-0.31,-0.01,transcripts_by_company/Candela_Corp_2008Q4.txt,0.27085861563682556,0.7291413843631744
NATURE'S SUNSHINE PRODUCTS INC,1.0,0.58,0.35,transcripts_by_company/Natures_Sunshine_Products_Inc_2014Q1.txt,0.37016546726226807,0.6298345327377319
CADENCE DESIGN SYSTEMS INC,1.0,0.26,0.24,transcripts_by_company/Cadence_Design_Systems_2007Q1.txt,0.23550628125667572,0.7644937187433243
ALLEGHENY TECHNOLOGIES INC,4.0,0.27,0.21,transcripts_by_company/Allegheny_Technologies_Incorporated_2017Q4.txt,0.36821112036705017,0.6317888796329498
VULCAN MATERIALS CO,4.0,0.36,0.64,transcripts_by_company/Vulcan_Materials_Company_2002Q4.txt,0.2528707683086395,0.7471292316913605
