eps_name,quarter,actual_eps,forecast_eps,filepath
SEIC,2011Q3,0.28,0.29,/Users/vazea/Desktop/NNW/transcripts_by_company/SEI_INVESTMENTS_CO_2011Q3.txt
BCO,2005Q2,0.21,0.33,/Users/vazea/Desktop/NNW/transcripts_by_company/BRINKS_CO_2005Q2.txt
SFNC,2016Q1,0.76,0.79,/Users/vazea/Desktop/NNW/transcripts_by_company/SIMMONS_FIRST_NATIONAL_CORP_2016Q1.txt
CBU,2017Q4,0.64,2.59,/Users/vazea/Desktop/NNW/transcripts_by_company/COMMUNITY_FINANCIAL_SYSTEM_INC_2017Q4.txt
SNX,2015Q2,1.55,1.53,/Users/vazea/Desktop/NNW/transcripts_by_company/TD_SYNNEX_CORP_2015Q2.txt
GDI,2005Q4,0.96,2.53,/Users/vazea/Desktop/NNW/transcripts_by_company/GARDNER_DENVER_INC_2005Q4.txt
MAT,2004Q4,0.52,1.16,/Users/vazea/Desktop/NNW/transcripts_by_company/MATTEL_INC_2004Q4.txt
GPS,2020Q4,0.58,1.75,/Users/vazea/Desktop/NNW/transcripts_by_company/GAP_INC_2020Q4.txt
USAP,2022Q2,-0.16,-0.12,/Users/vazea/Desktop/NNW/transcripts_by_company/UNIVERSAL_STAINLESS_ALLOY_PROD_2022Q2.txt
CRY,2005Q1,-0.06,-0.14,/Users/vazea/Desktop/NNW/transcripts_by_company/ARTIVION_INC_2005Q1.txt
TPX,2014Q2,0.39,0.39,/Users/vazea/Desktop/NNW/transcripts_by_company/TEMPUR_SEALY_INTERNATIONAL_INC_2014Q2.txt
AKAO,2017Q4,-0.86,-3.08,/Users/vazea/Desktop/NNW/transcripts_by_company/ACHAOGEN_INC_2017Q4.txt
LCI,2013Q4,0.12,0.42,/Users/vazea/Desktop/NNW/transcripts_by_company/LANNETT_COMPANY_INC_2013Q4.txt
CYRN,2019Q3,-0.06,-0.07,/Users/vazea/Desktop/NNW/transcripts_by_company/CYREN_LTD_2019Q3.txt
BRP,2020Q4,0.06,0.45,/Users/vazea/Desktop/NNW/transcripts_by_company/BALDWIN_INSURANCE_GROUP_INC_2020Q4.txt
AKG,2018Q1,0.01,-0.03,/Users/vazea/Desktop/NNW/transcripts_by_company/ASANKO_GOLD_INC_2018Q1.txt
TCAP,2015Q2,0.49,0.5,/Users/vazea/Desktop/NNW/transcripts_by_company/TRIANGLE_CAPITAL_CORP_2015Q2.txt
TSQ,2022Q2,0.71,0.62,/Users/vazea/Desktop/NNW/transcripts_by_company/TOWNSQUARE_MEDIA_INC_2022Q2.txt
RAD,2007Q3,-0.01,-0.01,/Users/vazea/Desktop/NNW/transcripts_by_company/RITE_AID_CORPORATION_2007Q3.txt
TCBI,2016Q1,0.49,0.68,/Users/vazea/Desktop/NNW/transcripts_by_company/TEXAS_CAPITAL_BANCSHARES_INC_2016Q1.txt
PIR,2010Q2,-0.16,-0.24,/Users/vazea/Desktop/NNW/transcripts_by_company/PIER_1_IMPORTS_2010Q2.txt
WWD,2021Q4,0.82,3.29,/Users/vazea/Desktop/NNW/transcripts_by_company/WOODWARD_INC_2021Q4.txt
COLB,2017Q3,0.7,0.55,/Users/vazea/Desktop/NNW/transcripts_by_company/COLUMBIA_BANKING_SYSTEM_INC_2017Q3.txt
CBM,2015Q2,0.63,0.41,/Users/vazea/Desktop/NNW/transcripts_by_company/CAMBREX_CORPORATION_2015Q2.txt
MOLX,2012Q2,0.37,0.41,/Users/vazea/Desktop/NNW/transcripts_by_company/MOLEX_INC_2012Q2.txt
RSYS,2009Q4,0.19,0.64,/Users/vazea/Desktop/NNW/transcripts_by_company/RADISYS_CORPORATION_2009Q4.txt
KITE,2016Q2,-1.31,-1.22,/Users/vazea/Desktop/NNW/transcripts_by_company/KITE_PHARMA_INC_2016Q2.txt
LOW,2022Q2,4.25,4.0,/Users/vazea/Desktop/NNW/transcripts_by_company/LOWES_COMPANIES_INC_2022Q2.txt
BKS,2018Q2,-0.41,-0.26,/Users/vazea/Desktop/NNW/transcripts_by_company/BARNES_NOBLE_INC_2018Q2.txt
WOR,2007Q2,0.31,0.4,/Users/vazea/Desktop/NNW/transcripts_by_company/WORTHINGTON_ENTERPRISES_INC_2007Q2.txt
JKS,2018Q3,0.24,0.21,/Users/vazea/Desktop/NNW/transcripts_by_company/JINKOSOLAR_HOLDING_CO_LTD_2018Q3.txt
AN,2014Q1,0.75,0.76,/Users/vazea/Desktop/NNW/transcripts_by_company/AUTONATION_INC_2014Q1.txt
PEBO,2012Q1,0.63,0.33,/Users/vazea/Desktop/NNW/transcripts_by_company/PEOPLES_BANCORP_INC_2012Q1.txt
MTW,2002Q3,0.57,0.65,/Users/vazea/Desktop/NNW/transcripts_by_company/MANITOWOC_INC_2002Q3.txt
BBT,2012Q4,0.71,2.7,/Users/vazea/Desktop/NNW/transcripts_by_company/BBT_CORP_2012Q4.txt
CYOU,2010Q2,0.79,0.76,/Users/vazea/Desktop/NNW/transcripts_by_company/CHANGYOUCOM_LTD_2010Q2.txt
AMED,2009Q1,0.99,0.98,/Users/vazea/Desktop/NNW/transcripts_by_company/AMEDISYS_INC_2009Q1.txt
OUT,2016Q1,-0.01,0.0,/Users/vazea/Desktop/NNW/transcripts_by_company/OUTFRONT_MEDIA_INC_2016Q1.txt
BPI,2010Q1,0.49,0.33,/Users/vazea/Desktop/NNW/transcripts_by_company/BRIDGEPOINT_EDUCATION_INC_2010Q1.txt
HLNE,2020Q2,0.5,0.52,/Users/vazea/Desktop/NNW/transcripts_by_company/HAMILTON_LANE_INC_2020Q2.txt
EHTH,2009Q3,0.14,0.14,/Users/vazea/Desktop/NNW/transcripts_by_company/EHEALTH_INC_2009Q3.txt
NI,2010Q1,0.72,0.64,/Users/vazea/Desktop/NNW/transcripts_by_company/NISOURCE_INC_2010Q1.txt
UEIC,2003Q1,0.07,0.06,/Users/vazea/Desktop/NNW/transcripts_by_company/UNIVERSAL_ELECTRONICS_INC_2003Q1.txt
ITI,2023Q4,-0.01,-0.3,/Users/vazea/Desktop/NNW/transcripts_by_company/ITERIS_INC_2023Q4.txt
ALV,2017Q4,2.03,6.29,/Users/vazea/Desktop/NNW/transcripts_by_company/AUTOLIV_INC_2017Q4.txt
TSYS,2004Q2,0.12,0.06,/Users/vazea/Desktop/NNW/transcripts_by_company/TELECOMMUNICATION_SYSTEMS_INC_2004Q2.txt
NFLX,2007Q2,0.37,0.23,/Users/vazea/Desktop/NNW/transcripts_by_company/NETFLIX_INC_2007Q2.txt
CHRW,2009Q2,0.54,0.53,/Users/vazea/Desktop/NNW/transcripts_by_company/CH_ROBINSON_WORLDWIDE_INC_2009Q2.txt
LIOX,2015Q1,0.05,-0.03,/Users/vazea/Desktop/NNW/transcripts_by_company/LIONBRIDGE_TECHNOLOGIES_INC_2015Q1.txt
PERY,2009Q3,0.33,0.65,/Users/vazea/Desktop/NNW/transcripts_by_company/PERRY_ELLIS_INTERNATIONAL_INC_2009Q3.txt
LINC,2009Q2,0.27,0.2,/Users/vazea/Desktop/NNW/transcripts_by_company/LINCOLN_EDUCATIONAL_SERVICES_COR_2009Q2.txt
MO,2004Q2,1.25,1.28,/Users/vazea/Desktop/NNW/transcripts_by_company/ALTRIA_GROUP_INC_2004Q2.txt
APPN,2018Q1,-0.12,-0.18,/Users/vazea/Desktop/NNW/transcripts_by_company/APPIAN_CORP_2018Q1.txt
MXL,2022Q2,1.11,1.02,/Users/vazea/Desktop/NNW/transcripts_by_company/MAXLINEAR_INC_2022Q2.txt
AVY,2001Q1,0.65,0.67,/Users/vazea/Desktop/NNW/transcripts_by_company/AVERY_DENNISON_CORP_2001Q1.txt
SPXC,2020Q4,0.89,2.82,/Users/vazea/Desktop/NNW/transcripts_by_company/SPX_CORP_2020Q4.txt
BMRC,2011Q1,0.84,0.69,/Users/vazea/Desktop/NNW/transcripts_by_company/BANK_OF_MARIN_BANCORP_2011Q1.txt
CSTE,2020Q4,0.05,0.56,/Users/vazea/Desktop/NNW/transcripts_by_company/CAESARSTONE_LTD_2020Q4.txt
NLCI,2011Q2,0.18,0.12,/Users/vazea/Desktop/NNW/transcripts_by_company/NOBEL_LEARNING_COMMUNITIES_INC_2011Q2.txt
VPG,2019Q1,0.61,0.52,/Users/vazea/Desktop/NNW/transcripts_by_company/VISHAY_PRECISION_GROUP_INC_2019Q1.txt
DHR,2020Q4,2.08,6.05,/Users/vazea/Desktop/NNW/transcripts_by_company/DANAHER_CORP_2020Q4.txt
GDOT,2019Q1,1.51,1.43,/Users/vazea/Desktop/NNW/transcripts_by_company/GREEN_DOT_CORP_2019Q1.txt
THS,2006Q3,0.24,0.19,/Users/vazea/Desktop/NNW/transcripts_by_company/TREEHOUSE_FOODS_INC_2006Q3.txt
NATI,2020Q2,0.08,0.09,/Users/vazea/Desktop/NNW/transcripts_by_company/NATIONAL_INSTRUMENTS_CORP_2020Q2.txt
CSSE,2021Q4,-1.36,-3.06,/Users/vazea/Desktop/NNW/transcripts_by_company/CHICKEN_SOUP_FOR_THE_SOUL_ENTERT_2021Q4.txt
T,2009Q3,0.54,0.5,/Users/vazea/Desktop/NNW/transcripts_by_company/ATT_INC_2009Q3.txt
NVTA,2020Q1,-0.8,-0.76,/Users/vazea/Desktop/NNW/transcripts_by_company/INVITAE_CORP_2020Q1.txt
STL,2009Q3,0.1,0.06,/Users/vazea/Desktop/NNW/transcripts_by_company/STERLING_BANCORP_2009Q3.txt
VAR,2014Q3,1.08,1.09,/Users/vazea/Desktop/NNW/transcripts_by_company/VARIAN_MEDICAL_SYSTEMS_INC_2014Q3.txt
LTCH,2022Q1,-0.36,-0.3,/Users/vazea/Desktop/NNW/transcripts_by_company/LATCH_INC_2022Q1.txt
TOWR,2018Q3,1.08,1.04,/Users/vazea/Desktop/NNW/transcripts_by_company/TOWER_INTERNATIONAL_INC_2018Q3.txt
PLBY,2021Q3,-0.18,-0.02,/Users/vazea/Desktop/NNW/transcripts_by_company/PLBY_GROUP_INC_2021Q3.txt
PII,2013Q1,1.07,1.0,/Users/vazea/Desktop/NNW/transcripts_by_company/POLARIS_INC_2013Q1.txt
IRM,2010Q4,0.3,1.15,/Users/vazea/Desktop/NNW/transcripts_by_company/IRON_MOUNTAIN_INC_2010Q4.txt
WETF,2017Q2,0.06,0.05,/Users/vazea/Desktop/NNW/transcripts_by_company/WISDOMTREE_INC_2017Q2.txt
ACLS,2010Q2,-0.04,-0.09,/Users/vazea/Desktop/NNW/transcripts_by_company/AXCELIS_TECHNOLOGIES_INC_2010Q2.txt
ETH,2007Q2,0.7,0.73,/Users/vazea/Desktop/NNW/transcripts_by_company/ETHAN_ALLEN_INTERIORS_INC_2007Q2.txt
KTB,2021Q3,1.28,1.02,/Users/vazea/Desktop/NNW/transcripts_by_company/KONTOOR_BRANDS_INC_2021Q3.txt
SMG,2019Q3,3.11,2.74,/Users/vazea/Desktop/NNW/transcripts_by_company/SCOTTS_MIRACLEGRO_CO_2019Q3.txt
ABG,2005Q1,0.36,0.36,/Users/vazea/Desktop/NNW/transcripts_by_company/ASBURY_AUTOMOTIVE_GROUP_INC_2005Q1.txt
AYR,2013Q4,0.6,0.05,/Users/vazea/Desktop/NNW/transcripts_by_company/AIRCASTLE_LTD_2013Q4.txt
PEP,2021Q4,1.53,6.24,/Users/vazea/Desktop/NNW/transcripts_by_company/PEPSICO_INC_2021Q4.txt
IBM,2022Q2,2.31,2.26,/Users/vazea/Desktop/NNW/transcripts_by_company/INTERNATIONAL_BUSINESS_MACHINES_2022Q2.txt
NOVL,2010Q1,0.07,0.07,/Users/vazea/Desktop/NNW/transcripts_by_company/NOVELL_INC_2010Q1.txt
YELL,2022Q1,-0.54,-0.31,/Users/vazea/Desktop/NNW/transcripts_by_company/YELLOW_CORP_2022Q1.txt
TWER,2011Q4,-0.04,-0.17,/Users/vazea/Desktop/NNW/transcripts_by_company/TOWERSTREAM_CORP_2011Q4.txt
TEN,2020Q2,-2.15,-3.67,/Users/vazea/Desktop/NNW/transcripts_by_company/TENNECO_INC_2020Q2.txt
PEN,2019Q3,0.25,0.16,/Users/vazea/Desktop/NNW/transcripts_by_company/PENUMBRA_INC_2019Q3.txt
LGVN,2008Q4,-0.08,-0.32,/Users/vazea/Desktop/NNW/transcripts_by_company/LOGICVISION_2008Q4.txt
GBT,2021Q2,-1.12,-1.16,/Users/vazea/Desktop/NNW/transcripts_by_company/GLOBAL_BLOOD_THERAPEUTICS_INC_2021Q2.txt
GKOS,2020Q3,-0.09,-0.48,/Users/vazea/Desktop/NNW/transcripts_by_company/GLAUKOS_CORP_2020Q3.txt
RTEC,2016Q1,0.18,0.17,/Users/vazea/Desktop/NNW/transcripts_by_company/RUDOLPH_TECHNOLOGIES_INC_2016Q1.txt
AEO,2016Q1,0.15,0.12,/Users/vazea/Desktop/NNW/transcripts_by_company/AMERICAN_EAGLE_OUTFITTERS_INC_2016Q1.txt
CBRL,2023Q4,1.79,5.37,/Users/vazea/Desktop/NNW/transcripts_by_company/CRACKER_BARREL_OLD_COUNTRY_STORE_2023Q4.txt
WMAR,2009Q4,-0.57,-0.67,/Users/vazea/Desktop/NNW/transcripts_by_company/WEST_MARINE_INC_2009Q4.txt
AAPL,2022Q1,2.1,1.89,/Users/vazea/Desktop/NNW/transcripts_by_company/APPLE_INC_2022Q1.txt
WLTW,2016Q4,1.88,7.7,/Users/vazea/Desktop/NNW/transcripts_by_company/WILLIS_TOWERS_WATSON_PLC_2016Q4.txt
FLY,2016Q3,0.7,0.4,/Users/vazea/Desktop/NNW/transcripts_by_company/FLY_LEASING_LTD_2016Q3.txt
NTRS,2015Q3,0.96,0.97,/Users/vazea/Desktop/NNW/transcripts_by_company/NORTHERN_TRUST_CORP_2015Q3.txt
DRTE,2006Q3,0.07,0.04,/Users/vazea/Desktop/NNW/transcripts_by_company/DENDRITE_INTERNATIONAL_INC_2006Q3.txt
NLS,2023Q4,-0.59,-3.2,/Users/vazea/Desktop/NNW/transcripts_by_company/BOWFLEX_INC_2023Q4.txt
TYPE,2010Q3,0.16,0.11,/Users/vazea/Desktop/NNW/transcripts_by_company/MONOTYPE_IMAGING_HOLDINGS_INC_2010Q3.txt
EGHT,2018Q3,0.02,0.01,/Users/vazea/Desktop/NNW/transcripts_by_company/8X8_INC_2018Q3.txt
LPSN,2004Q4,0.01,0.07,/Users/vazea/Desktop/NNW/transcripts_by_company/LIVEPERSON_INC_2004Q4.txt
GSOL,2009Q4,0.18,0.34,/Users/vazea/Desktop/NNW/transcripts_by_company/GLOBAL_SOURCES_LTD_2009Q4.txt
TD,2015Q4,1.14,4.59,/Users/vazea/Desktop/NNW/transcripts_by_company/TORONTODOMINION_BANK_2015Q4.txt
AIT,2004Q3,0.46,0.39,/Users/vazea/Desktop/NNW/transcripts_by_company/APPLIED_INDUSTRIAL_TECHNOLOGIES_2004Q3.txt
HCSG,2023Q1,0.17,0.14,/Users/vazea/Desktop/NNW/transcripts_by_company/HEALTHCARE_SERVICES_GROUP_INC_2023Q1.txt
SSD,2022Q2,2.164,2.01,/Users/vazea/Desktop/NNW/transcripts_by_company/SIMPSON_MANUFACTURING_CO_INC_2022Q2.txt
OC,2020Q1,0.6,0.57,/Users/vazea/Desktop/NNW/transcripts_by_company/OWENS_CORNING_2020Q1.txt
LTRX,2020Q3,0.02,0.0,/Users/vazea/Desktop/NNW/transcripts_by_company/LANTRONIX_INC_2020Q3.txt
EIX,2004Q3,1.01,0.95,/Users/vazea/Desktop/NNW/transcripts_by_company/EDISON_INTERNATIONAL_2004Q3.txt
IBTX,2014Q2,0.32,0.56,/Users/vazea/Desktop/NNW/transcripts_by_company/INDEPENDENT_BANK_GROUP_INC_2014Q2.txt
TKLC,2002Q4,0.08,0.4,/Users/vazea/Desktop/NNW/transcripts_by_company/TEKELEC_2002Q4.txt
WYN,2007Q3,0.75,0.72,/Users/vazea/Desktop/NNW/transcripts_by_company/WYNDHAM_DESTINATIONS_INC_2007Q3.txt
PDYN,2005Q2,0.03,-0.01,/Users/vazea/Desktop/NNW/transcripts_by_company/PARADYNE_NETWORKS_INC_2005Q2.txt
WWD,2013Q4,0.76,2.22,/Users/vazea/Desktop/NNW/transcripts_by_company/WOODWARD_INC_2013Q4.txt
NOW,2014Q1,-0.08,-0.08,/Users/vazea/Desktop/NNW/transcripts_by_company/SERVICENOW_INC_2014Q1.txt
TNDM,2023Q2,-0.55,-0.53,/Users/vazea/Desktop/NNW/transcripts_by_company/TANDEM_DIABETES_CARE_INC_2023Q2.txt
GFF,2023Q2,1.21,0.68,/Users/vazea/Desktop/NNW/transcripts_by_company/GRIFFON_CORP_2023Q2.txt
LMRK,2015Q2,0.12,0.16,/Users/vazea/Desktop/NNW/transcripts_by_company/LANDMARK_INFRASTRUCTURE_PARTNERS_2015Q2.txt
FMI,2016Q3,-0.9,-0.89,/Users/vazea/Desktop/NNW/transcripts_by_company/FOUNDATION_MEDICINE_INC_2016Q3.txt
PPHM,2016Q3,-0.08,-0.07,/Users/vazea/Desktop/NNW/transcripts_by_company/PEREGRINE_PHARMACEUTICAL_2016Q3.txt
SPKE,2020Q2,0.62,-0.27,/Users/vazea/Desktop/NNW/transcripts_by_company/SPARK_ENERGY_INC_2020Q2.txt
ROST,2022Q4,1.04,4.8,/Users/vazea/Desktop/NNW/transcripts_by_company/ROSS_STORES_INC_2022Q4.txt
VLY,2002Q4,0.41,1.59,/Users/vazea/Desktop/NNW/transcripts_by_company/VALLEY_NATIONAL_BANCORP_2002Q4.txt
BLK,2010Q3,2.75,2.36,/Users/vazea/Desktop/NNW/transcripts_by_company/BLACKROCK_INC_2010Q3.txt
ISSX,2004Q1,0.13,0.14,/Users/vazea/Desktop/NNW/transcripts_by_company/INTERNET_SECURITY_SYSTEM_2004Q1.txt
QADA,2019Q2,0.21,0.09,/Users/vazea/Desktop/NNW/transcripts_by_company/QAD_INC_2019Q2.txt
CODI,2011Q1,0.31,0.3,/Users/vazea/Desktop/NNW/transcripts_by_company/COMPASS_DIVERSIFIED_HOLDINGS_2011Q1.txt
AMAT,2013Q4,0.19,0.58,/Users/vazea/Desktop/NNW/transcripts_by_company/APPLIED_MATERIALS_INC_2013Q4.txt
STAA,2020Q2,-0.03,-0.01,/Users/vazea/Desktop/NNW/transcripts_by_company/STAAR_SURGICAL_CO_2020Q2.txt
PCCC,2004Q4,0.12,0.46,/Users/vazea/Desktop/NNW/transcripts_by_company/PC_CONNECTION_INC_2004Q4.txt
ASTE,2010Q1,0.39,0.21,/Users/vazea/Desktop/NNW/transcripts_by_company/ASTEC_INDUSTRIES_INC_2010Q1.txt
MMC,2017Q3,0.79,0.78,/Users/vazea/Desktop/NNW/transcripts_by_company/MARSH_MCLENNAN_COMPANIES_INC_2017Q3.txt
SHWZ,2021Q3,0.02,0.06,/Users/vazea/Desktop/NNW/transcripts_by_company/MEDICINE_MAN_TECHNOLOGIES_INC_2021Q3.txt
CMC,2021Q1,0.58,0.52,/Users/vazea/Desktop/NNW/transcripts_by_company/COMMERCIAL_METALS_CO_2021Q1.txt
CRR,2011Q3,1.59,1.4,/Users/vazea/Desktop/NNW/transcripts_by_company/CARBO_CERAMICS_INC_2011Q3.txt
GIS,2009Q4,0.86,3.89,/Users/vazea/Desktop/NNW/transcripts_by_company/GENERAL_MILLS_INC_2009Q4.txt
CBRL,2007Q4,1.15,2.46,/Users/vazea/Desktop/NNW/transcripts_by_company/CBRL_GROUP_INC_2007Q4.txt
RFIL,2021Q4,0.1,0.16,/Users/vazea/Desktop/NNW/transcripts_by_company/RF_INDUSTRIES_LTD_2021Q4.txt
VIP,2003Q3,1.42,1.55,/Users/vazea/Desktop/NNW/transcripts_by_company/VIMPEL_COMMUNICATIONS_2003Q3.txt
RMD,2008Q3,0.4,0.38,/Users/vazea/Desktop/NNW/transcripts_by_company/RESMED_INC_2008Q3.txt
GMCR,2009Q2,0.5,0.36,/Users/vazea/Desktop/NNW/transcripts_by_company/GREEN_MOUNTAIN_COFFEE_ROASTERS_I_2009Q2.txt
CMG,2017Q1,1.6,1.3,/Users/vazea/Desktop/NNW/transcripts_by_company/CHIPOTLE_MEXICAN_GRILL_INC_2017Q1.txt
MXL,2017Q2,0.35,0.31,/Users/vazea/Desktop/NNW/transcripts_by_company/MAXLINEAR_INC_2017Q2.txt
ACTG,2012Q2,0.43,0.27,/Users/vazea/Desktop/NNW/transcripts_by_company/ACACIA_RESEARCH_CORP_2012Q2.txt
SSP,2019Q2,0.03,0.09,/Users/vazea/Desktop/NNW/transcripts_by_company/E_W_SCRIPPS_CO_2019Q2.txt
NTWK,2008Q4,0.08,0.28,/Users/vazea/Desktop/NNW/transcripts_by_company/NETSOL_TECHNOLOGIES_INCORPORATE_2008Q4.txt
ACO,2005Q2,0.31,0.31,/Users/vazea/Desktop/NNW/transcripts_by_company/AMCOL_INTERNATIONAL_CORPORATION_2005Q2.txt
WDAY,2019Q3,0.31,0.15,/Users/vazea/Desktop/NNW/transcripts_by_company/WORKDAY_INC_2019Q3.txt
JCOM,2017Q2,1.33,1.36,/Users/vazea/Desktop/NNW/transcripts_by_company/ZIFF_DAVIS_INC_2017Q2.txt
FRO,2017Q2,-0.08,-0.06,/Users/vazea/Desktop/NNW/transcripts_by_company/FRONTLINE_LTD_2017Q2.txt
PARD,2007Q2,-0.28,-0.29,/Users/vazea/Desktop/NNW/transcripts_by_company/PONIARD_PHARMACEUTICALS_INC_2007Q2.txt
CAB,2010Q2,0.28,0.22,/Users/vazea/Desktop/NNW/transcripts_by_company/CABELAS_INC_2010Q2.txt
MLNX,2010Q1,0.29,0.23,/Users/vazea/Desktop/NNW/transcripts_by_company/MELLANOX_TECHNOLOGIES_LTD_2010Q1.txt
CERN,2003Q2,0.25,0.24,/Users/vazea/Desktop/NNW/transcripts_by_company/CERNER_CORP_2003Q2.txt
TTMI,2014Q1,0.01,0.06,/Users/vazea/Desktop/NNW/transcripts_by_company/TTM_TECHNOLOGIES_INC_2014Q1.txt
CVIA,2019Q3,-0.23,-0.15,/Users/vazea/Desktop/NNW/transcripts_by_company/COVIA_HOLDINGS_CORP_2019Q3.txt
EMR,2018Q4,0.89,3.38,/Users/vazea/Desktop/NNW/transcripts_by_company/EMERSON_ELECTRIC_CO_2018Q4.txt
TNDM,2021Q4,0.16,0.28,/Users/vazea/Desktop/NNW/transcripts_by_company/TANDEM_DIABETES_CARE_INC_2021Q4.txt
NGLS,2010Q1,0.14,0.39,/Users/vazea/Desktop/NNW/transcripts_by_company/TARGA_RESOURCES_PARTNERS_LP_2010Q1.txt
ITG,2002Q4,0.34,1.6,/Users/vazea/Desktop/NNW/transcripts_by_company/INVESTMENT_TECHNOLOGY_GROUP_INC_2002Q4.txt
CECO,2017Q1,0.08,0.04,/Users/vazea/Desktop/NNW/transcripts_by_company/CAREER_EDUCATION_CORP_2017Q1.txt
ROLL,2007Q1,0.35,0.32,/Users/vazea/Desktop/NNW/transcripts_by_company/RBC_BEARINGS_INC_2007Q1.txt
DWSN,2012Q1,0.23,0.3,/Users/vazea/Desktop/NNW/transcripts_by_company/DAWSON_GEOPHYSICAL_COMPANY_2012Q1.txt
HYRE,2019Q3,-0.24,-0.09,/Users/vazea/Desktop/NNW/transcripts_by_company/HYRECAR_INC_2019Q3.txt
BABA,2015Q4,0.48,2.19,/Users/vazea/Desktop/NNW/transcripts_by_company/ALIBABA_GROUP_HOLDING_LTD_2015Q4.txt
TWLO,2017Q4,-0.03,-0.23,/Users/vazea/Desktop/NNW/transcripts_by_company/TWILIO_INC_2017Q4.txt
BAX,2023Q2,0.55,0.6,/Users/vazea/Desktop/NNW/transcripts_by_company/BAXTER_INTERNATIONAL_INC_2023Q2.txt
WDC,2020Q3,0.85,0.95,/Users/vazea/Desktop/NNW/transcripts_by_company/WESTERN_DIGITAL_CORP_2020Q3.txt
CVS,2020Q2,2.64,1.8,/Users/vazea/Desktop/NNW/transcripts_by_company/CVS_HEALTH_CORP_2020Q2.txt
NUAN,2016Q1,0.36,0.32,/Users/vazea/Desktop/NNW/transcripts_by_company/NUANCE_COMMUNICATIONS_INC_2016Q1.txt
DE,2007Q2,2.72,2.4,/Users/vazea/Desktop/NNW/transcripts_by_company/DEERE_CO_2007Q2.txt
MYL,2009Q2,0.32,0.29,/Users/vazea/Desktop/NNW/transcripts_by_company/MYLAN_INC_2009Q2.txt
DVA,2022Q1,1.61,1.9,/Users/vazea/Desktop/NNW/transcripts_by_company/DAVITA_INC_2022Q1.txt
PODD,2013Q3,-0.21,-0.16,/Users/vazea/Desktop/NNW/transcripts_by_company/INSULET_CORP_2013Q3.txt
STAR,2019Q4,-0.44,4.08,/Users/vazea/Desktop/NNW/transcripts_by_company/ISTAR_INC_2019Q4.txt
EPZM,2020Q2,-0.58,-0.57,/Users/vazea/Desktop/NNW/transcripts_by_company/EPIZYME_INC_2020Q2.txt
NWN,2015Q1,1.37,1.49,/Users/vazea/Desktop/NNW/transcripts_by_company/NORTHWEST_NAT_GAS_CO_2015Q1.txt
WGA,2007Q4,-0.03,0.25,/Users/vazea/Desktop/NNW/transcripts_by_company/WELLS_GARDNER_ELECTRS_CORP_2007Q4.txt
SCND,2022Q4,-0.29,-1.13,/Users/vazea/Desktop/NNW/transcripts_by_company/SCIENTIFIC_INDUSTRIES_INC_2022Q4.txt
HBAN,2006Q2,0.46,0.45,/Users/vazea/Desktop/NNW/transcripts_by_company/HUNTINGTON_BANCSHARES_INC_2006Q2.txt
SABA,2003Q1,0.0,0.0,/Users/vazea/Desktop/NNW/transcripts_by_company/SABA_SOFTWARE_INC_2003Q1.txt
AFOP,2012Q1,0.13,0.12,/Users/vazea/Desktop/NNW/transcripts_by_company/ALLIANCE_FIBER_OPTIC_PRODCTS_INC_2012Q1.txt
FTGX,2006Q4,-0.18,-1.16,/Users/vazea/Desktop/NNW/transcripts_by_company/FIBERNET_TELECOM_GROUP_INC_2006Q4.txt
PAGS,2018Q2,0.787,0.72,/Users/vazea/Desktop/NNW/transcripts_by_company/PAGSEGURO_DIGITAL_LTD_2018Q2.txt
JNJ,2022Q2,2.59,2.58,/Users/vazea/Desktop/NNW/transcripts_by_company/JOHNSON_JOHNSON_2022Q2.txt
ACRS,2018Q2,-1.01,-1.09,/Users/vazea/Desktop/NNW/transcripts_by_company/ACLARIS_THERAPEUTICS_INC_2018Q2.txt
WAB,2021Q3,1.14,1.13,/Users/vazea/Desktop/NNW/transcripts_by_company/WESTINGHOUSE_AIR_BRAKE_TECHNOLOG_2021Q3.txt
SJM,2007Q2,0.83,0.85,/Users/vazea/Desktop/NNW/transcripts_by_company/J_M_SMUCKER_CO_2007Q2.txt
SVA,2013Q1,-0.04,-0.03,/Users/vazea/Desktop/NNW/transcripts_by_company/SINOVAC_BIOTECH_LTD_2013Q1.txt
SMTC,2006Q3,0.16,0.14,/Users/vazea/Desktop/NNW/transcripts_by_company/SEMTECH_CORP_2006Q3.txt
MTB,2005Q1,1.62,1.61,/Users/vazea/Desktop/NNW/transcripts_by_company/MT_BANK_CORP_2005Q1.txt
MBWM,2008Q1,-0.44,0.04,/Users/vazea/Desktop/NNW/transcripts_by_company/MERCANTILE_BANK_CORP_2008Q1.txt
GDDY,2021Q4,0.52,1.32,/Users/vazea/Desktop/NNW/transcripts_by_company/GODADDY_INC_2021Q4.txt
HABT,2015Q3,0.06,0.05,/Users/vazea/Desktop/NNW/transcripts_by_company/HABIT_RESTAURANTS_INC_2015Q3.txt
MASC,2012Q2,0.29,0.16,/Users/vazea/Desktop/NNW/transcripts_by_company/MATERIAL_SCIENCES_CORP_2012Q2.txt
NVTR,2016Q2,-0.85,-0.96,/Users/vazea/Desktop/NNW/transcripts_by_company/NUVECTRA_CORP_2016Q2.txt
BMO,2013Q4,1.64,6.21,/Users/vazea/Desktop/NNW/transcripts_by_company/BANK_OF_MONTREAL_2013Q4.txt
PM,2023Q3,1.67,1.64,/Users/vazea/Desktop/NNW/transcripts_by_company/PHILIP_MORRIS_INTERNATIONAL_INC_2023Q3.txt
PVSW,2009Q1,0.09,0.06,/Users/vazea/Desktop/NNW/transcripts_by_company/PERVASIVE_SOFTWARE_INC_2009Q1.txt
SNA,2005Q1,0.31,0.25,/Users/vazea/Desktop/NNW/transcripts_by_company/SNAPON_INC_2005Q1.txt
TRGP,2019Q2,-0.18,-0.22,/Users/vazea/Desktop/NNW/transcripts_by_company/TARGA_RESOURCES_CORP_2019Q2.txt
LNCE,2011Q1,0.17,0.14,/Users/vazea/Desktop/NNW/transcripts_by_company/SNYDERSLANCE_INC_2011Q1.txt
RENT,2008Q3,0.05,0.04,/Users/vazea/Desktop/NNW/transcripts_by_company/RENTRAK_CORP_2008Q3.txt
NTIC,2020Q2,0.02,0.16,/Users/vazea/Desktop/NNW/transcripts_by_company/NORTHERN_TECHNOLOGIES_INTERNATIO_2020Q2.txt
DTSI,2006Q2,0.1,0.0,/Users/vazea/Desktop/NNW/transcripts_by_company/DTS_INC_2006Q2.txt
CMS,2005Q3,0.2,0.1,/Users/vazea/Desktop/NNW/transcripts_by_company/CMS_ENERGY_CORP_2005Q3.txt
BGG,2008Q4,0.01,0.65,/Users/vazea/Desktop/NNW/transcripts_by_company/BRIGGS_STRATTON_CORP_2008Q4.txt
AIV,2005Q2,-0.25,-0.23,/Users/vazea/Desktop/NNW/transcripts_by_company/APARTMENT_INVESTMENT_AND_MANAGEM_2005Q2.txt
UTIW,2011Q1,0.1,0.1,/Users/vazea/Desktop/NNW/transcripts_by_company/UTI_WORLDWIDE_INC_2011Q1.txt
PX,2015Q3,1.46,1.46,/Users/vazea/Desktop/NNW/transcripts_by_company/PRAXAIR_INC_2015Q3.txt
YOU,2022Q4,0.14,0.06,/Users/vazea/Desktop/NNW/transcripts_by_company/CLEAR_SECURE_INC_2022Q4.txt
RL,2020Q2,2.55,2.39,/Users/vazea/Desktop/NNW/transcripts_by_company/RALPH_LAUREN_CORP_2020Q2.txt
ROK,2020Q2,2.43,2.0,/Users/vazea/Desktop/NNW/transcripts_by_company/ROCKWELL_AUTOMATION_INC_2020Q2.txt
VSAT,2012Q3,0.26,0.26,/Users/vazea/Desktop/NNW/transcripts_by_company/VIASAT_INC_2012Q3.txt
APEN,2017Q3,-0.32,-0.45,/Users/vazea/Desktop/NNW/transcripts_by_company/APOLLO_ENDOSURGERY_INC_2017Q3.txt
BRCM,2012Q4,0.76,2.89,/Users/vazea/Desktop/NNW/transcripts_by_company/BROADCOM_CORP_2012Q4.txt
VRTV,2022Q2,6.12,4.5,/Users/vazea/Desktop/NNW/transcripts_by_company/VERITIV_CORP_2022Q2.txt
AIMC,2018Q1,0.66,0.58,/Users/vazea/Desktop/NNW/transcripts_by_company/ALTRA_INDUSTRIAL_MOTION_CORP_2018Q1.txt
ELLI,2011Q4,0.13,0.14,/Users/vazea/Desktop/NNW/transcripts_by_company/ELLIE_MAE_INC_2011Q4.txt
LPX,2010Q1,-0.17,-0.15,/Users/vazea/Desktop/NNW/transcripts_by_company/LOUISIANAPACIFIC_CORP_2010Q1.txt
SNAP,2022Q3,0.08,-0.02,/Users/vazea/Desktop/NNW/transcripts_by_company/SNAP_INC_2022Q3.txt
HMTV,2017Q4,-0.27,0.16,/Users/vazea/Desktop/NNW/transcripts_by_company/HEMISPHERE_MEDIA_GROUP_INC_2017Q4.txt
GENI,2021Q3,-0.37,-0.1,/Users/vazea/Desktop/NNW/transcripts_by_company/GENIUS_SPORTS_LTD_2021Q3.txt
NPSP,2009Q3,-0.16,-0.14,/Users/vazea/Desktop/NNW/transcripts_by_company/NPS_PHARMACEUTICALS_INCORPORATED_2009Q3.txt
NVLS,2008Q2,0.06,0.04,/Users/vazea/Desktop/NNW/transcripts_by_company/NOVELLUS_SYSTEMS_2008Q2_1.txt
TSQ,2021Q4,0.16,1.55,/Users/vazea/Desktop/NNW/transcripts_by_company/TOWNSQUARE_MEDIA_INC_2021Q4.txt
RFP,2018Q3,1.03,0.73,/Users/vazea/Desktop/NNW/transcripts_by_company/RESOLUTE_FOREST_PRODUCTS_INC_2018Q3.txt
LIDR,2023Q2,-0.07,-0.09,/Users/vazea/Desktop/NNW/transcripts_by_company/AEYE_INC_2023Q2.txt
NUAN,2019Q1,0.3,0.28,/Users/vazea/Desktop/NNW/transcripts_by_company/NUANCE_COMMUNICATIONS_INC_2019Q1.txt
ZOOM,2011Q1,0.11,0.2,/Users/vazea/Desktop/NNW/transcripts_by_company/ZOOM_TECHNOLOGIES_INC_2011Q1.txt
DYNT,2020Q3,-0.13,-0.04,/Users/vazea/Desktop/NNW/transcripts_by_company/DYNATRONICS_CORP_2020Q3.txt
CIE,2010Q2,-0.12,-0.05,/Users/vazea/Desktop/NNW/transcripts_by_company/COBALT_INTERNATIONAL_ENERGY_INC_2010Q2.txt
S,2009Q2,-0.13,-0.02,/Users/vazea/Desktop/NNW/transcripts_by_company/SPRINT_NEXTEL_CORP_2009Q2_1.txt
PNM,2014Q4,0.24,1.47,/Users/vazea/Desktop/NNW/transcripts_by_company/TXNM_ENERGY_INC_2014Q4.txt
CRTD,2020Q4,-0.96,-1.53,/Users/vazea/Desktop/NNW/transcripts_by_company/CREATD_INC_2020Q4.txt
XOM,2017Q1,0.95,0.94,/Users/vazea/Desktop/NNW/transcripts_by_company/EXXON_MOBIL_CORP_2017Q1.txt
MSTR,2017Q1,1.28,1.48,/Users/vazea/Desktop/NNW/transcripts_by_company/MICROSTRATEGY_INC_2017Q1.txt
BALY,2021Q4,-1.38,1.58,/Users/vazea/Desktop/NNW/transcripts_by_company/BALLYS_CORP_2021Q4.txt
ICLR,2017Q2,1.31,1.29,/Users/vazea/Desktop/NNW/transcripts_by_company/ICON_PLC_2017Q2.txt
VERI,2019Q4,-0.33,-1.72,/Users/vazea/Desktop/NNW/transcripts_by_company/VERITONE_INC_2019Q4.txt
WEX,2022Q4,3.44,13.3,/Users/vazea/Desktop/NNW/transcripts_by_company/WEX_INC_2022Q4.txt
CIFR,2023Q1,-0.03,-0.03,/Users/vazea/Desktop/NNW/transcripts_by_company/CIPHER_MINING_INC_2023Q1.txt
RHP,2020Q3,-2.14,-1.88,/Users/vazea/Desktop/NNW/transcripts_by_company/RYMAN_HOSPITALITY_PROPERTIES_INC_2020Q3.txt
PH,2008Q3,1.49,1.34,/Users/vazea/Desktop/NNW/transcripts_by_company/PARKERHANNIFIN_CORP_2008Q3.txt
HGTY,2023Q2,0.03,0.02,/Users/vazea/Desktop/NNW/transcripts_by_company/HAGERTY_INC_2023Q2.txt
ETON,2023Q1,-0.1,-0.12,/Users/vazea/Desktop/NNW/transcripts_by_company/ETON_PHARMACEUTICALS_INC_2023Q1.txt
PFS,2011Q2,0.25,0.25,/Users/vazea/Desktop/NNW/transcripts_by_company/PROVIDENT_FINANCIAL_SERVICES_INC_2011Q2.txt
CPF,2018Q3,0.52,0.47,/Users/vazea/Desktop/NNW/transcripts_by_company/CENTRAL_PACIFIC_FINANCIAL_CORP_2018Q3.txt
GDOT,2017Q4,0.29,2.12,/Users/vazea/Desktop/NNW/transcripts_by_company/GREEN_DOT_CORP_2017Q4.txt
ROCM,2010Q2,-0.03,-0.02,/Users/vazea/Desktop/NNW/transcripts_by_company/ROCHESTER_MEDICAL_CORPORATION_2010Q2.txt
MCO,2014Q1,1.0,0.92,/Users/vazea/Desktop/NNW/transcripts_by_company/MOODYS_CORP_2014Q1.txt
AZO,2010Q3,4.12,3.58,/Users/vazea/Desktop/NNW/transcripts_by_company/AUTOZONE_INC_2010Q3.txt
GRMN,2021Q3,1.41,1.24,/Users/vazea/Desktop/NNW/transcripts_by_company/GARMIN_LTD_2021Q3.txt
ATKR,2016Q4,0.24,1.0,/Users/vazea/Desktop/NNW/transcripts_by_company/ATKORE_INC_2016Q4.txt
RSI,2022Q3,-0.08,-0.11,/Users/vazea/Desktop/NNW/transcripts_by_company/RUSH_STREET_INTERACTIVE_INC_2022Q3.txt
JOBY,2022Q3,-0.14,-0.15,/Users/vazea/Desktop/NNW/transcripts_by_company/JOBY_AVIATION_INC_2022Q3.txt
SCMR,2005Q1,-0.03,-0.03,/Users/vazea/Desktop/NNW/transcripts_by_company/SYCAMORE_NETWORKS_INC_2005Q1.txt
PII,2018Q3,1.86,1.56,/Users/vazea/Desktop/NNW/transcripts_by_company/POLARIS_INC_2018Q3.txt
COP,2019Q4,0.76,3.59,/Users/vazea/Desktop/NNW/transcripts_by_company/CONOCOPHILLIPS_2019Q4.txt
TMHC,2014Q4,0.84,2.04,/Users/vazea/Desktop/NNW/transcripts_by_company/TAYLOR_MORRISON_HOME_CORP_2014Q4.txt
RUTH,2010Q1,0.17,0.12,/Users/vazea/Desktop/NNW/transcripts_by_company/RUTHS_HOSPITALITY_GROUP_INC_2010Q1.txt
PEG,2012Q2,0.43,0.46,/Users/vazea/Desktop/NNW/transcripts_by_company/PUBLIC_SERVICE_ENTERPRISE_GROUP_2012Q2.txt
RBA,2005Q3,0.13,0.1,/Users/vazea/Desktop/NNW/transcripts_by_company/RITCHIE_BROS_AUCTIONEERS_INC_2005Q3.txt
ACM,2011Q1,0.48,0.49,/Users/vazea/Desktop/NNW/transcripts_by_company/AECOM_2011Q1.txt
TTWO,2020Q1,0.27,0.04,/Users/vazea/Desktop/NNW/transcripts_by_company/TAKETWO_INTERACTIVE_SOFTWARE_IN_2020Q1.txt
AAP,2011Q4,0.9,4.96,/Users/vazea/Desktop/NNW/transcripts_by_company/ADVANCE_AUTO_PARTS_INC_2011Q4.txt
NJR,2022Q1,0.69,0.75,/Users/vazea/Desktop/NNW/transcripts_by_company/NEW_JERSEY_RESOURCES_CORP_2022Q1.txt
KMX,2009Q4,0.17,0.11,/Users/vazea/Desktop/NNW/transcripts_by_company/CARMAX_INC_2009Q4.txt
RRR,2018Q3,0.2,0.26,/Users/vazea/Desktop/NNW/transcripts_by_company/RED_ROCK_RESORTS_INC_2018Q3.txt
SPH,2011Q1,1.21,1.39,/Users/vazea/Desktop/NNW/transcripts_by_company/SUBURBAN_PROPANE_PARTNERS_LP_2011Q1.txt
IDC,2005Q2,0.23,0.24,/Users/vazea/Desktop/NNW/transcripts_by_company/INTERACTIVE_DATA_CORP_2005Q2.txt
SASR,2005Q4,0.54,2.28,/Users/vazea/Desktop/NNW/transcripts_by_company/SANDY_SPRING_BANCORP_INC_2005Q4.txt
RKDA,2018Q1,-1.74,-1.4,/Users/vazea/Desktop/NNW/transcripts_by_company/ARCADIA_BIOSCIENCES_INC_2018Q1.txt
MNRO,2013Q4,0.25,1.32,/Users/vazea/Desktop/NNW/transcripts_by_company/MONRO_INC_2013Q4.txt
IPG,2012Q3,0.15,0.17,/Users/vazea/Desktop/NNW/transcripts_by_company/INTERPUBLIC_GROUP_OF_COMPANIES_I_2012Q3.txt
TTGT,2007Q3,0.07,0.07,/Users/vazea/Desktop/NNW/transcripts_by_company/TECHTARGET_INC_2007Q3.txt
CLW,2021Q3,0.55,0.45,/Users/vazea/Desktop/NNW/transcripts_by_company/CLEARWATER_PAPER_CORP_2021Q3.txt
OVTI,2004Q4,0.34,0.91,/Users/vazea/Desktop/NNW/transcripts_by_company/OMNIVISION_TECHNOLOGIES_INC_2004Q4.txt
PFMT,2020Q3,0.06,0.0,/Users/vazea/Desktop/NNW/transcripts_by_company/PERFORMANT_HEALTHCARE_INC_2020Q3.txt
ISRG,2003Q2,0.05,-0.01,/Users/vazea/Desktop/NNW/transcripts_by_company/INTUITVE_SURGICAL_INC_2003Q2.txt
TNC,2009Q2,0.16,0.05,/Users/vazea/Desktop/NNW/transcripts_by_company/TENNANT_CO_2009Q2.txt
WIN,2008Q1,0.27,0.25,/Users/vazea/Desktop/NNW/transcripts_by_company/WINDSTREAM_CORP_2008Q1.txt
TWKS,2022Q3,0.08,0.11,/Users/vazea/Desktop/NNW/transcripts_by_company/THOUGHTWORKS_HOLDING_INC_2022Q3.txt
EVER,2014Q4,0.28,1.13,/Users/vazea/Desktop/NNW/transcripts_by_company/EVERBANK_FINANCIAL_CORP_2014Q4.txt
BP,2018Q2,0.85,0.8,/Users/vazea/Desktop/NNW/transcripts_by_company/BP_PLC_2018Q2_1.txt
AMPH,2019Q1,0.1,0.06,/Users/vazea/Desktop/NNW/transcripts_by_company/AMPHASTAR_PHARMACEUTICALS_INC_2019Q1.txt
VSAT,2021Q4,0.12,0.04,/Users/vazea/Desktop/NNW/transcripts_by_company/VIASAT_INC_2021Q4.txt
CAMP,2011Q3,-0.01,0.01,/Users/vazea/Desktop/NNW/transcripts_by_company/CALAMP_CORP_2011Q3.txt
DARE,2022Q1,-0.1,-0.14,/Users/vazea/Desktop/NNW/transcripts_by_company/DARE_BIOSCIENCE_INC_2022Q1.txt
AMWD,2004Q4,1.0,3.83,/Users/vazea/Desktop/NNW/transcripts_by_company/AMERICAN_WOODMARK_CORP_2004Q4.txt
WYNN,2017Q1,1.24,0.79,/Users/vazea/Desktop/NNW/transcripts_by_company/WYNN_RESORTS_LTD_2017Q1.txt
EBIX,2015Q2,0.55,0.48,/Users/vazea/Desktop/NNW/transcripts_by_company/EBIX_INC_2015Q2.txt
HE,2022Q3,0.57,0.56,/Users/vazea/Desktop/NNW/transcripts_by_company/HAWAIIAN_ELECTRIC_INDUSTRIES_INC_2022Q3.txt
JAZZ,2020Q2,3.71,3.51,/Users/vazea/Desktop/NNW/transcripts_by_company/JAZZ_PHARMACEUTICALS_PLC_2020Q2.txt
QSI,2023Q1,-0.17,-0.19,/Users/vazea/Desktop/NNW/transcripts_by_company/QUANTUMSI_INC_2023Q1.txt
ICUI,2009Q2,0.38,0.35,/Users/vazea/Desktop/NNW/transcripts_by_company/ICU_MEDICAL_INC_2009Q2.txt
CSLT,2016Q4,-0.01,-0.34,/Users/vazea/Desktop/NNW/transcripts_by_company/CASTLIGHT_HEALTH_INC_2016Q4.txt
WNS,2010Q1,0.29,0.27,/Users/vazea/Desktop/NNW/transcripts_by_company/WNS_HOLDINGS_LTD_2010Q1.txt
FIG,2008Q4,-0.43,0.17,/Users/vazea/Desktop/NNW/transcripts_by_company/FORTRESS_INVESTMENT_GROUP_LLC_2008Q4.txt
KVHI,2015Q3,0.12,0.13,/Users/vazea/Desktop/NNW/transcripts_by_company/KVH_INDUSTRIES_INC_2015Q3.txt
SBH,2007Q1,0.09,0.1,/Users/vazea/Desktop/NNW/transcripts_by_company/SALLY_BEAUTY_HOLDINGS_INC_2007Q1.txt
MBUU,2020Q4,0.4,3.0,/Users/vazea/Desktop/NNW/transcripts_by_company/MALIBU_BOATS_INC_2020Q4.txt
GLW,2008Q1,0.44,0.41,/Users/vazea/Desktop/NNW/transcripts_by_company/CORNING_INC_2008Q1.txt
EPIQ,2015Q3,0.24,0.23,/Users/vazea/Desktop/NNW/transcripts_by_company/EPIQ_SYSTEMS_INC_2015Q3.txt
SRT,2021Q4,0.25,-0.05,/Users/vazea/Desktop/NNW/transcripts_by_company/STARTEK_INC_2021Q4.txt
TIVO,2018Q4,0.24,1.08,/Users/vazea/Desktop/NNW/transcripts_by_company/TIVO_CORP_2018Q4.txt
COE,2020Q1,2.26,0.42,/Users/vazea/Desktop/NNW/transcripts_by_company/CHINA_ONLINE_EDUCATION_GROUP_2020Q1.txt
IHG,2016Q4,,1.93,/Users/vazea/Desktop/NNW/transcripts_by_company/INTERCONTINENTAL_HOTELS_GROUP_PL_2016Q4.txt
SALM,2007Q4,0.05,0.39,/Users/vazea/Desktop/NNW/transcripts_by_company/SALEM_MEDIA_GROUP_INC_2007Q4.txt
LECO,2023Q3,2.4,2.28,/Users/vazea/Desktop/NNW/transcripts_by_company/LINCOLN_ELECTRIC_HOLDINGS_INC_2023Q3.txt
GSL,2023Q2,2.09,2.12,/Users/vazea/Desktop/NNW/transcripts_by_company/GLOBAL_SHIP_LEASE_INC_2023Q2.txt
IBAS,2008Q3,0.05,0.08,/Users/vazea/Desktop/NNW/transcripts_by_company/IBASIS_INC_2008Q3.txt
AMD,2021Q3,0.73,0.67,/Users/vazea/Desktop/NNW/transcripts_by_company/ADVANCED_MICRO_DEVICES_INC_2021Q3.txt
JNPR,2016Q3,0.58,0.52,/Users/vazea/Desktop/NNW/transcripts_by_company/JUNIPER_NETWORKS_INC_2016Q3.txt
AMZN,2012Q1,0.28,0.1,/Users/vazea/Desktop/NNW/transcripts_by_company/AMAZONCOM_INC_2012Q1.txt
EQM,2016Q2,1.27,1.15,/Users/vazea/Desktop/NNW/transcripts_by_company/EQM_MIDSTREAM_PARTNERS_LP_2016Q2.txt
SANM,2017Q1,0.75,0.67,/Users/vazea/Desktop/NNW/transcripts_by_company/SANMINA_CORP_2017Q1.txt
GPX,2007Q2,0.14,0.14,/Users/vazea/Desktop/NNW/transcripts_by_company/GP_STRATEGIES_CORP_2007Q2.txt
REYN,2020Q1,0.3,0.23,/Users/vazea/Desktop/NNW/transcripts_by_company/REYNOLDS_CONSUMER_PRODUCTS_INC_2020Q1.txt
FHN,2020Q3,0.35,0.22,/Users/vazea/Desktop/NNW/transcripts_by_company/FIRST_HORIZON_CORP_2020Q3.txt
SIG,2018Q3,-0.1,0.14,/Users/vazea/Desktop/NNW/transcripts_by_company/SIGNET_JEWELERS_LTD_2018Q3.txt
NVST,2020Q2,-0.1,-0.19,/Users/vazea/Desktop/NNW/transcripts_by_company/ENVISTA_HOLDINGS_CORP_2020Q2.txt
BWA,2011Q3,1.15,1.04,/Users/vazea/Desktop/NNW/transcripts_by_company/BORGWARNER_INC_2011Q3.txt
XEL,2016Q1,0.47,0.5,/Users/vazea/Desktop/NNW/transcripts_by_company/XCEL_ENERGY_INC_2016Q1.txt
DSW,2015Q2,0.37,0.33,/Users/vazea/Desktop/NNW/transcripts_by_company/DSW_INC_2015Q2.txt
WYY,2019Q2,0.0,0.0,/Users/vazea/Desktop/NNW/transcripts_by_company/WIDEPOINT_CORP_2019Q2.txt
ALG,2021Q4,1.62,6.64,/Users/vazea/Desktop/NNW/transcripts_by_company/ALAMO_GROUP_INC_2021Q4.txt
BA,2006Q2,-0.21,0.8,/Users/vazea/Desktop/NNW/transcripts_by_company/BOEING_CO_2006Q2.txt
PENX,2011Q3,-0.01,0.1,/Users/vazea/Desktop/NNW/transcripts_by_company/PENFORD_CORPORATION_2011Q3.txt
MIGI,2022Q4,-1.39,-0.26,/Users/vazea/Desktop/NNW/transcripts_by_company/MAWSON_INFRASTRUCTURE_GROUP_INC_2022Q4.txt
SYN,2020Q3,-0.14,-0.17,/Users/vazea/Desktop/NNW/transcripts_by_company/SYNTHETIC_BIOLOGICS_INC_2020Q3.txt
TMK,2002Q2,0.87,0.87,/Users/vazea/Desktop/NNW/transcripts_by_company/TORCHMARK_CORP_2002Q2.txt
DATE,2015Q2,0.1,0.07,/Users/vazea/Desktop/NNW/transcripts_by_company/JIAYUANCOM_INTERNATIONAL_LTD_2015Q2.txt
ELAN,2021Q2,0.28,0.25,/Users/vazea/Desktop/NNW/transcripts_by_company/ELANCO_ANIMAL_HEALTH_INC_2021Q2.txt
MLCO,2018Q1,0.32,0.26,/Users/vazea/Desktop/NNW/transcripts_by_company/MELCO_RESORTS_ENTERTAINMENT_LT_2018Q1.txt
RSPP,2014Q3,0.24,0.28,/Users/vazea/Desktop/NNW/transcripts_by_company/RSP_PERMIAN_INC_2014Q3.txt
MTB,2019Q2,3.61,3.68,/Users/vazea/Desktop/NNW/transcripts_by_company/MT_BANK_CORP_2019Q2.txt
HLIT,2015Q4,0.01,0.1,/Users/vazea/Desktop/NNW/transcripts_by_company/HARMONIC_INC_2015Q4.txt
SMSI,2006Q1,0.12,0.1,/Users/vazea/Desktop/NNW/transcripts_by_company/SMITH_MICRO_SOFTWARE_INC_2006Q1.txt
NNN,2017Q3,0.35,0.36,/Users/vazea/Desktop/NNW/transcripts_by_company/NNN_REIT_INC_2017Q3.txt
NM,2019Q1,-1.16,-2.73,/Users/vazea/Desktop/NNW/transcripts_by_company/NAVIOS_MARITIME_HOLDINGS_INC_2019Q1.txt
SKIL,2023Q1,-0.15,-0.19,/Users/vazea/Desktop/NNW/transcripts_by_company/SKILLSOFT_CORP_2023Q1.txt
EXPO,2015Q2,0.43,0.41,/Users/vazea/Desktop/NNW/transcripts_by_company/EXPONENT_INC_2015Q2.txt
ICE,2011Q2,1.69,1.59,/Users/vazea/Desktop/NNW/transcripts_by_company/INTERCONTINENTALEXCHANGE_INC_2011Q2.txt
VNTR,2021Q1,0.01,0.03,/Users/vazea/Desktop/NNW/transcripts_by_company/VENATOR_MATERIALS_PLC_2021Q1.txt
JLL,2015Q4,4.53,10.29,/Users/vazea/Desktop/NNW/transcripts_by_company/JONES_LANG_LASALLE_INC_2015Q4.txt
ASML,2010Q4,1.262,2.81,/Users/vazea/Desktop/NNW/transcripts_by_company/ASML_HOLDING_NV_2010Q4.txt
CTB,2009Q4,0.72,1.78,/Users/vazea/Desktop/NNW/transcripts_by_company/COOPER_TIRE_RUBBER_CO_2009Q4.txt
ORBK,2006Q2,0.46,0.43,/Users/vazea/Desktop/NNW/transcripts_by_company/ORBOTECH_LTD_2006Q2.txt
GLW,2007Q3,0.38,0.36,/Users/vazea/Desktop/NNW/transcripts_by_company/CORNING_INC_2007Q3.txt
CUB,2017Q2,0.02,0.04,/Users/vazea/Desktop/NNW/transcripts_by_company/CUBIC_CORP_2017Q2.txt
COCO,2023Q1,0.12,0.07,/Users/vazea/Desktop/NNW/transcripts_by_company/VITA_COCO_COMPANY_INC_2023Q1.txt
AMWD,2015Q4,0.68,2.03,/Users/vazea/Desktop/NNW/transcripts_by_company/AMERICAN_WOODMARK_CORP_2015Q4.txt
GME,2004Q3,0.18,0.18,/Users/vazea/Desktop/NNW/transcripts_by_company/GAMESTOP_CORP_2004Q3.txt
ATMI,2004Q4,0.22,0.68,/Users/vazea/Desktop/NNW/transcripts_by_company/ATMI_INC_2004Q4.txt
FTHM,2023Q2,-0.27,-0.21,/Users/vazea/Desktop/NNW/transcripts_by_company/FATHOM_HOLDINGS_INC_2023Q2.txt
HAS,2003Q4,0.65,1.1,/Users/vazea/Desktop/NNW/transcripts_by_company/HASBRO_INC_2003Q4.txt
MAR,2002Q4,0.55,1.82,/Users/vazea/Desktop/NNW/transcripts_by_company/MARRIOTT_INTERNATIONAL_INC_2002Q4.txt
LOOK,2009Q2,-0.04,-0.03,/Users/vazea/Desktop/NNW/transcripts_by_company/LOOKSMART_LTD_2009Q2.txt
ARW,2009Q1,0.36,0.35,/Users/vazea/Desktop/NNW/transcripts_by_company/ARROW_ELECTRONICS_INC_2009Q1_1.txt
CHD,2017Q2,0.41,0.38,/Users/vazea/Desktop/NNW/transcripts_by_company/CHURCH_DWIGHT_CO_INC_2017Q2.txt
ECHO,2016Q3,0.33,0.34,/Users/vazea/Desktop/NNW/transcripts_by_company/ECHO_GLOBAL_LOGISTICS_INC_2016Q3.txt
HAL,2023Q2,0.77,0.75,/Users/vazea/Desktop/NNW/transcripts_by_company/HALLIBURTON_CO_2023Q2.txt
AQUA,2018Q4,0.15,0.71,/Users/vazea/Desktop/NNW/transcripts_by_company/EVOQUA_WATER_TECHNOLOGIES_CORP_2018Q4.txt
BEAV,2014Q2,1.04,1.06,/Users/vazea/Desktop/NNW/transcripts_by_company/BE_AEROSPACE_INC_2014Q2.txt
BK,2007Q1,0.59,0.57,/Users/vazea/Desktop/NNW/transcripts_by_company/BANK_OF_NEW_YORK_CO_INC_2007Q1.txt
AMRI,2002Q3,0.31,0.31,/Users/vazea/Desktop/NNW/transcripts_by_company/ALBANY_MOLECULAR_RESEARCH_2002Q3.txt
GLNG,2017Q2,-0.51,-0.36,/Users/vazea/Desktop/NNW/transcripts_by_company/GOLAR_LNG_LTD_2017Q2.txt
SHIP,2020Q4,-0.03,-3.01,/Users/vazea/Desktop/NNW/transcripts_by_company/SEANERGY_MARITIME_HOLDINGS_CORP_2020Q4.txt
RES,2023Q2,0.3,0.38,/Users/vazea/Desktop/NNW/transcripts_by_company/RPC_INC_2023Q2.txt
ECPG,2015Q1,1.23,1.19,/Users/vazea/Desktop/NNW/transcripts_by_company/ENCORE_CAPITAL_GROUP_INC_2015Q1.txt
GIL,2016Q3,0.5,0.52,/Users/vazea/Desktop/NNW/transcripts_by_company/GILDAN_ACTIVEWEAR_INC_2016Q3.txt
URBN,2015Q4,0.6,1.64,/Users/vazea/Desktop/NNW/transcripts_by_company/URBAN_OUTFITTERS_INC_2015Q4.txt
VITL,2007Q2,0.66,0.61,/Users/vazea/Desktop/NNW/transcripts_by_company/VITAL_SIGNS_INC_2007Q2.txt
RADA,2019Q3,-0.02,-0.02,/Users/vazea/Desktop/NNW/transcripts_by_company/RADA_ELECTRONIC_INDUSTRIES_LTD_2019Q3.txt
ARCB,2017Q4,0.42,1.3,/Users/vazea/Desktop/NNW/transcripts_by_company/ARCBEST_CORP_2017Q4.txt
MYGN,2009Q1,0.3,0.12,/Users/vazea/Desktop/NNW/transcripts_by_company/MYRIAD_GENETICS_INC_2009Q1.txt
WTS,2006Q2,0.57,0.51,/Users/vazea/Desktop/NNW/transcripts_by_company/WATTS_WATER_TECHNOLOGIES_INC_2006Q2.txt
JFIN,2021Q4,2.28,2.08,/Users/vazea/Desktop/NNW/transcripts_by_company/JIAYIN_GROUP_INC_2021Q4.txt
TMUS,2022Q2,0.43,0.36,/Users/vazea/Desktop/NNW/transcripts_by_company/TMOBILE_US_INC_2022Q2.txt
OMAB,2019Q2,0.9,0.81,/Users/vazea/Desktop/NNW/transcripts_by_company/GRUPO_AEROPORTUARIO_DEL_CENTRO_N_2019Q2.txt
AAPL,2014Q1,14.5,14.03,/Users/vazea/Desktop/NNW/transcripts_by_company/APPLE_INC_2014Q1.txt
TNC,2021Q4,0.71,4.3,/Users/vazea/Desktop/NNW/transcripts_by_company/TENNANT_CO_2021Q4.txt
BBT,2006Q2,0.79,0.81,/Users/vazea/Desktop/NNW/transcripts_by_company/BBT_CORP_2006Q2.txt
RESP,2005Q3,0.67,0.66,/Users/vazea/Desktop/NNW/transcripts_by_company/RESPIRONICS_INC_2005Q3.txt
MTSN,2009Q4,-0.23,-1.5,/Users/vazea/Desktop/NNW/transcripts_by_company/MATTSON_TECHNOLOGY_INC_2009Q4.txt
SCVL,2021Q1,-1.16,-0.18,/Users/vazea/Desktop/NNW/transcripts_by_company/SHOE_CARNIVAL_INC_2021Q1.txt
ONEW,2021Q3,3.04,2.38,/Users/vazea/Desktop/NNW/transcripts_by_company/ONEWATER_MARINE_INC_2021Q3.txt
CENT,2008Q1,-0.11,-0.11,/Users/vazea/Desktop/NNW/transcripts_by_company/CENTRAL_GARDEN_PET_CO_2008Q1.txt
CPB,2014Q3,0.62,0.59,/Users/vazea/Desktop/NNW/transcripts_by_company/CAMPBELLS_CO_2014Q3.txt
ETFC,2019Q2,0.9,1.09,/Users/vazea/Desktop/NNW/transcripts_by_company/ETRADE_FINANCIAL_CORP_2019Q2.txt
DGX,2006Q3,0.82,0.77,/Users/vazea/Desktop/NNW/transcripts_by_company/QUEST_DIAGNOSTICS_INC_2006Q3.txt
CEPH,2010Q2,2.05,1.64,/Users/vazea/Desktop/NNW/transcripts_by_company/CEPHALON_INC_2010Q2.txt
GGG,2002Q3,0.42,0.4,/Users/vazea/Desktop/NNW/transcripts_by_company/GRACO_INC_2002Q3.txt
PGTI,2016Q3,0.19,0.17,/Users/vazea/Desktop/NNW/transcripts_by_company/PGT_INNOVATIONS_INC_2016Q3.txt
SPSC,2014Q2,0.16,0.15,/Users/vazea/Desktop/NNW/transcripts_by_company/SPS_COMMERCE_INC_2014Q2.txt
BNR,2021Q2,-1.96,-1.49,/Users/vazea/Desktop/NNW/transcripts_by_company/BURNING_ROCK_BIOTECH_LTD_2021Q2.txt
TTMI,2008Q1,0.29,0.23,/Users/vazea/Desktop/NNW/transcripts_by_company/TTM_TECHNOLOGIES_INC_2008Q1.txt
DVN,2012Q3,0.88,0.7,/Users/vazea/Desktop/NNW/transcripts_by_company/DEVON_ENERGY_CORP_2012Q3.txt
ACTL,2003Q2,0.08,0.07,/Users/vazea/Desktop/NNW/transcripts_by_company/ACTEL_CORPORATION_2003Q2.txt
FOCS,2020Q1,0.74,0.68,/Users/vazea/Desktop/NNW/transcripts_by_company/FOCUS_FINANCIAL_PARTNERS_INC_2020Q1.txt
WY,2005Q3,0.93,1.0,/Users/vazea/Desktop/NNW/transcripts_by_company/WEYERHAEUSER_CO_2005Q3.txt
MGTX,2022Q1,-0.7,-0.52,/Users/vazea/Desktop/NNW/transcripts_by_company/MEIRAGTX_HOLDINGS_PLC_2022Q1.txt
WNC,2019Q3,0.46,0.44,/Users/vazea/Desktop/NNW/transcripts_by_company/WABASH_NATIONAL_CORP_2019Q3.txt
NX,2014Q1,-0.14,-0.09,/Users/vazea/Desktop/NNW/transcripts_by_company/QUANEX_BUILDING_PRODUCTS_CORP_2014Q1.txt
CNOB,2019Q4,0.61,2.29,/Users/vazea/Desktop/NNW/transcripts_by_company/CONNECTONE_BANCORP_INC_2019Q4.txt
CALL,2015Q4,0.29,1.09,/Users/vazea/Desktop/NNW/transcripts_by_company/MAGICJACK_VOCALTEC_LTD_2015Q4.txt
VRTS,2023Q3,6.21,6.12,/Users/vazea/Desktop/NNW/transcripts_by_company/VIRTUS_INVESTMENT_PARTNERS_INC_2023Q3.txt
HMHC,2018Q3,0.7,0.65,/Users/vazea/Desktop/NNW/transcripts_by_company/HOUGHTON_MIFFLIN_HARCOURT_CO_2018Q3.txt
PFCB,2004Q4,0.4,1.3,/Users/vazea/Desktop/NNW/transcripts_by_company/PF_CHANGS_CHINA_BISTRO_INC_2004Q4.txt
JBSS,2005Q2,0.6,0.65,/Users/vazea/Desktop/NNW/transcripts_by_company/JOHN_B_SANFILIPPO_SON_INC_2005Q2.txt
DAO,2023Q2,-2.32,-1.93,/Users/vazea/Desktop/NNW/transcripts_by_company/YOUDAO_INC_2023Q2.txt
GIC,2022Q4,0.35,2.07,/Users/vazea/Desktop/NNW/transcripts_by_company/GLOBAL_INDUSTRIAL_CO_2022Q4.txt
OCGN,2020Q2,-0.19,-0.04,/Users/vazea/Desktop/NNW/transcripts_by_company/OCUGEN_INC_2020Q2.txt
MNRO,2023Q1,0.42,0.37,/Users/vazea/Desktop/NNW/transcripts_by_company/MONRO_INC_2023Q1.txt
AAIC,2020Q4,0.12,0.26,/Users/vazea/Desktop/NNW/transcripts_by_company/ARLINGTON_ASSET_INVESTMENT_CORP_2020Q4.txt
AYI,2007Q2,0.55,0.49,/Users/vazea/Desktop/NNW/transcripts_by_company/ACUITY_BRANDS_INC_2007Q2.txt
BPT,2015Q4,0.703,4.02,/Users/vazea/Desktop/NNW/transcripts_by_company/BP_PRUDHOE_BAY_RTY_TR_2015Q4.txt
PANW,2020Q3,1.17,0.97,/Users/vazea/Desktop/NNW/transcripts_by_company/PALO_ALTO_NETWORKS_INC_2020Q3.txt
NPO,2013Q4,0.22,1.21,/Users/vazea/Desktop/NNW/transcripts_by_company/ENPRO_INC_2013Q4.txt
GIL,2013Q3,0.95,0.94,/Users/vazea/Desktop/NNW/transcripts_by_company/GILDAN_ACTIVEWEAR_INC_2013Q3.txt
DVN,2004Q1,2.0,1.73,/Users/vazea/Desktop/NNW/transcripts_by_company/DEVON_ENERGY_CORP_2004Q1.txt
SHLM,2005Q4,0.21,0.76,/Users/vazea/Desktop/NNW/transcripts_by_company/A_SCHULMAN_INC_2005Q4.txt
DBX,2019Q3,0.13,0.11,/Users/vazea/Desktop/NNW/transcripts_by_company/DROPBOX_INC_2019Q3.txt
ORCL,2013Q2,0.64,0.61,/Users/vazea/Desktop/NNW/transcripts_by_company/ORACLE_CORP_2013Q2.txt
AIR,2006Q2,0.22,0.18,/Users/vazea/Desktop/NNW/transcripts_by_company/AAR_CORP_2006Q2.txt
BLL,2007Q1,0.78,0.56,/Users/vazea/Desktop/NNW/transcripts_by_company/BALL_CORP_2007Q1.txt
EXTR,2018Q4,0.2,0.65,/Users/vazea/Desktop/NNW/transcripts_by_company/EXTREME_NETWORKS_INC_2018Q4.txt
EXEL,2016Q4,0.12,-0.48,/Users/vazea/Desktop/NNW/transcripts_by_company/EXELIXIS_INC_2016Q4.txt
ZEPP,2021Q2,2.01,1.5,/Users/vazea/Desktop/NNW/transcripts_by_company/ZEPP_HEALTH_CORP_2021Q2.txt
BIOD,2010Q1,-0.47,-0.46,/Users/vazea/Desktop/NNW/transcripts_by_company/BIODEL_INC_2010Q1.txt
D,2014Q2,0.62,0.64,/Users/vazea/Desktop/NNW/transcripts_by_company/DOMINION_ENERGY_INC_2014Q2.txt
CATT,2006Q3,0.07,0.01,/Users/vazea/Desktop/NNW/transcripts_by_company/CATAPULT_COMMUNICATIONS_CORP_2006Q3.txt
FDP,2008Q4,0.41,2.81,/Users/vazea/Desktop/NNW/transcripts_by_company/FRESH_DEL_MONTE_PRODUCE_INC_2008Q4.txt
OAK,2013Q3,1.16,1.02,/Users/vazea/Desktop/NNW/transcripts_by_company/OAKTREE_CAPITAL_GROUP_LLC_2013Q3.txt
WIX,2020Q2,-0.26,0.29,/Users/vazea/Desktop/NNW/transcripts_by_company/WIXCOM_LTD_2020Q2.txt
EXC,2012Q4,0.64,2.85,/Users/vazea/Desktop/NNW/transcripts_by_company/EXELON_CORP_2012Q4.txt
GIS,2011Q3,0.56,0.56,/Users/vazea/Desktop/NNW/transcripts_by_company/GENERAL_MILLS_INC_2011Q3.txt
VRNM,2008Q1,-0.38,-0.26,/Users/vazea/Desktop/NNW/transcripts_by_company/VERENIUM_CORP_2008Q1.txt
BURL,2015Q1,0.25,0.23,/Users/vazea/Desktop/NNW/transcripts_by_company/BURLINGTON_STORES_INC_2015Q1.txt
SNA,2011Q2,1.14,1.1,/Users/vazea/Desktop/NNW/transcripts_by_company/SNAPON_INC_2011Q2.txt
NVDA,2010Q4,0.23,0.35,/Users/vazea/Desktop/NNW/transcripts_by_company/NVIDIA_CORP_2010Q4.txt
ARBA,2003Q4,0.03,0.04,/Users/vazea/Desktop/NNW/transcripts_by_company/ARIBA_INC_2003Q4.txt
LC,2016Q1,0.05,0.05,/Users/vazea/Desktop/NNW/transcripts_by_company/LENDINGCLUB_CORP_2016Q1.txt
CMI,2010Q4,1.84,5.05,/Users/vazea/Desktop/NNW/transcripts_by_company/CUMMINS_INC_2010Q4.txt
OIIM,2006Q2,-0.06,0.04,/Users/vazea/Desktop/NNW/transcripts_by_company/O2MICRO_INTERNATIONAL_LTD_2006Q2.txt
CCMP,2010Q4,0.66,2.02,/Users/vazea/Desktop/NNW/transcripts_by_company/CABOT_MICROELECTRONICS_CORP_2010Q4.txt
IDCC,2008Q1,0.15,0.09,/Users/vazea/Desktop/NNW/transcripts_by_company/INTERDIGITAL_INC_2008Q1.txt
WCC,2003Q2,0.16,0.14,/Users/vazea/Desktop/NNW/transcripts_by_company/WESCO_INTERNATIONAL_INC_2003Q2.txt
AIRS,2022Q4,-0.13,-0.16,/Users/vazea/Desktop/NNW/transcripts_by_company/AIRSCULPT_TECHNOLOGIES_INC_2022Q4.txt
WB,2017Q2,0.38,0.36,/Users/vazea/Desktop/NNW/transcripts_by_company/WEIBO_CORP_2017Q2.txt
CEVA,2014Q3,0.12,0.1,/Users/vazea/Desktop/NNW/transcripts_by_company/CEVA_INC_2014Q3.txt
MANT,2019Q2,0.6,0.57,/Users/vazea/Desktop/NNW/transcripts_by_company/MANTECH_INTERNATIONAL_CORP_2019Q2.txt
UNP,2020Q3,2.01,1.96,/Users/vazea/Desktop/NNW/transcripts_by_company/UNION_PACIFIC_CORP_2020Q3.txt
SBNY,2013Q2,1.12,1.08,/Users/vazea/Desktop/NNW/transcripts_by_company/SIGNATURE_BANK_2013Q2.txt
ABG,2010Q1,0.27,0.12,/Users/vazea/Desktop/NNW/transcripts_by_company/ASBURY_AUTOMOTIVE_GROUP_INC_2010Q1.txt
BOX,2022Q1,0.18,0.17,/Users/vazea/Desktop/NNW/transcripts_by_company/BOX_INC_2022Q1.txt
FGP,2008Q4,-0.61,0.5,/Users/vazea/Desktop/NNW/transcripts_by_company/FERRELLGAS_PARTNERS_LP_2008Q4.txt
CLS,2010Q4,0.26,0.83,/Users/vazea/Desktop/NNW/transcripts_by_company/CELESTICA_INC_2010Q4.txt
LOXO,2018Q1,-0.12,-0.93,/Users/vazea/Desktop/NNW/transcripts_by_company/LOXO_ONCOLOGY_INC_2018Q1.txt
BITA,2016Q4,0.19,4.76,/Users/vazea/Desktop/NNW/transcripts_by_company/BITAUTO_HOLDINGS_LTD_2016Q4.txt
CELL,2002Q2,-1.11,-0.06,/Users/vazea/Desktop/NNW/transcripts_by_company/BRIGHTPOINT_INCORPORATED_2002Q2.txt
MENT,2013Q2,0.21,0.17,/Users/vazea/Desktop/NNW/transcripts_by_company/MENTOR_GRAPHICS_CORP_2013Q2.txt
GISX,2005Q1,0.52,0.52,/Users/vazea/Desktop/NNW/transcripts_by_company/GLOBAL_IMAGING_SYSTEMS_INC_2005Q1.txt
GBX,2017Q3,1.03,0.86,/Users/vazea/Desktop/NNW/transcripts_by_company/GREENBRIER_COMPANIES_INC_2017Q3.txt
VFC,2014Q4,0.98,3.08,/Users/vazea/Desktop/NNW/transcripts_by_company/VF_CORP_2014Q4.txt
XPER,2018Q2,0.66,0.53,/Users/vazea/Desktop/NNW/transcripts_by_company/XPERI_CORP_2018Q2.txt
FIS,2021Q1,1.3,1.24,/Users/vazea/Desktop/NNW/transcripts_by_company/FIDELITY_NATIONAL_INFORMATION_SE_2021Q1.txt
KOPN,2019Q2,-0.05,-0.09,/Users/vazea/Desktop/NNW/transcripts_by_company/KOPIN_CORP_2019Q2.txt
WHF,2017Q2,0.38,0.36,/Users/vazea/Desktop/NNW/transcripts_by_company/WHITEHORSE_FINANCE_INC_2017Q2.txt
AKS,2012Q1,-0.22,0.03,/Users/vazea/Desktop/NNW/transcripts_by_company/AK_STEEL_HOLDING_CORP_2012Q1.txt
HPQ,2022Q1,1.1,1.02,/Users/vazea/Desktop/NNW/transcripts_by_company/HP_INC_2022Q1.txt
VSH,2014Q1,0.2,0.18,/Users/vazea/Desktop/NNW/transcripts_by_company/VISHAY_INTERTECHNOLOGY_INC_2014Q1.txt
TPG,2022Q2,0.46,0.46,/Users/vazea/Desktop/NNW/transcripts_by_company/TPG_INC_2022Q2.txt
PES,2016Q2,-0.31,-0.32,/Users/vazea/Desktop/NNW/transcripts_by_company/PIONEER_ENERGY_SERVICES_CORP_2016Q2.txt
SAFM,2004Q1,0.9533,0.9,/Users/vazea/Desktop/NNW/transcripts_by_company/SANDERSON_FARMS_INC_2004Q1.txt
KTCC,2015Q4,0.18,0.35,/Users/vazea/Desktop/NNW/transcripts_by_company/KEY_TRONIC_CORPORATION_2015Q4.txt
PNM,2023Q2,0.55,0.57,/Users/vazea/Desktop/NNW/transcripts_by_company/TXNM_ENERGY_INC_2023Q2.txt
GDOT,2014Q2,0.41,0.26,/Users/vazea/Desktop/NNW/transcripts_by_company/GREEN_DOT_CORP_2014Q2.txt
WCC,2006Q1,0.86,0.68,/Users/vazea/Desktop/NNW/transcripts_by_company/WESCO_INTERNATIONAL_INC_2006Q1.txt
VEC,2017Q3,0.51,0.41,/Users/vazea/Desktop/NNW/transcripts_by_company/V2X_INC_2017Q3.txt
SUP,2020Q1,-0.25,-0.17,/Users/vazea/Desktop/NNW/transcripts_by_company/SUPERIOR_INDUSTRIES_INTERNATIONA_2020Q1.txt
KELYA,2010Q1,0.05,-0.18,/Users/vazea/Desktop/NNW/transcripts_by_company/KELLY_SERVICES_INC_2010Q1.txt
PB,2020Q3,1.4,1.29,/Users/vazea/Desktop/NNW/transcripts_by_company/PROSPERITY_BANCSHARES_INC_2020Q3.txt
MTRN,2013Q2,0.43,0.41,/Users/vazea/Desktop/NNW/transcripts_by_company/MATERION_CORP_2013Q2.txt
AMCN,2012Q1,-0.09,-0.04,/Users/vazea/Desktop/NNW/transcripts_by_company/AIRMEDIA_GROUP_INC_2012Q1.txt
POWW,2024Q1,-0.02,-0.01,/Users/vazea/Desktop/NNW/transcripts_by_company/AMMO_INC_2024Q1.txt
MSFT,2003Q1,0.55,0.42,/Users/vazea/Desktop/NNW/transcripts_by_company/MICROSOFT_CORP_2003Q1.txt
GD,2018Q1,2.65,2.49,/Users/vazea/Desktop/NNW/transcripts_by_company/GENERAL_DYNAMICS_CORP_2018Q1.txt
BSTC,2014Q1,0.11,0.14,/Users/vazea/Desktop/NNW/transcripts_by_company/BIOSPECIFICS_TECHNOLOGIES_CORP_2014Q1.txt
SYNO,2006Q1,-0.05,-0.07,/Users/vazea/Desktop/NNW/transcripts_by_company/SYNOVIS_LIFE_TECHNOLOGIES_2006Q1.txt
SHOO,2012Q1,0.5,0.5,/Users/vazea/Desktop/NNW/transcripts_by_company/STEVEN_MADDEN_LTD_2012Q1.txt
SHSP,2018Q2,-0.29,-0.23,/Users/vazea/Desktop/NNW/transcripts_by_company/SHARPSPRING_INC_2018Q2.txt
AT,2020Q4,0.39,0.28,/Users/vazea/Desktop/NNW/transcripts_by_company/ATLANTIC_POWER_CORP_2020Q4.txt
ROAD,2020Q1,0.11,0.11,/Users/vazea/Desktop/NNW/transcripts_by_company/CONSTRUCTION_PARTNERS_INC_2020Q1.txt
NAPA,2023Q1,0.18,0.14,/Users/vazea/Desktop/NNW/transcripts_by_company/DUCKHORN_PORTFOLIO_INC_2023Q1.txt
BMY,2011Q4,0.53,2.3,/Users/vazea/Desktop/NNW/transcripts_by_company/BRISTOLMYERS_SQUIBB_CO_2011Q4.txt
VLO,2006Q3,2.42,2.56,/Users/vazea/Desktop/NNW/transcripts_by_company/VALERO_ENERGY_CORP_2006Q3.txt
SM,2023Q2,1.28,1.1,/Users/vazea/Desktop/NNW/transcripts_by_company/SM_ENERGY_CO_2023Q2.txt
CAMP,2012Q1,0.02,0.0,/Users/vazea/Desktop/NNW/transcripts_by_company/CALAMP_CORP_2012Q1.txt
THI,2008Q3,0.41,0.4,/Users/vazea/Desktop/NNW/transcripts_by_company/TIM_HORTONS_INC_2008Q3.txt
ABT,2007Q3,0.67,0.66,/Users/vazea/Desktop/NNW/transcripts_by_company/ABBOTT_LABORATORIES_2007Q3.txt
EGHT,2022Q3,0.02,0.02,/Users/vazea/Desktop/NNW/transcripts_by_company/8X8_INC_2022Q3.txt
GHDX,2013Q1,-0.03,-0.01,/Users/vazea/Desktop/NNW/transcripts_by_company/GENOMIC_HEALTH_INC_2013Q1.txt
STE,2017Q1,0.79,0.79,/Users/vazea/Desktop/NNW/transcripts_by_company/STERIS_PLC_2017Q1.txt
CBEY,2007Q3,0.12,0.1,/Users/vazea/Desktop/NNW/transcripts_by_company/CBEYOND_INC_2007Q3.txt
BIGC,2020Q4,-0.12,-0.83,/Users/vazea/Desktop/NNW/transcripts_by_company/BIGCOMMERCE_HOLDINGS_INC_2020Q4.txt
MXCT,2023Q2,-0.1,-0.09,/Users/vazea/Desktop/NNW/transcripts_by_company/MAXCYTE_INC_2023Q2.txt
DVD,2013Q1,-0.06,-0.07,/Users/vazea/Desktop/NNW/transcripts_by_company/DOVER_MOTORSPORTS_INC_2013Q1.txt
NDAQ,2007Q1,0.14,0.26,/Users/vazea/Desktop/NNW/transcripts_by_company/NASDAQ_INC_2007Q1.txt
T,2016Q2,0.72,0.72,/Users/vazea/Desktop/NNW/transcripts_by_company/ATT_INC_2016Q2.txt
VAST,2002Q1,-0.02,-0.02,/Users/vazea/Desktop/NNW/transcripts_by_company/VASTERA_2002Q1.txt
HW,2012Q4,0.05,-0.4,/Users/vazea/Desktop/NNW/transcripts_by_company/HEADWATERS_2012Q4.txt
PB,2021Q1,1.44,1.38,/Users/vazea/Desktop/NNW/transcripts_by_company/PROSPERITY_BANCSHARES_INC_2021Q1.txt
LIFE,2018Q1,-0.36,-0.48,/Users/vazea/Desktop/NNW/transcripts_by_company/ATYR_PHARMA_INC_2018Q1.txt
CRXT,2022Q1,-0.61,-0.41,/Users/vazea/Desktop/NNW/transcripts_by_company/CLARUS_THERAPEUTICS_HOLDINGS_INC_2022Q1.txt
CMPR,2021Q4,-0.46,-0.8,/Users/vazea/Desktop/NNW/transcripts_by_company/CIMPRESS_PLC_2021Q4.txt
CCMP,2005Q4,0.34,1.35,/Users/vazea/Desktop/NNW/transcripts_by_company/CABOT_MICROELECTRONICS_CORP_2005Q4.txt
FARM,2020Q2,0.43,-0.25,/Users/vazea/Desktop/NNW/transcripts_by_company/FARMER_BROS_CO_2020Q2.txt
TJX,2009Q2,0.47,0.45,/Users/vazea/Desktop/NNW/transcripts_by_company/TJX_COMPANIES_INC_2009Q2.txt
JCP,2017Q3,-0.21,-0.18,/Users/vazea/Desktop/NNW/transcripts_by_company/J_C_PENNEY_COMPANY_INC_2017Q3.txt
CRAI,2020Q3,0.76,0.53,/Users/vazea/Desktop/NNW/transcripts_by_company/CRA_INTERNATIONAL_INC_2020Q3.txt
MSCI,2013Q4,0.48,2.22,/Users/vazea/Desktop/NNW/transcripts_by_company/MSCI_INC_2013Q4.txt
SMG,2006Q4,0.02,2.58,/Users/vazea/Desktop/NNW/transcripts_by_company/SCOTTS_MIRACLEGRO_CO_2006Q4.txt
ALGN,2014Q2,0.43,0.39,/Users/vazea/Desktop/NNW/transcripts_by_company/ALIGN_TECHNOLOGY_INC_2014Q2.txt
RP,2017Q4,0.26,0.92,/Users/vazea/Desktop/NNW/transcripts_by_company/REALPAGE_INC_2017Q4.txt
ALVR,2009Q2,-0.01,-0.04,/Users/vazea/Desktop/NNW/transcripts_by_company/ALVARION_LTD_2009Q2.txt
CMS,2002Q4,0.11,1.5,/Users/vazea/Desktop/NNW/transcripts_by_company/CMS_ENERGY_CORP_2002Q4.txt
APEI,2014Q1,0.59,0.48,/Users/vazea/Desktop/NNW/transcripts_by_company/AMERICAN_PUBLIC_EDUCATION_INC_2014Q1.txt
OCGN,2023Q1,-0.07,-0.11,/Users/vazea/Desktop/NNW/transcripts_by_company/OCUGEN_INC_2023Q1.txt
MDU,2009Q2,0.3,0.27,/Users/vazea/Desktop/NNW/transcripts_by_company/MDU_RESOURCES_GROUP_INC_2009Q2.txt
AZUL,2020Q1,-0.365,0.34,/Users/vazea/Desktop/NNW/transcripts_by_company/AZUL_SA_2020Q1.txt
LOW,2004Q4,0.5,2.33,/Users/vazea/Desktop/NNW/transcripts_by_company/LOWES_COMPANIES_INC_2004Q4.txt
GLBC,2006Q3,-1.4,-1.42,/Users/vazea/Desktop/NNW/transcripts_by_company/GLOBAL_CROSSING_LTD_2006Q3.txt
DBI,2022Q2,0.56,0.14,/Users/vazea/Desktop/NNW/transcripts_by_company/DESIGNER_BRANDS_INC_2022Q2.txt
DAN,2010Q2,0.22,0.14,/Users/vazea/Desktop/NNW/transcripts_by_company/DANA_INC_2010Q2.txt
CLUB,2009Q3,0.01,-0.07,/Users/vazea/Desktop/NNW/transcripts_by_company/TOWN_SPORTS_INTERNATNL_HLDGS_INC_2009Q3.txt
TCMD,2017Q2,0.2,0.01,/Users/vazea/Desktop/NNW/transcripts_by_company/TACTILE_SYSTEMS_TECHNOLOGY_INC_2017Q2.txt
ARWR,2012Q4,,-1.66,/Users/vazea/Desktop/NNW/transcripts_by_company/ARROWHEAD_RESEARCH_CORP_2012Q4.txt
CELL,2008Q2,0.06,0.14,/Users/vazea/Desktop/NNW/transcripts_by_company/BRIGHTPOINT_INCORPORATED_2008Q2.txt
CLMT,2009Q1,2.3,0.54,/Users/vazea/Desktop/NNW/transcripts_by_company/CALUMET_SPECIALTY_PRODUCTS_PARTN_2009Q1.txt
VAPO,2018Q4,-1.39,-4.66,/Users/vazea/Desktop/NNW/transcripts_by_company/VAPOTHERM_INC_2018Q4.txt
MCK,2010Q3,1.19,1.19,/Users/vazea/Desktop/NNW/transcripts_by_company/MCKESSON_CORP_2010Q3.txt
LNW,2023Q1,0.23,0.28,/Users/vazea/Desktop/NNW/transcripts_by_company/LIGHT_WONDER_INC_2023Q1.txt
R,2011Q4,0.97,3.49,/Users/vazea/Desktop/NNW/transcripts_by_company/RYDER_SYSTEM_INC_2011Q4.txt
SII,2005Q3,0.38,0.39,/Users/vazea/Desktop/NNW/transcripts_by_company/SMITH_INTL_INC_2005Q3.txt
ALV,2015Q3,1.53,1.49,/Users/vazea/Desktop/NNW/transcripts_by_company/AUTOLIV_INC_2015Q3.txt
CENT,2022Q3,1.39,1.58,/Users/vazea/Desktop/NNW/transcripts_by_company/CENTRAL_GARDEN_PET_CO_2022Q3.txt
ASNA,2015Q3,0.18,0.2,/Users/vazea/Desktop/NNW/transcripts_by_company/ASCENA_RETAIL_GROUP_INC_2015Q3.txt
FFIV,2008Q2,0.21,0.21,/Users/vazea/Desktop/NNW/transcripts_by_company/F5_INC_2008Q2.txt
BBSI,2007Q4,0.34,1.56,/Users/vazea/Desktop/NNW/transcripts_by_company/BARRETT_BUSINESS_SERVICES_INC_2007Q4.txt
ORBC,2010Q1,-0.02,-0.02,/Users/vazea/Desktop/NNW/transcripts_by_company/ORBCOMM_INC_2010Q1.txt
XOXO,2014Q3,0.09,-0.01,/Users/vazea/Desktop/NNW/transcripts_by_company/XO_GROUP_INC_2014Q3.txt
MDP,2013Q3,0.72,0.67,/Users/vazea/Desktop/NNW/transcripts_by_company/MEREDITH_CORP_2013Q3.txt
SBNY,2014Q1,1.41,1.35,/Users/vazea/Desktop/NNW/transcripts_by_company/SIGNATURE_BANK_2014Q1.txt
THS,2021Q2,0.26,0.26,/Users/vazea/Desktop/NNW/transcripts_by_company/TREEHOUSE_FOODS_INC_2021Q2.txt
INFI,2019Q2,-0.18,-0.14,/Users/vazea/Desktop/NNW/transcripts_by_company/INFINITY_PHARMACEUTICALS_INC_2019Q2.txt
NOG,2020Q4,0.64,1.84,/Users/vazea/Desktop/NNW/transcripts_by_company/NORTHERN_OIL_AND_GAS_INC_2020Q4.txt
MHLD,2009Q3,0.21,0.23,/Users/vazea/Desktop/NNW/transcripts_by_company/MAIDEN_HOLDINGS_LTD_2009Q3.txt
EMES,2014Q2,0.83,0.83,/Users/vazea/Desktop/NNW/transcripts_by_company/EMERGE_ENERGY_SERVICES_LP_2014Q2.txt
WPP,2017Q4,,7.85,/Users/vazea/Desktop/NNW/transcripts_by_company/WPP_PLC_2017Q4.txt
BNS,2008Q2,0.97,0.96,/Users/vazea/Desktop/NNW/transcripts_by_company/BANK_OF_NOVA_SCOTIA_2008Q2.txt
PAYS,2020Q3,-0.14,0.02,/Users/vazea/Desktop/NNW/transcripts_by_company/PAYSIGN_INC_2020Q3.txt
ADES,2007Q4,0.0,0.06,/Users/vazea/Desktop/NNW/transcripts_by_company/ADAES_INC_2007Q4.txt
BBNK,2011Q3,0.15,0.13,/Users/vazea/Desktop/NNW/transcripts_by_company/BRIDGE_CAPITAL_HOLDINGS_2011Q3.txt
ARUN,2014Q2,0.18,0.17,/Users/vazea/Desktop/NNW/transcripts_by_company/ARUBA_NETWORKS_INC_2014Q2.txt
HBAN,2019Q3,0.34,0.33,/Users/vazea/Desktop/NNW/transcripts_by_company/HUNTINGTON_BANCSHARES_INC_2019Q3.txt
HPE,2016Q2,0.42,0.42,/Users/vazea/Desktop/NNW/transcripts_by_company/HEWLETT_PACKARD_ENTERPRISE_CO_2016Q2.txt
AER,2021Q2,1.92,1.38,/Users/vazea/Desktop/NNW/transcripts_by_company/AERCAP_HOLDINGS_NV_2021Q2.txt
AHG,2007Q2,0.46,0.45,/Users/vazea/Desktop/NNW/transcripts_by_company/APRIA_HEALTHCARE_GROUP_INCORPORA_2007Q2.txt
DHT,2009Q3,0.07,0.07,/Users/vazea/Desktop/NNW/transcripts_by_company/DHT_HOLDINGS_INC_2009Q3.txt
PRFT,2005Q1,0.06,0.05,/Users/vazea/Desktop/NNW/transcripts_by_company/PERFICIENT_INC_2005Q1.txt
BBBY,2016Q1,0.93,0.95,/Users/vazea/Desktop/NNW/transcripts_by_company/BED_BATH_BEYOND_INC_2016Q1.txt
DLTR,2005Q3,0.28,0.29,/Users/vazea/Desktop/NNW/transcripts_by_company/DOLLAR_TREE_STORES_INC_2005Q3.txt
TRGP,2016Q1,-0.02,-0.13,/Users/vazea/Desktop/NNW/transcripts_by_company/TARGA_RESOURCES_CORP_2016Q1.txt
ENDP,2016Q2,0.86,0.76,/Users/vazea/Desktop/NNW/transcripts_by_company/ENDO_INTERNATIONAL_PLC_2016Q2.txt
SFL,2022Q2,0.45,0.3,/Users/vazea/Desktop/NNW/transcripts_by_company/SFL_CORPORATION_LTD_2022Q2.txt
DVD,2005Q2,0.19,0.14,/Users/vazea/Desktop/NNW/transcripts_by_company/DOVER_MOTORSPORTS_INC_2005Q2.txt
FRED,2011Q4,0.22,0.77,/Users/vazea/Desktop/NNW/transcripts_by_company/FREDS_INC_2011Q4.txt
ALB,2005Q2,0.6,0.57,/Users/vazea/Desktop/NNW/transcripts_by_company/ALBEMARLE_CORP_2005Q2.txt
NERV,2021Q2,-0.25,-0.18,/Users/vazea/Desktop/NNW/transcripts_by_company/MINERVA_NEUROSCIENCES_INC_2021Q2.txt
CERN,2004Q4,0.56,1.71,/Users/vazea/Desktop/NNW/transcripts_by_company/CERNER_CORP_2004Q4.txt
RENT,2023Q1,-0.67,-0.73,/Users/vazea/Desktop/NNW/transcripts_by_company/RENT_THE_RUNWAY_INC_2023Q1.txt
TRIP,2014Q4,0.35,1.95,/Users/vazea/Desktop/NNW/transcripts_by_company/TRIPADVISOR_INC_2014Q4.txt
CAKE,2013Q3,0.52,0.52,/Users/vazea/Desktop/NNW/transcripts_by_company/CHEESECAKE_FACTORY_INC_2013Q3.txt
IPHI,2016Q1,0.27,0.26,/Users/vazea/Desktop/NNW/transcripts_by_company/INPHI_CORP_2016Q1.txt
ARW,2004Q4,0.5,1.97,/Users/vazea/Desktop/NNW/transcripts_by_company/ARROW_ELECTRONICS_INC_2004Q4.txt
RKT,2023Q1,-0.06,-0.08,/Users/vazea/Desktop/NNW/transcripts_by_company/ROCKET_COMPANIES_INC_2023Q1.txt
AMBA,2019Q4,0.14,0.64,/Users/vazea/Desktop/NNW/transcripts_by_company/AMBARELLA_INC_2019Q4.txt
VIGN,2005Q4,0.19,0.45,/Users/vazea/Desktop/NNW/transcripts_by_company/VIGNETTE_CORP_2005Q4.txt
GRPN,2012Q4,-0.01,0.17,/Users/vazea/Desktop/NNW/transcripts_by_company/GROUPON_INC_2012Q4.txt
LIOX,2011Q2,0.03,-0.01,/Users/vazea/Desktop/NNW/transcripts_by_company/LIONBRIDGE_TECHNOLOGIES_INC_2011Q2.txt
GT,2013Q4,0.74,2.5,/Users/vazea/Desktop/NNW/transcripts_by_company/GOODYEAR_TIRE_RUBBER_CO_2013Q4.txt
AMG,2011Q2,1.71,1.67,/Users/vazea/Desktop/NNW/transcripts_by_company/AFFILIATED_MANAGERS_GROUP_INC_2011Q2.txt
SGMS,2015Q2,-1.19,-0.88,/Users/vazea/Desktop/NNW/transcripts_by_company/LIGHT_WONDER_INC_2015Q2.txt
SOFO,2009Q1,-0.03,-0.04,/Users/vazea/Desktop/NNW/transcripts_by_company/SONIC_FOUNDRY_INC_2009Q1.txt
CORE,2021Q1,0.36,0.17,/Users/vazea/Desktop/NNW/transcripts_by_company/COREMARK_HOLDING_COMPANY_INC_2021Q1.txt
STIM,2020Q4,-0.19,-1.53,/Users/vazea/Desktop/NNW/transcripts_by_company/NEURONETICS_INC_2020Q4.txt
MFA,2020Q4,0.08,-1.6,/Users/vazea/Desktop/NNW/transcripts_by_company/MFA_FINANCIAL_INC_2020Q4.txt
SBH,2010Q3,0.22,0.22,/Users/vazea/Desktop/NNW/transcripts_by_company/SALLY_BEAUTY_HOLDINGS_INC_2010Q3.txt
MET,2023Q2,1.94,2.09,/Users/vazea/Desktop/NNW/transcripts_by_company/METLIFE_INC_2023Q2.txt
BXC,2012Q4,-0.12,-0.49,/Users/vazea/Desktop/NNW/transcripts_by_company/BLUELINX_HOLDINGS_INC_2012Q4.txt
CB,2014Q2,1.7,1.92,/Users/vazea/Desktop/NNW/transcripts_by_company/CHUBB_CORP_2014Q2.txt
MPW,2019Q3,0.2,0.21,/Users/vazea/Desktop/NNW/transcripts_by_company/MEDICAL_PROPERTIES_TRUST_INC_2019Q3.txt
MANH,2012Q1,0.6,0.52,/Users/vazea/Desktop/NNW/transcripts_by_company/MANHATTAN_ASSOCIATES_INC_2012Q1.txt
LUB,2003Q4,0.06,-0.4,/Users/vazea/Desktop/NNW/transcripts_by_company/LUBYS_INC_2003Q4.txt
ARLP,2011Q1,1.99,1.83,/Users/vazea/Desktop/NNW/transcripts_by_company/ALLIANCE_RESOURCE_PARTNERS_LP_2011Q1.txt
GRPN,2012Q3,0.03,0.03,/Users/vazea/Desktop/NNW/transcripts_by_company/GROUPON_INC_2012Q3.txt
ESL,2016Q4,1.96,4.51,/Users/vazea/Desktop/NNW/transcripts_by_company/ESTERLINE_TECHNOLOGIES_CORP_2016Q4.txt
WGO,2008Q4,-0.44,0.43,/Users/vazea/Desktop/NNW/transcripts_by_company/WINNEBAGO_INDUSTRIES_INC_2008Q4.txt
AMRI,2007Q1,0.1,0.05,/Users/vazea/Desktop/NNW/transcripts_by_company/ALBANY_MOLECULAR_RESEARCH_2007Q1.txt
GBX,2015Q4,2.02,5.8,/Users/vazea/Desktop/NNW/transcripts_by_company/GREENBRIER_COMPANIES_INC_2015Q4.txt
SJM,2006Q1,0.56,0.63,/Users/vazea/Desktop/NNW/transcripts_by_company/J_M_SMUCKER_CO_2006Q1.txt
LYV,2019Q4,-0.88,0.08,/Users/vazea/Desktop/NNW/transcripts_by_company/LIVE_NATION_ENTERTAINMENT_INC_2019Q4.txt
RRGB,2004Q4,0.33,1.52,/Users/vazea/Desktop/NNW/transcripts_by_company/RED_ROBIN_GOURMET_BURGERS_INC_2004Q4.txt
IBCP,2022Q2,0.61,0.56,/Users/vazea/Desktop/NNW/transcripts_by_company/INDEPENDENT_BANK_CORP_MICHIGAN_2022Q2.txt
ELON,2006Q3,-0.16,-0.22,/Users/vazea/Desktop/NNW/transcripts_by_company/ECHELON_CORPORATION_2006Q3.txt
ARIS,2015Q1,0.01,0.01,/Users/vazea/Desktop/NNW/transcripts_by_company/ARI_NETWORK_SERVICES_INC_2015Q1.txt
AEHR,2020Q4,-0.03,0.0,/Users/vazea/Desktop/NNW/transcripts_by_company/AEHR_TEST_SYSTEMS_2020Q4.txt
ESXB,2017Q4,0.13,0.47,/Users/vazea/Desktop/NNW/transcripts_by_company/COMMUNITY_BANKERS_TRUST_CORP_2017Q4.txt
SSB,2015Q4,1.06,4.17,/Users/vazea/Desktop/NNW/transcripts_by_company/SOUTHSTATE_CORP_2015Q4.txt
SLXP,2004Q3,0.19,0.09,/Users/vazea/Desktop/NNW/transcripts_by_company/SALIX_PHARMACEUTICALS_LTD_2004Q3.txt
CSL,2015Q4,1.24,4.7,/Users/vazea/Desktop/NNW/transcripts_by_company/CARLISLE_COMPANIES_INC_2015Q4.txt
PNW,2006Q4,0.14,3.2,/Users/vazea/Desktop/NNW/transcripts_by_company/PINNACLE_WEST_CAPITAL_CORP_2006Q4.txt
CMRX,2022Q4,-0.24,1.98,/Users/vazea/Desktop/NNW/transcripts_by_company/CHIMERIX_INC_2022Q4.txt
QADA,2015Q2,0.11,0.12,/Users/vazea/Desktop/NNW/transcripts_by_company/QAD_INC_2015Q2.txt
C,2009Q1,-0.18,-0.25,/Users/vazea/Desktop/NNW/transcripts_by_company/CITIGROUP_INCORPORATED_2009Q1.txt
RPID,2023Q1,-0.32,-0.35,/Users/vazea/Desktop/NNW/transcripts_by_company/RAPID_MICRO_BIOSYSTEMS_INC_2023Q1.txt
AXSM,2019Q2,-0.41,-0.33,/Users/vazea/Desktop/NNW/transcripts_by_company/AXSOME_THERAPEUTICS_INC_2019Q2.txt
MNTA,2009Q4,-0.34,-1.62,/Users/vazea/Desktop/NNW/transcripts_by_company/MOMENTA_PHARMACEUTICALS_INC_2009Q4.txt
CVX,2006Q3,2.29,2.05,/Users/vazea/Desktop/NNW/transcripts_by_company/CHEVRON_CORP_2006Q3.txt
BANC,2020Q4,0.35,-0.21,/Users/vazea/Desktop/NNW/transcripts_by_company/BANC_OF_CALIFORNIA_INC_2020Q4.txt
SNSS,2014Q3,-0.25,-0.2,/Users/vazea/Desktop/NNW/transcripts_by_company/SUNESIS_PHARMACEUTICALS_INC_2014Q3.txt
VRTS,2015Q2,2.21,2.25,/Users/vazea/Desktop/NNW/transcripts_by_company/VIRTUS_INVESTMENT_PARTNERS_INC_2015Q2.txt
IBCP,2021Q2,0.56,0.65,/Users/vazea/Desktop/NNW/transcripts_by_company/INDEPENDENT_BANK_CORP_MICHIGAN_2021Q2.txt
AVNX,2004Q3,-0.21,-0.2,/Users/vazea/Desktop/NNW/transcripts_by_company/AVANEX_CORPORATION_2004Q3.txt
CUTR,2007Q2,0.21,0.14,/Users/vazea/Desktop/NNW/transcripts_by_company/CUTERA_INC_2007Q2.txt
AKAM,2015Q2,0.57,0.58,/Users/vazea/Desktop/NNW/transcripts_by_company/AKAMAI_TECHNOLOGIES_INC_2015Q2.txt
TECD,2008Q2,0.5,0.3,/Users/vazea/Desktop/NNW/transcripts_by_company/TECH_DATA_CORP_2008Q2.txt
LBY,2018Q2,0.18,0.11,/Users/vazea/Desktop/NNW/transcripts_by_company/LIBBEY_INC_2018Q2.txt
VTYX,2022Q2,-0.39,-0.47,/Users/vazea/Desktop/NNW/transcripts_by_company/VENTYX_BIOSCIENCES_INC_2022Q2.txt
MRVC,2017Q1,-0.08,-0.09,/Users/vazea/Desktop/NNW/transcripts_by_company/MRV_COMMUNICATIONS_INC_2017Q1.txt
WNC,2022Q3,0.73,0.57,/Users/vazea/Desktop/NNW/transcripts_by_company/WABASH_NATIONAL_CORP_2022Q3.txt
PIR,2004Q4,0.55,1.3,/Users/vazea/Desktop/NNW/transcripts_by_company/PIER_1_IMPORTS_2004Q4.txt
XOM,2014Q3,1.89,1.79,/Users/vazea/Desktop/NNW/transcripts_by_company/EXXON_MOBIL_CORP_2014Q3.txt
POWR,2013Q3,0.17,0.17,/Users/vazea/Desktop/NNW/transcripts_by_company/POWERSECURE_INTERNATIONAL_INC_2013Q3.txt
ICFI,2018Q1,0.77,0.77,/Users/vazea/Desktop/NNW/transcripts_by_company/ICF_INTERNATIONAL_INC_2018Q1.txt
EB,2019Q3,-0.36,-0.28,/Users/vazea/Desktop/NNW/transcripts_by_company/EVENTBRITE_INC_2019Q3.txt
CHS,2019Q3,0.01,0.08,/Users/vazea/Desktop/NNW/transcripts_by_company/CHICOS_FAS_INC_2019Q3.txt
NTRI,2010Q2,0.4,0.35,/Users/vazea/Desktop/NNW/transcripts_by_company/NUTRISYSTEM_INC_2010Q2.txt
HRB,2004Q1,0.06,0.05,/Users/vazea/Desktop/NNW/transcripts_by_company/H_R_BLOCK_INC_2004Q1.txt
NVEE,2023Q3,1.51,1.42,/Users/vazea/Desktop/NNW/transcripts_by_company/NV5_GLOBAL_INC_2023Q3.txt
FFWM,2021Q4,0.53,2.24,/Users/vazea/Desktop/NNW/transcripts_by_company/FIRST_FOUNDATION_INC_2021Q4.txt
CHTP,2007Q4,-0.18,-0.69,/Users/vazea/Desktop/NNW/transcripts_by_company/CHELSEA_THERAPEUTICS_INTERNATION_2007Q4.txt
BBW,2005Q4,0.52,1.29,/Users/vazea/Desktop/NNW/transcripts_by_company/BUILDABEAR_WORKSHOP_INC_2005Q4.txt
DLLR,2011Q2,0.3533,0.55,/Users/vazea/Desktop/NNW/transcripts_by_company/DOLLAR_FINANCIAL_CORP_2011Q2.txt
MTG,2018Q2,0.49,0.35,/Users/vazea/Desktop/NNW/transcripts_by_company/MGIC_INVESTMENT_CORP_2018Q2.txt
ENT,2015Q4,-0.06,0.05,/Users/vazea/Desktop/NNW/transcripts_by_company/GLOBAL_EAGLE_ENTERTAINMENT_INC_2015Q4.txt
WYN,2016Q2,1.4,1.37,/Users/vazea/Desktop/NNW/transcripts_by_company/WYNDHAM_DESTINATIONS_INC_2016Q2.txt
WTRG,2022Q1,0.76,0.75,/Users/vazea/Desktop/NNW/transcripts_by_company/ESSENTIAL_UTILITIES_INC_2022Q1.txt
DSX,2009Q1,0.47,0.46,/Users/vazea/Desktop/NNW/transcripts_by_company/DIANA_SHIPPING_INC_2009Q1.txt
MDT,2007Q2,0.59,0.56,/Users/vazea/Desktop/NNW/transcripts_by_company/MEDTRONIC_INC_2007Q2.txt
PNR,2020Q4,0.7,2.44,/Users/vazea/Desktop/NNW/transcripts_by_company/PENTAIR_PLC_2020Q4.txt
NTRS,2020Q4,1.49,5.81,/Users/vazea/Desktop/NNW/transcripts_by_company/NORTHERN_TRUST_CORP_2020Q4.txt
HIMX,2020Q2,0.01,-0.02,/Users/vazea/Desktop/NNW/transcripts_by_company/HIMAX_TECHNOLOGIES_INC_2020Q2.txt
VLN,2022Q2,-0.04,-0.1,/Users/vazea/Desktop/NNW/transcripts_by_company/VALENS_SEMICONDUCTOR_LTD_2022Q2.txt
TACT,2021Q1,-0.25,-0.24,/Users/vazea/Desktop/NNW/transcripts_by_company/TRANSACT_TECHNOLOGIES_INC_2021Q1.txt
BIIB,2023Q2,4.02,3.74,/Users/vazea/Desktop/NNW/transcripts_by_company/BIOGEN_INC_2023Q2.txt
KERX,2011Q4,-0.12,-0.45,/Users/vazea/Desktop/NNW/transcripts_by_company/KERYX_BIOPHARMACEUTICALS_2011Q4.txt
TLND,2019Q2,-0.21,-0.33,/Users/vazea/Desktop/NNW/transcripts_by_company/TALEND_SA_2019Q2.txt
BSX,2004Q1,0.23,0.21,/Users/vazea/Desktop/NNW/transcripts_by_company/BOSTON_SCIENTIFIC_CORP_2004Q1.txt
PAE,2020Q4,-0.07,0.32,/Users/vazea/Desktop/NNW/transcripts_by_company/PAE_INC_2020Q4.txt
LNCE,2013Q2,0.24,0.28,/Users/vazea/Desktop/NNW/transcripts_by_company/SNYDERSLANCE_INC_2013Q2.txt
AEO,2015Q1,0.02,0.0,/Users/vazea/Desktop/NNW/transcripts_by_company/AMERICAN_EAGLE_OUTFITTERS_INC_2015Q1.txt
HDNG,2013Q2,0.34,0.39,/Users/vazea/Desktop/NNW/transcripts_by_company/HARDINGE_INC_2013Q2.txt
GEG,2022Q1,-0.01,0.1,/Users/vazea/Desktop/NNW/transcripts_by_company/GREAT_ELM_GROUP_INC_2022Q1.txt
LHX,2019Q3,2.58,2.37,/Users/vazea/Desktop/NNW/transcripts_by_company/L3HARRIS_TECHNOLOGIES_INC_2019Q3.txt
VRNT,2018Q3,0.66,0.57,/Users/vazea/Desktop/NNW/transcripts_by_company/VERINT_SYSTEMS_INC_2018Q3.txt
SPB,2017Q2,1.19,1.27,/Users/vazea/Desktop/NNW/transcripts_by_company/SPECTRUM_BRANDS_HOLDINGS_INC_2017Q2_1.txt
ZIOP,2019Q2,-0.09,-0.08,/Users/vazea/Desktop/NNW/transcripts_by_company/ALAUNOS_THERAPEUTICS_INC_2019Q2.txt
VNCE,2016Q2,0.14,0.23,/Users/vazea/Desktop/NNW/transcripts_by_company/VINCE_HOLDING_CORP_2016Q2.txt
WYNN,2022Q2,-0.82,-1.01,/Users/vazea/Desktop/NNW/transcripts_by_company/WYNN_RESORTS_LTD_2022Q2.txt
IREN,2022Q4,0.04,0.18,/Users/vazea/Desktop/NNW/transcripts_by_company/IREN_LTD_2022Q4.txt
RMD,2011Q2,0.38,0.37,/Users/vazea/Desktop/NNW/transcripts_by_company/RESMED_INC_2011Q2.txt
LICY,2022Q1,-0.14,-0.03,/Users/vazea/Desktop/NNW/transcripts_by_company/LICYCLE_HOLDINGS_CORP_2022Q1.txt
ULGX,2010Q4,-0.04,-0.13,/Users/vazea/Desktop/NNW/transcripts_by_company/UROLOGIX_INC_2010Q4.txt
CRIC,2010Q4,0.12,0.4,/Users/vazea/Desktop/NNW/transcripts_by_company/CHINA_REAL_ESTATE_INFORMATION_CO_2010Q4.txt
BFRM,2009Q4,-0.04,-0.53,/Users/vazea/Desktop/NNW/transcripts_by_company/BIOFORM_MEDICAL_INC_2009Q4.txt
ISSI,2012Q4,0.24,0.88,/Users/vazea/Desktop/NNW/transcripts_by_company/INTEGRATED_SILICON_SOLUTION_INC_2012Q4.txt
AVA,2011Q4,0.42,1.75,/Users/vazea/Desktop/NNW/transcripts_by_company/AVISTA_CORP_2011Q4.txt
CTAS,2023Q4,3.33,12.84,/Users/vazea/Desktop/NNW/transcripts_by_company/CINTAS_CORP_2023Q4.txt
STRZA,2013Q4,0.62,1.86,/Users/vazea/Desktop/NNW/transcripts_by_company/STARZ_2013Q4.txt
TDC,2016Q3,0.69,0.6,/Users/vazea/Desktop/NNW/transcripts_by_company/TERADATA_CORP_2016Q3.txt
WLTW,2020Q1,3.34,3.16,/Users/vazea/Desktop/NNW/transcripts_by_company/WILLIS_TOWERS_WATSON_PLC_2020Q1.txt
SCSC,2013Q1,0.63,0.59,/Users/vazea/Desktop/NNW/transcripts_by_company/SCANSOURCE_INC_2013Q1.txt
CNST,2020Q3,-0.71,-0.68,/Users/vazea/Desktop/NNW/transcripts_by_company/CONSTELLATION_PHARMACEUTICALS_IN_2020Q3.txt
EBAY,2015Q2,0.76,0.72,/Users/vazea/Desktop/NNW/transcripts_by_company/EBAY_INC_2015Q2.txt
MGRC,2008Q2,0.42,0.39,/Users/vazea/Desktop/NNW/transcripts_by_company/MCGRATH_RENTCORP_2008Q2.txt
OMER,2020Q4,-0.6,-2.52,/Users/vazea/Desktop/NNW/transcripts_by_company/OMEROS_CORP_2020Q4.txt
BWLD,2012Q4,0.89,3.13,/Users/vazea/Desktop/NNW/transcripts_by_company/BUFFALO_WILD_WINGS_INC_2012Q4.txt
AGFS,2018Q4,0.01,-0.42,/Users/vazea/Desktop/NNW/transcripts_by_company/AGROFRESH_SOLUTIONS_INC_2018Q4.txt
ADAT,2004Q1,-0.09,-0.16,/Users/vazea/Desktop/NNW/transcripts_by_company/AUTHENTIDATE_HOLDING_CORP_2004Q1.txt
BCLI,2023Q2,-0.27,-0.15,/Users/vazea/Desktop/NNW/transcripts_by_company/BRAINSTORM_CELL_THERAPEUTICS_INC_2023Q2.txt
HSC,2019Q4,0.12,1.42,/Users/vazea/Desktop/NNW/transcripts_by_company/ENVIRI_CORP_2019Q4.txt
HAE,2015Q3,0.53,0.51,/Users/vazea/Desktop/NNW/transcripts_by_company/HAEMONETICS_CORP_2015Q3.txt
MDLZ,2023Q1,0.89,0.81,/Users/vazea/Desktop/NNW/transcripts_by_company/MONDELEZ_INTERNATIONAL_INC_2023Q1.txt
SLXP,2003Q3,-0.18,-0.26,/Users/vazea/Desktop/NNW/transcripts_by_company/SALIX_PHARMACEUTICALS_LTD_2003Q3.txt
XRAY,2010Q4,0.51,1.89,/Users/vazea/Desktop/NNW/transcripts_by_company/DENTSPLY_INTERNATIONAL_INC_2010Q4.txt
QTM,2010Q4,0.04,0.26,/Users/vazea/Desktop/NNW/transcripts_by_company/QUANTUM_CORP_2010Q4.txt
AIRM,2016Q3,0.82,1.12,/Users/vazea/Desktop/NNW/transcripts_by_company/AIR_METHODS_CORP_2016Q3.txt
RIG,2007Q1,1.77,1.44,/Users/vazea/Desktop/NNW/transcripts_by_company/TRANSOCEAN_INC_2007Q1.txt
CRS,2023Q4,0.78,1.01,/Users/vazea/Desktop/NNW/transcripts_by_company/CARPENTER_TECHNOLOGY_CORP_2023Q4.txt
CHUBA,2017Q2,0.08,0.07,/Users/vazea/Desktop/NNW/transcripts_by_company/COMMERCEHUB_INC_2017Q2.txt
CEMI,2021Q1,-0.22,-0.3,/Users/vazea/Desktop/NNW/transcripts_by_company/CHEMBIO_DIAGNOSTICS_INC_2021Q1.txt
KNX,2016Q3,0.29,0.29,/Users/vazea/Desktop/NNW/transcripts_by_company/KNIGHT_TRANSPORTATION_INC_2016Q3.txt
TMHC,2019Q3,0.63,0.65,/Users/vazea/Desktop/NNW/transcripts_by_company/TAYLOR_MORRISON_HOME_CORP_2019Q3.txt
GDEN,2022Q4,0.35,2.84,/Users/vazea/Desktop/NNW/transcripts_by_company/GOLDEN_ENTERTAINMENT_INC_2022Q4.txt
NVEE,2018Q2,0.91,0.79,/Users/vazea/Desktop/NNW/transcripts_by_company/NV5_GLOBAL_INC_2018Q2.txt
XWEL,2022Q4,-0.15,-0.25,/Users/vazea/Desktop/NNW/transcripts_by_company/XWELL_INC_2022Q4.txt
VNT,2021Q1,0.63,0.54,/Users/vazea/Desktop/NNW/transcripts_by_company/VONTIER_CORP_2021Q1.txt
MSI,2017Q2,1.12,1.03,/Users/vazea/Desktop/NNW/transcripts_by_company/MOTOROLA_SOLUTIONS_INC_2017Q2.txt
SR,2022Q1,1.14,1.36,/Users/vazea/Desktop/NNW/transcripts_by_company/SPIRE_INC_2022Q1.txt
PNC,2002Q1,1.11,1.09,/Users/vazea/Desktop/NNW/transcripts_by_company/PNC_FINANCIAL_SERVICES_GROUP_INC_2002Q1.txt
RUTH,2009Q4,0.11,0.28,/Users/vazea/Desktop/NNW/transcripts_by_company/RUTHS_HOSPITALITY_GROUP_INC_2009Q4.txt
SBAC,2019Q3,0.19,0.35,/Users/vazea/Desktop/NNW/transcripts_by_company/SBA_COMMUNICATIONS_CORP_2019Q3.txt
LXK,2010Q1,1.35,0.86,/Users/vazea/Desktop/NNW/transcripts_by_company/LEXMARK_INTERNATIONAL_INC_2010Q1.txt
FDNH,2016Q1,-0.22,0.03,/Users/vazea/Desktop/NNW/transcripts_by_company/FOUNDATION_HEALTHCARE_INC_2016Q1.txt
JBL,2005Q3,0.33,0.33,/Users/vazea/Desktop/NNW/transcripts_by_company/JABIL_INC_2005Q3.txt
MD,2012Q4,1.32,4.82,/Users/vazea/Desktop/NNW/transcripts_by_company/PEDIATRIX_MEDICAL_GROUP_INC_2012Q4.txt
WTBA,2015Q2,0.33,0.33,/Users/vazea/Desktop/NNW/transcripts_by_company/WEST_BANCORPORATION_INC_2015Q2.txt
AMZN,2023Q1,0.31,0.24,/Users/vazea/Desktop/NNW/transcripts_by_company/AMAZONCOM_INC_2023Q1.txt
JASO,2014Q1,0.32,0.01,/Users/vazea/Desktop/NNW/transcripts_by_company/JA_SOLAR_HOLDINGS_CO_LTD_2014Q1.txt
INFI,2011Q1,-0.09,-0.35,/Users/vazea/Desktop/NNW/transcripts_by_company/INFINITY_PHARMACEUTICALS_INC_2011Q1.txt
RTN,2007Q3,0.86,0.81,/Users/vazea/Desktop/NNW/transcripts_by_company/RAYTHEON_CO_2007Q3.txt
DO,2008Q4,2.11,9.7,/Users/vazea/Desktop/NNW/transcripts_by_company/DIAMOND_OFFSHORE_DRILLING_INC_2008Q4.txt
WOOF,2011Q2,0.45,0.44,/Users/vazea/Desktop/NNW/transcripts_by_company/VCA_INC_2011Q2.txt
HWM,2021Q2,0.22,0.21,/Users/vazea/Desktop/NNW/transcripts_by_company/HOWMET_AEROSPACE_INC_2021Q2.txt
MTRX,2005Q4,-0.22,-0.1,/Users/vazea/Desktop/NNW/transcripts_by_company/MATRIX_SERVICE_CO_2005Q4.txt
FIVE,2021Q4,2.2,2.11,/Users/vazea/Desktop/NNW/transcripts_by_company/FIVE_BELOW_INC_2021Q4.txt
BBOX,2012Q2,0.93,0.82,/Users/vazea/Desktop/NNW/transcripts_by_company/BLACK_BOX_CORPORATION_2012Q2.txt
LPT,2018Q4,1.14,2.43,/Users/vazea/Desktop/NNW/transcripts_by_company/LIBERTY_PROPERTY_TRUST_2018Q4.txt
AXE,2010Q1,0.69,0.61,/Users/vazea/Desktop/NNW/transcripts_by_company/ANIXTER_INTERNATIONAL_INC_2010Q1.txt
JMBA,2009Q1,-0.19,-0.09,/Users/vazea/Desktop/NNW/transcripts_by_company/JAMBA_INC_2009Q1.txt
MMS,2018Q4,0.71,3.35,/Users/vazea/Desktop/NNW/transcripts_by_company/MAXIMUS_INC_2018Q4.txt
KMI,2021Q3,0.22,0.23,/Users/vazea/Desktop/NNW/transcripts_by_company/KINDER_MORGAN_INC_2021Q3.txt
MITI,2011Q1,-0.09,-0.16,/Users/vazea/Desktop/NNW/transcripts_by_company/MICROMET_INC_2011Q1.txt
OMC,2007Q1,1.09,1.05,/Users/vazea/Desktop/NNW/transcripts_by_company/OMNICOM_GROUP_INC_2007Q1.txt
STOR,2018Q3,0.23,0.23,/Users/vazea/Desktop/NNW/transcripts_by_company/STORE_CAPITAL_CORP_2018Q3.txt
DAO,2022Q2,-3.52,-1.06,/Users/vazea/Desktop/NNW/transcripts_by_company/YOUDAO_INC_2022Q2.txt
SPGI,2017Q4,1.85,6.64,/Users/vazea/Desktop/NNW/transcripts_by_company/SP_GLOBAL_INC_2017Q4.txt
ORBK,2015Q1,0.48,0.43,/Users/vazea/Desktop/NNW/transcripts_by_company/ORBOTECH_LTD_2015Q1.txt
VORB,2022Q3,-0.13,-0.13,/Users/vazea/Desktop/NNW/transcripts_by_company/VIRGIN_ORBIT_HOLDINGS_INC_2022Q3.txt
CIVI,2016Q1,0.18,0.21,/Users/vazea/Desktop/NNW/transcripts_by_company/CIVITAS_SOLUTIONS_INC_2016Q1.txt
NWL,2007Q1,0.28,0.23,/Users/vazea/Desktop/NNW/transcripts_by_company/NEWELL_BRANDS_INC_2007Q1.txt
RIBT,2021Q1,-0.03,-0.04,/Users/vazea/Desktop/NNW/transcripts_by_company/RICEBRAN_TECHNOLOGIES_2021Q1.txt
SENS,2022Q2,-0.03,-0.04,/Users/vazea/Desktop/NNW/transcripts_by_company/SENSEONICS_HOLDINGS_INC_2022Q2.txt
WM,2009Q4,0.52,1.96,/Users/vazea/Desktop/NNW/transcripts_by_company/WASTE_MANAGEMENT_INC_2009Q4.txt
ADM,2010Q4,0.69,2.87,/Users/vazea/Desktop/NNW/transcripts_by_company/ARCHERDANIELSMIDLAND_CO_2010Q4.txt
INT,2009Q2,0.93,0.78,/Users/vazea/Desktop/NNW/transcripts_by_company/WORLD_KINECT_CORP_2009Q2.txt
QRVO,2022Q3,2.98,2.75,/Users/vazea/Desktop/NNW/transcripts_by_company/QORVO_INC_2022Q3.txt
DXCM,2020Q4,0.91,3.07,/Users/vazea/Desktop/NNW/transcripts_by_company/DEXCOM_INC_2020Q4.txt
AGM,2018Q3,2.08,2.03,/Users/vazea/Desktop/NNW/transcripts_by_company/FEDERAL_AGRICULTURAL_MORTGAGE_CO_2018Q3.txt
ABCO,2006Q2,0.35,0.34,/Users/vazea/Desktop/NNW/transcripts_by_company/ADVISORY_BOARD_CO_2006Q2.txt
VRTX,2010Q3,-1.04,-0.91,/Users/vazea/Desktop/NNW/transcripts_by_company/VERTEX_PHARMACEUTICALS_INC_2010Q3.txt
IMN,2008Q2,0.26,0.27,/Users/vazea/Desktop/NNW/transcripts_by_company/IMATION_CORPORATION_2008Q2.txt
NVCN,2021Q2,-0.13,-0.1,/Users/vazea/Desktop/NNW/transcripts_by_company/NEOVASC_INC_2021Q2.txt
AW,2004Q2,0.15,0.18,/Users/vazea/Desktop/NNW/transcripts_by_company/ALLIED_WASTE_INDUSTRIES_INC_2004Q2.txt
HAR,2009Q1,0.51,0.42,/Users/vazea/Desktop/NNW/transcripts_by_company/HARMAN_INTERNATIONAL_INDUSTRIES_2009Q1.txt
SRI,2003Q3,0.14,0.14,/Users/vazea/Desktop/NNW/transcripts_by_company/STONERIDGE_INC_2003Q3.txt
BBY,2021Q4,3.48,7.86,/Users/vazea/Desktop/NNW/transcripts_by_company/BEST_BUY_CO_INC_2021Q4.txt
PTEC,2009Q4,-0.07,-0.52,/Users/vazea/Desktop/NNW/transcripts_by_company/PHOENIX_TECHNOLOGIES_LIMITED_2009Q4.txt
TOL,2007Q1,0.33,0.56,/Users/vazea/Desktop/NNW/transcripts_by_company/TOLL_BROTHERS_INC_2007Q1.txt
INLX,2023Q1,0.024,0.02,/Users/vazea/Desktop/NNW/transcripts_by_company/INTELLINETICS_INC_2023Q1.txt
GNTX,2013Q1,0.32,0.3,/Users/vazea/Desktop/NNW/transcripts_by_company/GENTEX_CORP_2013Q1.txt
WAT,2010Q1,0.81,0.77,/Users/vazea/Desktop/NNW/transcripts_by_company/WATERS_CORP_2010Q1.txt
EMIS,2007Q3,0.09,-0.14,/Users/vazea/Desktop/NNW/transcripts_by_company/EMISPHERE_TECHNOLOGIES_INC_2007Q3.txt
EM,2023Q2,0.12,0.04,/Users/vazea/Desktop/NNW/transcripts_by_company/SMART_SHARE_GLOBAL_LTD_2023Q2.txt
CACS,2007Q1,-0.25,-0.2,/Users/vazea/Desktop/NNW/transcripts_by_company/CARRIER_ACCESS_CORP_2007Q1.txt
SGC,2022Q3,0.27,0.21,/Users/vazea/Desktop/NNW/transcripts_by_company/SUPERIOR_GROUP_OF_COMPANIES_INC_2022Q3.txt
HII,2012Q1,0.67,0.72,/Users/vazea/Desktop/NNW/transcripts_by_company/HUNTINGTON_INGALLS_INDUSTRIES_IN_2012Q1.txt
UIS,2009Q2,0.1,0.0,/Users/vazea/Desktop/NNW/transcripts_by_company/UNISYS_CORPORATION_2009Q2.txt
PAYC,2015Q1,0.12,0.08,/Users/vazea/Desktop/NNW/transcripts_by_company/PAYCOM_SOFTWARE_INC_2015Q1.txt
OCN,2022Q3,4.17,0.43,/Users/vazea/Desktop/NNW/transcripts_by_company/ONITY_GROUP_INC_2022Q3.txt
MCFT,2020Q4,-0.1,1.25,/Users/vazea/Desktop/NNW/transcripts_by_company/MASTERCRAFT_BOAT_HOLDINGS_INC_2020Q4.txt
LXP,2022Q4,0.13,0.23,/Users/vazea/Desktop/NNW/transcripts_by_company/LXP_INDUSTRIAL_TRUST_2022Q4.txt
JMP,2013Q3,0.12,0.13,/Users/vazea/Desktop/NNW/transcripts_by_company/JMP_GROUP_LLC_2013Q3.txt
GLOP,2014Q3,0.56,0.41,/Users/vazea/Desktop/NNW/transcripts_by_company/GASLOG_PARTNERS_LP_2014Q3.txt
BC,2019Q1,0.94,1.04,/Users/vazea/Desktop/NNW/transcripts_by_company/BRUNSWICK_CORP_2019Q1.txt
SUI,2010Q4,-0.02,-0.15,/Users/vazea/Desktop/NNW/transcripts_by_company/SUN_COMMUNITIES_INC_2010Q4.txt
PLUS,2019Q3,1.29,1.14,/Users/vazea/Desktop/NNW/transcripts_by_company/EPLUS_INC_2019Q3.txt
BBT,2018Q1,0.94,0.93,/Users/vazea/Desktop/NNW/transcripts_by_company/BBT_CORP_2018Q1.txt
NSIT,2005Q2,0.31,0.32,/Users/vazea/Desktop/NNW/transcripts_by_company/INSIGHT_ENTERPRISES_INC_2005Q2.txt
MPLX,2019Q3,0.61,0.61,/Users/vazea/Desktop/NNW/transcripts_by_company/MPLX_LP_2019Q3.txt
AEYE,2022Q4,-0.17,-0.96,/Users/vazea/Desktop/NNW/transcripts_by_company/AUDIOEYE_INC_2022Q4.txt
SLB,2019Q1,0.3,0.3,/Users/vazea/Desktop/NNW/transcripts_by_company/SCHLUMBERGER_NV_2019Q1.txt
MCO,2020Q2,2.81,1.93,/Users/vazea/Desktop/NNW/transcripts_by_company/MOODYS_CORP_2020Q2.txt
IVZ,2019Q3,0.7,0.59,/Users/vazea/Desktop/NNW/transcripts_by_company/INVESCO_LTD_2019Q3.txt
ESIO,2011Q2,0.1,0.09,/Users/vazea/Desktop/NNW/transcripts_by_company/ELECTRO_SCIENTIFIC_INDUSTRIES_IN_2011Q2.txt
CGIX,2014Q1,-0.27,-0.28,/Users/vazea/Desktop/NNW/transcripts_by_company/CANCER_GENETICS_INC_2014Q1.txt
KELYA,2013Q4,0.45,1.52,/Users/vazea/Desktop/NNW/transcripts_by_company/KELLY_SERVICES_INC_2013Q4.txt
IRMD,2018Q1,0.1,0.06,/Users/vazea/Desktop/NNW/transcripts_by_company/IRADIMED_CORP_2018Q1.txt
TWIN,2018Q3,0.37,0.13,/Users/vazea/Desktop/NNW/transcripts_by_company/TWIN_DISC_INC_2018Q3.txt
CACC,2020Q1,-4.61,4.16,/Users/vazea/Desktop/NNW/transcripts_by_company/CREDIT_ACCEPTANCE_CORP_2020Q1.txt
HII,2016Q4,4.2,10.38,/Users/vazea/Desktop/NNW/transcripts_by_company/HUNTINGTON_INGALLS_INDUSTRIES_IN_2016Q4.txt
IPCM,2012Q3,0.46,0.49,/Users/vazea/Desktop/NNW/transcripts_by_company/IPC_HEALTHCARE_INC_2012Q3.txt
QCOM,2003Q4,0.29,1.42,/Users/vazea/Desktop/NNW/transcripts_by_company/QUALCOMM_INC_2003Q4.txt
HOG,2012Q4,0.31,2.71,/Users/vazea/Desktop/NNW/transcripts_by_company/HARLEYDAVIDSON_INC_2012Q4.txt
SYY,2013Q3,0.4,0.43,/Users/vazea/Desktop/NNW/transcripts_by_company/SYSCO_CORP_2013Q3.txt
KFY,2007Q2,0.31,0.3,/Users/vazea/Desktop/NNW/transcripts_by_company/KORN_FERRY_2007Q2.txt
NRZ,2013Q4,0.14,0.5,/Users/vazea/Desktop/NNW/transcripts_by_company/NEW_RESIDENTIAL_INVESTMENT_CORP_2013Q4.txt
BJRI,2020Q1,-0.22,0.59,/Users/vazea/Desktop/NNW/transcripts_by_company/BJS_RESTAURANTS_INC_2020Q1.txt
PBCT,2019Q3,0.34,0.34,/Users/vazea/Desktop/NNW/transcripts_by_company/PEOPLES_UNITED_FINANCIAL_INC_2019Q3.txt
FTV,2017Q2,0.71,0.69,/Users/vazea/Desktop/NNW/transcripts_by_company/FORTIVE_CORP_2017Q2.txt
AGIO,2017Q4,-1.81,-6.59,/Users/vazea/Desktop/NNW/transcripts_by_company/AGIOS_PHARMACEUTICALS_INC_2017Q4.txt
AMD,2002Q4,-0.68,-1.71,/Users/vazea/Desktop/NNW/transcripts_by_company/ADVANCED_MICRO_DEVICES_INC_2002Q4.txt
INFA,2010Q4,0.39,1.1,/Users/vazea/Desktop/NNW/transcripts_by_company/INFORMATICA_CORP_2010Q4.txt
GPRO,2023Q2,-0.07,-0.07,/Users/vazea/Desktop/NNW/transcripts_by_company/GOPRO_INC_2023Q2.txt
ICFI,2014Q4,0.51,2.24,/Users/vazea/Desktop/NNW/transcripts_by_company/ICF_INTERNATIONAL_INC_2014Q4.txt
QBAK,2008Q2,0.0,-0.01,/Users/vazea/Desktop/NNW/transcripts_by_company/QUALSTAR_2008Q2.txt
QSR,2019Q3,0.72,0.72,/Users/vazea/Desktop/NNW/transcripts_by_company/RESTAURANT_BRANDS_INTERNATIONAL_2019Q3.txt
SRE,2021Q1,2.95,2.52,/Users/vazea/Desktop/NNW/transcripts_by_company/SEMPRA_2021Q1.txt
SCL,2019Q2,1.5,1.33,/Users/vazea/Desktop/NNW/transcripts_by_company/STEPAN_CO_2019Q2.txt
SIGM,2018Q2,-0.23,-0.18,/Users/vazea/Desktop/NNW/transcripts_by_company/SIGMA_DESIGNS_INC_2018Q2.txt
AUDC,2013Q1,0.02,0.02,/Users/vazea/Desktop/NNW/transcripts_by_company/AUDIOCODES_LTD_2013Q1.txt
IDTI,2012Q2,0.11,0.1,/Users/vazea/Desktop/NNW/transcripts_by_company/INTEGRATED_DEVICE_TECHNOLOGY_INC_2012Q2.txt
AQXP,2015Q2,-0.44,-0.65,/Users/vazea/Desktop/NNW/transcripts_by_company/AQUINOX_PHARMACEUTICALS_INC_2015Q2.txt
POZN,2004Q1,-0.08,-0.1,/Users/vazea/Desktop/NNW/transcripts_by_company/POZEN_INC_2004Q1.txt
DGX,2017Q3,1.39,1.43,/Users/vazea/Desktop/NNW/transcripts_by_company/QUEST_DIAGNOSTICS_INC_2017Q3.txt
TJX,2018Q4,1.3,3.93,/Users/vazea/Desktop/NNW/transcripts_by_company/TJX_COMPANIES_INC_2018Q4.txt
RBBN,2018Q2,0.14,0.02,/Users/vazea/Desktop/NNW/transcripts_by_company/RIBBON_COMMUNICATIONS_INC_2018Q2.txt
ICLK,2021Q1,0.007,-0.01,/Users/vazea/Desktop/NNW/transcripts_by_company/ICLICK_INTERACTIVE_ASIA_GROUP_LT_2021Q1.txt
EPD,2016Q4,0.31,1.22,/Users/vazea/Desktop/NNW/transcripts_by_company/ENTERPRISE_PRODUCTS_PARTNERS_LP_2016Q4.txt
ULTA,2024Q2,6.02,5.87,/Users/vazea/Desktop/NNW/transcripts_by_company/ULTA_BEAUTY_INC_2024Q2.txt
ESL,2014Q4,1.82,5.63,/Users/vazea/Desktop/NNW/transcripts_by_company/ESTERLINE_TECHNOLOGIES_CORP_2014Q4.txt
MNI,2010Q4,0.39,0.63,/Users/vazea/Desktop/NNW/transcripts_by_company/MCCLATCHY_COMPANY_2010Q4.txt
MKTO,2015Q4,-0.13,-0.71,/Users/vazea/Desktop/NNW/transcripts_by_company/MARKETO_INC_2015Q4.txt
RLOC,2014Q4,-0.62,-1.59,/Users/vazea/Desktop/NNW/transcripts_by_company/REACHLOCAL_INC_2014Q4.txt
SMLP,2019Q4,0.11,-0.66,/Users/vazea/Desktop/NNW/transcripts_by_company/SUMMIT_MIDSTREAM_PARTNERS_LP_2019Q4.txt
DOC,2014Q4,0.04,-0.07,/Users/vazea/Desktop/NNW/transcripts_by_company/PHYSICIANS_REALTY_TRUST_2014Q4.txt
PPG,2014Q2,2.83,2.8,/Users/vazea/Desktop/NNW/transcripts_by_company/PPG_INDUSTRIES_INC_2014Q2.txt
LINC,2010Q4,1.2,2.67,/Users/vazea/Desktop/NNW/transcripts_by_company/LINCOLN_EDUCATIONAL_SERVICES_COR_2010Q4.txt
CBST,2004Q3,-0.44,-0.51,/Users/vazea/Desktop/NNW/transcripts_by_company/CUBIST_PHARMACEUTICALS_INC_2004Q3.txt
COG,2014Q3,0.2,0.27,/Users/vazea/Desktop/NNW/transcripts_by_company/COTERRA_ENERGY_INC_2014Q3.txt
WNRL,2017Q2,0.24,0.38,/Users/vazea/Desktop/NNW/transcripts_by_company/WESTERN_REFINING_LOGISTICS_LP_2017Q2.txt
MCO,2008Q2,0.51,0.47,/Users/vazea/Desktop/NNW/transcripts_by_company/MOODYS_CORP_2008Q2.txt
OTEX,2003Q2,0.32,0.27,/Users/vazea/Desktop/NNW/transcripts_by_company/OPEN_TEXT_CORP_2003Q2.txt
CSL,2010Q4,0.51,2.22,/Users/vazea/Desktop/NNW/transcripts_by_company/CARLISLE_COMPANIES_INC_2010Q4.txt
SITM,2020Q4,0.43,0.33,/Users/vazea/Desktop/NNW/transcripts_by_company/SITIME_CORP_2020Q4.txt
EAT,2021Q2,0.35,0.4,/Users/vazea/Desktop/NNW/transcripts_by_company/BRINKER_INTERNATIONAL_INC_2021Q2.txt
CVIA,2018Q2,0.61,0.72,/Users/vazea/Desktop/NNW/transcripts_by_company/COVIA_HOLDINGS_CORP_2018Q2.txt
EFOI,2018Q1,-0.2,-0.16,/Users/vazea/Desktop/NNW/transcripts_by_company/ENERGY_FOCUS_INC_2018Q1.txt
ODFL,2005Q2,0.56,0.52,/Users/vazea/Desktop/NNW/transcripts_by_company/OLD_DOMINION_FREIGHT_LINE_INC_2005Q2.txt
HRC,2015Q4,0.89,2.53,/Users/vazea/Desktop/NNW/transcripts_by_company/HILLROM_HOLDINGS_INC_2015Q4.txt
HUM,2009Q3,1.78,1.78,/Users/vazea/Desktop/NNW/transcripts_by_company/HUMANA_INC_2009Q3.txt
NWY,2012Q2,-0.25,-0.13,/Users/vazea/Desktop/NNW/transcripts_by_company/NEW_YORK_CO_INC_2012Q2.txt
VTSS,2014Q4,-0.01,-0.19,/Users/vazea/Desktop/NNW/transcripts_by_company/VITESSE_SEMICONDUCTOR_CORP_2014Q4.txt
SIMG,2012Q1,-0.01,-0.01,/Users/vazea/Desktop/NNW/transcripts_by_company/SILICON_IMAGE_INC_2012Q1.txt
BA,2008Q3,0.94,1.35,/Users/vazea/Desktop/NNW/transcripts_by_company/BOEING_CO_2008Q3.txt
CMC,2013Q3,0.16,0.2,/Users/vazea/Desktop/NNW/transcripts_by_company/COMMERCIAL_METALS_CO_2013Q3.txt
NGS,2017Q1,0.02,0.07,/Users/vazea/Desktop/NNW/transcripts_by_company/NATURAL_GAS_SERVICES_GROUP_INC_2017Q1.txt
XRX,2011Q1,0.23,0.22,/Users/vazea/Desktop/NNW/transcripts_by_company/XEROX_CORP_2011Q1.txt
MIK,2020Q1,0.31,0.31,/Users/vazea/Desktop/NNW/transcripts_by_company/MICHAELS_COMPANIES_INC_2020Q1.txt
CALP,2009Q1,-0.1,-0.08,/Users/vazea/Desktop/NNW/transcripts_by_company/CALIPER_LIFE_SCIENCES_INC_2009Q1.txt
SPXC,2016Q3,0.14,0.29,/Users/vazea/Desktop/NNW/transcripts_by_company/SPX_CORP_2016Q3.txt
AMWD,2012Q4,-0.11,-0.65,/Users/vazea/Desktop/NNW/transcripts_by_company/AMERICAN_WOODMARK_CORP_2012Q4.txt
DLTR,2020Q3,1.08,1.13,/Users/vazea/Desktop/NNW/transcripts_by_company/DOLLAR_TREE_INC_2020Q3.txt
GEO,2017Q4,0.38,1.27,/Users/vazea/Desktop/NNW/transcripts_by_company/GEO_GROUP_INC_2017Q4.txt
ACAD,2006Q1,-0.39,-0.36,/Users/vazea/Desktop/NNW/transcripts_by_company/ACADIA_PHARMACEUTICALS_INC_2006Q1.txt
GPI,2014Q3,1.57,1.45,/Users/vazea/Desktop/NNW/transcripts_by_company/GROUP_1_AUTOMOTIVE_INC_2014Q3.txt
UPS,2016Q3,1.44,1.43,/Users/vazea/Desktop/NNW/transcripts_by_company/UNITED_PARCEL_SERVICE_INC_2016Q3.txt
TTEC,2006Q2,0.1,0.08,/Users/vazea/Desktop/NNW/transcripts_by_company/TELETECH_HOLDINGS_INC_2006Q2.txt
RECN,2005Q1,0.46,0.32,/Users/vazea/Desktop/NNW/transcripts_by_company/RESOURCES_CONNECTION_INC_2005Q1.txt
XXIA,2014Q1,0.06,0.17,/Users/vazea/Desktop/NNW/transcripts_by_company/IXIA_INC_2014Q1.txt
FLEX,2014Q2,0.22,0.2,/Users/vazea/Desktop/NNW/transcripts_by_company/FLEX_LTD_2014Q2.txt
STST,2005Q4,0.29,1.04,/Users/vazea/Desktop/NNW/transcripts_by_company/ARGON_ST_INC_2005Q4.txt
GNMK,2015Q3,-0.27,-0.31,/Users/vazea/Desktop/NNW/transcripts_by_company/GENMARK_DIAGNOSTICS_INC_2015Q3.txt
ATKR,2020Q3,0.67,0.49,/Users/vazea/Desktop/NNW/transcripts_by_company/ATKORE_INC_2020Q3.txt
AVT,2014Q1,0.9,0.88,/Users/vazea/Desktop/NNW/transcripts_by_company/AVNET_INC_2014Q1.txt
ONDS,2022Q1,-0.24,-0.17,/Users/vazea/Desktop/NNW/transcripts_by_company/ONDAS_HOLDINGS_INC_2022Q1.txt
ECHO,2016Q1,0.27,0.24,/Users/vazea/Desktop/NNW/transcripts_by_company/ECHO_GLOBAL_LOGISTICS_INC_2016Q1.txt
LTHM,2023Q2,0.51,0.46,/Users/vazea/Desktop/NNW/transcripts_by_company/LIVENT_CORP_2023Q2.txt
CBK,2017Q1,0.0,-0.12,/Users/vazea/Desktop/NNW/transcripts_by_company/CHRISTOPHER_BANKS_CORP_2017Q1.txt
BA,2010Q2,1.06,1.04,/Users/vazea/Desktop/NNW/transcripts_by_company/BOEING_CO_2010Q2.txt
DWA,2011Q1,0.1,0.08,/Users/vazea/Desktop/NNW/transcripts_by_company/DREAMWORKS_ANIMATION_SKG_INC_2011Q1.txt
NTRS,2007Q1,0.84,0.79,/Users/vazea/Desktop/NNW/transcripts_by_company/NORTHERN_TRUST_CORP_2007Q1.txt
CRUS,2019Q1,0.28,0.06,/Users/vazea/Desktop/NNW/transcripts_by_company/CIRRUS_LOGIC_INC_2019Q1.txt
TDS,2016Q2,0.25,0.15,/Users/vazea/Desktop/NNW/transcripts_by_company/TELEPHONE_AND_DATA_SYSTEMS_INC_2016Q2.txt
HES,2011Q3,1.11,1.72,/Users/vazea/Desktop/NNW/transcripts_by_company/HESS_CORP_2011Q3.txt
AIT,2005Q2,0.33,0.52,/Users/vazea/Desktop/NNW/transcripts_by_company/APPLIED_INDUSTRIAL_TECHNOLOGIES_2005Q2.txt
VFC,2012Q3,3.52,3.5,/Users/vazea/Desktop/NNW/transcripts_by_company/VF_CORP_2012Q3.txt
PEG,2005Q2,0.48,0.53,/Users/vazea/Desktop/NNW/transcripts_by_company/PUBLIC_SERVICE_ENTERPRISE_GROUP_2005Q2.txt
IGMS,2019Q4,-0.49,-3.46,/Users/vazea/Desktop/NNW/transcripts_by_company/IGM_BIOSCIENCES_INC_2019Q4.txt
SBSI,2021Q4,0.88,3.34,/Users/vazea/Desktop/NNW/transcripts_by_company/SOUTHSIDE_BANCSHARES_INC_2021Q4.txt
AUDC,2002Q1,-0.1,-0.13,/Users/vazea/Desktop/NNW/transcripts_by_company/AUDIOCODES_LTD_2002Q1.txt
GHM,2019Q4,0.08,0.53,/Users/vazea/Desktop/NNW/transcripts_by_company/GRAHAM_CORP_2019Q4.txt
SPXC,2022Q4,1.17,2.92,/Users/vazea/Desktop/NNW/transcripts_by_company/SPX_TECHNOLOGIES_INC_2022Q4.txt
OSUR,2011Q1,-0.06,-0.08,/Users/vazea/Desktop/NNW/transcripts_by_company/ORASURE_TECHNOLOGIES_INC_2011Q1.txt
SNDX,2019Q2,-0.47,-0.46,/Users/vazea/Desktop/NNW/transcripts_by_company/SYNDAX_PHARMACEUTICALS_INC_2019Q2.txt
IDTI,2014Q1,0.05,0.04,/Users/vazea/Desktop/NNW/transcripts_by_company/INTEGRATED_DEVICE_TECHNOLOGY_INC_2014Q1.txt
THI,2006Q4,0.31,1.21,/Users/vazea/Desktop/NNW/transcripts_by_company/TIM_HORTONS_INC_2006Q4.txt
CLNE,2009Q4,-0.03,-0.58,/Users/vazea/Desktop/NNW/transcripts_by_company/CLEAN_ENERGY_FUELS_CORP_2009Q4.txt
XLNX,2015Q3,0.6,0.61,/Users/vazea/Desktop/NNW/transcripts_by_company/XILINX_INC_2015Q3.txt
MATK,2006Q3,0.16,0.15,/Users/vazea/Desktop/NNW/transcripts_by_company/MARTEK_BIOSCIENCE_CORPORATION_2006Q3.txt
SONE,2003Q4,0.05,-0.54,/Users/vazea/Desktop/NNW/transcripts_by_company/S1_CORP_2003Q4.txt
ALTG,2022Q4,-0.048,0.27,/Users/vazea/Desktop/NNW/transcripts_by_company/ALTA_EQUIPMENT_GROUP_INC_2022Q4.txt
COLM,2012Q2,-0.23,-0.3,/Users/vazea/Desktop/NNW/transcripts_by_company/COLUMBIA_SPORTSWEAR_CO_2012Q2.txt
DLX,2003Q3,1.09,0.95,/Users/vazea/Desktop/NNW/transcripts_by_company/DELUXE_CORP_2003Q3.txt
SQNS,2021Q4,-0.09,-0.55,/Users/vazea/Desktop/NNW/transcripts_by_company/SEQUANS_COMMUNICATIONS_SA_2021Q4.txt
B,2005Q1,0.54,0.43,/Users/vazea/Desktop/NNW/transcripts_by_company/BARNES_GROUP_INC_2005Q1.txt
TGI,2003Q4,0.6,2.34,/Users/vazea/Desktop/NNW/transcripts_by_company/TRIUMPH_GROUP_INC_2003Q4.txt
CNMD,2002Q4,0.32,1.37,/Users/vazea/Desktop/NNW/transcripts_by_company/CONMED_CORP_2002Q4.txt
EV,2020Q2,0.8,0.75,/Users/vazea/Desktop/NNW/transcripts_by_company/EATON_VANCE_CORP_2020Q2.txt
AUXL,2008Q3,-0.24,-0.28,/Users/vazea/Desktop/NNW/transcripts_by_company/AUXILIUM_PHARMACEUTICALS_INC_2008Q3.txt
LXU,2010Q3,0.17,0.24,/Users/vazea/Desktop/NNW/transcripts_by_company/LSB_INDUSTRIES_INC_2010Q3.txt
PDLI,2016Q1,0.52,0.5,/Users/vazea/Desktop/NNW/transcripts_by_company/PDL_BIOPHARMA_INC_2016Q1.txt
KERX,2017Q2,-0.77,-0.2,/Users/vazea/Desktop/NNW/transcripts_by_company/KERYX_BIOPHARMACEUTICALS_2017Q2.txt
EW,2003Q3,0.34,0.35,/Users/vazea/Desktop/NNW/transcripts_by_company/EDWARDS_LIFESCIENCES_CORP_2003Q3.txt
EXPE,2017Q1,0.05,0.1,/Users/vazea/Desktop/NNW/transcripts_by_company/EXPEDIA_GROUP_INC_2017Q1.txt
CAL,2017Q1,0.41,0.44,/Users/vazea/Desktop/NNW/transcripts_by_company/CALERES_INC_2017Q1.txt
LII,2012Q3,0.97,0.97,/Users/vazea/Desktop/NNW/transcripts_by_company/LENNOX_INTERNATIONAL_INC_2012Q3.txt
SJR,2020Q1,0.31,0.34,/Users/vazea/Desktop/NNW/transcripts_by_company/SHAW_COMMUNICATIONS_INC_2020Q1.txt
MCRS,2013Q1,0.57,0.54,/Users/vazea/Desktop/NNW/transcripts_by_company/MICROS_SYSTEM_INC_2013Q1.txt
ASFI,2004Q3,0.39,0.4,/Users/vazea/Desktop/NNW/transcripts_by_company/ASTA_FUNDING_INC_2004Q3.txt
TSEM,2005Q1,-0.84,-0.81,/Users/vazea/Desktop/NNW/transcripts_by_company/TOWER_SEMICONDUCTOR_LTD_2005Q1.txt
STWD,2013Q3,0.61,0.56,/Users/vazea/Desktop/NNW/transcripts_by_company/STARWOOD_PROPERTY_TRUST_INC_2013Q3.txt
LABL,2014Q4,0.68,2.06,/Users/vazea/Desktop/NNW/transcripts_by_company/MULTI_COLOR_CORPORATION_2014Q4.txt
MERU,2010Q4,0.02,0.06,/Users/vazea/Desktop/NNW/transcripts_by_company/MERU_NETWORKS_INC_2010Q4.txt
BAC,2003Q3,1.92,1.68,/Users/vazea/Desktop/NNW/transcripts_by_company/BANK_OF_AMERICA_CORP_2003Q3.txt
TSTY,2008Q3,-0.17,-0.05,/Users/vazea/Desktop/NNW/transcripts_by_company/TASTY_BAKING_CO_2008Q3.txt
SONE,2006Q4,0.0,0.11,/Users/vazea/Desktop/NNW/transcripts_by_company/S1_CORP_2006Q4.txt
PEGA,2017Q2,0.15,0.18,/Users/vazea/Desktop/NNW/transcripts_by_company/PEGASYSTEMS_INC_2017Q2.txt
CTCT,2011Q2,0.15,0.11,/Users/vazea/Desktop/NNW/transcripts_by_company/CONSTANT_CONTACT_INC_2011Q2.txt
ATRC,2015Q3,-0.22,-0.22,/Users/vazea/Desktop/NNW/transcripts_by_company/ATRICURE_INC_2015Q3.txt
HLT,2017Q4,0.54,1.91,/Users/vazea/Desktop/NNW/transcripts_by_company/HILTON_WORLDWIDE_HOLDINGS_INC_2017Q4.txt
ROK,2007Q3,1.07,0.95,/Users/vazea/Desktop/NNW/transcripts_by_company/ROCKWELL_AUTOMATION_INC_2007Q3.txt
ITRN,2022Q3,0.49,0.46,/Users/vazea/Desktop/NNW/transcripts_by_company/ITURAN_LOCATION_AND_CONTROL_LTD_2022Q3.txt
PLPM,2016Q3,0.05,0.03,/Users/vazea/Desktop/NNW/transcripts_by_company/PLANET_PAYMENT_INC_2016Q3.txt
LWSN,2007Q1,0.02,0.01,/Users/vazea/Desktop/NNW/transcripts_by_company/LAWSON_SOFTWARE_INC_2007Q1.txt
VRNM,2010Q2,-0.3,-0.61,/Users/vazea/Desktop/NNW/transcripts_by_company/VERENIUM_CORP_2010Q2.txt
VECO,2021Q1,0.25,0.22,/Users/vazea/Desktop/NNW/transcripts_by_company/VEECO_INSTRUMENTS_INC_2021Q1.txt
PTLO,2023Q1,-0.01,0.03,/Users/vazea/Desktop/NNW/transcripts_by_company/PORTILLOS_INC_2023Q1.txt
ACU,2020Q1,0.36,0.29,/Users/vazea/Desktop/NNW/transcripts_by_company/ACME_UNITED_CORP_2020Q1.txt
JNS,2014Q1,0.16,0.16,/Users/vazea/Desktop/NNW/transcripts_by_company/JANUS_CAPITAL_GROUP_INC_2014Q1.txt
TGLS,2023Q3,0.98,0.98,/Users/vazea/Desktop/NNW/transcripts_by_company/TECNOGLASS_INC_2023Q3.txt
NVT,2018Q4,0.45,1.75,/Users/vazea/Desktop/NNW/transcripts_by_company/NVENT_ELECTRIC_PLC_2018Q4.txt
MNRO,2012Q4,0.36,1.74,/Users/vazea/Desktop/NNW/transcripts_by_company/MONRO_INC_2012Q4.txt
NJR,2006Q1,1.23,0.95,/Users/vazea/Desktop/NNW/transcripts_by_company/NEW_JERSEY_RESOURCES_CORP_2006Q1.txt
ALO,2019Q1,0.02,0.06,/Users/vazea/Desktop/NNW/transcripts_by_company/ALIO_GOLD_INC_2019Q1.txt
NXST,2005Q3,-0.31,-0.37,/Users/vazea/Desktop/NNW/transcripts_by_company/NEXSTAR_MEDIA_GROUP_INC_2005Q3.txt
DDOG,2022Q2,0.24,0.14,/Users/vazea/Desktop/NNW/transcripts_by_company/DATADOG_INC_2022Q2.txt
BCE,2006Q3,0.43,0.47,/Users/vazea/Desktop/NNW/transcripts_by_company/BCE_INC_2006Q3.txt
REGN,2017Q1,2.92,3.1,/Users/vazea/Desktop/NNW/transcripts_by_company/REGENERON_PHARMACEUTICALS_INC_2017Q1.txt
ESE,2015Q1,0.41,0.31,/Users/vazea/Desktop/NNW/transcripts_by_company/ESCO_TECHNOLOGIES_INC_2015Q1.txt
AVID,2012Q1,-0.24,0.02,/Users/vazea/Desktop/NNW/transcripts_by_company/AVID_TECHNOLOGY_INC_2012Q1.txt
GEG,2021Q3,-0.11,0.1,/Users/vazea/Desktop/NNW/transcripts_by_company/GREAT_ELM_GROUP_INC_2021Q3.txt
IEC,2019Q1,0.1,0.1,/Users/vazea/Desktop/NNW/transcripts_by_company/IEC_ELECTRONICS_CORP_2019Q1.txt
AMRI,2015Q2,0.22,0.18,/Users/vazea/Desktop/NNW/transcripts_by_company/ALBANY_MOLECULAR_RESEARCH_2015Q2.txt
COR,2017Q4,0.44,1.85,/Users/vazea/Desktop/NNW/transcripts_by_company/CORESITE_REALTY_CORP_2017Q4.txt
ZION,2019Q4,0.97,4.26,/Users/vazea/Desktop/NNW/transcripts_by_company/ZIONS_BANCORPORATION_NA_2019Q4.txt
TESO,2011Q3,0.1,0.23,/Users/vazea/Desktop/NNW/transcripts_by_company/TESCO_CORP_2011Q3.txt
LCAV,2009Q2,-0.37,-0.29,/Users/vazea/Desktop/NNW/transcripts_by_company/LCAVISION_INCORPORATED_2009Q2.txt
ANDS,2009Q1,-0.3,-0.3,/Users/vazea/Desktop/NNW/transcripts_by_company/ANADYS_PHARMACEUTICALS_INC_2009Q1.txt
BKI,2019Q3,0.51,0.48,/Users/vazea/Desktop/NNW/transcripts_by_company/BLACK_KNIGHT_INC_2019Q3.txt
LSCC,2003Q4,-0.06,-0.01,/Users/vazea/Desktop/NNW/transcripts_by_company/LATTICE_SEMICONDUCTOR_CORP_2003Q4.txt
DDD,2018Q2,0.06,0.01,/Users/vazea/Desktop/NNW/transcripts_by_company/3D_SYSTEMS_CORP_2018Q2.txt
HL,2022Q2,0.04,0.03,/Users/vazea/Desktop/NNW/transcripts_by_company/HECLA_MINING_CO_2022Q2.txt
DIS,2011Q2,0.49,0.56,/Users/vazea/Desktop/NNW/transcripts_by_company/WALT_DISNEY_CO_2011Q2.txt
KO,2007Q4,0.58,2.67,/Users/vazea/Desktop/NNW/transcripts_by_company/COCACOLA_CO_2007Q4.txt
DRIV,2011Q1,0.31,0.29,/Users/vazea/Desktop/NNW/transcripts_by_company/DIGITAL_RIVER_INC_2011Q1.txt
WSM,2009Q3,-0.1,0.01,/Users/vazea/Desktop/NNW/transcripts_by_company/WILLIAMSSONOMA_INC_2009Q3.txt
FHN,2010Q3,0.07,-0.03,/Users/vazea/Desktop/NNW/transcripts_by_company/FIRST_HORIZON_CORP_2010Q3.txt
SMCI,2015Q1,0.46,0.36,/Users/vazea/Desktop/NNW/transcripts_by_company/SUPER_MICRO_COMPUTER_INC_2015Q1.txt
EIGR,2022Q2,-0.51,-0.58,/Users/vazea/Desktop/NNW/transcripts_by_company/EIGER_BIOPHARMACEUTICALS_INC_2022Q2.txt
SPSS,2007Q4,0.5,1.54,/Users/vazea/Desktop/NNW/transcripts_by_company/SPSS_INCORPORATED_2007Q4.txt
SON,2020Q1,0.94,0.84,/Users/vazea/Desktop/NNW/transcripts_by_company/SONOCO_PRODUCTS_CO_2020Q1_1.txt
GSOL,2007Q1,0.15,0.11,/Users/vazea/Desktop/NNW/transcripts_by_company/GLOBAL_SOURCES_LTD_2007Q1.txt
OREX,2013Q3,-0.19,-0.18,/Users/vazea/Desktop/NNW/transcripts_by_company/OREXIGEN_THERAPEUTICS_INC_2013Q3.txt
HQY,2015Q4,0.04,0.21,/Users/vazea/Desktop/NNW/transcripts_by_company/HEALTHEQUITY_INC_2015Q4.txt
VVI,2002Q3,0.41,0.35,/Users/vazea/Desktop/NNW/transcripts_by_company/VIAD_CORP_2002Q3.txt
AGCO,2016Q1,0.11,0.05,/Users/vazea/Desktop/NNW/transcripts_by_company/AGCO_CORP_2016Q1.txt
SMG,2016Q1,-1.13,-1.13,/Users/vazea/Desktop/NNW/transcripts_by_company/SCOTTS_MIRACLEGRO_CO_2016Q1.txt
PFSW,2010Q1,-0.12,-0.18,/Users/vazea/Desktop/NNW/transcripts_by_company/PFSWEB_INC_2010Q1.txt
HK,2010Q1,0.13,0.14,/Users/vazea/Desktop/NNW/transcripts_by_company/PETROHAWK_ENERGY_CORP_2010Q1.txt
IWOV,2005Q2,0.06,0.06,/Users/vazea/Desktop/NNW/transcripts_by_company/INTERWOVEN_INC_2005Q2.txt
JNS,2007Q1,0.19,0.19,/Users/vazea/Desktop/NNW/transcripts_by_company/JANUS_CAPITAL_GROUP_INC_2007Q1.txt
PFPT,2014Q3,-0.11,-0.12,/Users/vazea/Desktop/NNW/transcripts_by_company/PROOFPOINT_INC_2014Q3.txt
NAFC,2011Q3,1.25,1.17,/Users/vazea/Desktop/NNW/transcripts_by_company/NASH_FINCH_CO_2011Q3.txt
OGE,2003Q3,1.22,1.2,/Users/vazea/Desktop/NNW/transcripts_by_company/OGE_ENERGY_CORP_2003Q3.txt
MO,2007Q2,1.15,1.13,/Users/vazea/Desktop/NNW/transcripts_by_company/ALTRIA_GROUP_INC_2007Q2.txt
MCW,2023Q3,0.08,0.07,/Users/vazea/Desktop/NNW/transcripts_by_company/MISTER_CAR_WASH_INC_2023Q3.txt
CRXT,2021Q4,-0.19,-6.09,/Users/vazea/Desktop/NNW/transcripts_by_company/CLARUS_THERAPEUTICS_HOLDINGS_INC_2021Q4.txt
WMGI,2008Q1,0.17,0.12,/Users/vazea/Desktop/NNW/transcripts_by_company/WRIGHT_MEDICAL_GROUP_INC_2008Q1.txt
ZIOP,2018Q4,-0.08,-0.51,/Users/vazea/Desktop/NNW/transcripts_by_company/ALAUNOS_THERAPEUTICS_INC_2018Q4.txt
RF,2004Q4,0.56,2.37,/Users/vazea/Desktop/NNW/transcripts_by_company/REGIONS_FINANCIAL_CORP_2004Q4.txt
AXTI,2006Q1,-0.1,-0.12,/Users/vazea/Desktop/NNW/transcripts_by_company/AXT_INC_2006Q1.txt
SRCL,2002Q2,0.26,0.25,/Users/vazea/Desktop/NNW/transcripts_by_company/STERICYCLE_INC_2002Q2.txt
LNN,2021Q1,0.65,0.74,/Users/vazea/Desktop/NNW/transcripts_by_company/LINDSAY_CORP_2021Q1_1.txt
ERA,2015Q2,0.2,0.08,/Users/vazea/Desktop/NNW/transcripts_by_company/ERA_GROUP_INC_2015Q2.txt
NHI,2018Q1,0.92,0.91,/Users/vazea/Desktop/NNW/transcripts_by_company/NATIONAL_HEALTH_INVESTORS_INC_2018Q1.txt
MNK,2020Q2,1.89,1.3,/Users/vazea/Desktop/NNW/transcripts_by_company/MALLINCKRODT_PLC_2020Q2.txt
ZUMZ,2022Q2,1.02,0.78,/Users/vazea/Desktop/NNW/transcripts_by_company/ZUMIEZ_INC_2022Q2.txt
TTI,2004Q3,0.22,0.32,/Users/vazea/Desktop/NNW/transcripts_by_company/TETRA_TECHNOLOGIES_INC_2004Q3.txt
GIS,2004Q1,0.62,0.62,/Users/vazea/Desktop/NNW/transcripts_by_company/GENERAL_MILLS_INC_2004Q1.txt
MSCC,2004Q1,0.11,0.09,/Users/vazea/Desktop/NNW/transcripts_by_company/MICROSEMI_CORPORATION_2004Q1.txt
PLMD,2005Q2,0.41,0.51,/Users/vazea/Desktop/NNW/transcripts_by_company/POLYMEDICA_CORP_2005Q2.txt
SMP,2020Q4,1.08,3.2,/Users/vazea/Desktop/NNW/transcripts_by_company/STANDARD_MOTOR_PRODUCTS_INC_2020Q4.txt
GSHD,2018Q3,0.05,0.06,/Users/vazea/Desktop/NNW/transcripts_by_company/GOOSEHEAD_INSURANCE_INC_2018Q3.txt
ISCA,2012Q4,0.61,1.45,/Users/vazea/Desktop/NNW/transcripts_by_company/INTERNATIONAL_SPEEDWAY_CORP_2012Q4.txt
CTB,2007Q4,0.44,1.27,/Users/vazea/Desktop/NNW/transcripts_by_company/COOPER_TIRE_RUBBER_CO_2007Q4.txt
SCHN,2020Q3,0.05,-0.2,/Users/vazea/Desktop/NNW/transcripts_by_company/RADIUS_RECYCLING_INC_2020Q3.txt
ITW,2003Q3,0.87,0.82,/Users/vazea/Desktop/NNW/transcripts_by_company/ILLINOIS_TOOL_WORKS_INC_2003Q3.txt
EFII,2002Q4,0.16,0.39,/Users/vazea/Desktop/NNW/transcripts_by_company/ELECTRONICS_FOR_IMAGING_INC_2002Q4.txt
ATI,2014Q2,-0.03,-0.01,/Users/vazea/Desktop/NNW/transcripts_by_company/ATI_INC_2014Q2.txt
FRC,2005Q1,0.49,0.47,/Users/vazea/Desktop/NNW/transcripts_by_company/FIRST_REPUBLIC_BANK_2005Q1.txt
DIN,2016Q1,1.58,1.71,/Users/vazea/Desktop/NNW/transcripts_by_company/DINE_BRANDS_GLOBAL_INC_2016Q1.txt
LECO,2014Q4,0.96,3.77,/Users/vazea/Desktop/NNW/transcripts_by_company/LINCOLN_ELECTRIC_HOLDINGS_INC_2014Q4.txt
BDX,2012Q3,1.52,1.53,/Users/vazea/Desktop/NNW/transcripts_by_company/BECTON_DICKINSON_AND_CO_2012Q3.txt
PRA,2006Q1,0.84,0.74,/Users/vazea/Desktop/NNW/transcripts_by_company/PROASSURANCE_CORP_2006Q1.txt
EQIX,2003Q3,-2.12,-2.15,/Users/vazea/Desktop/NNW/transcripts_by_company/EQUINIX_INC_2003Q3.txt
BG,2009Q1,-1.76,0.65,/Users/vazea/Desktop/NNW/transcripts_by_company/BUNGE_LTD_2009Q1.txt
SMTX,2003Q3,0.05,-0.06,/Users/vazea/Desktop/NNW/transcripts_by_company/SMTC_CORPORATION_2003Q3.txt
SAFE,2020Q1,0.36,0.39,/Users/vazea/Desktop/NNW/transcripts_by_company/SAFEHOLD_INC_2020Q1.txt
BMBL,2022Q4,-0.85,0.25,/Users/vazea/Desktop/NNW/transcripts_by_company/BUMBLE_INC_2022Q4.txt
CSL,2010Q1,0.37,0.23,/Users/vazea/Desktop/NNW/transcripts_by_company/CARLISLE_COMPANIES_INC_2010Q1.txt
SALM,2003Q1,-0.09,-0.05,/Users/vazea/Desktop/NNW/transcripts_by_company/SALEM_MEDIA_GROUP_INC_2003Q1.txt
ICLR,2012Q4,0.34,0.98,/Users/vazea/Desktop/NNW/transcripts_by_company/ICON_PLC_2012Q4.txt
FCS,2009Q4,0.23,-0.06,/Users/vazea/Desktop/NNW/transcripts_by_company/FAIRCHILD_SEMICONDUCTOR_INTL_INC_2009Q4.txt
SWIM,2023Q3,0.11,0.13,/Users/vazea/Desktop/NNW/transcripts_by_company/LATHAM_GROUP_INC_2023Q3.txt
NVMI,2004Q1,0.01,0.01,/Users/vazea/Desktop/NNW/transcripts_by_company/NOVA_LTD_2004Q1.txt
EXAS,2010Q4,-0.08,-0.29,/Users/vazea/Desktop/NNW/transcripts_by_company/EXACT_SCIENCES_CORP_2010Q4.txt
PEG,2020Q2,0.79,0.63,/Users/vazea/Desktop/NNW/transcripts_by_company/PUBLIC_SERVICE_ENTERPRISE_GROUP_2020Q2.txt
MIK,2018Q3,0.45,0.42,/Users/vazea/Desktop/NNW/transcripts_by_company/MICHAELS_COMPANIES_INC_2018Q3.txt
FRED,2013Q1,0.28,0.27,/Users/vazea/Desktop/NNW/transcripts_by_company/FREDS_INC_2013Q1.txt
MDRX,2018Q3,0.18,0.2,/Users/vazea/Desktop/NNW/transcripts_by_company/VERADIGM_INC_2018Q3.txt
BAC,2014Q3,-0.03,-0.09,/Users/vazea/Desktop/NNW/transcripts_by_company/BANK_OF_AMERICA_CORP_2014Q3.txt
ASYS,2012Q4,-1.23,-1.44,/Users/vazea/Desktop/NNW/transcripts_by_company/AMTECH_SYSTEMS_INC_2012Q4.txt
ESE,2004Q1,0.54,0.53,/Users/vazea/Desktop/NNW/transcripts_by_company/ESCO_TECHNOLOGIES_INC_2004Q1.txt
BIOD,2014Q1,-0.12,-0.24,/Users/vazea/Desktop/NNW/transcripts_by_company/BIODEL_INC_2014Q1.txt
PHG,2021Q3,0.471,0.62,/Users/vazea/Desktop/NNW/transcripts_by_company/KONINKLIJKE_PHILIPS_NV_2021Q3.txt
MTSI,2014Q4,0.35,1.22,/Users/vazea/Desktop/NNW/transcripts_by_company/MACOM_TECHNOLOGY_SOLUTIONS_HOLDI_2014Q4.txt
BHC,2023Q2,0.82,0.73,/Users/vazea/Desktop/NNW/transcripts_by_company/BAUSCH_HEALTH_COMPANIES_INC_2023Q2.txt
UPLD,2019Q4,0.67,2.45,/Users/vazea/Desktop/NNW/transcripts_by_company/UPLAND_SOFTWARE_INC_2019Q4.txt
HUBG,2022Q4,2.42,10.58,/Users/vazea/Desktop/NNW/transcripts_by_company/HUB_GROUP_INC_2022Q4.txt
POR,2013Q4,0.59,1.75,/Users/vazea/Desktop/NNW/transcripts_by_company/PORTLAND_GENERAL_ELECTRIC_CO_2013Q4.txt
CDLX,2022Q3,-0.5,-0.54,/Users/vazea/Desktop/NNW/transcripts_by_company/CARDLYTICS_INC_2022Q3.txt
GLOB,2022Q4,1.4,5.07,/Users/vazea/Desktop/NNW/transcripts_by_company/GLOBANT_SA_2022Q4.txt
KEYW,2016Q4,-0.08,0.18,/Users/vazea/Desktop/NNW/transcripts_by_company/KEYW_HOLDING_CORP_2016Q4.txt
CARR,2021Q4,0.44,2.2,/Users/vazea/Desktop/NNW/transcripts_by_company/CARRIER_GLOBAL_CORP_2021Q4.txt
AMSC,2014Q3,-0.09,-0.18,/Users/vazea/Desktop/NNW/transcripts_by_company/AMERICAN_SUPERCONDUCTOR_CORP_2014Q3.txt
RBA,2011Q3,0.06,0.15,/Users/vazea/Desktop/NNW/transcripts_by_company/RITCHIE_BROS_AUCTIONEERS_INC_2011Q3.txt
DGICA,2015Q1,0.23,0.18,/Users/vazea/Desktop/NNW/transcripts_by_company/DONEGAL_GROUP_INC_2015Q1.txt
SIX,2023Q2,0.25,0.84,/Users/vazea/Desktop/NNW/transcripts_by_company/SIX_FLAGS_ENTERTAINMENT_CORP_DE_2023Q2.txt
VTRS,2021Q4,0.8,3.7,/Users/vazea/Desktop/NNW/transcripts_by_company/VIATRIS_INC_2021Q4.txt
EE,2015Q1,0.09,0.15,/Users/vazea/Desktop/NNW/transcripts_by_company/EL_PASO_ELEC_CO_2015Q1.txt
CMS,2002Q1,0.57,0.7,/Users/vazea/Desktop/NNW/transcripts_by_company/CMS_ENERGY_CORP_2002Q1.txt
OUT,2019Q3,0.34,0.37,/Users/vazea/Desktop/NNW/transcripts_by_company/OUTFRONT_MEDIA_INC_2019Q3.txt
XXIA,2011Q3,0.16,0.12,/Users/vazea/Desktop/NNW/transcripts_by_company/IXIA_INC_2011Q3.txt
GPRO,2019Q2,0.03,0.04,/Users/vazea/Desktop/NNW/transcripts_by_company/GOPRO_INC_2019Q2.txt
SDBT,2011Q4,0.06,-0.07,/Users/vazea/Desktop/NNW/transcripts_by_company/SOUNDBITE_COMMUNICATIONS_INC_2011Q4.txt
LRCX,2017Q4,3.11,9.86,/Users/vazea/Desktop/NNW/transcripts_by_company/LAM_RESEARCH_CORP_2017Q4.txt
TWST,2023Q3,-0.78,-1.12,/Users/vazea/Desktop/NNW/transcripts_by_company/TWIST_BIOSCIENCE_CORP_2023Q3.txt
MAT,2017Q2,-0.14,-0.03,/Users/vazea/Desktop/NNW/transcripts_by_company/MATTEL_INC_2017Q2.txt
MCDTA,2006Q2,0.03,0.01,/Users/vazea/Desktop/NNW/transcripts_by_company/MCDATA_CORP_2006Q2.txt
ETRN,2022Q3,0.09,0.11,/Users/vazea/Desktop/NNW/transcripts_by_company/EQUITRANS_MIDSTREAM_CORP_2022Q3.txt
AAWW,2010Q4,1.58,5.5,/Users/vazea/Desktop/NNW/transcripts_by_company/ATLAS_AIR_WORLDWIDE_HOLDINGS_INC_2010Q4.txt
AUTO,2021Q1,0.02,-0.07,/Users/vazea/Desktop/NNW/transcripts_by_company/AUTOWEB_INC_2021Q1.txt
RDWR,2005Q3,0.08,0.05,/Users/vazea/Desktop/NNW/transcripts_by_company/RADWARE_LTD_2005Q3.txt
ENOC,2016Q2,0.0,-0.18,/Users/vazea/Desktop/NNW/transcripts_by_company/ENERNOC_INC_2016Q2.txt
DAVA,2020Q2,30.0,21.5,/Users/vazea/Desktop/NNW/transcripts_by_company/ENDAVA_PLC_2020Q2.txt
BHE,2022Q4,0.6,2.11,/Users/vazea/Desktop/NNW/transcripts_by_company/BENCHMARK_ELECTRONICS_INC_2022Q4.txt
DOYU,2021Q4,-0.29,-1.04,/Users/vazea/Desktop/NNW/transcripts_by_company/DOUYU_INTERNATIONAL_HOLDINGS_LTD_2021Q4.txt
VIAC,2020Q4,1.04,4.26,/Users/vazea/Desktop/NNW/transcripts_by_company/PARAMOUNT_GLOBAL_2020Q4.txt
MBRX,2005Q1,-0.35,-0.34,/Users/vazea/Desktop/NNW/transcripts_by_company/METABASIS_THERAPEUTICS_INC_2005Q1.txt
ARC,2011Q2,0.0,-0.01,/Users/vazea/Desktop/NNW/transcripts_by_company/AMERICAN_REPROGRAPHICS_CO_2011Q2.txt
NTNX,2022Q1,-0.22,-0.35,/Users/vazea/Desktop/NNW/transcripts_by_company/NUTANIX_INC_2022Q1.txt
BBGI,2022Q3,0.02,-0.04,/Users/vazea/Desktop/NNW/transcripts_by_company/BEASLEY_BROADCAST_GROUP_INC_2022Q3.txt
COVR,2012Q1,-0.05,0.05,/Users/vazea/Desktop/NNW/transcripts_by_company/COVERALL_TECHNOLOGIES_INCORPORA_2012Q1.txt
HURN,2009Q3,-3.16,0.3,/Users/vazea/Desktop/NNW/transcripts_by_company/HURON_CONSULTING_GROUP_INC_2009Q3.txt
NI,2011Q4,0.32,1.35,/Users/vazea/Desktop/NNW/transcripts_by_company/NISOURCE_INC_2011Q4.txt
FRPT,2019Q3,0.08,0.1,/Users/vazea/Desktop/NNW/transcripts_by_company/FRESHPET_INC_2019Q3.txt
STRP,2016Q3,-0.15,-0.23,/Users/vazea/Desktop/NNW/transcripts_by_company/STRAIGHT_PATH_COMMUNICATIONS_INC_2016Q3.txt
DXCM,2008Q4,-0.45,-1.88,/Users/vazea/Desktop/NNW/transcripts_by_company/DEXCOM_INC_2008Q4.txt
EGOV,2014Q4,0.12,0.61,/Users/vazea/Desktop/NNW/transcripts_by_company/NIC_INC_2014Q4.txt
HCSG,2022Q2,0.09,0.12,/Users/vazea/Desktop/NNW/transcripts_by_company/HEALTHCARE_SERVICES_GROUP_INC_2022Q2.txt
BMO,2006Q4,1.17,4.44,/Users/vazea/Desktop/NNW/transcripts_by_company/BANK_OF_MONTREAL_2006Q4.txt
WYNN,2006Q1,0.01,0.1,/Users/vazea/Desktop/NNW/transcripts_by_company/WYNN_RESORTS_LTD_2006Q1.txt
FDO,2002Q1,0.29,0.29,/Users/vazea/Desktop/NNW/transcripts_by_company/FAMILY_DOLLAR_STORES_INC_2002Q1.txt
FLWS,2016Q2,0.92,0.9,/Users/vazea/Desktop/NNW/transcripts_by_company/1800FLOWERSCOM_INC_2016Q2.txt
ON,2022Q3,1.45,1.31,/Users/vazea/Desktop/NNW/transcripts_by_company/ON_SEMICONDUCTOR_CORP_2022Q3.txt
BBGI,2008Q1,0.05,0.04,/Users/vazea/Desktop/NNW/transcripts_by_company/BEASLEY_BROADCAST_GROUP_INC_2008Q1.txt
BOH,2005Q1,0.83,0.78,/Users/vazea/Desktop/NNW/transcripts_by_company/BANK_OF_HAWAII_CORP_2005Q1.txt
FMI,2017Q2,-1.24,-1.11,/Users/vazea/Desktop/NNW/transcripts_by_company/FOUNDATION_MEDICINE_INC_2017Q2.txt
CAG,2013Q1,0.44,0.35,/Users/vazea/Desktop/NNW/transcripts_by_company/CONAGRA_BRANDS_INC_2013Q1.txt
DO,2016Q3,0.1,0.09,/Users/vazea/Desktop/NNW/transcripts_by_company/DIAMOND_OFFSHORE_DRILLING_INC_2016Q3.txt
PCBC,2009Q4,-0.56,-9.48,/Users/vazea/Desktop/NNW/transcripts_by_company/PACIFIC_CAPITAL_BANCORP_2009Q4.txt
WCRX,2011Q4,0.95,3.77,/Users/vazea/Desktop/NNW/transcripts_by_company/WARNER_CHILCOTT_PLC_2011Q4.txt
BXC,2011Q2,-0.2,-0.16,/Users/vazea/Desktop/NNW/transcripts_by_company/BLUELINX_HOLDINGS_INC_2011Q2.txt
HRTH,2020Q4,0.13,-0.61,/Users/vazea/Desktop/NNW/transcripts_by_company/HARTE_HANKS_INC_2020Q4.txt
SPR,2020Q4,-1.31,-5.3,/Users/vazea/Desktop/NNW/transcripts_by_company/SPIRIT_AEROSYSTEMS_HOLDINGS_INC_2020Q4.txt
ATEN,2023Q1,0.13,0.14,/Users/vazea/Desktop/NNW/transcripts_by_company/A10_NETWORKS_INC_2023Q1.txt
JOUT,2015Q4,0.12,0.88,/Users/vazea/Desktop/NNW/transcripts_by_company/JOHNSON_OUTDOORS_INC_2015Q4.txt
HUD,2020Q1,-0.28,-0.19,/Users/vazea/Desktop/NNW/transcripts_by_company/HUDSON_LTD_2020Q1.txt
EWBC,2008Q3,-0.56,0.08,/Users/vazea/Desktop/NNW/transcripts_by_company/EAST_WEST_BANCORP_INC_2008Q3.txt
JELD,2019Q1,0.23,0.26,/Users/vazea/Desktop/NNW/transcripts_by_company/JELDWEN_HOLDING_INC_2019Q1.txt
EGAN,2021Q3,0.05,0.0,/Users/vazea/Desktop/NNW/transcripts_by_company/EGAIN_CORP_2021Q3.txt
UNIS,2013Q1,-0.16,-0.17,/Users/vazea/Desktop/NNW/transcripts_by_company/UNILIFE_CORP_2013Q1.txt
OXM,2004Q2,,,/Users/vazea/Desktop/NNW/transcripts_by_company/OXFORD_INDUSTRIES_INC_2004Q2.txt
XRAY,2020Q2,-0.18,-0.05,/Users/vazea/Desktop/NNW/transcripts_by_company/DENTSPLY_SIRONA_INC_2020Q2.txt
EXPE,2022Q1,-0.47,-0.51,/Users/vazea/Desktop/NNW/transcripts_by_company/EXPEDIA_GROUP_INC_2022Q1.txt
ODP,2018Q2,0.05,0.03,/Users/vazea/Desktop/NNW/transcripts_by_company/OFFICE_DEPOT_INC_2018Q2.txt
HRB,2014Q4,3.24,1.63,/Users/vazea/Desktop/NNW/transcripts_by_company/H_R_BLOCK_INC_2014Q4.txt
CTLT,2019Q1,0.28,0.28,/Users/vazea/Desktop/NNW/transcripts_by_company/CATALENT_INC_2019Q1.txt
NCR,2021Q1,0.51,0.47,/Users/vazea/Desktop/NNW/transcripts_by_company/NCR_VOYIX_CORP_2021Q1.txt
APRI,2014Q3,-0.08,-0.1,/Users/vazea/Desktop/NNW/transcripts_by_company/APRICUS_BIOSCIENCES_INC_2014Q3.txt
UEIC,2020Q2,0.89,0.85,/Users/vazea/Desktop/NNW/transcripts_by_company/UNIVERSAL_ELECTRONICS_INC_2020Q2.txt
SVVS,2008Q2,-0.14,-0.12,/Users/vazea/Desktop/NNW/transcripts_by_company/SAVVIS_INC_2008Q2.txt
PACR,2011Q4,0.07,0.35,/Users/vazea/Desktop/NNW/transcripts_by_company/PACER_INTERNATIONAL_INC_2011Q4.txt
BNFT,2016Q4,-0.09,-0.77,/Users/vazea/Desktop/NNW/transcripts_by_company/BENEFITFOCUS_INC_2016Q4.txt
OVTI,2011Q2,0.58,0.52,/Users/vazea/Desktop/NNW/transcripts_by_company/OMNIVISION_TECHNOLOGIES_INC_2011Q2.txt
WW,2020Q4,0.39,1.68,/Users/vazea/Desktop/NNW/transcripts_by_company/WW_INTERNATIONAL_INC_2020Q4.txt
MNRO,2012Q1,0.48,0.46,/Users/vazea/Desktop/NNW/transcripts_by_company/MONRO_INC_2012Q1.txt
AMRX,2018Q3,0.28,0.28,/Users/vazea/Desktop/NNW/transcripts_by_company/AMNEAL_PHARMACEUTICALS_INC_2018Q3.txt
RTN,2019Q2,2.92,2.65,/Users/vazea/Desktop/NNW/transcripts_by_company/RAYTHEON_CO_2019Q2.txt
LPLA,2019Q1,1.93,1.62,/Users/vazea/Desktop/NNW/transcripts_by_company/LPL_FINANCIAL_HOLDINGS_INC_2019Q1.txt
PFS,2022Q4,0.66,2.31,/Users/vazea/Desktop/NNW/transcripts_by_company/PROVIDENT_FINANCIAL_SERVICES_INC_2022Q4.txt
LAZ,2005Q4,0.57,1.64,/Users/vazea/Desktop/NNW/transcripts_by_company/LAZARD_LTD_2005Q4.txt
JEC,2018Q3,1.35,1.2,/Users/vazea/Desktop/NNW/transcripts_by_company/JACOBS_ENGINEERING_GROUP_INC_2018Q3.txt
ISRG,2019Q2,3.25,2.86,/Users/vazea/Desktop/NNW/transcripts_by_company/INTUITIVE_SURGICAL_INC_2019Q2.txt
WBC,2014Q4,1.38,5.5,/Users/vazea/Desktop/NNW/transcripts_by_company/WABCO_HOLDINGS_INC_2014Q4.txt
DK,2008Q3,0.47,0.27,/Users/vazea/Desktop/NNW/transcripts_by_company/DELEK_US_HOLDINGS_INC_2008Q3.txt
IMI,2017Q1,-0.08,-0.07,/Users/vazea/Desktop/NNW/transcripts_by_company/INTERMOLECULAR_INC_2017Q1.txt
TGAN,2024Q1,-0.08,-0.1,/Users/vazea/Desktop/NNW/transcripts_by_company/TRANSPHORM_TECHNOLOGY_INC_2024Q1.txt
SWX,2023Q1,1.69,1.7,/Users/vazea/Desktop/NNW/transcripts_by_company/SOUTHWEST_GAS_HOLDINGS_INC_2023Q1.txt
EMR,2013Q1,0.62,0.63,/Users/vazea/Desktop/NNW/transcripts_by_company/EMERSON_ELECTRIC_CO_2013Q1.txt
IDC,2008Q4,0.42,1.39,/Users/vazea/Desktop/NNW/transcripts_by_company/INTERACTIVE_DATA_CORP_2008Q4.txt
TRGP,2019Q3,-0.62,-0.2,/Users/vazea/Desktop/NNW/transcripts_by_company/TARGA_RESOURCES_CORP_2019Q3.txt
JOY,2012Q2,2.04,1.95,/Users/vazea/Desktop/NNW/transcripts_by_company/JOY_GLOBAL_INC_2012Q2.txt
RECN,2004Q2,0.19,0.17,/Users/vazea/Desktop/NNW/transcripts_by_company/RESOURCES_CONNECTION_INC_2004Q2.txt
MGNX,2021Q2,-0.66,-0.71,/Users/vazea/Desktop/NNW/transcripts_by_company/MACROGENICS_INC_2021Q2.txt
EVR,2014Q3,0.71,0.75,/Users/vazea/Desktop/NNW/transcripts_by_company/EVERCORE_INC_2014Q3.txt
CHEF,2022Q4,0.48,1.5,/Users/vazea/Desktop/NNW/transcripts_by_company/CHEFS_WAREHOUSE_INC_2022Q4.txt
BFAM,2021Q2,0.49,0.34,/Users/vazea/Desktop/NNW/transcripts_by_company/BRIGHT_HORIZONS_FAMILY_SOLUTIONS_2021Q2.txt
BSX,2010Q3,0.12,0.06,/Users/vazea/Desktop/NNW/transcripts_by_company/BOSTON_SCIENTIFIC_CORP_2010Q3.txt
ABT,2019Q3,0.84,0.84,/Users/vazea/Desktop/NNW/transcripts_by_company/ABBOTT_LABORATORIES_2019Q3.txt
BDX,2013Q3,1.54,1.48,/Users/vazea/Desktop/NNW/transcripts_by_company/BECTON_DICKINSON_AND_CO_2013Q3.txt
INT,2010Q3,0.6,0.55,/Users/vazea/Desktop/NNW/transcripts_by_company/WORLD_KINECT_CORP_2010Q3.txt
LEAP,2006Q3,0.16,-0.19,/Users/vazea/Desktop/NNW/transcripts_by_company/LEAP_WIRELESS_INTERNATIONAL_INC_2006Q3.txt
KFRC,2010Q2,0.13,0.12,/Users/vazea/Desktop/NNW/transcripts_by_company/KFORCE_INC_2010Q2.txt
STZ,2012Q2,0.77,0.66,/Users/vazea/Desktop/NNW/transcripts_by_company/CONSTELLATION_BRANDS_INC_2012Q2.txt
OXY,2007Q1,0.98,0.9,/Users/vazea/Desktop/NNW/transcripts_by_company/OCCIDENTAL_PETROLEUM_CORP_2007Q1.txt
SCG,2008Q3,0.8,0.83,/Users/vazea/Desktop/NNW/transcripts_by_company/SCANA_CORP_2008Q3.txt
DD,2011Q1,1.52,1.36,/Users/vazea/Desktop/NNW/transcripts_by_company/E_I_DU_PONT_DE_NEMOURS_AND_CO_2011Q1.txt
ESLT,2011Q2,0.9,1.08,/Users/vazea/Desktop/NNW/transcripts_by_company/ELBIT_SYSTEMS_LTD_2011Q2.txt
LNG,2023Q2,5.61,2.88,/Users/vazea/Desktop/NNW/transcripts_by_company/CHENIERE_ENERGY_INC_2023Q2.txt
HUD,2019Q4,0.08,0.6,/Users/vazea/Desktop/NNW/transcripts_by_company/HUDSON_LTD_2019Q4.txt
ARES,2015Q1,0.35,0.4,/Users/vazea/Desktop/NNW/transcripts_by_company/ARES_MANAGEMENT_LP_2015Q1.txt
WNC,2020Q2,0.0,-0.23,/Users/vazea/Desktop/NNW/transcripts_by_company/WABASH_NATIONAL_CORP_2020Q2.txt
GPK,2016Q1,0.2,0.19,/Users/vazea/Desktop/NNW/transcripts_by_company/GRAPHIC_PACKAGING_HOLDING_CO_2016Q1.txt
QMCI,2020Q4,0.0,-0.01,/Users/vazea/Desktop/NNW/transcripts_by_company/QUOTEMEDIA_INC_2020Q4.txt
AXE,2003Q3,0.31,0.3,/Users/vazea/Desktop/NNW/transcripts_by_company/ANIXTER_INTERNATIONAL_INC_2003Q3.txt
LAVA,2008Q2,0.15,0.11,/Users/vazea/Desktop/NNW/transcripts_by_company/MAGMA_DESIGN_AUTOMATION_2008Q2.txt
TRVN,2021Q2,-0.09,-0.08,/Users/vazea/Desktop/NNW/transcripts_by_company/TREVENA_INC_2021Q2.txt
CURO,2022Q3,-0.29,0.01,/Users/vazea/Desktop/NNW/transcripts_by_company/CURO_GROUP_HOLDINGS_CORP_2022Q3.txt
TTOO,2015Q4,-0.56,-2.26,/Users/vazea/Desktop/NNW/transcripts_by_company/T2_BIOSYSTEMS_INC_2015Q4.txt
CLDX,2013Q4,-0.27,-1.04,/Users/vazea/Desktop/NNW/transcripts_by_company/CELLDEX_THERAPEUTICS_INC_2013Q4.txt
VOCS,2011Q1,0.17,0.15,/Users/vazea/Desktop/NNW/transcripts_by_company/VOCUS_INC_2011Q1.txt
CIEN,2021Q3,0.92,0.79,/Users/vazea/Desktop/NNW/transcripts_by_company/CIENA_CORP_2021Q3.txt
AMN,2021Q1,1.7,1.38,/Users/vazea/Desktop/NNW/transcripts_by_company/AMN_HEALTHCARE_SERVICES_INC_2021Q1.txt
ROP,2009Q3,0.63,0.64,/Users/vazea/Desktop/NNW/transcripts_by_company/ROPER_TECHNOLOGIES_INC_2009Q3.txt
ETR,2007Q1,1.02,1.05,/Users/vazea/Desktop/NNW/transcripts_by_company/ENTERGY_CORP_2007Q1.txt
DVD,2012Q4,-0.07,0.19,/Users/vazea/Desktop/NNW/transcripts_by_company/DOVER_MOTORSPORTS_INC_2012Q4.txt
RBC,2018Q3,1.67,1.61,/Users/vazea/Desktop/NNW/transcripts_by_company/REGAL_REXNORD_CORP_2018Q3.txt
UB,2008Q2,0.94,0.96,/Users/vazea/Desktop/NNW/transcripts_by_company/UNIONBANCAL_CORPORATION_2008Q2.txt
ALOY,2007Q4,-0.05,0.22,/Users/vazea/Desktop/NNW/transcripts_by_company/ALLOY_INC_2007Q4.txt
SUM,2016Q1,-0.42,-0.47,/Users/vazea/Desktop/NNW/transcripts_by_company/SUMMIT_MATERIALS_INC_2016Q1.txt
BWEN,2018Q4,-0.31,-1.01,/Users/vazea/Desktop/NNW/transcripts_by_company/BROADWIND_INC_2018Q4.txt
WDAY,2017Q4,0.07,0.03,/Users/vazea/Desktop/NNW/transcripts_by_company/WORKDAY_INC_2017Q4.txt
ADBE,2017Q1,0.94,0.87,/Users/vazea/Desktop/NNW/transcripts_by_company/ADOBE_INC_2017Q1.txt
BRC,2007Q4,0.48,2.1,/Users/vazea/Desktop/NNW/transcripts_by_company/BRADY_CORP_2007Q4.txt
PRTH,2023Q2,-0.16,-0.1,/Users/vazea/Desktop/NNW/transcripts_by_company/PRIORITY_TECHNOLOGY_HOLDINGS_INC_2023Q2.txt
CNK,2019Q2,0.86,0.83,/Users/vazea/Desktop/NNW/transcripts_by_company/CINEMARK_HOLDINGS_INC_2019Q2.txt
BIOS,2006Q3,-0.09,-0.06,/Users/vazea/Desktop/NNW/transcripts_by_company/BIOSCRIP_INC_2006Q3.txt
HWCC,2016Q2,-0.04,0.01,/Users/vazea/Desktop/NNW/transcripts_by_company/HOUSTON_WIRE_CABLE_CO_2016Q2.txt
AXE,2012Q3,1.41,1.44,/Users/vazea/Desktop/NNW/transcripts_by_company/ANIXTER_INTERNATIONAL_INC_2012Q3.txt
NXTM,2010Q4,-0.13,-0.67,/Users/vazea/Desktop/NNW/transcripts_by_company/NXSTAGE_MEDICAL_INC_2010Q4.txt
ABG,2004Q2,0.47,0.5,/Users/vazea/Desktop/NNW/transcripts_by_company/ASBURY_AUTOMOTIVE_GROUP_INC_2004Q2.txt
ICL,2018Q1,0.08,0.08,/Users/vazea/Desktop/NNW/transcripts_by_company/ICL_GROUP_LTD_2018Q1.txt
TSN,2017Q1,1.59,1.22,/Users/vazea/Desktop/NNW/transcripts_by_company/TYSON_FOODS_INC_2017Q1.txt
WRK,2016Q4,0.71,5.1,/Users/vazea/Desktop/NNW/transcripts_by_company/WESTROCK_CO_2016Q4.txt
ARGX,2017Q4,-0.41,-1.21,/Users/vazea/Desktop/NNW/transcripts_by_company/ARGENX_SE_2017Q4.txt
X,2012Q1,0.67,0.41,/Users/vazea/Desktop/NNW/transcripts_by_company/UNITED_STATES_STEEL_CORP_2012Q1.txt
OXFD,2016Q4,-0.22,-1.16,/Users/vazea/Desktop/NNW/transcripts_by_company/OXFORD_IMMUNOTEC_GLOBAL_PLC_2016Q4.txt
KOP,2010Q4,0.38,2.32,/Users/vazea/Desktop/NNW/transcripts_by_company/KOPPERS_HOLDINGS_INC_2010Q4.txt
MCD,2011Q4,1.33,5.23,/Users/vazea/Desktop/NNW/transcripts_by_company/MCDONALDS_CORP_2011Q4.txt
KO,2023Q1,0.68,0.65,/Users/vazea/Desktop/NNW/transcripts_by_company/COCACOLA_CO_2023Q1.txt
ALSN,2022Q4,1.52,5.26,/Users/vazea/Desktop/NNW/transcripts_by_company/ALLISON_TRANSMISSION_HOLDINGS_IN_2022Q4.txt
TRP,2014Q1,0.6,0.59,/Users/vazea/Desktop/NNW/transcripts_by_company/TC_ENERGY_CORP_2014Q1.txt
HSKA,2017Q3,0.4,0.41,/Users/vazea/Desktop/NNW/transcripts_by_company/HESKA_CORP_2017Q3.txt
TSCO,2009Q2,1.5,1.25,/Users/vazea/Desktop/NNW/transcripts_by_company/TRACTOR_SUPPLY_CO_2009Q2.txt
PAYX,2018Q4,0.61,2.55,/Users/vazea/Desktop/NNW/transcripts_by_company/PAYCHEX_INC_2018Q4.txt
GILD,2018Q3,1.84,1.59,/Users/vazea/Desktop/NNW/transcripts_by_company/GILEAD_SCIENCES_INC_2018Q3.txt
ECOR,2020Q2,-0.13,-0.2,/Users/vazea/Desktop/NNW/transcripts_by_company/ELECTROCORE_INC_2020Q2.txt
SPH,2004Q1,0.71,0.93,/Users/vazea/Desktop/NNW/transcripts_by_company/SUBURBAN_PROPANE_PARTNERS_LP_2004Q1.txt
ITW,2018Q4,1.83,7.6,/Users/vazea/Desktop/NNW/transcripts_by_company/ILLINOIS_TOOL_WORKS_INC_2018Q4.txt
XNPT,2012Q4,-0.38,-1.35,/Users/vazea/Desktop/NNW/transcripts_by_company/XENOPORT_INC_2012Q4.txt
ABC,2014Q1,0.8,0.79,/Users/vazea/Desktop/NNW/transcripts_by_company/CENCORA_INC_2014Q1.txt
CSCO,2010Q4,0.43,1.59,/Users/vazea/Desktop/NNW/transcripts_by_company/CISCO_SYSTEMS_INC_2010Q4.txt
ARLP,2017Q4,0.55,3.0,/Users/vazea/Desktop/NNW/transcripts_by_company/ALLIANCE_RESOURCE_PARTNERS_LP_2017Q4.txt
CBOU,2008Q2,-0.13,-0.25,/Users/vazea/Desktop/NNW/transcripts_by_company/CARIBOU_COFFEE_CO_INC_2008Q2.txt
RELI,2022Q2,-0.1,-0.1,/Users/vazea/Desktop/NNW/transcripts_by_company/RELIANCE_GLOBAL_GROUP_INC_2022Q2.txt
CTSH,2006Q3,0.4,0.38,/Users/vazea/Desktop/NNW/transcripts_by_company/COGNIZANT_TECHNOLOGY_SOLUTIONS_C_2006Q3.txt
FISV,2008Q3,0.81,0.83,/Users/vazea/Desktop/NNW/transcripts_by_company/FISERV_INC_2008Q3.txt
BKFS,2016Q2,0.29,0.28,/Users/vazea/Desktop/NNW/transcripts_by_company/BLACK_KNIGHT_FINANCIAL_SERVICES_2016Q2.txt
DOV,2006Q4,0.76,2.9,/Users/vazea/Desktop/NNW/transcripts_by_company/DOVER_CORP_2006Q4.txt
HPE,2016Q3,0.49,0.45,/Users/vazea/Desktop/NNW/transcripts_by_company/HEWLETT_PACKARD_ENTERPRISE_CO_2016Q3.txt
WAGE,2017Q1,0.46,0.43,/Users/vazea/Desktop/NNW/transcripts_by_company/WAGEWORKS_INC_2017Q1.txt
AOS,2010Q3,0.6933,0.92,/Users/vazea/Desktop/NNW/transcripts_by_company/A_O_SMITH_CORP_2010Q3.txt
SDBT,2013Q1,-0.03,-0.08,/Users/vazea/Desktop/NNW/transcripts_by_company/SOUNDBITE_COMMUNICATIONS_INC_2013Q1.txt
LOCO,2021Q4,0.17,0.83,/Users/vazea/Desktop/NNW/transcripts_by_company/EL_POLLO_LOCO_HOLDINGS_INC_2021Q4.txt
EIX,2013Q1,0.77,0.66,/Users/vazea/Desktop/NNW/transcripts_by_company/EDISON_INTERNATIONAL_2013Q1.txt
RSVR,2024Q2,0.05,0.0,/Users/vazea/Desktop/NNW/transcripts_by_company/RESERVOIR_MEDIA_INC_2024Q2.txt
KEYN,2003Q3,-0.06,-0.1,/Users/vazea/Desktop/NNW/transcripts_by_company/KEYNOTE_SYSTEMS_INC_2003Q3.txt
AMG,2008Q3,1.31,1.37,/Users/vazea/Desktop/NNW/transcripts_by_company/AFFILIATED_MANAGERS_GROUP_INC_2008Q3.txt
KMB,2019Q1,1.66,1.55,/Users/vazea/Desktop/NNW/transcripts_by_company/KIMBERLYCLARK_CORP_2019Q1.txt
CACH,2014Q2,-0.33,-0.22,/Users/vazea/Desktop/NNW/transcripts_by_company/CACHE_INC_2014Q2.txt
RBS,2012Q4,,27.97,/Users/vazea/Desktop/NNW/transcripts_by_company/ROYAL_BANK_OF_SCOTLAND_GROUP_PLC_2012Q4.txt
CNK,2013Q3,0.69,0.53,/Users/vazea/Desktop/NNW/transcripts_by_company/CINEMARK_HOLDINGS_INC_2013Q3.txt
ALOG,2017Q4,0.42,2.92,/Users/vazea/Desktop/NNW/transcripts_by_company/ANALOGIC_CORP_2017Q4.txt
MMM,2018Q1,2.5,2.54,/Users/vazea/Desktop/NNW/transcripts_by_company/3M_CO_2018Q1.txt
CNXT,2007Q4,-0.04,-0.09,/Users/vazea/Desktop/NNW/transcripts_by_company/CONEXANT_SYSTEMS_INCWI_2007Q4.txt
MDLZ,2020Q1,0.69,0.66,/Users/vazea/Desktop/NNW/transcripts_by_company/MONDELEZ_INTERNATIONAL_INC_2020Q1.txt
XENE,2016Q3,-0.51,-0.42,/Users/vazea/Desktop/NNW/transcripts_by_company/XENON_PHARMACEUTICALS_INC_2016Q3.txt
WINS,2006Q1,0.06,0.05,/Users/vazea/Desktop/NNW/transcripts_by_company/SMA_2006Q1.txt
STON,2009Q1,-0.07,0.05,/Users/vazea/Desktop/NNW/transcripts_by_company/STONEMOR_PARTNERS_LP_2009Q1.txt
CATY,2023Q3,1.13,1.1,/Users/vazea/Desktop/NNW/transcripts_by_company/CATHAY_GENERAL_BANCORP_2023Q3.txt
RMBS,2020Q1,0.32,0.23,/Users/vazea/Desktop/NNW/transcripts_by_company/RAMBUS_INC_2020Q1.txt
PER,2003Q4,0.14,0.54,/Users/vazea/Desktop/NNW/transcripts_by_company/PEROT_SYSTEMS_CORPORATION_2003Q4.txt
INVE,2013Q4,0.03,-0.15,/Users/vazea/Desktop/NNW/transcripts_by_company/IDENTIVE_GROUP_INC_2013Q4.txt
IVZ,2009Q3,0.24,0.22,/Users/vazea/Desktop/NNW/transcripts_by_company/INVESCO_LTD_2009Q3.txt
VSAT,2015Q2,0.68,0.15,/Users/vazea/Desktop/NNW/transcripts_by_company/VIASAT_INC_2015Q2.txt
TMRK,2008Q4,-0.05,-0.7,/Users/vazea/Desktop/NNW/transcripts_by_company/TERREMARK_WORLDWIDE_INC_2008Q4.txt
ZRAN,2002Q1,0.12,0.1,/Users/vazea/Desktop/NNW/transcripts_by_company/ZORAN_CORPORATION_2002Q1.txt
SSNI,2016Q2,0.02,-0.05,/Users/vazea/Desktop/NNW/transcripts_by_company/SILVER_SPRING_NETWORKS_INC_2016Q2.txt
CTB,2004Q1,0.32,0.26,/Users/vazea/Desktop/NNW/transcripts_by_company/COOPER_TIRE_RUBBER_CO_2004Q1.txt
SASR,2012Q4,0.4,1.49,/Users/vazea/Desktop/NNW/transcripts_by_company/SANDY_SPRING_BANCORP_INC_2012Q4.txt
FTR,2013Q4,0.07,0.23,/Users/vazea/Desktop/NNW/transcripts_by_company/FRONTIER_COMMUNICATIONS_CORP_2013Q4.txt
ZION,2022Q3,1.4,1.6,/Users/vazea/Desktop/NNW/transcripts_by_company/ZIONS_BANCORPORATION_NA_2022Q3.txt
LBY,2003Q4,0.52,2.11,/Users/vazea/Desktop/NNW/transcripts_by_company/LIBBEY_INC_2003Q4.txt
CALX,2015Q1,-0.07,-0.06,/Users/vazea/Desktop/NNW/transcripts_by_company/CALIX_INC_2015Q1.txt
BLI,2020Q4,-0.19,-1.29,/Users/vazea/Desktop/NNW/transcripts_by_company/PHENOMEX_INC_2020Q4.txt
NAPS,2006Q4,-0.17,-1.54,/Users/vazea/Desktop/NNW/transcripts_by_company/NAPSTER_INC_2006Q4.txt
HCSG,2021Q2,0.13,0.29,/Users/vazea/Desktop/NNW/transcripts_by_company/HEALTHCARE_SERVICES_GROUP_INC_2021Q2.txt
ATRC,2019Q3,-0.25,-0.29,/Users/vazea/Desktop/NNW/transcripts_by_company/ATRICURE_INC_2019Q3.txt
FSLR,2014Q2,0.04,0.3,/Users/vazea/Desktop/NNW/transcripts_by_company/FIRST_SOLAR_INC_2014Q2.txt
CPF,2017Q2,0.42,0.4,/Users/vazea/Desktop/NNW/transcripts_by_company/CENTRAL_PACIFIC_FINANCIAL_CORP_2017Q2.txt
MGP,2020Q1,-0.39,0.27,/Users/vazea/Desktop/NNW/transcripts_by_company/MGM_GROWTH_PROPERTIES_LLC_2020Q1.txt
ARDX,2018Q2,-0.42,-0.45,/Users/vazea/Desktop/NNW/transcripts_by_company/ARDELYX_INC_2018Q2.txt
HAL,2006Q4,0.62,2.13,/Users/vazea/Desktop/NNW/transcripts_by_company/HALLIBURTON_CO_2006Q4.txt
WU,2009Q3,0.33,0.32,/Users/vazea/Desktop/NNW/transcripts_by_company/WESTERN_UNION_CO_2009Q3.txt
PDLI,2008Q4,0.34,0.55,/Users/vazea/Desktop/NNW/transcripts_by_company/PDL_BIOPHARMA_INC_2008Q4.txt
ILMN,2006Q3,0.32,0.16,/Users/vazea/Desktop/NNW/transcripts_by_company/ILLUMINA_INC_2006Q3.txt
UNT,2012Q3,0.97,0.96,/Users/vazea/Desktop/NNW/transcripts_by_company/UNIT_CORPORATION_2012Q3.txt
NVTS,2022Q4,-0.06,-0.3,/Users/vazea/Desktop/NNW/transcripts_by_company/NAVITAS_SEMICONDUCTOR_CORP_2022Q4.txt
PWER,2005Q4,0.0,-0.15,/Users/vazea/Desktop/NNW/transcripts_by_company/POWERONE_INC_2005Q4.txt
GPS,2003Q1,0.04,-0.04,/Users/vazea/Desktop/NNW/transcripts_by_company/GAP_INC_2003Q1.txt
SNV,2014Q3,0.37,0.37,/Users/vazea/Desktop/NNW/transcripts_by_company/SYNOVUS_FINANCIAL_CORP_2014Q3.txt
TU,2019Q3,0.76,0.76,/Users/vazea/Desktop/NNW/transcripts_by_company/TELUS_CORP_2019Q3.txt
DDD,2012Q4,0.26,1.22,/Users/vazea/Desktop/NNW/transcripts_by_company/3D_SYSTEMS_CORP_2012Q4.txt
CACH,2004Q2,0.27,0.4,/Users/vazea/Desktop/NNW/transcripts_by_company/CACHE_INC_2004Q2.txt
FLWS,2022Q4,-0.34,0.56,/Users/vazea/Desktop/NNW/transcripts_by_company/1800FLOWERSCOM_INC_2022Q4.txt
CHKE,2015Q1,0.43,0.27,/Users/vazea/Desktop/NNW/transcripts_by_company/CHEROKEE_INC_2015Q1.txt
MMS,2011Q3,0.56,1.03,/Users/vazea/Desktop/NNW/transcripts_by_company/MAXIMUS_INC_2011Q3.txt
LXP,2020Q3,0.15,0.04,/Users/vazea/Desktop/NNW/transcripts_by_company/LXP_INDUSTRIAL_TRUST_2020Q3.txt
MIME,2019Q2,0.06,0.03,/Users/vazea/Desktop/NNW/transcripts_by_company/MIMECAST_LTD_2019Q2.txt
PUBM,2022Q2,0.14,0.08,/Users/vazea/Desktop/NNW/transcripts_by_company/PUBMATIC_INC_2022Q2.txt
TTEC,2006Q4,0.25,0.58,/Users/vazea/Desktop/NNW/transcripts_by_company/TELETECH_HOLDINGS_INC_2006Q4.txt
HOV,2011Q4,-0.9,-2.3,/Users/vazea/Desktop/NNW/transcripts_by_company/HOVNANIAN_ENTERPRISES_INC_2011Q4.txt
IEX,2006Q3,0.62,0.61,/Users/vazea/Desktop/NNW/transcripts_by_company/IDEX_CORP_2006Q3.txt
NWY,2008Q1,0.06,0.13,/Users/vazea/Desktop/NNW/transcripts_by_company/NEW_YORK_CO_INC_2008Q1.txt
GOGL,2020Q3,0.25,0.17,/Users/vazea/Desktop/NNW/transcripts_by_company/GOLDEN_OCEAN_GROUP_LTD_2020Q3.txt
NWN,2022Q1,1.8,1.96,/Users/vazea/Desktop/NNW/transcripts_by_company/NORTHWEST_NATURAL_HOLDING_CO_2022Q1.txt
RELY,2023Q1,-0.16,-0.18,/Users/vazea/Desktop/NNW/transcripts_by_company/REMITLY_GLOBAL_INC_2023Q1.txt
UTHR,2020Q2,2.41,2.7,/Users/vazea/Desktop/NNW/transcripts_by_company/UNITED_THERAPEUTICS_CORP_2020Q2.txt
UBNT,2012Q2,0.27,0.25,/Users/vazea/Desktop/NNW/transcripts_by_company/UBIQUITI_NETWORKS_INC_2012Q2.txt
LHDX,2021Q1,-0.54,-0.36,/Users/vazea/Desktop/NNW/transcripts_by_company/LUCIRA_HEALTH_INC_2021Q1.txt
MGIC,2006Q4,-0.11,0.01,/Users/vazea/Desktop/NNW/transcripts_by_company/MAGIC_SOFTWARE_ENTERPRISES_LTD_2006Q4.txt
FMBI,2012Q4,0.13,-0.27,/Users/vazea/Desktop/NNW/transcripts_by_company/FIRST_MIDWEST_BANCORP_INC_2012Q4.txt
LFUS,2007Q1,0.4,0.34,/Users/vazea/Desktop/NNW/transcripts_by_company/LITTELFUSE_INC_2007Q1.txt
RADN,2005Q3,0.16,0.12,/Users/vazea/Desktop/NNW/transcripts_by_company/RADYNE_CORP_2005Q3.txt
MHO,2012Q1,-0.17,-0.28,/Users/vazea/Desktop/NNW/transcripts_by_company/MI_HOMES_INC_2012Q1.txt
ADCT,2002Q2,-0.06,-0.04,/Users/vazea/Desktop/NNW/transcripts_by_company/ADC_TELECOM_2002Q2.txt
CPG,2017Q4,-0.1,-0.07,/Users/vazea/Desktop/NNW/transcripts_by_company/VEREN_INC_2017Q4.txt
ATI,2002Q1,-0.14,-0.1,/Users/vazea/Desktop/NNW/transcripts_by_company/ATI_INC_2002Q1.txt
SMTX,2004Q4,-0.17,0.04,/Users/vazea/Desktop/NNW/transcripts_by_company/SMTC_CORP_2004Q4.txt
XRTX,2007Q3,0.25,0.24,/Users/vazea/Desktop/NNW/transcripts_by_company/XYRATEX_LTD_2007Q3.txt
ACIA,2018Q3,0.42,0.17,/Users/vazea/Desktop/NNW/transcripts_by_company/ACACIA_COMMUNICATIONS_INC_2018Q3.txt
MRAM,2021Q1,0.01,-0.04,/Users/vazea/Desktop/NNW/transcripts_by_company/EVERSPIN_TECHNOLOGIES_INC_2021Q1.txt
MMYT,2018Q1,-0.7,-0.5,/Users/vazea/Desktop/NNW/transcripts_by_company/MAKEMYTRIP_LTD_2018Q1.txt
LIQT,2023Q2,-0.27,-0.24,/Users/vazea/Desktop/NNW/transcripts_by_company/LIQTECH_INTERNATIONAL_INC_2023Q2.txt
PACR,2008Q3,0.49,0.42,/Users/vazea/Desktop/NNW/transcripts_by_company/PACER_INTERNATIONAL_INC_2008Q3.txt
TICC,2015Q3,0.18,0.18,/Users/vazea/Desktop/NNW/transcripts_by_company/TICC_CAPITAL_CORP_2015Q3.txt
GSIT,2010Q3,0.07,0.07,/Users/vazea/Desktop/NNW/transcripts_by_company/GSI_TECHNOLOGY_INC_2010Q3.txt
HD,2004Q1,0.39,0.37,/Users/vazea/Desktop/NNW/transcripts_by_company/HOME_DEPOT_INC_2004Q1.txt
JFIN,2020Q2,0.76,0.59,/Users/vazea/Desktop/NNW/transcripts_by_company/JIAYIN_GROUP_INC_2020Q2.txt
FSS,2017Q3,0.24,0.21,/Users/vazea/Desktop/NNW/transcripts_by_company/FEDERAL_SIGNAL_CORP_2017Q3.txt
XXIA,2014Q3,0.09,0.07,/Users/vazea/Desktop/NNW/transcripts_by_company/IXIA_INC_2014Q3.txt
LPSN,2008Q2,0.04,0.03,/Users/vazea/Desktop/NNW/transcripts_by_company/LIVEPERSON_INC_2008Q2.txt
TMDX,2021Q4,-0.46,-1.57,/Users/vazea/Desktop/NNW/transcripts_by_company/TRANSMEDICS_GROUP_INC_2021Q4.txt
NTRI,2005Q3,0.19,0.1,/Users/vazea/Desktop/NNW/transcripts_by_company/NUTRISYSTEM_INC_2005Q3.txt
ANET,2022Q3,1.25,1.04,/Users/vazea/Desktop/NNW/transcripts_by_company/ARISTA_NETWORKS_INC_2022Q3.txt
CRM,2016Q3,0.21,0.19,/Users/vazea/Desktop/NNW/transcripts_by_company/SALESFORCE_INC_2016Q3_1.txt
INCY,2016Q3,0.19,-0.03,/Users/vazea/Desktop/NNW/transcripts_by_company/INCYTE_CORP_2016Q3.txt
ACN,2011Q3,0.93,0.9,/Users/vazea/Desktop/NNW/transcripts_by_company/ACCENTURE_PLC_2011Q3.txt
RCEL,2021Q3,-0.26,-0.33,/Users/vazea/Desktop/NNW/transcripts_by_company/AVITA_MEDICAL_INC_2021Q3.txt
QADA,2019Q3,0.25,0.14,/Users/vazea/Desktop/NNW/transcripts_by_company/QAD_INC_2019Q3.txt
CONN,2019Q2,0.57,0.44,/Users/vazea/Desktop/NNW/transcripts_by_company/CONNS_INC_2019Q2.txt
ORCL,2015Q2,0.69,0.68,/Users/vazea/Desktop/NNW/transcripts_by_company/ORACLE_CORP_2015Q2.txt
BBBY,2003Q4,0.35,0.98,/Users/vazea/Desktop/NNW/transcripts_by_company/BED_BATH_BEYOND_INC_2003Q4.txt
AEMD,2022Q2,-0.13,-0.16,/Users/vazea/Desktop/NNW/transcripts_by_company/AETHLON_MEDICAL_INC_2022Q2.txt
MMM,2006Q4,1.1,4.54,/Users/vazea/Desktop/NNW/transcripts_by_company/3M_CO_2006Q4.txt
STFC,2005Q2,0.94,0.64,/Users/vazea/Desktop/NNW/transcripts_by_company/STATE_AUTO_FINANCIAL_CORP_2005Q2.txt
SALM,2011Q2,0.04,0.09,/Users/vazea/Desktop/NNW/transcripts_by_company/SALEM_MEDIA_GROUP_INC_2011Q2.txt
RIG,2004Q2,0.08,0.1,/Users/vazea/Desktop/NNW/transcripts_by_company/TRANSOCEAN_INC_2004Q2.txt
PFPT,2015Q2,-0.09,-0.09,/Users/vazea/Desktop/NNW/transcripts_by_company/PROOFPOINT_INC_2015Q2.txt
EBAY,2012Q1,0.55,0.51,/Users/vazea/Desktop/NNW/transcripts_by_company/EBAY_INC_2012Q1.txt
HMLP,2017Q3,0.07,0.39,/Users/vazea/Desktop/NNW/transcripts_by_company/HOEGH_LNG_PARTNERS_LP_2017Q3.txt
UROV,2021Q1,-0.99,-1.18,/Users/vazea/Desktop/NNW/transcripts_by_company/UROVANT_SCIENCES_LTD_2021Q1.txt
DE,2009Q2,1.11,1.13,/Users/vazea/Desktop/NNW/transcripts_by_company/DEERE_CO_2009Q2.txt
FLDR,2009Q2,0.09,0.1,/Users/vazea/Desktop/NNW/transcripts_by_company/FLANDERS_CORPORATION_2009Q2.txt
SYRS,2021Q1,-0.23,-0.37,/Users/vazea/Desktop/NNW/transcripts_by_company/SYROS_PHARMACEUTICALS_INC_2021Q1.txt
NEWR,2019Q2,0.2,0.12,/Users/vazea/Desktop/NNW/transcripts_by_company/NEW_RELIC_INC_2019Q2.txt
LM,2014Q1,0.38,0.51,/Users/vazea/Desktop/NNW/transcripts_by_company/LEGG_MASON_INC_2014Q1.txt
RCL,2018Q4,1.53,8.83,/Users/vazea/Desktop/NNW/transcripts_by_company/ROYAL_CARIBBEAN_CRUISES_LTD_2018Q4.txt
AX,2020Q4,0.75,2.87,/Users/vazea/Desktop/NNW/transcripts_by_company/AXOS_FINANCIAL_INC_2020Q4.txt
UAL,2013Q1,-0.98,-0.79,/Users/vazea/Desktop/NNW/transcripts_by_company/UNITED_AIRLINES_HOLDINGS_INC_2013Q1.txt
ACLS,2014Q2,-0.06,-0.01,/Users/vazea/Desktop/NNW/transcripts_by_company/AXCELIS_TECHNOLOGIES_INC_2014Q2.txt
BMRN,2003Q4,-0.4,-1.21,/Users/vazea/Desktop/NNW/transcripts_by_company/BIOMARIN_PHARMACEUTICAL_INC_2003Q4.txt
VITL,2004Q2,0.42,0.47,/Users/vazea/Desktop/NNW/transcripts_by_company/VITAL_SIGNS_INC_2004Q2.txt
NSC,2018Q1,1.93,1.87,/Users/vazea/Desktop/NNW/transcripts_by_company/NORFOLK_SOUTHERN_CORP_2018Q1.txt
IMBI,2023Q3,-0.72,-0.32,/Users/vazea/Desktop/NNW/transcripts_by_company/IMEDIA_BRANDS_INC_2023Q3.txt
ARW,2007Q3,0.76,0.79,/Users/vazea/Desktop/NNW/transcripts_by_company/ARROW_ELECTRONICS_INC_2007Q3.txt
PRIM,2018Q2,0.31,0.34,/Users/vazea/Desktop/NNW/transcripts_by_company/PRIMORIS_SERVICES_CORP_2018Q2.txt
ATHX,2012Q2,-0.13,-0.13,/Users/vazea/Desktop/NNW/transcripts_by_company/ATHERSYS_INC_2012Q2.txt
CLDT,2022Q3,0.21,0.06,/Users/vazea/Desktop/NNW/transcripts_by_company/CHATHAM_LODGING_TRUST_2022Q3.txt
VBLT,2018Q3,-0.15,-0.12,/Users/vazea/Desktop/NNW/transcripts_by_company/VASCULAR_BIOGENICS_LTD_2018Q3.txt
BEP,2017Q3,-0.14,-0.14,/Users/vazea/Desktop/NNW/transcripts_by_company/BROOKFIELD_RENEWABLE_PARTNERS_LP_2017Q3.txt
VG,2018Q3,0.09,0.08,/Users/vazea/Desktop/NNW/transcripts_by_company/VONAGE_HOLDINGS_CORP_2018Q3.txt
FAF,2020Q4,2.11,5.54,/Users/vazea/Desktop/NNW/transcripts_by_company/FIRST_AMERICAN_FINANCIAL_CORP_2020Q4.txt
GTS,2010Q3,0.58,0.52,/Users/vazea/Desktop/NNW/transcripts_by_company/TRIPLES_MANAGEMENT_CORP_2010Q3.txt
TAP,2023Q2,1.78,1.41,/Users/vazea/Desktop/NNW/transcripts_by_company/MOLSON_COORS_BEVERAGE_CO_2023Q2.txt
JOSB,2008Q1,0.45,0.4,/Users/vazea/Desktop/NNW/transcripts_by_company/JOS_A_BANK_CLOTHIERS_INC_2008Q1.txt
CHS,2012Q1,0.26,0.25,/Users/vazea/Desktop/NNW/transcripts_by_company/CHICOS_FAS_INC_2012Q1.txt
GWGH,2017Q2,-1.34,-0.29,/Users/vazea/Desktop/NNW/transcripts_by_company/GWG_HOLDINGS_INC_2017Q2.txt
PH,2016Q4,1.9,6.3,/Users/vazea/Desktop/NNW/transcripts_by_company/PARKERHANNIFIN_CORP_2016Q4.txt
PTLA,2013Q4,-0.63,-3.28,/Users/vazea/Desktop/NNW/transcripts_by_company/PORTOLA_PHARMACEUTICALS_INC_2013Q4.txt
TLS,2021Q2,0.04,0.01,/Users/vazea/Desktop/NNW/transcripts_by_company/TELOS_CORP_2021Q2.txt
CCMP,2017Q3,0.81,0.84,/Users/vazea/Desktop/NNW/transcripts_by_company/CABOT_MICROELECTRONICS_CORP_2017Q3.txt
TREX,2010Q4,0.23,-0.05,/Users/vazea/Desktop/NNW/transcripts_by_company/TREX_CO_INC_2010Q4.txt
UIS,2010Q1,-0.4,0.04,/Users/vazea/Desktop/NNW/transcripts_by_company/UNISYS_CORP_2010Q1.txt
TEVA,2022Q4,0.71,2.53,/Users/vazea/Desktop/NNW/transcripts_by_company/TEVA_PHARMACEUTICAL_INDUSTRIES_L_2022Q4.txt
KEYN,2012Q3,0.18,0.19,/Users/vazea/Desktop/NNW/transcripts_by_company/KEYNOTE_SYSTEMS_INC_2012Q3.txt
RGS,2015Q2,-0.16,-0.09,/Users/vazea/Desktop/NNW/transcripts_by_company/REGIS_CORP_2015Q2.txt
PJC,2008Q1,-0.22,0.67,/Users/vazea/Desktop/NNW/transcripts_by_company/PIPER_SANDLER_COMPANIES_2008Q1.txt
GGG,2005Q3,0.44,0.49,/Users/vazea/Desktop/NNW/transcripts_by_company/GRACO_INC_2005Q3.txt
PJC,2016Q3,1.37,0.93,/Users/vazea/Desktop/NNW/transcripts_by_company/PIPER_SANDLER_COMPANIES_2016Q3.txt
IPCC,2005Q1,0.77,0.77,/Users/vazea/Desktop/NNW/transcripts_by_company/INFINITY_PROPERTY_AND_CSLTY_CORP_2005Q1.txt
TEAM,2022Q2,0.5,0.38,/Users/vazea/Desktop/NNW/transcripts_by_company/ATLASSIAN_CORPORATION_PLC_2022Q2.txt
CHRW,2008Q3,0.54,0.53,/Users/vazea/Desktop/NNW/transcripts_by_company/CH_ROBINSON_WORLDWIDE_INC_2008Q3.txt
BIG,2014Q4,1.45,2.25,/Users/vazea/Desktop/NNW/transcripts_by_company/BIG_LOTS_INC_2014Q4.txt
SLCA,2018Q1,0.54,0.47,/Users/vazea/Desktop/NNW/transcripts_by_company/US_SILICA_HOLDINGS_INC_2018Q1.txt
ZUO,2021Q4,-0.02,-0.12,/Users/vazea/Desktop/NNW/transcripts_by_company/ZUORA_INC_2021Q4.txt
LOW,2004Q2,0.75,0.69,/Users/vazea/Desktop/NNW/transcripts_by_company/LOWES_COMPANIES_INC_2004Q2.txt
AER,2008Q4,-0.22,2.5,/Users/vazea/Desktop/NNW/transcripts_by_company/AERCAP_HOLDINGS_NV_2008Q4.txt
GIB,2017Q4,0.93,3.67,/Users/vazea/Desktop/NNW/transcripts_by_company/CGI_2017Q4.txt
LL,2011Q4,0.3,0.97,/Users/vazea/Desktop/NNW/transcripts_by_company/LL_FLOORING_HOLDINGS_INC_2011Q4.txt
AVID,2021Q2,0.25,0.23,/Users/vazea/Desktop/NNW/transcripts_by_company/AVID_TECHNOLOGY_INC_2021Q2.txt
CA,2017Q4,0.54,2.44,/Users/vazea/Desktop/NNW/transcripts_by_company/CA_INC_2017Q4.txt
ESLT,2003Q2,0.33,0.32,/Users/vazea/Desktop/NNW/transcripts_by_company/ELBIT_SYSTEMS_LTD_2003Q2.txt
RCI,2008Q2,0.56,0.52,/Users/vazea/Desktop/NNW/transcripts_by_company/ROGERS_COMMUNICATIONS_INC_2008Q2.txt
ALV,2002Q3,0.42,0.42,/Users/vazea/Desktop/NNW/transcripts_by_company/AUTOLIV_INC_2002Q3.txt
WBS,2015Q2,0.55,0.55,/Users/vazea/Desktop/NNW/transcripts_by_company/WEBSTER_FINANCIAL_CORP_2015Q2.txt
DELL,2024Q2,1.74,1.13,/Users/vazea/Desktop/NNW/transcripts_by_company/DELL_TECHNOLOGIES_INC_2024Q2.txt
IMMY,2014Q4,-0.3,-1.08,/Users/vazea/Desktop/NNW/transcripts_by_company/IMPRIMIS_PHARMACEUTICALS_INC_2014Q4.txt
ABC,2007Q2,0.68,0.67,/Users/vazea/Desktop/NNW/transcripts_by_company/CENCORA_INC_2007Q2.txt
RRGB,2015Q1,1.1,0.88,/Users/vazea/Desktop/NNW/transcripts_by_company/RED_ROBIN_GOURMET_BURGERS_INC_2015Q1.txt
MXIM,2014Q3,0.43,0.39,/Users/vazea/Desktop/NNW/transcripts_by_company/MAXIM_INTEGRATED_PRODUCTS_INC_2014Q3.txt
MSCC,2012Q3,0.55,0.53,/Users/vazea/Desktop/NNW/transcripts_by_company/MICROSEMI_CORPORATION_2012Q3.txt
JASO,2013Q4,0.16,-1.63,/Users/vazea/Desktop/NNW/transcripts_by_company/JA_SOLAR_HOLDINGS_CO_LTD_2013Q4.txt
DYAI,2022Q1,-0.09,-0.09,/Users/vazea/Desktop/NNW/transcripts_by_company/DYADIC_INTERNATIONAL_INC_2022Q1.txt
EXAR,2007Q3,0.1,0.09,/Users/vazea/Desktop/NNW/transcripts_by_company/EXAR_CORPORATION_2007Q3_1.txt
EQIX,2012Q1,0.71,0.49,/Users/vazea/Desktop/NNW/transcripts_by_company/EQUINIX_INC_2012Q1.txt
CALX,2010Q2,0.14,0.03,/Users/vazea/Desktop/NNW/transcripts_by_company/CALIX_INC_2010Q2.txt
OMER,2015Q3,-0.53,-0.46,/Users/vazea/Desktop/NNW/transcripts_by_company/OMEROS_CORP_2015Q3.txt
NVMI,2021Q4,1.08,3.8,/Users/vazea/Desktop/NNW/transcripts_by_company/NOVA_LTD_2021Q4.txt
RDFN,2019Q3,0.07,0.05,/Users/vazea/Desktop/NNW/transcripts_by_company/REDFIN_CORP_2019Q3.txt
SWI,2019Q2,0.2,0.19,/Users/vazea/Desktop/NNW/transcripts_by_company/SOLARWINDS_CORP_2019Q2.txt
LOGM,2016Q2,0.49,0.46,/Users/vazea/Desktop/NNW/transcripts_by_company/LOGMEIN_INC_2016Q2.txt
NKE,2013Q1,1.23,1.13,/Users/vazea/Desktop/NNW/transcripts_by_company/NIKE_INC_2013Q1.txt
KMDA,2014Q4,0.05,-0.3,/Users/vazea/Desktop/NNW/transcripts_by_company/KAMADA_LTD_2014Q4.txt
YI,2018Q4,,-3.58,/Users/vazea/Desktop/NNW/transcripts_by_company/111_INC_2018Q4.txt
SRI,2006Q3,0.19,0.06,/Users/vazea/Desktop/NNW/transcripts_by_company/STONERIDGE_INC_2006Q3.txt
SYNC,2013Q4,0.01,-0.06,/Users/vazea/Desktop/NNW/transcripts_by_company/SYNACOR_INC_2013Q4.txt
ALK,2008Q2,-0.39,-0.1,/Users/vazea/Desktop/NNW/transcripts_by_company/ALASKA_AIR_GROUP_INC_2008Q2.txt
BGFV,2015Q4,0.22,0.71,/Users/vazea/Desktop/NNW/transcripts_by_company/BIG_5_SPORTING_GOODS_CORP_2015Q4.txt
PEG,2009Q1,0.95,0.8,/Users/vazea/Desktop/NNW/transcripts_by_company/PUBLIC_SERVICE_ENTERPRISE_GROUP_2009Q1.txt
OCX,2019Q2,-0.1,-0.09,/Users/vazea/Desktop/NNW/transcripts_by_company/ONCOCYTE_CORP_2019Q2.txt
INSM,2012Q1,-0.28,-0.38,/Users/vazea/Desktop/NNW/transcripts_by_company/INSMED_INC_2012Q1.txt
DLTR,2022Q2,1.23,1.0,/Users/vazea/Desktop/NNW/transcripts_by_company/DOLLAR_TREE_INC_2022Q2.txt
RUTH,2012Q1,0.15,0.15,/Users/vazea/Desktop/NNW/transcripts_by_company/RUTHS_HOSPITALITY_GROUP_INC_2012Q1.txt
CERS,2015Q2,-0.17,-0.15,/Users/vazea/Desktop/NNW/transcripts_by_company/CERUS_CORP_2015Q2.txt
BG,2006Q3,1.55,1.43,/Users/vazea/Desktop/NNW/transcripts_by_company/BUNGE_LTD_2006Q3.txt
HZO,2018Q2,0.25,0.15,/Users/vazea/Desktop/NNW/transcripts_by_company/MARINEMAX_INC_2018Q2.txt
PHTN,2005Q4,-0.31,-1.29,/Users/vazea/Desktop/NNW/transcripts_by_company/PHOTON_DYNAMICS_INC_2005Q4.txt
UNFI,2016Q3,0.77,0.66,/Users/vazea/Desktop/NNW/transcripts_by_company/UNITED_NATURAL_FOODS_INC_2016Q3.txt
DOVR,2009Q1,-0.11,-0.08,/Users/vazea/Desktop/NNW/transcripts_by_company/DOVER_SADDLERY_INC_2009Q1.txt
KESAF,2015Q4,,0.06,/Users/vazea/Desktop/NNW/transcripts_by_company/DARTY_PLC_2015Q4.txt
AMT,2011Q2,0.29,0.23,/Users/vazea/Desktop/NNW/transcripts_by_company/AMERICAN_TOWER_CORP_CL_A_2011Q2.txt
TRK,2018Q4,-0.27,1.04,/Users/vazea/Desktop/NNW/transcripts_by_company/SPEEDWAY_MOTORSPORTS_2018Q4.txt
SATS,2012Q2,0.41,0.11,/Users/vazea/Desktop/NNW/transcripts_by_company/ECHOSTAR_CORP_2012Q2.txt
SPIR,2023Q1,-0.1,-0.11,/Users/vazea/Desktop/NNW/transcripts_by_company/SPIRE_GLOBAL_INC_2023Q1.txt
KOPN,2002Q1,-0.05,-0.08,/Users/vazea/Desktop/NNW/transcripts_by_company/KOPIN_CORP_2002Q1.txt
SNAP,2021Q2,0.1,-0.01,/Users/vazea/Desktop/NNW/transcripts_by_company/SNAP_INC_2021Q2.txt
STE,2017Q4,1.11,3.72,/Users/vazea/Desktop/NNW/transcripts_by_company/STERIS_PLC_2017Q4.txt
TXT,2019Q3,0.95,0.86,/Users/vazea/Desktop/NNW/transcripts_by_company/TEXTRON_INC_2019Q3.txt
PNTR,2018Q4,0.18,0.88,/Users/vazea/Desktop/NNW/transcripts_by_company/POINTER_TELOCATION_LTD_2018Q4.txt
XXIA,2008Q4,0.02,0.28,/Users/vazea/Desktop/NNW/transcripts_by_company/IXIA_INC_2008Q4.txt
WOR,2006Q2,0.4,0.36,/Users/vazea/Desktop/NNW/transcripts_by_company/WORTHINGTON_ENTERPRISES_INC_2006Q2.txt
MEAD,2005Q3,0.15,0.16,/Users/vazea/Desktop/NNW/transcripts_by_company/MEADE_INSTRUMENTS_CORP_2005Q3.txt
VVOS,2021Q1,-0.19,-0.15,/Users/vazea/Desktop/NNW/transcripts_by_company/VIVOS_THERAPEUTICS_INC_2021Q1.txt
CRUS,2017Q3,1.87,1.62,/Users/vazea/Desktop/NNW/transcripts_by_company/CIRRUS_LOGIC_INC_2017Q3.txt
CTAS,2011Q1,0.4,0.37,/Users/vazea/Desktop/NNW/transcripts_by_company/CINTAS_CORP_2011Q1.txt
CYTX,2008Q2,-0.33,-0.27,/Users/vazea/Desktop/NNW/transcripts_by_company/PLUS_THERAPEUTICS_INC_2008Q2.txt
MNTG,2003Q2,0.12,0.1,/Users/vazea/Desktop/NNW/transcripts_by_company/MTR_GAMING_GROUP_INC_2003Q2.txt
KR,2024Q2,0.96,0.92,/Users/vazea/Desktop/NNW/transcripts_by_company/KROGER_CO_2024Q2.txt
KBAY,2005Q2,0.19,0.19,/Users/vazea/Desktop/NNW/transcripts_by_company/KANBAY_INTERNATIONAL_INC_2005Q2.txt
FBP,2017Q2,0.13,0.11,/Users/vazea/Desktop/NNW/transcripts_by_company/FIRST_BANCORP_2017Q2.txt
SIGI,2002Q1,0.39,0.31,/Users/vazea/Desktop/NNW/transcripts_by_company/SELECTIVE_INSURANCE_GROUP_INC_2002Q1.txt
SIVB,2022Q1,7.92,5.87,/Users/vazea/Desktop/NNW/transcripts_by_company/SVB_FINANCIAL_GROUP_2022Q1.txt
BBBY,2021Q4,0.4,-1.09,/Users/vazea/Desktop/NNW/transcripts_by_company/BED_BATH_BEYOND_INC_2021Q4.txt
MUR,2023Q3,1.59,1.15,/Users/vazea/Desktop/NNW/transcripts_by_company/MURPHY_OIL_CORP_2023Q3.txt
DUK,2016Q3,1.68,1.51,/Users/vazea/Desktop/NNW/transcripts_by_company/DUKE_ENERGY_CORP_2016Q3.txt
TWKS,2023Q1,0.03,0.04,/Users/vazea/Desktop/NNW/transcripts_by_company/THOUGHTWORKS_HOLDING_INC_2023Q1.txt
SG,2022Q2,-0.36,-0.38,/Users/vazea/Desktop/NNW/transcripts_by_company/SWEETGREEN_INC_2022Q2.txt
TIF,2012Q4,1.39,3.63,/Users/vazea/Desktop/NNW/transcripts_by_company/TIFFANY_CO_2012Q4.txt
RTK,2008Q2,-0.14,-0.08,/Users/vazea/Desktop/NNW/transcripts_by_company/RENTECH_INCORPORATED_2008Q2.txt
EAT,2014Q3,0.84,0.83,/Users/vazea/Desktop/NNW/transcripts_by_company/BRINKER_INTERNATIONAL_INC_2014Q3.txt
IMN,2006Q1,0.61,0.52,/Users/vazea/Desktop/NNW/transcripts_by_company/IMATION_CORPORATION_2006Q1.txt
ACRX,2021Q4,-0.06,-0.31,/Users/vazea/Desktop/NNW/transcripts_by_company/ACELRX_PHARMACEUTICALS_INC_2021Q4.txt
SPLS,2009Q3,0.42,0.42,/Users/vazea/Desktop/NNW/transcripts_by_company/STAPLES_INC_2009Q3.txt
ILMN,2008Q1,0.26,0.24,/Users/vazea/Desktop/NNW/transcripts_by_company/ILLUMINA_INC_2008Q1.txt
TWST,2021Q1,-0.72,-0.73,/Users/vazea/Desktop/NNW/transcripts_by_company/TWIST_BIOSCIENCE_CORP_2021Q1.txt
NOW,2022Q2,1.62,1.54,/Users/vazea/Desktop/NNW/transcripts_by_company/SERVICENOW_INC_2022Q2.txt
NICE,2006Q3,0.31,0.29,/Users/vazea/Desktop/NNW/transcripts_by_company/NICE_LTD_2006Q3.txt
RAMP,2023Q3,0.28,0.26,/Users/vazea/Desktop/NNW/transcripts_by_company/LIVERAMP_HOLDINGS_INC_2023Q3.txt
NGD,2022Q4,-0.01,-0.05,/Users/vazea/Desktop/NNW/transcripts_by_company/NEW_GOLD_INC_2022Q4.txt
SMRT,2009Q4,-1.35,-0.76,/Users/vazea/Desktop/NNW/transcripts_by_company/STEIN_MART_INC_2009Q4.txt
MEND,2010Q4,0.13,0.71,/Users/vazea/Desktop/NNW/transcripts_by_company/MICRUS_ENDOVASCULAR_CORP_2010Q4.txt
AIT,2004Q1,0.25,0.23,/Users/vazea/Desktop/NNW/transcripts_by_company/APPLIED_INDUSTRIAL_TECHNOLOGIES_2004Q1.txt
SNX,2006Q4,0.48,1.59,/Users/vazea/Desktop/NNW/transcripts_by_company/TD_SYNNEX_CORP_2006Q4.txt
NTAP,2005Q2,0.16,0.14,/Users/vazea/Desktop/NNW/transcripts_by_company/NETWORK_APPLIANCE_INC_2005Q2_1.txt
FUN,2017Q4,1.02,3.0,/Users/vazea/Desktop/NNW/transcripts_by_company/CEDAR_FAIR_LP_2017Q4.txt
ACTG,2007Q4,-0.12,-0.24,/Users/vazea/Desktop/NNW/transcripts_by_company/ACACIA_RESEARCH_CORP_2007Q4.txt
VC,2014Q2,2.53,0.79,/Users/vazea/Desktop/NNW/transcripts_by_company/VISTEON_CORP_2014Q2.txt
ENDP,2016Q1,1.08,1.09,/Users/vazea/Desktop/NNW/transcripts_by_company/ENDO_INTERNATIONAL_PLC_2016Q1.txt
PSXP,2013Q3,0.17,0.23,/Users/vazea/Desktop/NNW/transcripts_by_company/PHILLIPS_66_PARTNERS_LP_2013Q3.txt
DFIN,2016Q4,0.13,1.76,/Users/vazea/Desktop/NNW/transcripts_by_company/DONNELLEY_FINANCIAL_SOLUTIONS_IN_2016Q4.txt
FRME,2010Q2,0.35,-0.03,/Users/vazea/Desktop/NNW/transcripts_by_company/FIRST_MERCHANTS_CORP_2010Q2.txt
BOOM,2009Q2,0.12,0.23,/Users/vazea/Desktop/NNW/transcripts_by_company/DYNAMIC_MATERIALS_CORP_2009Q2.txt
CVX,2014Q3,2.95,2.71,/Users/vazea/Desktop/NNW/transcripts_by_company/CHEVRON_CORP_2014Q3.txt
CELC,2020Q4,-0.21,-0.77,/Users/vazea/Desktop/NNW/transcripts_by_company/CELCUITY_INC_2020Q4.txt
FACE,2011Q3,-0.04,-0.04,/Users/vazea/Desktop/NNW/transcripts_by_company/PHYSICIANS_FORMULA_HOLDINGS_INC_2011Q3.txt
ATSI,2006Q2,-0.09,-0.05,/Users/vazea/Desktop/NNW/transcripts_by_company/ATS_MEDICAL_2006Q2.txt
FREY,2022Q1,-0.3,-0.14,/Users/vazea/Desktop/NNW/transcripts_by_company/FREYR_BATTERY_SA_2022Q1.txt
NOVL,2006Q3,0.05,0.03,/Users/vazea/Desktop/NNW/transcripts_by_company/NOVELL_INC_2006Q3.txt
AXL,2010Q1,0.22,0.22,/Users/vazea/Desktop/NNW/transcripts_by_company/AMERICAN_AXLE_MANUFACTURING_HO_2010Q1.txt
QCOM,2017Q1,1.19,1.17,/Users/vazea/Desktop/NNW/transcripts_by_company/QUALCOMM_INC_2017Q1.txt
VC,2013Q2,1.41,0.83,/Users/vazea/Desktop/NNW/transcripts_by_company/VISTEON_CORP_2013Q2.txt
AI,2019Q4,0.18,0.92,/Users/vazea/Desktop/NNW/transcripts_by_company/ARLINGTON_ASSET_INVESTMENT_CORP_2019Q4.txt
ITRN,2022Q2,0.43,0.47,/Users/vazea/Desktop/NNW/transcripts_by_company/ITURAN_LOCATION_AND_CONTROL_LTD_2022Q2.txt
LTRE,2010Q4,0.08,0.36,/Users/vazea/Desktop/NNW/transcripts_by_company/LEARNING_TREE_INTERNATIONAL_2010Q4.txt
PRCS,2005Q2,-0.81,-0.26,/Users/vazea/Desktop/NNW/transcripts_by_company/PRAECIS_PHARMACEUTICALS_INC_2005Q2.txt
BGS,2011Q2,0.26,0.25,/Users/vazea/Desktop/NNW/transcripts_by_company/BG_FOODS_INC_2011Q2.txt
AMAG,2019Q1,-1.15,-0.26,/Users/vazea/Desktop/NNW/transcripts_by_company/AMAG_PHARMACEUTICALS_INC_2019Q1.txt
NMRK,2019Q3,0.6,0.59,/Users/vazea/Desktop/NNW/transcripts_by_company/NEWMARK_GROUP_INC_2019Q3.txt
ITIG,2010Q1,0.05,0.08,/Users/vazea/Desktop/NNW/transcripts_by_company/INTELLIGROUP_INC_2010Q1.txt
PHLY,2004Q2,1.18,1.04,/Users/vazea/Desktop/NNW/transcripts_by_company/PHILADELPHIA_CONSOLIDATED_HOLDIN_2004Q2.txt
CTL,2012Q3,0.66,0.59,/Users/vazea/Desktop/NNW/transcripts_by_company/CENTURYLINK_INC_2012Q3.txt
ALKS,2011Q4,-0.14,-0.47,/Users/vazea/Desktop/NNW/transcripts_by_company/ALKERMES_INC_2011Q4.txt
JKS,2010Q4,2.36,5.36,/Users/vazea/Desktop/NNW/transcripts_by_company/JINKOSOLAR_HOLDING_CO_LTD_2010Q4.txt
ASML,2012Q1,0.89,0.86,/Users/vazea/Desktop/NNW/transcripts_by_company/ASML_HOLDING_NV_2012Q1.txt
OPXT,2012Q3,-0.24,-0.14,/Users/vazea/Desktop/NNW/transcripts_by_company/OPNEXT_INC_2012Q3.txt
BWA,2011Q2,1.12,0.96,/Users/vazea/Desktop/NNW/transcripts_by_company/BORGWARNER_INC_2011Q2.txt
HSII,2006Q1,0.3,0.4,/Users/vazea/Desktop/NNW/transcripts_by_company/HEIDRICK_STRUGGLES_INTERNATION_2006Q1.txt
SHSP,2020Q1,-0.07,-0.15,/Users/vazea/Desktop/NNW/transcripts_by_company/SHARPSPRING_INC_2020Q1.txt
AVX,2006Q4,0.16,0.43,/Users/vazea/Desktop/NNW/transcripts_by_company/AVX_CORP_2006Q4.txt
QNST,2011Q4,0.24,0.97,/Users/vazea/Desktop/NNW/transcripts_by_company/QUINSTREET_INC_2011Q4.txt
CTAS,2005Q1,0.42,0.42,/Users/vazea/Desktop/NNW/transcripts_by_company/CINTAS_CORP_2005Q1.txt
CTAS,2016Q4,1.08,4.03,/Users/vazea/Desktop/NNW/transcripts_by_company/CINTAS_CORP_2016Q4.txt
MANT,2013Q2,0.58,0.56,/Users/vazea/Desktop/NNW/transcripts_by_company/MANTECH_INTERNATIONAL_CORP_2013Q2.txt
KOS,2022Q4,0.23,1.05,/Users/vazea/Desktop/NNW/transcripts_by_company/KOSMOS_ENERGY_LTD_2022Q4.txt
IIIN,2014Q2,0.19,0.13,/Users/vazea/Desktop/NNW/transcripts_by_company/INSTEEL_INDUSTRIES_INC_2014Q2.txt
ENDP,2013Q3,1.34,1.09,/Users/vazea/Desktop/NNW/transcripts_by_company/ENDO_HEALTH_SOLUTIONS_INC_2013Q3.txt
NRG,2020Q4,-0.71,3.75,/Users/vazea/Desktop/NNW/transcripts_by_company/NRG_ENERGY_INC_2020Q4.txt
ARRS,2008Q2,0.15,0.16,/Users/vazea/Desktop/NNW/transcripts_by_company/ARRIS_GROUP_INC_2008Q2.txt
SVVS,2005Q1,-0.17,-0.27,/Users/vazea/Desktop/NNW/transcripts_by_company/SAVVIS_INC_2005Q1.txt
NSPH,2012Q3,-0.16,-0.16,/Users/vazea/Desktop/NNW/transcripts_by_company/NANOSPHERE_INC_2012Q3.txt
LNKD,2012Q1,0.15,0.08,/Users/vazea/Desktop/NNW/transcripts_by_company/LINKEDIN_CORP_2012Q1.txt
INAP,2014Q4,-0.1,-0.54,/Users/vazea/Desktop/NNW/transcripts_by_company/INTERNAP_CORP_2014Q4.txt
MIK,2004Q2,0.35,0.33,/Users/vazea/Desktop/NNW/transcripts_by_company/MICHAELS_STORES_INC_2004Q2.txt
CTG,2021Q2,0.13,0.12,/Users/vazea/Desktop/NNW/transcripts_by_company/COMPUTER_TASK_GROUP_INC_2021Q2.txt
MLM,2021Q3,4.25,4.34,/Users/vazea/Desktop/NNW/transcripts_by_company/MARTIN_MARIETTA_MATERIALS_INC_2021Q3.txt
V,2020Q1,1.46,1.46,/Users/vazea/Desktop/NNW/transcripts_by_company/VISA_INC_2020Q1_1.txt
QUOT,2022Q3,-0.07,0.04,/Users/vazea/Desktop/NNW/transcripts_by_company/QUOTIENT_TECHNOLOGY_INC_2022Q3.txt
VTAE,2015Q4,-0.52,-2.15,/Users/vazea/Desktop/NNW/transcripts_by_company/VITAE_PHARMACEUTICALS_INC_2015Q4.txt
CAKE,2002Q3,0.26,0.26,/Users/vazea/Desktop/NNW/transcripts_by_company/CHEESECAKE_FACTORY_INC_2002Q3.txt
SONS,2010Q4,0.04,-0.09,/Users/vazea/Desktop/NNW/transcripts_by_company/SONUS_NETWORKS_2010Q4.txt
ASGN,2012Q2,0.28,0.23,/Users/vazea/Desktop/NNW/transcripts_by_company/ON_ASSIGNMENT_INC_2012Q2.txt
XON,2014Q4,0.18,-1.18,/Users/vazea/Desktop/NNW/transcripts_by_company/INTREXON_CORP_2014Q4.txt
ASTE,2008Q2,0.93,0.96,/Users/vazea/Desktop/NNW/transcripts_by_company/ASTEC_INDUSTRIES_INC_2008Q2.txt
SAM,2014Q1,0.62,0.68,/Users/vazea/Desktop/NNW/transcripts_by_company/BOSTON_BEER_COMPANY_INC_2014Q1.txt
FNDT,2009Q2,0.11,0.08,/Users/vazea/Desktop/NNW/transcripts_by_company/FUNDTECH_LTD_2009Q2.txt
DSCI,2009Q1,-0.02,-0.01,/Users/vazea/Desktop/NNW/transcripts_by_company/DERMA_SCIENCES_INC_2009Q1.txt
STN,2018Q2,0.41,0.54,/Users/vazea/Desktop/NNW/transcripts_by_company/STANTEC_INC_2018Q2.txt
FC,2015Q3,0.13,0.12,/Users/vazea/Desktop/NNW/transcripts_by_company/FRANKLIN_COVEY_CO_2015Q3.txt
RTEC,2012Q1,0.09,0.12,/Users/vazea/Desktop/NNW/transcripts_by_company/RUDOLPH_TECHNOLOGIES_INC_2012Q1.txt
AXE,2011Q4,1.43,5.45,/Users/vazea/Desktop/NNW/transcripts_by_company/ANIXTER_INTERNATIONAL_INC_2011Q4.txt
TRS,2016Q4,0.3,1.26,/Users/vazea/Desktop/NNW/transcripts_by_company/TRIMAS_CORP_2016Q4.txt
USAT,2017Q3,0.0,0.0,/Users/vazea/Desktop/NNW/transcripts_by_company/USA_TECHNOLOGIES_INC_2017Q3.txt
GPN,2019Q4,1.62,6.17,/Users/vazea/Desktop/NNW/transcripts_by_company/GLOBAL_PAYMENTS_INC_2019Q4.txt
VECO,2005Q1,0.01,0.01,/Users/vazea/Desktop/NNW/transcripts_by_company/VEECO_INSTRUMENTS_INC_2005Q1.txt
KOOL,2010Q3,-0.02,0.0,/Users/vazea/Desktop/NNW/transcripts_by_company/THERMOGENESIS_CORP_2010Q3.txt
ADIC,2006Q2,0.04,0.04,/Users/vazea/Desktop/NNW/transcripts_by_company/ADVANCED_DIGITAL_INFO_CORP_2006Q2.txt
MANT,2012Q4,0.55,2.7,/Users/vazea/Desktop/NNW/transcripts_by_company/MANTECH_INTERNATIONAL_CORP_2012Q4.txt
OCX,2016Q4,-0.11,-0.43,/Users/vazea/Desktop/NNW/transcripts_by_company/ONCOCYTE_CORP_2016Q4.txt
APD,2006Q3,0.92,0.91,/Users/vazea/Desktop/NNW/transcripts_by_company/AIR_PRODUCTS_AND_CHEMICALS_INC_2006Q3.txt
ADBE,2018Q4,1.9,6.81,/Users/vazea/Desktop/NNW/transcripts_by_company/ADOBE_INC_2018Q4.txt
CAPL,2016Q3,0.06,0.14,/Users/vazea/Desktop/NNW/transcripts_by_company/CROSSAMERICA_PARTNERS_LP_2016Q3_1.txt
RBCN,2008Q1,0.1,0.09,/Users/vazea/Desktop/NNW/transcripts_by_company/RUBICON_TECHNOLOGY_INC_2008Q1.txt
CMA,2012Q3,0.61,0.64,/Users/vazea/Desktop/NNW/transcripts_by_company/COMERICA_INC_2012Q3.txt
FNKO,2023Q2,-0.43,-0.4,/Users/vazea/Desktop/NNW/transcripts_by_company/FUNKO_INC_2023Q2.txt
CYBX,2015Q2,0.63,0.57,/Users/vazea/Desktop/NNW/transcripts_by_company/CYBERONICS_INC_2015Q2.txt
BOFI,2017Q4,0.5,2.08,/Users/vazea/Desktop/NNW/transcripts_by_company/BOFI_HOLDING_INC_2017Q4.txt
DIS,2020Q3,0.08,-0.6,/Users/vazea/Desktop/NNW/transcripts_by_company/WALT_DISNEY_CO_2020Q3.txt
OMAB,2016Q3,0.552,0.55,/Users/vazea/Desktop/NNW/transcripts_by_company/GRUPO_AEROPORTUARIO_DEL_CENTRO_N_2016Q3.txt
COL,2012Q2,0.99,1.1,/Users/vazea/Desktop/NNW/transcripts_by_company/ROCKWELL_COLLINS_INC_2012Q2.txt
ENB,2008Q4,0.45,1.72,/Users/vazea/Desktop/NNW/transcripts_by_company/ENBRIDGE_INC_2008Q4.txt
AMBA,2018Q4,0.45,1.98,/Users/vazea/Desktop/NNW/transcripts_by_company/AMBARELLA_INC_2018Q4.txt
ADAP,2019Q4,-0.3,-1.35,/Users/vazea/Desktop/NNW/transcripts_by_company/ADAPTIMMUNE_THERAPEUTICS_PLC_2019Q4.txt
TNK,2008Q4,0.52,2.84,/Users/vazea/Desktop/NNW/transcripts_by_company/TEEKAY_TANKERS_LTD_2008Q4.txt
NM,2009Q4,0.11,0.62,/Users/vazea/Desktop/NNW/transcripts_by_company/NAVIOS_MARITIME_HOLDINGS_INC_2009Q4.txt
BDX,2005Q1,0.68,0.62,/Users/vazea/Desktop/NNW/transcripts_by_company/BECTON_DICKINSON_AND_CO_2005Q1.txt
LXK,2006Q1,1.03,0.68,/Users/vazea/Desktop/NNW/transcripts_by_company/LEXMARK_INTERNATIONAL_INC_2006Q1.txt
KO,2014Q4,0.44,2.03,/Users/vazea/Desktop/NNW/transcripts_by_company/COCACOLA_CO_2014Q4.txt
ZYXI,2020Q3,0.04,0.05,/Users/vazea/Desktop/NNW/transcripts_by_company/ZYNEX_INC_2020Q3.txt
CTHR,2007Q1,0.02,0.09,/Users/vazea/Desktop/NNW/transcripts_by_company/CHARLES_COLVARD_LTD_2007Q1.txt
UA,2015Q1,0.05,0.04,/Users/vazea/Desktop/NNW/transcripts_by_company/UNDER_ARMOUR_INC_2015Q1.txt
INFI,2008Q1,0.02,-0.39,/Users/vazea/Desktop/NNW/transcripts_by_company/INFINITY_PHARMACEUTICALS_INC_2008Q1.txt
NMM,2013Q3,0.19,0.14,/Users/vazea/Desktop/NNW/transcripts_by_company/NAVIOS_MARITIME_PARTNERS_LP_2013Q3.txt
DKS,2009Q1,0.17,0.18,/Users/vazea/Desktop/NNW/transcripts_by_company/DICKS_SPORTING_GOODS_INC_2009Q1.txt
DSX,2010Q2,0.42,0.41,/Users/vazea/Desktop/NNW/transcripts_by_company/DIANA_SHIPPING_INC_2010Q2.txt
DGII,2023Q1,0.48,0.42,/Users/vazea/Desktop/NNW/transcripts_by_company/DIGI_INTERNATIONAL_INC_2023Q1.txt
CLBT,2023Q2,0.05,0.03,/Users/vazea/Desktop/NNW/transcripts_by_company/CELLEBRITE_DI_LTD_2023Q2.txt
OSIR,2014Q2,-0.04,0.16,/Users/vazea/Desktop/NNW/transcripts_by_company/OSIRIS_THERAPEUTICS_INC_2014Q2.txt
CSCO,2010Q3,0.42,0.38,/Users/vazea/Desktop/NNW/transcripts_by_company/CISCO_SYSTEMS_INC_2010Q3.txt
ECOL,2013Q1,0.32,0.25,/Users/vazea/Desktop/NNW/transcripts_by_company/US_ECOLOGY_INC_2013Q1.txt
IDTI,2012Q4,0.05,0.32,/Users/vazea/Desktop/NNW/transcripts_by_company/INTEGRATED_DEVICE_TECHNOLOGY_INC_2012Q4.txt
BAX,2019Q1,0.76,0.68,/Users/vazea/Desktop/NNW/transcripts_by_company/BAXTER_INTERNATIONAL_INC_2019Q1.txt
PMCS,2006Q4,0.02,0.3,/Users/vazea/Desktop/NNW/transcripts_by_company/PMCSIERRA_INC_2006Q4.txt
LEN,2008Q4,-5.12,-2.25,/Users/vazea/Desktop/NNW/transcripts_by_company/LENNAR_CORP_2008Q4.txt
TEVA,2022Q3,0.59,0.61,/Users/vazea/Desktop/NNW/transcripts_by_company/TEVA_PHARMACEUTICAL_INDUSTRIES_L_2022Q3.txt
ARTX,2011Q2,-0.15,0.03,/Users/vazea/Desktop/NNW/transcripts_by_company/AROTECH_CORP_2011Q2.txt
SPGI,2018Q4,2.22,8.52,/Users/vazea/Desktop/NNW/transcripts_by_company/SP_GLOBAL_INC_2018Q4.txt
WNR,2015Q3,1.69,1.49,/Users/vazea/Desktop/NNW/transcripts_by_company/WESTERN_REFINING_INC_2015Q3.txt
PRSP,2019Q3,0.45,0.44,/Users/vazea/Desktop/NNW/transcripts_by_company/PERSPECTA_INC_2019Q3.txt
EXTR,2016Q2,0.09,0.09,/Users/vazea/Desktop/NNW/transcripts_by_company/EXTREME_NETWORKS_INC_2016Q2.txt
SIG,2006Q4,0.96,1.31,/Users/vazea/Desktop/NNW/transcripts_by_company/SIGNET_GROUP_PLC_2006Q4.txt
GERN,2006Q1,-0.14,-0.15,/Users/vazea/Desktop/NNW/transcripts_by_company/GERON_CORP_2006Q1.txt
CMI,2009Q3,0.56,0.37,/Users/vazea/Desktop/NNW/transcripts_by_company/CUMMINS_INC_2009Q3.txt
YRK,2005Q2,1.08,1.01,/Users/vazea/Desktop/NNW/transcripts_by_company/YORK_INTERNATIONAL_CORP_2005Q2.txt
LAD,2011Q2,0.54,0.34,/Users/vazea/Desktop/NNW/transcripts_by_company/LITHIA_MOTORS_INC_2011Q2.txt
ALNY,2011Q1,-0.38,-0.28,/Users/vazea/Desktop/NNW/transcripts_by_company/ALNYLAM_PHARMACEUTICALS_INC_2011Q1.txt
OIIM,2018Q2,0.06,-0.07,/Users/vazea/Desktop/NNW/transcripts_by_company/O2MICRO_INTERNATIONAL_LTD_2018Q2.txt
BRC,2002Q3,0.36,0.35,/Users/vazea/Desktop/NNW/transcripts_by_company/BRADY_CORP_2002Q3.txt
FUBO,2022Q1,-0.89,-0.68,/Users/vazea/Desktop/NNW/transcripts_by_company/FUBOTV_INC_2022Q1.txt
PLUS,2004Q3,0.26,0.26,/Users/vazea/Desktop/NNW/transcripts_by_company/EPLUS_INC_2004Q3.txt
HSII,2012Q2,0.11,0.34,/Users/vazea/Desktop/NNW/transcripts_by_company/HEIDRICK_STRUGGLES_INTERNATION_2012Q2.txt
FLEX,2007Q2,0.2,0.2,/Users/vazea/Desktop/NNW/transcripts_by_company/FLEX_LTD_2007Q2.txt
SAIA,2014Q4,0.49,1.96,/Users/vazea/Desktop/NNW/transcripts_by_company/SAIA_INC_2014Q4.txt
BLUE,2016Q1,-1.52,-1.29,/Users/vazea/Desktop/NNW/transcripts_by_company/BLUEBIRD_BIO_INC_2016Q1.txt
POWR,2012Q4,0.13,0.19,/Users/vazea/Desktop/NNW/transcripts_by_company/POWERSECURE_INTERNATIONAL_INC_2012Q4.txt
NYT,2008Q1,0.09,0.15,/Users/vazea/Desktop/NNW/transcripts_by_company/NEW_YORK_TIMES_CO_2008Q1.txt
XRTX,2011Q1,0.24,0.29,/Users/vazea/Desktop/NNW/transcripts_by_company/XYRATEX_LTD_2011Q1.txt
MBUU,2018Q3,0.89,0.7,/Users/vazea/Desktop/NNW/transcripts_by_company/MALIBU_BOATS_INC_2018Q3.txt
VST,2020Q4,-0.05,2.27,/Users/vazea/Desktop/NNW/transcripts_by_company/VISTRA_CORP_2020Q4.txt
ENB,2021Q1,0.81,0.7,/Users/vazea/Desktop/NNW/transcripts_by_company/ENBRIDGE_INC_2021Q1.txt
AKAM,2021Q1,1.38,1.3,/Users/vazea/Desktop/NNW/transcripts_by_company/AKAMAI_TECHNOLOGIES_INC_2021Q1.txt
RIGL,2022Q1,-0.16,-0.13,/Users/vazea/Desktop/NNW/transcripts_by_company/RIGEL_PHARMACEUTICALS_INC_2022Q1.txt
EGHT,2012Q2,0.01,0.03,/Users/vazea/Desktop/NNW/transcripts_by_company/8X8_INC_2012Q2.txt
OC,2021Q4,2.2,8.79,/Users/vazea/Desktop/NNW/transcripts_by_company/OWENS_CORNING_2021Q4.txt
PPL,2015Q4,0.43,2.2,/Users/vazea/Desktop/NNW/transcripts_by_company/PPL_CORP_2015Q4.txt
ANFI,2015Q2,0.29,0.35,/Users/vazea/Desktop/NNW/transcripts_by_company/AMIRA_NATURE_FOODS_LTD_2015Q2.txt
PAYC,2022Q2,1.26,1.12,/Users/vazea/Desktop/NNW/transcripts_by_company/PAYCOM_SOFTWARE_INC_2022Q2.txt
TZOO,2017Q2,0.05,0.04,/Users/vazea/Desktop/NNW/transcripts_by_company/TRAVELZOO_2017Q2.txt
ICL,2023Q2,0.13,0.22,/Users/vazea/Desktop/NNW/transcripts_by_company/ICL_GROUP_LTD_2023Q2.txt
OMCL,2013Q2,0.27,0.25,/Users/vazea/Desktop/NNW/transcripts_by_company/OMNICELL_INC_2013Q2.txt
TSQ,2014Q3,0.28,0.29,/Users/vazea/Desktop/NNW/transcripts_by_company/TOWNSQUARE_MEDIA_INC_2014Q3.txt
VRNT,2019Q1,0.53,0.5,/Users/vazea/Desktop/NNW/transcripts_by_company/VERINT_SYSTEMS_INC_2019Q1.txt
PWR,2004Q2,-0.03,0.03,/Users/vazea/Desktop/NNW/transcripts_by_company/QUANTA_SERVICES_INC_2004Q2.txt
MSFT,2006Q4,0.31,1.26,/Users/vazea/Desktop/NNW/transcripts_by_company/MICROSOFT_CORP_2006Q4.txt
TEVA,2019Q2,0.6,0.57,/Users/vazea/Desktop/NNW/transcripts_by_company/TEVA_PHARMACEUTICAL_INDUSTRIES_L_2019Q2.txt
KLDO,2020Q1,-0.64,-0.65,/Users/vazea/Desktop/NNW/transcripts_by_company/KALEIDO_BIOSCIENCES_INC_2020Q1.txt
ITOS,2021Q3,1.86,-0.18,/Users/vazea/Desktop/NNW/transcripts_by_company/ITEOS_THERAPEUTICS_INC_2021Q3.txt
PSXP,2015Q4,0.61,1.81,/Users/vazea/Desktop/NNW/transcripts_by_company/PHILLIPS_66_PARTNERS_LP_2015Q4.txt
FSLR,2012Q3,1.27,1.0,/Users/vazea/Desktop/NNW/transcripts_by_company/FIRST_SOLAR_INC_2012Q3.txt
ASML,2013Q4,1.47,2.88,/Users/vazea/Desktop/NNW/transcripts_by_company/ASML_HOLDING_NV_2013Q4.txt
ADS,2018Q2,5.01,4.48,/Users/vazea/Desktop/NNW/transcripts_by_company/BREAD_FINANCIAL_HOLDINGS_INC_2018Q2.txt
WFC,2007Q2,0.67,0.67,/Users/vazea/Desktop/NNW/transcripts_by_company/WELLS_FARGO_CO_2007Q2.txt
CRS,2016Q1,0.26,0.3,/Users/vazea/Desktop/NNW/transcripts_by_company/CARPENTER_TECHNOLOGY_CORP_2016Q1.txt
UTI,2013Q3,0.01,0.0,/Users/vazea/Desktop/NNW/transcripts_by_company/UNIVERSAL_TECHNICAL_INSTITUTE_IN_2013Q3.txt
ISRG,2011Q2,2.91,2.71,/Users/vazea/Desktop/NNW/transcripts_by_company/INTUITIVE_SURGICAL_INC_2011Q2.txt
LFMD,2022Q1,-0.46,-0.39,/Users/vazea/Desktop/NNW/transcripts_by_company/LIFEMD_INC_2022Q1.txt
CECE,2013Q2,0.31,0.22,/Users/vazea/Desktop/NNW/transcripts_by_company/CECO_ENVIRONMENTAL_CORP_2013Q2.txt
CMCO,2009Q4,0.17,1.93,/Users/vazea/Desktop/NNW/transcripts_by_company/COLUMBUS_MCKINNON_CORP_2009Q4.txt
HIG,2021Q1,0.56,1.21,/Users/vazea/Desktop/NNW/transcripts_by_company/HARTFORD_FINANCIAL_SERVICES_GROU_2021Q1.txt
EQT,2018Q4,0.79,2.33,/Users/vazea/Desktop/NNW/transcripts_by_company/EQT_CORP_2018Q4.txt
SWC,2002Q2,0.26,0.27,/Users/vazea/Desktop/NNW/transcripts_by_company/STILLWATER_MINING_CO_2002Q2.txt
PCT,2021Q2,-0.13,-0.1,/Users/vazea/Desktop/NNW/transcripts_by_company/PURECYCLE_TECHNOLOGIES_INC_2021Q2.txt
NDAQ,2007Q2,0.39,0.37,/Users/vazea/Desktop/NNW/transcripts_by_company/NASDAQ_INC_2007Q2.txt
PKE,2010Q3,0.35,0.24,/Users/vazea/Desktop/NNW/transcripts_by_company/PARK_ELECTROCHEMICAL_CORP_2010Q3.txt
AQMS,2023Q2,-0.06,-0.04,/Users/vazea/Desktop/NNW/transcripts_by_company/AQUA_METALS_INC_2023Q2.txt
VOCS,2009Q3,0.17,0.16,/Users/vazea/Desktop/NNW/transcripts_by_company/VOCUS_INC_2009Q3.txt
INFA,2004Q1,0.04,0.03,/Users/vazea/Desktop/NNW/transcripts_by_company/INFORMATICA_CORP_2004Q1.txt
ACTI,2008Q1,-0.09,-0.07,/Users/vazea/Desktop/NNW/transcripts_by_company/ACTIVIDENTITY_CORPORATION_2008Q1.txt
UCTT,2014Q4,0.15,0.79,/Users/vazea/Desktop/NNW/transcripts_by_company/ULTRA_CLEAN_HOLDINGS_INC_2014Q4.txt
MCRS,2009Q1,0.34,0.33,/Users/vazea/Desktop/NNW/transcripts_by_company/MICROS_SYSTEM_INC_2009Q1.txt
RUE,2011Q2,0.26,0.25,/Users/vazea/Desktop/NNW/transcripts_by_company/RUE21_INC_2011Q2.txt
CMRX,2023Q1,-0.24,-0.25,/Users/vazea/Desktop/NNW/transcripts_by_company/CHIMERIX_INC_2023Q1.txt
SATS,2019Q2,0.2,0.22,/Users/vazea/Desktop/NNW/transcripts_by_company/ECHOSTAR_CORP_2019Q2.txt
VRNT,2021Q1,0.52,0.69,/Users/vazea/Desktop/NNW/transcripts_by_company/VERINT_SYSTEMS_INC_2021Q1.txt
VFC,2019Q4,0.6,3.75,/Users/vazea/Desktop/NNW/transcripts_by_company/VF_CORP_2019Q4.txt
OPFI,2021Q3,0.21,0.15,/Users/vazea/Desktop/NNW/transcripts_by_company/OPPFI_INC_2021Q3.txt
SYX,2010Q1,0.31,0.36,/Users/vazea/Desktop/NNW/transcripts_by_company/SYSTEMAX_INC_2010Q1.txt
RTN,2015Q3,1.47,1.44,/Users/vazea/Desktop/NNW/transcripts_by_company/RAYTHEON_CO_2015Q3.txt
JPM,2020Q4,3.79,7.47,/Users/vazea/Desktop/NNW/transcripts_by_company/JPMORGAN_CHASE_CO_2020Q4.txt
EEP,2002Q3,0.42,0.44,/Users/vazea/Desktop/NNW/transcripts_by_company/ENBRIDGE_ENERGY_PARTNERS_LP_2002Q3.txt
MBT,2009Q2,1.49,0.77,/Users/vazea/Desktop/NNW/transcripts_by_company/MOBILNYE_TELESISTEMY_PAO_2009Q2.txt
OPCH,2022Q2,0.19,0.21,/Users/vazea/Desktop/NNW/transcripts_by_company/OPTION_CARE_HEALTH_INC_2022Q2.txt
MYOV,2021Q2,-0.75,-0.71,/Users/vazea/Desktop/NNW/transcripts_by_company/MYOVANT_SCIENCES_LTD_2021Q2.txt
TXRH,2019Q1,0.7,0.82,/Users/vazea/Desktop/NNW/transcripts_by_company/TEXAS_ROADHOUSE_INC_2019Q1.txt
SHEN,2022Q4,-0.04,-0.14,/Users/vazea/Desktop/NNW/transcripts_by_company/SHENANDOAH_TELECOMMUNICATIONS_CO_2022Q4.txt
ADP,2011Q1,0.56,0.54,/Users/vazea/Desktop/NNW/transcripts_by_company/AUTOMATIC_DATA_PROCESSING_INC_2011Q1.txt
DLLR,2013Q4,0.49,1.74,/Users/vazea/Desktop/NNW/transcripts_by_company/DFC_GLOBAL_CORP_2013Q4.txt
OMCL,2018Q2,0.46,0.39,/Users/vazea/Desktop/NNW/transcripts_by_company/OMNICELL_INC_2018Q2.txt
HOLX,2015Q1,0.39,0.36,/Users/vazea/Desktop/NNW/transcripts_by_company/HOLOGIC_INC_2015Q1.txt
SOHO,2020Q1,-1.01,-0.04,/Users/vazea/Desktop/NNW/transcripts_by_company/SOTHERLY_HOTELS_INC_2020Q1.txt
RSTI,2015Q3,0.41,0.41,/Users/vazea/Desktop/NNW/transcripts_by_company/ROFINSINAR_TECHNOLOGY_INC_2015Q3.txt
ARDX,2023Q3,0.03,-0.11,/Users/vazea/Desktop/NNW/transcripts_by_company/ARDELYX_INC_2023Q3.txt
AYTU,2022Q4,-0.49,-3.82,/Users/vazea/Desktop/NNW/transcripts_by_company/AYTU_BIOPHARMA_INC_2022Q4.txt
MSM,2009Q1,0.72,0.69,/Users/vazea/Desktop/NNW/transcripts_by_company/MSC_INDUSTRIAL_DIRECT_CO_INC_2009Q1.txt
ALLT,2012Q4,0.14,0.61,/Users/vazea/Desktop/NNW/transcripts_by_company/ALLOT_LTD_2012Q4.txt
KEY,2015Q2,0.27,0.27,/Users/vazea/Desktop/NNW/transcripts_by_company/KEYCORP_2015Q2.txt
MRCY,2022Q3,0.57,0.58,/Users/vazea/Desktop/NNW/transcripts_by_company/MERCURY_SYSTEMS_INC_2022Q3.txt
ANDS,2007Q3,0.43,-0.27,/Users/vazea/Desktop/NNW/transcripts_by_company/ANADYS_PHARMACEUTICALS_INC_2007Q3.txt
EV,2020Q1,0.86,0.84,/Users/vazea/Desktop/NNW/transcripts_by_company/EATON_VANCE_CORP_2020Q1.txt
VRSN,2003Q1,0.14,0.14,/Users/vazea/Desktop/NNW/transcripts_by_company/VERISIGN_INC_2003Q1.txt
RMBS,2015Q3,0.14,0.14,/Users/vazea/Desktop/NNW/transcripts_by_company/RAMBUS_INC_2015Q3.txt
ACTG,2014Q2,0.16,0.09,/Users/vazea/Desktop/NNW/transcripts_by_company/ACACIA_RESEARCH_CORP_2014Q2.txt
BOH,2006Q2,0.9,0.9,/Users/vazea/Desktop/NNW/transcripts_by_company/BANK_OF_HAWAII_CORP_2006Q2.txt
LGF,2017Q1,0.01,-0.11,/Users/vazea/Desktop/NNW/transcripts_by_company/LIONS_GATE_ENTERTAINMENT_CORP_2017Q1.txt
OCUL,2014Q3,-0.48,-0.44,/Users/vazea/Desktop/NNW/transcripts_by_company/OCULAR_THERAPEUTIX_INC_2014Q3.txt
HZO,2004Q3,0.61,0.59,/Users/vazea/Desktop/NNW/transcripts_by_company/MARINEMAX_INC_2004Q3.txt
ZL,2005Q4,-0.08,-0.13,/Users/vazea/Desktop/NNW/transcripts_by_company/ZARLINK_SEMICONDUCTOR_INC_2005Q4.txt
LAZ,2013Q3,0.46,0.38,/Users/vazea/Desktop/NNW/transcripts_by_company/LAZARD_LTD_2013Q3.txt
CERS,2005Q3,-0.07,-0.16,/Users/vazea/Desktop/NNW/transcripts_by_company/CERUS_CORP_2005Q3.txt
INFY,2016Q4,0.23,0.89,/Users/vazea/Desktop/NNW/transcripts_by_company/INFOSYS_LTD_2016Q4_1.txt
VTSI,2018Q4,-0.1,0.26,/Users/vazea/Desktop/NNW/transcripts_by_company/VIRTRA_INC_2018Q4.txt
FUN,2013Q3,3.3,2.94,/Users/vazea/Desktop/NNW/transcripts_by_company/CEDAR_FAIR_LP_2013Q3.txt
LKQ,2020Q3,0.75,0.51,/Users/vazea/Desktop/NNW/transcripts_by_company/LKQ_CORP_2020Q3.txt
STC,2016Q4,0.71,2.37,/Users/vazea/Desktop/NNW/transcripts_by_company/STEWART_INFORMATION_SERVICES_COR_2016Q4.txt
BIO,2021Q4,3.21,15.33,/Users/vazea/Desktop/NNW/transcripts_by_company/BIO_RAD_LABORATORIES_INC_2021Q4.txt
NGLS,2014Q2,0.64,0.42,/Users/vazea/Desktop/NNW/transcripts_by_company/TARGA_RESOURCES_PARTNERS_LP_2014Q2.txt
PPL,2004Q3,1.03,1.0,/Users/vazea/Desktop/NNW/transcripts_by_company/PPL_CORP_2004Q3.txt
LPNT,2012Q1,0.94,0.91,/Users/vazea/Desktop/NNW/transcripts_by_company/LIFEPOINT_HEALTH_INC_2012Q1.txt
VRNS,2015Q2,-0.18,-0.3,/Users/vazea/Desktop/NNW/transcripts_by_company/VARONIS_SYSTEMS_INC_2015Q2.txt
NTIC,2021Q1,0.13,0.05,/Users/vazea/Desktop/NNW/transcripts_by_company/NORTHERN_TECHNOLOGIES_INTERNATIO_2021Q1.txt
PALM,2003Q4,-0.3,-2.91,/Users/vazea/Desktop/NNW/transcripts_by_company/PALM_INC_2003Q4.txt
DEST,2013Q1,0.29,0.29,/Users/vazea/Desktop/NNW/transcripts_by_company/DESTINATION_MATERNITY_CORP_2013Q1.txt
MA,2007Q4,0.89,5.5,/Users/vazea/Desktop/NNW/transcripts_by_company/MASTERCARD_INC_2007Q4.txt
TMO,2015Q3,1.8,1.8,/Users/vazea/Desktop/NNW/transcripts_by_company/THERMO_FISHER_SCIENTIFIC_INC_2015Q3.txt
IDSY,2010Q3,-0.14,-0.23,/Users/vazea/Desktop/NNW/transcripts_by_company/ID_SYSTEMS_INC_2010Q3.txt
FRGI,2018Q1,0.16,0.13,/Users/vazea/Desktop/NNW/transcripts_by_company/FIESTA_RESTAURANT_GROUP_INC_2018Q1.txt
HFWA,2010Q1,0.03,0.03,/Users/vazea/Desktop/NNW/transcripts_by_company/HERITAGE_FINANCIAL_CORP_2010Q1.txt
CAPR,2020Q1,-0.3,-0.3,/Users/vazea/Desktop/NNW/transcripts_by_company/CAPRICOR_THERAPEUTICS_INC_2020Q1.txt
RAD,2008Q2,-0.1,-0.06,/Users/vazea/Desktop/NNW/transcripts_by_company/RITE_AID_CORPORATION_2008Q2.txt
NTWK,2008Q2,0.04,0.08,/Users/vazea/Desktop/NNW/transcripts_by_company/NETSOL_TECHNOLOGIES_INCORPORATE_2008Q2.txt
CFMS,2016Q2,-0.34,-0.36,/Users/vazea/Desktop/NNW/transcripts_by_company/CONFORMIS_INC_2016Q2.txt
HDNG,2007Q2,,,/Users/vazea/Desktop/NNW/transcripts_by_company/HARDINGE_INC_2007Q2.txt
GPS,2022Q2,0.7,0.42,/Users/vazea/Desktop/NNW/transcripts_by_company/GAP_INC_2022Q2.txt
BSFT,2011Q3,0.38,0.21,/Users/vazea/Desktop/NNW/transcripts_by_company/BROADSOFT_INC_2011Q3.txt
SOVO,2022Q1,0.14,0.12,/Users/vazea/Desktop/NNW/transcripts_by_company/SOVOS_BRANDS_INC_2022Q1.txt
JNS,2011Q2,0.23,0.24,/Users/vazea/Desktop/NNW/transcripts_by_company/JANUS_CAPITAL_GROUP_INC_2011Q2.txt
LUNA,2022Q3,0.09,0.06,/Users/vazea/Desktop/NNW/transcripts_by_company/LUNA_INNOVATIONS_INC_2022Q3.txt
SLGN,2021Q1,0.75,0.71,/Users/vazea/Desktop/NNW/transcripts_by_company/SILGAN_HOLDINGS_INC_2021Q1.txt
PRST,2009Q3,-0.08,-0.07,/Users/vazea/Desktop/NNW/transcripts_by_company/PRESSTEK_INC_2009Q3.txt
DF,2015Q2,0.33,0.26,/Users/vazea/Desktop/NNW/transcripts_by_company/DEAN_FOODS_CO_2015Q2.txt
AME,2014Q2,0.61,0.59,/Users/vazea/Desktop/NNW/transcripts_by_company/AMETEK_INC_2014Q2.txt
AAPL,2008Q1,1.76,1.57,/Users/vazea/Desktop/NNW/transcripts_by_company/APPLE_INC_2008Q1.txt
MHO,2004Q2,1.73,1.54,/Users/vazea/Desktop/NNW/transcripts_by_company/MI_HOMES_INC_2004Q2.txt
ULTA,2013Q2,0.54,0.51,/Users/vazea/Desktop/NNW/transcripts_by_company/ULTA_BEAUTY_INC_2013Q2.txt
XHR,2021Q1,-0.5,-0.55,/Users/vazea/Desktop/NNW/transcripts_by_company/XENIA_HOTELS_RESORTS_INC_2021Q1.txt
NS,2015Q3,0.68,0.56,/Users/vazea/Desktop/NNW/transcripts_by_company/NUSTAR_ENERGY_LP_2015Q3.txt
SOPH,2022Q4,-0.22,-1.51,/Users/vazea/Desktop/NNW/transcripts_by_company/SOPHIA_GENETICS_SA_2022Q4.txt
GOSS,2021Q2,-0.8,-0.76,/Users/vazea/Desktop/NNW/transcripts_by_company/GOSSAMER_BIO_INC_2021Q2.txt
MDRX,2003Q2,-0.05,-0.02,/Users/vazea/Desktop/NNW/transcripts_by_company/VERADIGM_INC_2003Q2.txt
LITE,2019Q1,1.31,1.0,/Users/vazea/Desktop/NNW/transcripts_by_company/LUMENTUM_HOLDINGS_INC_2019Q1.txt
RMTR,2008Q3,0.09,0.07,/Users/vazea/Desktop/NNW/transcripts_by_company/RAMTRON_INTERNATIONAL_CORPORATIO_2008Q3.txt
HMSY,2009Q1,0.21,0.18,/Users/vazea/Desktop/NNW/transcripts_by_company/HMS_HOLDINGS_CORP_2009Q1.txt
SUP,2014Q4,0.12,0.42,/Users/vazea/Desktop/NNW/transcripts_by_company/SUPERIOR_INDUSTRIES_INTERNATIONA_2014Q4.txt
EXPO,2005Q2,0.47,0.42,/Users/vazea/Desktop/NNW/transcripts_by_company/EXPONENT_INC_2005Q2.txt
NOVA,2005Q3,0.07,0.06,/Users/vazea/Desktop/NNW/transcripts_by_company/NOVAMED_INC_2005Q3.txt
ZIGO,2002Q3,-0.21,-0.23,/Users/vazea/Desktop/NNW/transcripts_by_company/ZYGO_CORP_2002Q3.txt
KZL,2003Q3,0.27,0.17,/Users/vazea/Desktop/NNW/transcripts_by_company/KERZNER_INTL_LTD_2003Q3.txt
ODFL,2009Q2,0.29,0.29,/Users/vazea/Desktop/NNW/transcripts_by_company/OLD_DOMINION_FREIGHT_LINE_INC_2009Q2.txt
BPMC,2021Q3,-1.94,-1.58,/Users/vazea/Desktop/NNW/transcripts_by_company/BLUEPRINT_MEDICINES_CORP_2021Q3.txt
RKUS,2014Q4,0.12,0.44,/Users/vazea/Desktop/NNW/transcripts_by_company/RUCKUS_WIRELESS_INC_2014Q4.txt
VTRS,2020Q4,1.08,4.61,/Users/vazea/Desktop/NNW/transcripts_by_company/VIATRIS_INC_2020Q4.txt
WTW,2012Q3,1.2,1.08,/Users/vazea/Desktop/NNW/transcripts_by_company/WEIGHT_WATCHERS_INTL_INC_2012Q3.txt
MDB,2020Q2,-0.26,-0.28,/Users/vazea/Desktop/NNW/transcripts_by_company/MONGODB_INC_2020Q2.txt
MTD,2003Q2,0.57,0.58,/Users/vazea/Desktop/NNW/transcripts_by_company/METTLERTOLEDO_INTERNATIONAL_INC_2003Q2.txt
SAVE,2014Q3,1.01,0.98,/Users/vazea/Desktop/NNW/transcripts_by_company/SPIRIT_AIRLINES_INC_2014Q3.txt
NS,2021Q4,0.19,-0.83,/Users/vazea/Desktop/NNW/transcripts_by_company/NUSTAR_ENERGY_LP_2021Q4.txt
MPWR,2017Q3,0.84,0.82,/Users/vazea/Desktop/NNW/transcripts_by_company/MONOLITHIC_POWER_SYSTEMS_INC_2017Q3.txt
CXM,2023Q3,0.02,-0.01,/Users/vazea/Desktop/NNW/transcripts_by_company/SPRINKLR_INC_2023Q3.txt
CA,2011Q4,0.48,1.95,/Users/vazea/Desktop/NNW/transcripts_by_company/CA_INC_2011Q4.txt
PHMD,2013Q4,0.16,0.98,/Users/vazea/Desktop/NNW/transcripts_by_company/PHOTOMEDEX_INC_2013Q4.txt
MDXH,2023Q2,-0.3,-0.32,/Users/vazea/Desktop/NNW/transcripts_by_company/MDXHEALTH_SA_2023Q2.txt
SANW,2015Q1,-0.08,0.01,/Users/vazea/Desktop/NNW/transcripts_by_company/SW_SEED_CO_2015Q1.txt
MIC,2018Q2,0.45,0.41,/Users/vazea/Desktop/NNW/transcripts_by_company/MACQUARIE_INFRASTRUCTURE_HOLDING_2018Q2.txt
MNI,2002Q2,0.78,0.76,/Users/vazea/Desktop/NNW/transcripts_by_company/MCCLATCHY_COMPANY_2002Q2.txt
OSIS,2008Q4,0.36,0.73,/Users/vazea/Desktop/NNW/transcripts_by_company/OSI_SYSTEMS_INC_2008Q4.txt
RGEN,2018Q3,0.2,0.18,/Users/vazea/Desktop/NNW/transcripts_by_company/REPLIGEN_CORP_2018Q3.txt
CMA,2023Q3,1.84,1.71,/Users/vazea/Desktop/NNW/transcripts_by_company/COMERICA_INC_2023Q3.txt
AMG,2017Q1,3.21,3.14,/Users/vazea/Desktop/NNW/transcripts_by_company/AFFILIATED_MANAGERS_GROUP_INC_2017Q1.txt
CRS,2010Q3,0.18,0.13,/Users/vazea/Desktop/NNW/transcripts_by_company/CARPENTER_TECHNOLOGY_CORP_2010Q3.txt
CBK,2009Q2,0.02,0.02,/Users/vazea/Desktop/NNW/transcripts_by_company/CHRISTOPHER_BANKS_CORP_2009Q2.txt
HBIO,2016Q4,0.04,0.16,/Users/vazea/Desktop/NNW/transcripts_by_company/HARVARD_BIOSCIENCE_INC_2016Q4.txt
CYRX,2020Q3,-0.29,-0.12,/Users/vazea/Desktop/NNW/transcripts_by_company/CRYOPORT_INC_2020Q3.txt
SY,2021Q1,-0.25,0.56,/Users/vazea/Desktop/NNW/transcripts_by_company/SOYOUNG_INTERNATIONAL_INC_2021Q1.txt
ZIXI,2005Q1,-0.3,-0.29,/Users/vazea/Desktop/NNW/transcripts_by_company/ZIX_CORP_2005Q1.txt
ADP,2015Q3,1.04,1.02,/Users/vazea/Desktop/NNW/transcripts_by_company/AUTOMATIC_DATA_PROCESSING_INC_2015Q3.txt
ATOM,2020Q1,-0.22,-0.18,/Users/vazea/Desktop/NNW/transcripts_by_company/ATOMERA_INC_2020Q1.txt
SNPS,2014Q1,0.59,0.52,/Users/vazea/Desktop/NNW/transcripts_by_company/SYNOPSYS_INC_2014Q1.txt
AZN,2019Q4,0.45,1.82,/Users/vazea/Desktop/NNW/transcripts_by_company/ASTRAZENECA_PLC_2019Q4.txt
ACB,2022Q4,0.0,-5.42,/Users/vazea/Desktop/NNW/transcripts_by_company/AURORA_CANNABIS_INC_2022Q4.txt
IHG,2006Q2,0.21,0.25,/Users/vazea/Desktop/NNW/transcripts_by_company/INTERCONTINENTAL_HOTELS_GROUP_2006Q2_1.txt
FDX,2024Q1,4.55,3.7,/Users/vazea/Desktop/NNW/transcripts_by_company/FEDEX_CORP_2024Q1.txt
FOXA,2014Q3,0.47,0.35,/Users/vazea/Desktop/NNW/transcripts_by_company/TWENTYFIRST_CENTURY_FOX_INC_2014Q3.txt
TTI,2015Q2,0.16,0.01,/Users/vazea/Desktop/NNW/transcripts_by_company/TETRA_TECHNOLOGIES_INC_2015Q2.txt
EQR,2005Q2,0.44,0.1,/Users/vazea/Desktop/NNW/transcripts_by_company/EQUITY_RESIDENTIAL_2005Q2.txt
CLVT,2021Q2,0.17,0.17,/Users/vazea/Desktop/NNW/transcripts_by_company/CLARIVATE_PLC_2021Q2.txt
TOO,2017Q4,0.02,0.03,/Users/vazea/Desktop/NNW/transcripts_by_company/TEEKAY_OFFSHORE_PARTNERS_LP_2017Q4.txt
REV,2011Q4,0.7,1.15,/Users/vazea/Desktop/NNW/transcripts_by_company/REVLON_INC_2011Q4.txt
CUTR,2018Q3,0.11,0.11,/Users/vazea/Desktop/NNW/transcripts_by_company/CUTERA_INC_2018Q3.txt
CL,2016Q2,0.7,0.69,/Users/vazea/Desktop/NNW/transcripts_by_company/COLGATEPALMOLIVE_CO_2016Q2.txt
FTEK,2008Q4,-0.02,0.16,/Users/vazea/Desktop/NNW/transcripts_by_company/FUEL_TECH_INC_2008Q4.txt
GWR,2005Q4,0.39,1.74,/Users/vazea/Desktop/NNW/transcripts_by_company/GENESEE_WYOMING_INC_2005Q4.txt
SJM,2005Q3,0.7,0.71,/Users/vazea/Desktop/NNW/transcripts_by_company/J_M_SMUCKER_CO_2005Q3.txt
WLDN,2021Q4,0.47,1.33,/Users/vazea/Desktop/NNW/transcripts_by_company/WILLDAN_GROUP_INC_2021Q4.txt
FADV,2009Q2,0.22,0.21,/Users/vazea/Desktop/NNW/transcripts_by_company/FIRST_ADVANTAGE_CORPORATION_2009Q2.txt
WGO,2020Q1,0.73,0.77,/Users/vazea/Desktop/NNW/transcripts_by_company/WINNEBAGO_INDUSTRIES_INC_2020Q1.txt
SXT,2023Q1,0.8,0.79,/Users/vazea/Desktop/NNW/transcripts_by_company/SENSIENT_TECHNOLOGIES_CORP_2023Q1.txt
IVAC,2020Q3,-0.02,-0.04,/Users/vazea/Desktop/NNW/transcripts_by_company/INTEVAC_INC_2020Q3.txt
AOS,2016Q3,0.47,0.88,/Users/vazea/Desktop/NNW/transcripts_by_company/A_O_SMITH_CORP_2016Q3.txt
DV,2023Q3,0.08,0.06,/Users/vazea/Desktop/NNW/transcripts_by_company/DOUBLEVERIFY_HOLDINGS_INC_2023Q3.txt
RDNT,2023Q2,0.24,0.08,/Users/vazea/Desktop/NNW/transcripts_by_company/RADNET_INC_2023Q2.txt
XPEL,2023Q3,0.56,0.61,/Users/vazea/Desktop/NNW/transcripts_by_company/XPEL_INC_2023Q3.txt
DHI,2021Q2,2.53,2.18,/Users/vazea/Desktop/NNW/transcripts_by_company/DR_HORTON_INC_2021Q2.txt
RHP,2019Q2,0.95,1.01,/Users/vazea/Desktop/NNW/transcripts_by_company/RYMAN_HOSPITALITY_PROPERTIES_INC_2019Q2.txt
XOM,2002Q3,0.44,0.42,/Users/vazea/Desktop/NNW/transcripts_by_company/EXXON_MOBIL_CORP_2002Q3.txt
NATI,2012Q1,0.15,0.15,/Users/vazea/Desktop/NNW/transcripts_by_company/NATIONAL_INSTRUMENTS_CORP_2012Q1.txt
DASH,2022Q3,-0.77,-0.65,/Users/vazea/Desktop/NNW/transcripts_by_company/DOORDASH_INC_2022Q3.txt
H,2016Q4,0.29,1.62,/Users/vazea/Desktop/NNW/transcripts_by_company/HYATT_HOTELS_CORP_2016Q4.txt
VNDA,2020Q4,0.15,0.48,/Users/vazea/Desktop/NNW/transcripts_by_company/VANDA_PHARMACEUTICALS_INC_2020Q4.txt
JBL,2023Q2,1.88,1.85,/Users/vazea/Desktop/NNW/transcripts_by_company/JABIL_INC_2023Q2.txt
HES,2009Q4,1.23,1.97,/Users/vazea/Desktop/NNW/transcripts_by_company/HESS_CORP_2009Q4.txt
NIHD,2007Q1,0.47,0.44,/Users/vazea/Desktop/NNW/transcripts_by_company/NII_HOLDINGS_INC_2007Q1.txt
BCR,2013Q4,1.42,5.75,/Users/vazea/Desktop/NNW/transcripts_by_company/CR_BARD_INC_2013Q4.txt
MTN,2017Q2,3.63,3.37,/Users/vazea/Desktop/NNW/transcripts_by_company/VAIL_RESORTS_INC_2017Q2.txt
CFG,2023Q2,0.92,1.08,/Users/vazea/Desktop/NNW/transcripts_by_company/CITIZENS_FINANCIAL_GROUP_INC_2023Q2.txt
PODD,2009Q2,-0.73,-0.68,/Users/vazea/Desktop/NNW/transcripts_by_company/INSULET_CORP_2009Q2.txt
HLIT,2012Q4,0.09,0.23,/Users/vazea/Desktop/NNW/transcripts_by_company/HARMONIC_INC_2012Q4.txt
ZION,2020Q3,1.01,0.79,/Users/vazea/Desktop/NNW/transcripts_by_company/ZIONS_BANCORPORATION_NA_2020Q3.txt
JHG,2022Q2,0.63,0.73,/Users/vazea/Desktop/NNW/transcripts_by_company/JANUS_HENDERSON_GROUP_PLC_2022Q2.txt
AMBA,2022Q4,0.45,1.58,/Users/vazea/Desktop/NNW/transcripts_by_company/AMBARELLA_INC_2022Q4.txt
VSTO,2018Q3,0.13,0.04,/Users/vazea/Desktop/NNW/transcripts_by_company/VISTA_OUTDOOR_INC_2018Q3.txt
RTN,2005Q4,0.62,2.05,/Users/vazea/Desktop/NNW/transcripts_by_company/RAYTHEON_CO_2005Q4.txt
LRE,2015Q1,0.5,0.19,/Users/vazea/Desktop/NNW/transcripts_by_company/LRR_ENERGY_LP_2015Q1.txt
EME,2015Q3,0.66,0.69,/Users/vazea/Desktop/NNW/transcripts_by_company/EMCOR_GROUP_INC_2015Q3.txt
PLAN,2021Q3,-0.05,-0.1,/Users/vazea/Desktop/NNW/transcripts_by_company/ANAPLAN_INC_2021Q3.txt
SMED,2020Q3,-0.1,-0.04,/Users/vazea/Desktop/NNW/transcripts_by_company/SHARPS_COMPLIANCE_CORP_2020Q3.txt
ADP,2010Q3,0.79,0.79,/Users/vazea/Desktop/NNW/transcripts_by_company/AUTOMATIC_DATA_PROCESSING_INC_2010Q3.txt
VSAT,2006Q4,0.28,1.0,/Users/vazea/Desktop/NNW/transcripts_by_company/VIASAT_INC_2006Q4.txt
AVA,2021Q2,0.2,0.27,/Users/vazea/Desktop/NNW/transcripts_by_company/AVISTA_CORP_2021Q2.txt
VG,2012Q2,0.09,0.07,/Users/vazea/Desktop/NNW/transcripts_by_company/VONAGE_HOLDINGS_CORP_2012Q2.txt
WAAS,2017Q3,-0.29,-0.22,/Users/vazea/Desktop/NNW/transcripts_by_company/AQUAVENTURE_HOLDINGS_LTD_2017Q3.txt
VMSI,2004Q2,0.34,0.28,/Users/vazea/Desktop/NNW/transcripts_by_company/VENTANA_MEDICAL_SYSTEMS_INC_2004Q2.txt
TBBK,2009Q3,0.04,0.01,/Users/vazea/Desktop/NNW/transcripts_by_company/BANCORP_INC_2009Q3.txt
ORA,2013Q2,0.38,0.14,/Users/vazea/Desktop/NNW/transcripts_by_company/ORMAT_TECHNOLOGIES_INC_2013Q2.txt
UTI,2017Q4,-0.08,-0.26,/Users/vazea/Desktop/NNW/transcripts_by_company/UNIVERSAL_TECHNICAL_INSTITUTE_IN_2017Q4.txt
LUV,2015Q4,0.9,3.52,/Users/vazea/Desktop/NNW/transcripts_by_company/SOUTHWEST_AIRLINES_CO_2015Q4.txt
AVP,2012Q2,0.2,0.21,/Users/vazea/Desktop/NNW/transcripts_by_company/AVON_PRODUCTS_INC_2012Q2.txt
LAZ,2018Q4,0.94,4.19,/Users/vazea/Desktop/NNW/transcripts_by_company/LAZARD_LTD_2018Q4.txt
ATSI,2004Q3,-0.15,-0.12,/Users/vazea/Desktop/NNW/transcripts_by_company/ATS_MEDICAL_2004Q3.txt
SATS,2013Q4,0.05,-0.13,/Users/vazea/Desktop/NNW/transcripts_by_company/ECHOSTAR_CORP_2013Q4.txt
EXPO,2013Q2,0.77,0.63,/Users/vazea/Desktop/NNW/transcripts_by_company/EXPONENT_INC_2013Q2.txt
RT,2011Q3,0.24,0.31,/Users/vazea/Desktop/NNW/transcripts_by_company/RUBY_TUESDAY_INC_2011Q3.txt
LC,2015Q1,0.02,0.01,/Users/vazea/Desktop/NNW/transcripts_by_company/LENDINGCLUB_CORP_2015Q1.txt
TXMD,2017Q4,-0.1,-0.36,/Users/vazea/Desktop/NNW/transcripts_by_company/THERAPEUTICSMD_INC_2017Q4.txt
JWN,2015Q3,0.77,0.72,/Users/vazea/Desktop/NNW/transcripts_by_company/NORDSTROM_INC_2015Q3.txt
BMC,2004Q4,0.18,0.55,/Users/vazea/Desktop/NNW/transcripts_by_company/BMC_SOFTWARE_2004Q4.txt
EXPE,2014Q4,0.86,4.09,/Users/vazea/Desktop/NNW/transcripts_by_company/EXPEDIA_GROUP_INC_2014Q4.txt
SLQT,2023Q2,0.14,-0.09,/Users/vazea/Desktop/NNW/transcripts_by_company/SELECTQUOTE_INC_2023Q2.txt
ONB,2011Q3,0.24,0.18,/Users/vazea/Desktop/NNW/transcripts_by_company/OLD_NATIONAL_BANCORP_2011Q3.txt
WY,2019Q3,0.08,0.11,/Users/vazea/Desktop/NNW/transcripts_by_company/WEYERHAEUSER_CO_2019Q3.txt
FOXF,2019Q1,0.55,0.48,/Users/vazea/Desktop/NNW/transcripts_by_company/FOX_FACTORY_HOLDING_CORP_2019Q1.txt
SPP,2012Q2,0.1,0.09,/Users/vazea/Desktop/NNW/transcripts_by_company/SAPPI_LTD_2012Q2.txt
BP,2012Q3,1.63,1.27,/Users/vazea/Desktop/NNW/transcripts_by_company/BP_PLC_2012Q3.txt
ARII,2017Q4,0.24,2.06,/Users/vazea/Desktop/NNW/transcripts_by_company/AMERICAN_RAILCAR_INDUSTRIES_INC_2017Q4.txt
EXPO,2012Q2,0.72,0.61,/Users/vazea/Desktop/NNW/transcripts_by_company/EXPONENT_INC_2012Q2.txt
SWWC,2007Q3,0.08,0.16,/Users/vazea/Desktop/NNW/transcripts_by_company/SOUTHWEST_WATER_COMPANY_2007Q3.txt
MEND,2008Q2,-0.2,-0.08,/Users/vazea/Desktop/NNW/transcripts_by_company/MICRUS_ENDOVASCULAR_CORP_2008Q2.txt
COST,2005Q3,0.43,0.42,/Users/vazea/Desktop/NNW/transcripts_by_company/COSTCO_WHOLESALE_CORP_2005Q3.txt
UTL,2017Q3,0.16,0.11,/Users/vazea/Desktop/NNW/transcripts_by_company/UNITIL_CORP_2017Q3.txt
OTEX,2007Q3,0.34,0.33,/Users/vazea/Desktop/NNW/transcripts_by_company/OPEN_TEXT_CORP_2007Q3.txt
MTG,2002Q2,1.58,1.54,/Users/vazea/Desktop/NNW/transcripts_by_company/MGIC_INVESTMENT_CORP_2002Q2.txt
OCN,2009Q3,-0.51,0.12,/Users/vazea/Desktop/NNW/transcripts_by_company/OCWEN_FINANCIAL_CORP_2009Q3.txt
WDFC,2022Q2,1.41,1.02,/Users/vazea/Desktop/NNW/transcripts_by_company/WD40_CO_2022Q2.txt
WGO,2023Q3,2.13,1.77,/Users/vazea/Desktop/NNW/transcripts_by_company/WINNEBAGO_INDUSTRIES_INC_2023Q3.txt
BCGI,2002Q3,0.09,0.08,/Users/vazea/Desktop/NNW/transcripts_by_company/BOSTON_COMMUNICATIONS_GROUP_INC_2002Q3.txt
AFI,2016Q2,0.41,0.44,/Users/vazea/Desktop/NNW/transcripts_by_company/ARMSTRONG_FLOORING_INC_2016Q2.txt
BZ,2021Q3,0.83,0.11,/Users/vazea/Desktop/NNW/transcripts_by_company/KANZHUN_LTD_2021Q3.txt
WEC,2022Q1,1.79,1.61,/Users/vazea/Desktop/NNW/transcripts_by_company/WEC_ENERGY_GROUP_INC_2022Q1.txt
OPK,2020Q4,0.05,0.03,/Users/vazea/Desktop/NNW/transcripts_by_company/OPKO_HEALTH_INC_2020Q4.txt
EXA,2017Q4,0.05,-0.02,/Users/vazea/Desktop/NNW/transcripts_by_company/EXA_CORPORATION_2017Q4.txt
IM,2006Q2,0.32,0.31,/Users/vazea/Desktop/NNW/transcripts_by_company/INGRAM_MICRO_2006Q2.txt
EYE,2006Q4,-0.13,1.35,/Users/vazea/Desktop/NNW/transcripts_by_company/ADVANCED_MEDICAL_OPTICS_INC_2006Q4.txt
NEM,2017Q4,0.4,1.43,/Users/vazea/Desktop/NNW/transcripts_by_company/NEWMONT_CORPORATION_2017Q4.txt
SF,2022Q3,1.29,1.62,/Users/vazea/Desktop/NNW/transcripts_by_company/STIFEL_FINANCIAL_CORP_2022Q3.txt
ABG,2011Q2,0.51,0.42,/Users/vazea/Desktop/NNW/transcripts_by_company/ASBURY_AUTOMOTIVE_GROUP_INC_2011Q2.txt
MANU,2014Q2,11.62,13.7,/Users/vazea/Desktop/NNW/transcripts_by_company/MANCHESTER_UNITED_PLC_2014Q2.txt
BRKS,2017Q1,0.25,0.2,/Users/vazea/Desktop/NNW/transcripts_by_company/AZENTA_INC_2017Q1.txt
GPC,2003Q2,0.52,0.55,/Users/vazea/Desktop/NNW/transcripts_by_company/GENUINE_PARTS_CO_2003Q2.txt
AVP,2009Q1,0.24,0.33,/Users/vazea/Desktop/NNW/transcripts_by_company/AVON_PRODUCTS_INC_2009Q1.txt
AZZ,2023Q1,1.4,1.03,/Users/vazea/Desktop/NNW/transcripts_by_company/AZZ_INC_2023Q1.txt
KSS,2006Q3,0.45,0.45,/Users/vazea/Desktop/NNW/transcripts_by_company/KOHLS_CORP_2006Q3.txt
KPLT,2023Q2,-1.57,-0.09,/Users/vazea/Desktop/NNW/transcripts_by_company/KATAPULT_HOLDINGS_INC_2023Q2.txt
KSU,2008Q3,0.52,0.62,/Users/vazea/Desktop/NNW/transcripts_by_company/KANSAS_CITY_SOUTHERN_2008Q3.txt
CCL,2009Q3,1.33,1.18,/Users/vazea/Desktop/NNW/transcripts_by_company/CARNIVAL_CORP_2009Q3.txt
CIM,2022Q2,0.31,0.34,/Users/vazea/Desktop/NNW/transcripts_by_company/CHIMERA_INVESTMENT_CORP_2022Q2.txt
CME,2014Q1,0.83,0.84,/Users/vazea/Desktop/NNW/transcripts_by_company/CME_GROUP_INC_2014Q1.txt
AVA,2011Q3,0.18,0.17,/Users/vazea/Desktop/NNW/transcripts_by_company/AVISTA_CORP_2011Q3.txt
INTT,2020Q3,0.07,0.06,/Users/vazea/Desktop/NNW/transcripts_by_company/INTEST_CORP_2020Q3.txt
GAIA,2022Q2,0.0,0.0,/Users/vazea/Desktop/NNW/transcripts_by_company/GAIA_INC_2022Q2.txt
PCRX,2018Q1,0.02,0.02,/Users/vazea/Desktop/NNW/transcripts_by_company/PACIRA_BIOSCIENCES_INC_2018Q1.txt
MR,2015Q2,0.42,0.45,/Users/vazea/Desktop/NNW/transcripts_by_company/MINDRAY_MEDICAL_INTERNATIONL_LTD_2015Q2.txt
TSCO,2005Q4,0.75,1.97,/Users/vazea/Desktop/NNW/transcripts_by_company/TRACTOR_SUPPLY_CO_2005Q4.txt
RF,2018Q2,0.32,0.33,/Users/vazea/Desktop/NNW/transcripts_by_company/REGIONS_FINANCIAL_CORP_2018Q2.txt
SALM,2004Q2,0.16,0.12,/Users/vazea/Desktop/NNW/transcripts_by_company/SALEM_MEDIA_GROUP_INC_2004Q2.txt
JNPR,2007Q1,0.19,0.19,/Users/vazea/Desktop/NNW/transcripts_by_company/JUNIPER_NETWORKS_INC_2007Q1.txt
PRFT,2018Q2,0.38,0.37,/Users/vazea/Desktop/NNW/transcripts_by_company/PERFICIENT_INC_2018Q2.txt
WM,2014Q3,0.72,0.68,/Users/vazea/Desktop/NNW/transcripts_by_company/WASTE_MANAGEMENT_INC_2014Q3.txt
CSCO,2005Q1,0.21,0.21,/Users/vazea/Desktop/NNW/transcripts_by_company/CISCO_SYSTEMS_INC_2005Q1.txt
POL,2019Q1,0.64,0.67,/Users/vazea/Desktop/NNW/transcripts_by_company/POLYONE_CORPORATION_2019Q1.txt
TNC,2009Q1,-0.04,-0.11,/Users/vazea/Desktop/NNW/transcripts_by_company/TENNANT_CO_2009Q1.txt
ALK,2004Q2,0.31,-0.1,/Users/vazea/Desktop/NNW/transcripts_by_company/ALASKA_AIR_GROUP_INC_2004Q2.txt
SFE,2014Q1,1.29,1.02,/Users/vazea/Desktop/NNW/transcripts_by_company/SAFEGUARD_SCIENTIFICS_INC_2014Q1.txt
TECD,2020Q1,2.04,1.96,/Users/vazea/Desktop/NNW/transcripts_by_company/TECH_DATA_CORP_2020Q1.txt
WDFC,2003Q2,0.49,0.44,/Users/vazea/Desktop/NNW/transcripts_by_company/WD40_CO_2003Q2.txt
DX,2011Q2,0.34,0.34,/Users/vazea/Desktop/NNW/transcripts_by_company/DYNEX_CAPITAL_INC_2011Q2.txt
LOTZ,2021Q3,-0.03,-0.21,/Users/vazea/Desktop/NNW/transcripts_by_company/CARLOTZ_INC_2021Q3.txt
PFSI,2021Q1,5.15,5.34,/Users/vazea/Desktop/NNW/transcripts_by_company/PENNYMAC_FINANCIAL_SERVICES_INC_2021Q1.txt
PHM,2022Q2,2.73,2.63,/Users/vazea/Desktop/NNW/transcripts_by_company/PULTEGROUP_INC_2022Q2.txt
ADT,2023Q3,0.08,0.03,/Users/vazea/Desktop/NNW/transcripts_by_company/ADT_INC_2023Q3.txt
FNKO,2022Q2,0.26,0.23,/Users/vazea/Desktop/NNW/transcripts_by_company/FUNKO_INC_2022Q2.txt
IGT,2008Q1,0.36,0.36,/Users/vazea/Desktop/NNW/transcripts_by_company/INTERNATIONAL_GAME_TECHNOLOGY_2008Q1.txt
ADVS,2002Q1,0.23,0.22,/Users/vazea/Desktop/NNW/transcripts_by_company/ADVENT_SOFTWARE_INC_2002Q1.txt
JMBA,2010Q3,-0.02,0.03,/Users/vazea/Desktop/NNW/transcripts_by_company/JAMBA_INC_2010Q3.txt
ROP,2022Q1,3.77,3.67,/Users/vazea/Desktop/NNW/transcripts_by_company/ROPER_TECHNOLOGIES_INC_2022Q1.txt
MEI,2023Q2,0.75,0.65,/Users/vazea/Desktop/NNW/transcripts_by_company/METHODE_ELECTRONICS_INC_2023Q2.txt
TEU,2003Q4,0.44,0.92,/Users/vazea/Desktop/NNW/transcripts_by_company/CP_SHIPS_LIMITED_2003Q4.txt
SHOP,2019Q2,0.14,0.03,/Users/vazea/Desktop/NNW/transcripts_by_company/SHOPIFY_INC_2019Q2.txt
WCC,2006Q3,1.13,1.05,/Users/vazea/Desktop/NNW/transcripts_by_company/WESCO_INTERNATIONAL_INC_2006Q3.txt
IIIN,2015Q3,0.32,0.48,/Users/vazea/Desktop/NNW/transcripts_by_company/INSTEEL_INDUSTRIES_INC_2015Q3.txt
PEI,2005Q4,0.36,0.42,/Users/vazea/Desktop/NNW/transcripts_by_company/PENNSYLVANIA_REAL_ESTATE_INVESTM_2005Q4.txt
LCUT,2006Q4,0.62,1.49,/Users/vazea/Desktop/NNW/transcripts_by_company/LIFETIME_BRANDS_INC_2006Q4.txt
AAPL,2014Q2,11.62,10.13,/Users/vazea/Desktop/NNW/transcripts_by_company/APPLE_INC_2014Q2.txt
RDC,2005Q1,0.25,0.22,/Users/vazea/Desktop/NNW/transcripts_by_company/ROWAN_COS_INC_2005Q1.txt
R,2005Q3,0.98,0.93,/Users/vazea/Desktop/NNW/transcripts_by_company/RYDER_SYSTEM_INC_2005Q3.txt
ICLK,2019Q4,0.002,-0.08,/Users/vazea/Desktop/NNW/transcripts_by_company/ICLICK_INTERACTIVE_ASIA_GROUP_LT_2019Q4.txt
TWOU,2015Q1,-0.08,-0.1,/Users/vazea/Desktop/NNW/transcripts_by_company/2U_INC_2015Q1.txt
TRK,2003Q1,0.45,0.44,/Users/vazea/Desktop/NNW/transcripts_by_company/SPEEDWAY_MOTORSPORTS_2003Q1.txt
FMCC,2016Q2,0.31,0.57,/Users/vazea/Desktop/NNW/transcripts_by_company/FEDERAL_HOME_LOAN_MORTGAGE_CORP_2016Q2.txt
VYYO,2005Q1,-0.45,-0.34,/Users/vazea/Desktop/NNW/transcripts_by_company/VYYO_INC_2005Q1.txt
CASC,2011Q3,0.79,0.62,/Users/vazea/Desktop/NNW/transcripts_by_company/CASCADE_CORP_2011Q3.txt
QCOM,2013Q2,1.17,1.16,/Users/vazea/Desktop/NNW/transcripts_by_company/QUALCOMM_INC_2013Q2.txt
GEL,2008Q2,0.17,0.06,/Users/vazea/Desktop/NNW/transcripts_by_company/GENESIS_ENERGY_LP_2008Q2.txt
H,2013Q4,0.32,0.95,/Users/vazea/Desktop/NNW/transcripts_by_company/HYATT_HOTELS_CORP_2013Q4.txt
SBUX,2019Q2,0.6,0.56,/Users/vazea/Desktop/NNW/transcripts_by_company/STARBUCKS_CORP_2019Q2.txt
HA,2012Q1,0.06,-0.03,/Users/vazea/Desktop/NNW/transcripts_by_company/HAWAIIAN_HOLDINGS_INC_2012Q1.txt
DHT,2008Q4,0.3,1.2,/Users/vazea/Desktop/NNW/transcripts_by_company/DHT_HOLDINGS_INC_2008Q4.txt
CDI,2003Q3,0.3,0.33,/Users/vazea/Desktop/NNW/transcripts_by_company/CDI_CORPORATION_2003Q3.txt
OFG,2015Q3,0.03,0.36,/Users/vazea/Desktop/NNW/transcripts_by_company/OFG_BANCORP_2015Q3.txt
MCO,2023Q3,2.43,2.36,/Users/vazea/Desktop/NNW/transcripts_by_company/MOODYS_CORP_2023Q3.txt
FAST,2016Q2,0.45,0.48,/Users/vazea/Desktop/NNW/transcripts_by_company/FASTENAL_CO_2016Q2.txt
EROS,2020Q2,-0.276,0.17,/Users/vazea/Desktop/NNW/transcripts_by_company/EROS_STX_GLOBAL_CORP_2020Q2.txt
MINI,2016Q1,0.28,0.29,/Users/vazea/Desktop/NNW/transcripts_by_company/MOBILE_MINI_INC_2016Q1.txt
FLO,2002Q1,0.06,0.16,/Users/vazea/Desktop/NNW/transcripts_by_company/FLOWERS_FOODS_INC_2002Q1.txt
DLB,2010Q3,0.55,0.5,/Users/vazea/Desktop/NNW/transcripts_by_company/DOLBY_LABORATORIES_INC_2010Q3.txt
IHG,2022Q4,,2.73,/Users/vazea/Desktop/NNW/transcripts_by_company/INTERCONTINENTAL_HOTELS_GROUP_PL_2022Q4.txt
JNS,2015Q2,0.23,0.24,/Users/vazea/Desktop/NNW/transcripts_by_company/JANUS_CAPITAL_GROUP_INC_2015Q2.txt
XEC,2006Q3,1.11,0.86,/Users/vazea/Desktop/NNW/transcripts_by_company/CIMAREX_ENERGY_CO_2006Q3.txt
AZN,2002Q3,0.39,0.34,/Users/vazea/Desktop/NNW/transcripts_by_company/ASTRAZENECA_PLC_2002Q3.txt
IBCP,2005Q4,0.51,2.09,/Users/vazea/Desktop/NNW/transcripts_by_company/INDEPENDENT_BANK_CORP_MICH_2005Q4.txt
SMSC,2010Q3,0.34,0.22,/Users/vazea/Desktop/NNW/transcripts_by_company/STANDARD_MICROSYSTEMS_CORP_2010Q3.txt
PEN,2022Q3,0.01,0.02,/Users/vazea/Desktop/NNW/transcripts_by_company/PENUMBRA_INC_2022Q3.txt
DH,2022Q2,0.06,0.05,/Users/vazea/Desktop/NNW/transcripts_by_company/DEFINITIVE_HEALTHCARE_CORP_2022Q2.txt
SWKS,2022Q1,3.14,3.1,/Users/vazea/Desktop/NNW/transcripts_by_company/SKYWORKS_SOLUTIONS_INC_2022Q1.txt
SSTK,2020Q3,0.8,0.33,/Users/vazea/Desktop/NNW/transcripts_by_company/SHUTTERSTOCK_INC_2020Q3.txt
MCZ,2016Q4,-0.06,-0.07,/Users/vazea/Desktop/NNW/transcripts_by_company/MAD_CATZ_INTERACTIVE_INC_2016Q4.txt
LDR,2011Q4,0.65,2.61,/Users/vazea/Desktop/NNW/transcripts_by_company/LANDAUER_INC_2011Q4.txt
UHAL,2004Q1,1.19,1.97,/Users/vazea/Desktop/NNW/transcripts_by_company/UHAUL_HOLDING_CO_2004Q1.txt
WM,2016Q2,0.74,0.71,/Users/vazea/Desktop/NNW/transcripts_by_company/WASTE_MANAGEMENT_INC_2016Q2.txt
DTC,2023Q3,0.28,0.11,/Users/vazea/Desktop/NNW/transcripts_by_company/SOLO_BRANDS_INC_2023Q3.txt
GWR,2012Q2,0.85,0.68,/Users/vazea/Desktop/NNW/transcripts_by_company/GENESEE_WYOMING_INC_2012Q2.txt
BBW,2023Q4,1.3,2.88,/Users/vazea/Desktop/NNW/transcripts_by_company/BUILDABEAR_WORKSHOP_INC_2023Q4.txt
APG,2023Q3,0.48,0.45,/Users/vazea/Desktop/NNW/transcripts_by_company/API_GROUP_CORP_2023Q3.txt
MYL,2018Q2,1.07,1.24,/Users/vazea/Desktop/NNW/transcripts_by_company/MYLAN_NV_2018Q2.txt
CIR,2019Q4,0.82,2.27,/Users/vazea/Desktop/NNW/transcripts_by_company/CIRCOR_INTERNATIONAL_INC_2019Q4.txt
DGIT,2009Q3,0.22,0.22,/Users/vazea/Desktop/NNW/transcripts_by_company/DG_FASTCHANNEL_INC_2009Q3.txt
REPH,2020Q2,-0.25,-0.16,/Users/vazea/Desktop/NNW/transcripts_by_company/SOCIETAL_CDMO_INC_2020Q2.txt
TNET,2019Q3,0.81,0.81,/Users/vazea/Desktop/NNW/transcripts_by_company/TRINET_GROUP_INC_2019Q3.txt
UA,2012Q2,0.06,0.1,/Users/vazea/Desktop/NNW/transcripts_by_company/UNDER_ARMOUR_INC_2012Q2.txt
IMV,2022Q1,-0.13,-0.15,/Users/vazea/Desktop/NNW/transcripts_by_company/IMV_INC_2022Q1.txt
SJM,2019Q2,2.17,2.33,/Users/vazea/Desktop/NNW/transcripts_by_company/J_M_SMUCKER_CO_2019Q2.txt
WIBC,2011Q3,0.14,0.05,/Users/vazea/Desktop/NNW/transcripts_by_company/WILSHIRE_BANCORP_INC_2011Q3.txt
IZEA,2018Q4,-0.06,-0.87,/Users/vazea/Desktop/NNW/transcripts_by_company/IZEA_WORLDWIDE_INC_2018Q4.txt
LEA,2014Q4,2.27,7.96,/Users/vazea/Desktop/NNW/transcripts_by_company/LEAR_CORP_2014Q4.txt
TXT,2021Q2,0.81,0.66,/Users/vazea/Desktop/NNW/transcripts_by_company/TEXTRON_INC_2021Q2.txt
SHOO,2002Q1,0.3,0.27,/Users/vazea/Desktop/NNW/transcripts_by_company/STEVEN_MADDEN_LTD_2002Q1.txt
SNMX,2005Q4,-0.19,-0.8,/Users/vazea/Desktop/NNW/transcripts_by_company/SENOMYX_INC_2005Q4.txt
PWER,2008Q3,-0.02,-0.01,/Users/vazea/Desktop/NNW/transcripts_by_company/POWERONE_INC_2008Q3.txt
DNB,2007Q1,0.98,0.96,/Users/vazea/Desktop/NNW/transcripts_by_company/DUN_BRADSTREET_CORP_2007Q1.txt
VIGN,2006Q2,0.13,0.13,/Users/vazea/Desktop/NNW/transcripts_by_company/VIGNETTE_CORP_2006Q2.txt
CDNS,2009Q3,0.03,0.0,/Users/vazea/Desktop/NNW/transcripts_by_company/CADENCE_DESIGN_SYSTEMS_INC_2009Q3.txt
WMS,2022Q4,0.54,2.97,/Users/vazea/Desktop/NNW/transcripts_by_company/ADVANCED_DRAINAGE_SYSTEMS_INC_2022Q4.txt
REZI,2022Q2,0.63,0.56,/Users/vazea/Desktop/NNW/transcripts_by_company/RESIDEO_TECHNOLOGIES_INC_2022Q2.txt
EXA,2015Q2,-0.05,-0.03,/Users/vazea/Desktop/NNW/transcripts_by_company/EXA_CORPORATION_2015Q2.txt
BHI,2005Q1,0.53,0.42,/Users/vazea/Desktop/NNW/transcripts_by_company/BAKER_HUGHES_INC_2005Q1.txt
BABY,2008Q4,0.22,0.69,/Users/vazea/Desktop/NNW/transcripts_by_company/NATUS_MEDICAL_INC_2008Q4.txt
MCD,2017Q1,1.47,1.33,/Users/vazea/Desktop/NNW/transcripts_by_company/MCDONALDS_CORP_2017Q1.txt
SCHN,2018Q3,1.26,0.99,/Users/vazea/Desktop/NNW/transcripts_by_company/RADIUS_RECYCLING_INC_2018Q3.txt
STMP,2003Q4,-0.06,-0.24,/Users/vazea/Desktop/NNW/transcripts_by_company/STAMPSCOM_INC_2003Q4.txt
PSN,2023Q2,0.63,0.5,/Users/vazea/Desktop/NNW/transcripts_by_company/PARSONS_CORP_2023Q2.txt
LAD,2005Q4,0.45,2.4,/Users/vazea/Desktop/NNW/transcripts_by_company/LITHIA_MOTORS_INC_2005Q4.txt
CAT,2009Q3,0.64,0.04,/Users/vazea/Desktop/NNW/transcripts_by_company/CATERPILLAR_INC_2009Q3.txt
NPTN,2018Q1,-0.33,-0.25,/Users/vazea/Desktop/NNW/transcripts_by_company/NEOPHOTONICS_CORP_2018Q1.txt
KATE,2014Q2,0.05,0.0,/Users/vazea/Desktop/NNW/transcripts_by_company/KATE_SPADE_CO_2014Q2.txt
STB,2018Q1,-0.08,-0.09,/Users/vazea/Desktop/NNW/transcripts_by_company/STUDENT_TRANSPORTATION_INC_2018Q1.txt
MBWM,2016Q1,0.52,0.4,/Users/vazea/Desktop/NNW/transcripts_by_company/MERCANTILE_BANK_CORP_2016Q1.txt
ISSI,2005Q2,-0.38,-0.17,/Users/vazea/Desktop/NNW/transcripts_by_company/INTEGRATED_SILICON_SOLUTION_INC_2005Q2.txt
GLP,2017Q2,0.07,0.03,/Users/vazea/Desktop/NNW/transcripts_by_company/GLOBAL_PARTNERS_LP_2017Q2.txt
ITRI,2017Q3,0.77,0.89,/Users/vazea/Desktop/NNW/transcripts_by_company/ITRON_INC_2017Q3.txt
JPM,2021Q3,3.74,2.89,/Users/vazea/Desktop/NNW/transcripts_by_company/JPMORGAN_CHASE_CO_2021Q3.txt
SNX,2012Q3,0.93,0.93,/Users/vazea/Desktop/NNW/transcripts_by_company/TD_SYNNEX_CORP_2012Q3.txt
ASTE,2018Q4,0.61,2.8,/Users/vazea/Desktop/NNW/transcripts_by_company/ASTEC_INDUSTRIES_INC_2018Q4.txt
TPIC,2018Q2,-0.12,-0.04,/Users/vazea/Desktop/NNW/transcripts_by_company/TPI_COMPOSITES_INC_2018Q2.txt
PMCS,2007Q1,0.02,0.01,/Users/vazea/Desktop/NNW/transcripts_by_company/PMCSIERRA_INC_2007Q1.txt
BK,2017Q2,0.88,0.84,/Users/vazea/Desktop/NNW/transcripts_by_company/BANK_OF_NEW_YORK_MELLON_CORP_2017Q2_1.txt
ASML,2008Q4,-0.264,1.4,/Users/vazea/Desktop/NNW/transcripts_by_company/ASML_HOLDING_NV_2008Q4.txt
VTR,2021Q3,0.16,0.06,/Users/vazea/Desktop/NNW/transcripts_by_company/VENTAS_INC_2021Q3.txt
SDPI,2021Q3,0.0,0.0,/Users/vazea/Desktop/NNW/transcripts_by_company/SUPERIOR_DRILLING_PRODUCTS_INC_2021Q3.txt
RLGT,2021Q3,0.18,0.08,/Users/vazea/Desktop/NNW/transcripts_by_company/RADIANT_LOGISTICS_INC_2021Q3.txt
FVRR,2021Q1,-0.01,-0.1,/Users/vazea/Desktop/NNW/transcripts_by_company/FIVERR_INTERNATIONAL_LTD_2021Q1.txt
DDOG,2022Q4,0.26,0.91,/Users/vazea/Desktop/NNW/transcripts_by_company/DATADOG_INC_2022Q4.txt
CRDS,2003Q2,-0.08,-0.1,/Users/vazea/Desktop/NNW/transcripts_by_company/CROSSROADS_SYSTEMS_INC_2003Q2.txt
FBHS,2014Q1,0.25,0.34,/Users/vazea/Desktop/NNW/transcripts_by_company/FORTUNE_BRANDS_INNOVATIONS_INC_2014Q1.txt
ITP,2007Q2,-0.1,0.04,/Users/vazea/Desktop/NNW/transcripts_by_company/INTERTAPE_POLYMER_2007Q2.txt
PPG,2013Q3,2.44,2.31,/Users/vazea/Desktop/NNW/transcripts_by_company/PPG_INDUSTRIES_INC_2013Q3.txt
FWONA,2022Q2,0.35,0.15,/Users/vazea/Desktop/NNW/transcripts_by_company/LIBERTY_MEDIA_CORP_2022Q2.txt
XEC,2013Q1,1.06,1.06,/Users/vazea/Desktop/NNW/transcripts_by_company/CIMAREX_ENERGY_CO_2013Q1.txt
ADI,2006Q1,0.37,0.36,/Users/vazea/Desktop/NNW/transcripts_by_company/ANALOG_DEVICES_INC_2006Q1.txt
BAX,2007Q4,0.76,2.77,/Users/vazea/Desktop/NNW/transcripts_by_company/BAXTER_INTERNATIONAL_INC_2007Q4.txt
ESE,2021Q1,0.55,0.52,/Users/vazea/Desktop/NNW/transcripts_by_company/ESCO_TECHNOLOGIES_INC_2021Q1.txt
NAT,2009Q2,0.0,0.07,/Users/vazea/Desktop/NNW/transcripts_by_company/NORDIC_AMERICAN_TANKERS_LTD_2009Q2.txt
TDY,2008Q1,0.77,0.66,/Users/vazea/Desktop/NNW/transcripts_by_company/TELEDYNE_TECHNOLOGIES_INC_2008Q1.txt
EW,2010Q2,0.46,0.45,/Users/vazea/Desktop/NNW/transcripts_by_company/EDWARDS_LIFESCIENCES_CORP_2010Q2.txt
EVBG,2021Q4,-0.05,0.08,/Users/vazea/Desktop/NNW/transcripts_by_company/EVERBRIDGE_INC_2021Q4.txt
