filepath,cusip,ticker,company_name,eps_actual,eps_forecast
/Users/vazea/Desktop/NNW/transcripts_by_company/IAA_INC_2022Q1.txt,44925310,IAA,IAA INC,0.66,0.57
/Users/vazea/Desktop/NNW/transcripts_by_company/MERIDIANLINK_INC_2022Q2.txt,58985J10,MLNK,MERIDIANLINK INC,0.09,0.1
/Users/vazea/Desktop/NNW/transcripts_by_company/PCTEL_INC_2017Q4.txt,69325Q10,PCTI,PCTEL INC,0.28,0.27
/Users/vazea/Desktop/NNW/transcripts_by_company/COVISINT_CORP_2015Q4.txt,22357R10,COVS,COVISINT CORP,-0.52,-0.5
/Users/vazea/Desktop/NNW/transcripts_by_company/RF_INDUSTRIES_LTD_2022Q1.txt,74955210,RFIL,RF INDUSTRIES LTD,0.06,0.05
/Users/vazea/Desktop/NNW/transcripts_by_company/WORTHINGTON_ENTERPRISES_INC_2011Q2.txt,98181110,WOR,WORTHINGTON ENTERPRISES INC,0.2,0.26
/Users/vazea/Desktop/NNW/transcripts_by_company/STARBUCKS_CORP_2022Q2.txt,85524410,SBUX,STARBUCKS CORP,0.59,0.6
/Users/vazea/Desktop/NNW/transcripts_by_company/STATE_AUTO_FINANCIAL_CORP_2002Q2.txt,85570710,STFC,STATE AUTO FINANCIAL CORP,-0.02,0.04
/Users/vazea/Desktop/NNW/transcripts_by_company/WADDELL_REED_FINANCIAL_INC_2014Q4.txt,93005910,WDR,WADDELL & REED FINANCIAL INC,3.64,3.63
/Users/vazea/Desktop/NNW/transcripts_by_company/MYERS_INDUSTRIES_INC_2011Q3.txt,62846410,MYE,MYERS INDUSTRIES INC,0.14,0.13
/Users/vazea/Desktop/NNW/transcripts_by_company/MERCURY_SYSTEMS_INC_2006Q2.txt,58937810,MRCY,MERCURY SYSTEMS INC,0.18,0.1
/Users/vazea/Desktop/NNW/transcripts_by_company/CYTOGEN_CORPORATION_2007Q2.txt,23282430,CYTO,CYTOGEN CORPORATION,-0.35,-0.33
/Users/vazea/Desktop/NNW/transcripts_by_company/ARGON_ST_INC_2007Q3.txt,04014910,STST,ARGON ST INC,0.19,0.29
/Users/vazea/Desktop/NNW/transcripts_by_company/ELI_LILLY_AND_CO_2004Q4.txt,53245710,LLY,ELI LILLY AND CO,2.82,2.81
/Users/vazea/Desktop/NNW/transcripts_by_company/ROLLINS_INC_2010Q4.txt,77571110,ROL,ROLLINS INC,0.56,0.6
/Users/vazea/Desktop/NNW/transcripts_by_company/T2_BIOSYSTEMS_INC_2020Q3.txt,89853L10,TTOO,T2 BIOSYSTEMS INC,-0.08,-0.08
/Users/vazea/Desktop/NNW/transcripts_by_company/FIVE_BELOW_INC_2024Q1.txt,33829M10,FIVE,FIVE BELOW INC,0.67,0.63
/Users/vazea/Desktop/NNW/transcripts_by_company/MCCORMICK_SCHMICKS_SEAFOOD_RE_2008Q2.txt,57979310,MSSR,MCCORMICK & SCHMICKS SEAFOOD RE,0.16,0.14
/Users/vazea/Desktop/NNW/transcripts_by_company/PRGX_GLOBAL_INC_2019Q3.txt,69357C50,PRGX,PRGX GLOBAL INC,-0.03,0.03
/Users/vazea/Desktop/NNW/transcripts_by_company/TRICIDA_INC_2018Q4.txt,89610F10,TCDA,TRICIDA INC,-4.64,-2.92
/Users/vazea/Desktop/NNW/transcripts_by_company/ALIGNMENT_HEALTHCARE_INC_2022Q4.txt,01625V10,ALHC,ALIGNMENT HEALTHCARE INC,-0.83,-0.81
/Users/vazea/Desktop/NNW/transcripts_by_company/ENCORE_CAPITAL_GROUP_INC_2010Q2.txt,29255410,ECPG,ENCORE CAPITAL GROUP INC,0.47,0.44
/Users/vazea/Desktop/NNW/transcripts_by_company/LEARNING_TREE_INTERNATIONAL_2012Q1.txt,52201510,LTRE,LEARNING TREE INTERNATIONAL,0.14,0.09
/Users/vazea/Desktop/NNW/transcripts_by_company/DIGI_INTERNATIONAL_INC_2023Q2.txt,25379810,DGII,DIGI INTERNATIONAL INC,0.5,0.44
/Users/vazea/Desktop/NNW/transcripts_by_company/SONOCO_PRODUCTS_CO_2002Q3.txt,83549510,SON,SONOCO PRODUCTS CO,0.34,0.33
/Users/vazea/Desktop/NNW/transcripts_by_company/LANNETT_COMPANY_INC_2021Q1.txt,51601210,LCI,LANNETT COMPANY INC,0.06,0.1
/Users/vazea/Desktop/NNW/transcripts_by_company/ETHAN_ALLEN_INTERIORS_INC_2022Q4.txt,29760210,ETD,ETHAN ALLEN INTERIORS INC,3.93,3.48
/Users/vazea/Desktop/NNW/transcripts_by_company/LOCAL_BOUNTI_CORP_2023Q1.txt,53960E10,LOCL,LOCAL BOUNTI CORP,-0.23,-0.23
/Users/vazea/Desktop/NNW/transcripts_by_company/METABASIS_THERAPEUTICS_INC_2005Q1.txt,59101M10,MBRX,METABASIS THERAPEUTICS INC,-0.35,-0.34
/Users/vazea/Desktop/NNW/transcripts_by_company/RELIANCE_INC_2021Q1.txt,75950910,RS,RELIANCE INC,4.1,3.56
/Users/vazea/Desktop/NNW/transcripts_by_company/MEDICINES_CO_2010Q4.txt,58468810,MDCO,MEDICINES CO,1.14,1.12
/Users/vazea/Desktop/NNW/transcripts_by_company/ATHERSYS_INC_2014Q4.txt,04744L10,ATHX,ATHERSYS INC,-0.29,-0.3
/Users/vazea/Desktop/NNW/transcripts_by_company/PENSKE_AUTOMOTIVE_GROUP_INC_2021Q4.txt,70959W10,PAG,PENSKE AUTOMOTIVE GROUP INC,14.89,15.0
/Users/vazea/Desktop/NNW/transcripts_by_company/ARBOR_REALTY_TRUST_INC_2018Q1.txt,03892310,ABR,ARBOR REALTY TRUST INC,0.45,0.26
/Users/vazea/Desktop/NNW/transcripts_by_company/SONOSITE_INC_2008Q4.txt,83568G10,SONO,SONOSITE INC,0.64,0.67
/Users/vazea/Desktop/NNW/transcripts_by_company/MASCO_CORP_2020Q2.txt,57459910,MAS,MASCO CORP,0.84,0.7
/Users/vazea/Desktop/NNW/transcripts_by_company/WALT_DISNEY_CO_2022Q3.txt,25468710,DIS,WALT DISNEY CO,1.09,0.99
/Users/vazea/Desktop/NNW/transcripts_by_company/ALTA_EQUIPMENT_GROUP_INC_2021Q2.txt,02128L10,ALTG,ALTA EQUIPMENT GROUP INC,-0.48,-0.04
/Users/vazea/Desktop/NNW/transcripts_by_company/DIAMOND_OFFSHORE_DRILLING_INC_2006Q3.txt,25271C10,DO,DIAMOND OFFSHORE DRILLING INC,1.19,1.25
/Users/vazea/Desktop/NNW/transcripts_by_company/CIGNA_HOLDING_CO_2014Q3.txt,12550910,CI,CIGNA HOLDING CO,1.95,1.82
/Users/vazea/Desktop/NNW/transcripts_by_company/MARCHEX_INC_2022Q3.txt,56624R10,MCHX,MARCHEX INC,-0.01,-0.01
/Users/vazea/Desktop/NNW/transcripts_by_company/ENTRAVISION_COMMUNICATIONS_CORP_2013Q1.txt,29382R10,EVC,ENTRAVISION COMMUNICATIONS CORP,-0.01,0.0
/Users/vazea/Desktop/NNW/transcripts_by_company/RETAILMENOT_INC_2014Q3.txt,76132B10,SALE,RETAILMENOT INC,0.16,0.14
/Users/vazea/Desktop/NNW/transcripts_by_company/CIMAREX_ENERGY_CO_2013Q1.txt,17179810,XEC,CIMAREX ENERGY CO,1.06,1.06
/Users/vazea/Desktop/NNW/transcripts_by_company/CHERRY_HILL_MORTGAGE_INVESTMENT_2018Q4.txt,16465110,CHMI,CHERRY HILL MORTGAGE INVESTMENT,2.23,2.07
/Users/vazea/Desktop/NNW/transcripts_by_company/ID_SYSTEMS_INC_2012Q2.txt,44948910,IDSY,I.D. SYSTEMS INC.,-0.1,0.09
/Users/vazea/Desktop/NNW/transcripts_by_company/DR_HORTON_INC_2009Q3.txt,23331A10,DHI,DR HORTON INC,-0.45,-0.22
/Users/vazea/Desktop/NNW/transcripts_by_company/MITTAL_STEEL_CO_NV_2006Q4.txt,60684P10,MT,MITTAL STEEL CO NV,5.28,5.47
/Users/vazea/Desktop/NNW/transcripts_by_company/USG_CORPORATION_2016Q1.txt,90329340,USG,USG CORPORATION,0.43,0.26
/Users/vazea/Desktop/NNW/transcripts_by_company/CLEAN_ENERGY_FUELS_CORP_2020Q3.txt,18449910,CLNE,CLEAN ENERGY FUELS CORP,-0.01,-0.02
/Users/vazea/Desktop/NNW/transcripts_by_company/ZEDGE_INC_2022Q1.txt,98923T10,ZDGE,ZEDGE INC,0.14,0.12
/Users/vazea/Desktop/NNW/transcripts_by_company/TARGA_RESOURCES_CORP_2018Q3.txt,87612G10,TRGP,TARGA RESOURCES CORP,-0.24,0.05
/Users/vazea/Desktop/NNW/transcripts_by_company/MICROSOFT_CORP_2018Q2.txt,59491810,MSFT,MICROSOFT CORP,0.96,0.86
/Users/vazea/Desktop/NNW/transcripts_by_company/SUPERIOR_INDUSTRIES_INTERNATIONA_2017Q1.txt,86816810,SUP,SUPERIOR INDUSTRIES INTERNATIONA,0.31,0.37
/Users/vazea/Desktop/NNW/transcripts_by_company/BANK7_CORP_2019Q4.txt,06652N10,BSVN,BANK7 CORP,0.81,0.84
/Users/vazea/Desktop/NNW/transcripts_by_company/MAGNACHIP_SEMICONDUCTOR_CORP_2019Q1.txt,55933J20,MX,MAGNACHIP SEMICONDUCTOR CORP,-0.58,-0.53
/Users/vazea/Desktop/NNW/transcripts_by_company/ARRAY_BIOPHARMA_INC_2015Q2.txt,04269X10,ARRY,ARRAY BIOPHARMA INC,-0.06,-0.2
/Users/vazea/Desktop/NNW/transcripts_by_company/MERIT_MEDICAL_SYSTEMS_INC_2018Q1.txt,58988910,MMSI,MERIT MEDICAL SYSTEMS INC,0.31,0.29
/Users/vazea/Desktop/NNW/transcripts_by_company/ALKERMES_PLC_2021Q2.txt,G0176710,ALKS,ALKERMES PLC,0.3,0.13
/Users/vazea/Desktop/NNW/transcripts_by_company/FORTUNE_BRANDS_INNOVATIONS_INC_2017Q2.txt,34964C10,FBHS,FORTUNE BRANDS INNOVATIONS INC,0.92,0.87
/Users/vazea/Desktop/NNW/transcripts_by_company/AARONS_INC_2012Q2.txt,00253530,AAN,AARON'S INC,0.47,0.47
/Users/vazea/Desktop/NNW/transcripts_by_company/SEPRACOR_INC_2006Q4.txt,81731510,SEPR,SEPRACOR INC,1.6,1.33
/Users/vazea/Desktop/NNW/transcripts_by_company/NOVELL_INC_2003Q2.txt,67000610,NOVL,NOVELL INC,-0.02,-0.03
/Users/vazea/Desktop/NNW/transcripts_by_company/AUTODESK_INC_2012Q1.txt,05276910,ADSK,AUTODESK INC,0.4,0.37
/Users/vazea/Desktop/NNW/transcripts_by_company/SILICOM_LTD_2021Q2.txt,M8411610,SILC,SILICOM LTD,0.42,0.34
/Users/vazea/Desktop/NNW/transcripts_by_company/GENESEE_WYOMING_INC_2011Q2.txt,37155910,GWR,GENESEE & WYOMING INC,0.73,0.7
/Users/vazea/Desktop/NNW/transcripts_by_company/CYBERSOURCE_CORP_2006Q2_1.txt,23251J10,CYBS,CYBERSOURCE CORP,0.07,0.04
/Users/vazea/Desktop/NNW/transcripts_by_company/KULICKE_AND_SOFFA_INDUSTRIES_INC_2017Q2.txt,50124210,KLIC,KULICKE AND SOFFA INDUSTRIES INC,0.4,0.3
/Users/vazea/Desktop/NNW/transcripts_by_company/HYWIN_HOLDINGS_LTD_2021Q4.txt,44951X10,HYW,HYWIN HOLDINGS LTD,7.76,7.4
/Users/vazea/Desktop/NNW/transcripts_by_company/INFINITY_PROPERTY_AND_CSLTY_CORP_2004Q2.txt,45665Q10,IPCC,INFINITY PROPERTY AND CSLTY CORP,1.15,0.73
/Users/vazea/Desktop/NNW/transcripts_by_company/SYNCHRONY_FINANCIAL_2018Q3.txt,87165B10,SYF,SYNCHRONY FINANCIAL,0.91,0.81
/Users/vazea/Desktop/NNW/transcripts_by_company/BORLAND_SOFTWARE_2007Q1.txt,09984910,BORL,BORLAND SOFTWARE,-0.09,-0.09
/Users/vazea/Desktop/NNW/transcripts_by_company/SPEEDWAY_MOTORSPORTS_2004Q3.txt,84778810,TRK,SPEEDWAY MOTORSPORTS,0.06,0.04
/Users/vazea/Desktop/NNW/transcripts_by_company/HESS_CORP_2011Q1.txt,42809H10,HES,HESS CORP,1.82,1.82
/Users/vazea/Desktop/NNW/transcripts_by_company/LITHIA_MOTORS_INC_2014Q3.txt,53679710,LAD,LITHIA MOTORS INC,1.32,1.31
/Users/vazea/Desktop/NNW/transcripts_by_company/BRUNSWICK_CORP_2009Q3.txt,11704310,BC,BRUNSWICK CORP,-1.29,-1.37
/Users/vazea/Desktop/NNW/transcripts_by_company/DOMINION_ENERGY_INC_2002Q1.txt,25746U10,D,DOMINION ENERGY INC,1.2,1.35
/Users/vazea/Desktop/NNW/transcripts_by_company/OCCIDENTAL_PETROLEUM_CORP_2012Q1.txt,67459910,OXY,OCCIDENTAL PETROLEUM CORP,1.92,1.92
/Users/vazea/Desktop/NNW/transcripts_by_company/ICOS_CORP_2002Q1.txt,44929510,ICOS,ICOS CORP,-0.65,-0.59
/Users/vazea/Desktop/NNW/transcripts_by_company/WENDYS_CO_2022Q3.txt,95058W10,WEN,WENDY'S CO,0.24,0.23
/Users/vazea/Desktop/NNW/transcripts_by_company/SCRIPPS_NETWORKS_INTERACTIVE_INC_2012Q1.txt,81106510,SNI,SCRIPPS NETWORKS INTERACTIVE INC,0.73,0.62
/Users/vazea/Desktop/NNW/transcripts_by_company/TARGET_CORP_2009Q1.txt,87612E10,TGT,TARGET CORP,0.74,0.7
/Users/vazea/Desktop/NNW/transcripts_by_company/SSC_TECHNOLOGIES_HOLDINGS_INC_2023Q1.txt,78467J10,SSNC,SS&C TECHNOLOGIES HOLDINGS INC,1.11,1.14
/Users/vazea/Desktop/NNW/transcripts_by_company/SYSTEMAX_INC_2017Q4.txt,87185110,SYX,SYSTEMAX INC,1.3,1.29
/Users/vazea/Desktop/NNW/transcripts_by_company/NOVA_LTD_2013Q2.txt,M7516K10,NVMI,NOVA LTD,0.14,0.1
/Users/vazea/Desktop/NNW/transcripts_by_company/ONEWATER_MARINE_INC_2022Q2.txt,68280L10,ONEW,ONEWATER MARINE INC,2.54,2.09
/Users/vazea/Desktop/NNW/transcripts_by_company/MAXIMUS_INC_2017Q1.txt,57793310,MMS,MAXIMUS INC,0.73,0.64
/Users/vazea/Desktop/NNW/transcripts_by_company/CST_BRANDS_INC_2014Q1.txt,12646R10,CST,CST BRANDS INC,0.14,0.18
/Users/vazea/Desktop/NNW/transcripts_by_company/CH_ROBINSON_WORLDWIDE_INC_2007Q4.txt,12541W20,CHRW,CH ROBINSON WORLDWIDE INC,1.86,1.85
/Users/vazea/Desktop/NNW/transcripts_by_company/KEYNOTE_SYSTEMS_INC_2010Q4.txt,49330810,KEYN,KEYNOTE SYSTEMS INC,0.51,0.48
/Users/vazea/Desktop/NNW/transcripts_by_company/LIFECORE_BIOMEDICAL_INC_2023Q3.txt,51476610,LFCR,LIFECORE BIOMEDICAL INC,-0.22,-0.13
/Users/vazea/Desktop/NNW/transcripts_by_company/SYMMETRICOM_INCORPORATED_2010Q1.txt,87154310,SYMM,SYMMETRICOM INCORPORATED,0.05,0.04
/Users/vazea/Desktop/NNW/transcripts_by_company/RIT_TECHNOLOGIES_LTD_2007Q1.txt,M8215N10,RITT,RIT TECHNOLOGIES LTD,-0.05,-0.02
/Users/vazea/Desktop/NNW/transcripts_by_company/LANTERN_PHARMA_INC_2021Q1.txt,51654W10,LTRN,LANTERN PHARMA INC,-0.24,-0.27
/Users/vazea/Desktop/NNW/transcripts_by_company/MAXIMUS_INC_2012Q2.txt,57793310,MMS,MAXIMUS INC,0.49,0.47
/Users/vazea/Desktop/NNW/transcripts_by_company/LEGG_MASON_INC_2008Q4.txt,52490110,LM,LEGG MASON INC,1.86,2.81
/Users/vazea/Desktop/NNW/transcripts_by_company/ECHELON_CORPORATION_2015Q3.txt,27874N10,ELON,ECHELON CORPORATION,-0.02,-0.06
/Users/vazea/Desktop/NNW/transcripts_by_company/FULGENT_GENETICS_INC_2022Q1.txt,35966410,FLGT,FULGENT GENETICS INC,5.08,3.42
/Users/vazea/Desktop/NNW/transcripts_by_company/MERU_NETWORKS_INC_2014Q2.txt,59047Q10,MERU,MERU NETWORKS INC,-0.13,-0.12
/Users/vazea/Desktop/NNW/transcripts_by_company/WERNER_ENTERPRISES_INC_2022Q3.txt,95075510,WERN,WERNER ENTERPRISES INC,0.9,0.98
/Users/vazea/Desktop/NNW/transcripts_by_company/LIFE_TIME_GROUP_HOLDINGS_INC_2022Q2.txt,53190C10,LTH,LIFE TIME GROUP HOLDINGS INC,-0.01,-0.11
/Users/vazea/Desktop/NNW/transcripts_by_company/EBAY_INC_2010Q4.txt,27864210,EBAY,EBAY INC,1.73,1.69
/Users/vazea/Desktop/NNW/transcripts_by_company/PILGRIMS_PRIDE_CORP_2012Q1.txt,72147K10,PPC,PILGRIMS PRIDE CORP,0.19,0.05
/Users/vazea/Desktop/NNW/transcripts_by_company/ADVENT_SOFTWARE_INC_2005Q4.txt,00797410,ADVS,ADVENT SOFTWARE INC,0.41,0.4
/Users/vazea/Desktop/NNW/transcripts_by_company/SUPERIOR_INDUSTRIES_INTERNATIONA_2016Q3.txt,86816810,SUP,SUPERIOR INDUSTRIES INTERNATIONA,0.23,0.37
/Users/vazea/Desktop/NNW/transcripts_by_company/NUSTAR_ENERGY_LP_2009Q2.txt,67058H10,NS,NUSTAR ENERGY LP,1.04,0.93
/Users/vazea/Desktop/NNW/transcripts_by_company/IDEX_CORP_2007Q3.txt,45167R10,IEX,IDEX CORP,0.47,0.48
/Users/vazea/Desktop/NNW/transcripts_by_company/CURIS_INCORPORATED_2015Q1.txt,23126910,CRIS,CURIS INCORPORATED,-0.07,-0.06
/Users/vazea/Desktop/NNW/transcripts_by_company/VIRTUS_INVESTMENT_PARTNERS_INC_2018Q4.txt,92828Q10,VRTS,VIRTUS INVESTMENT PARTNERS INC,12.26,12.32
/Users/vazea/Desktop/NNW/transcripts_by_company/PPL_CORP_2012Q4.txt,69351T10,PPL,PPL CORP,2.42,2.35
/Users/vazea/Desktop/NNW/transcripts_by_company/ATHERSYS_INC_2016Q4.txt,04744L10,ATHX,ATHERSYS INC,-0.18,-0.18
/Users/vazea/Desktop/NNW/transcripts_by_company/TARGET_CORP_2020Q1.txt,87612E10,TGT,TARGET CORP,1.53,1.43
/Users/vazea/Desktop/NNW/transcripts_by_company/SCANSOURCE_INC_2010Q2.txt,80603710,SCSC,SCANSOURCE INC,0.44,0.42
/Users/vazea/Desktop/NNW/transcripts_by_company/DONEGAL_GROUP_INC_2023Q3.txt,25770120,DGICA,DONEGAL GROUP INC,0.01,0.08
/Users/vazea/Desktop/NNW/transcripts_by_company/K12_INC_2010Q4.txt,48273U10,LRN,K12 INC,0.71,0.68
/Users/vazea/Desktop/NNW/transcripts_by_company/NETGEAR_INC_2008Q4.txt,64111Q10,NTGR,NETGEAR INC,0.92,1.22
/Users/vazea/Desktop/NNW/transcripts_by_company/EQUITY_BANCSHARES_INC_2017Q2.txt,29460X10,EQBK,EQUITY BANCSHARES INC,0.52,0.51
/Users/vazea/Desktop/NNW/transcripts_by_company/OVERSEAS_SHIPHOLDING_GROUP_2004Q1.txt,69036810,OSG,OVERSEAS SHIPHOLDING GROUP,1.93,1.84
/Users/vazea/Desktop/NNW/transcripts_by_company/INTEGRA_LIFESCIENCES_HOLDINGS_CO_2006Q2.txt,45798520,IART,INTEGRA LIFESCIENCES HOLDINGS CO,0.34,0.31
/Users/vazea/Desktop/NNW/transcripts_by_company/PHILLIPS_66_PARTNERS_LP_2021Q2.txt,71854920,PSXP,PHILLIPS 66 PARTNERS LP,1.013,0.88
/Users/vazea/Desktop/NNW/transcripts_by_company/MYLAN_INC_2013Q3.txt,62853010,MYL,MYLAN INC,0.82,0.78
/Users/vazea/Desktop/NNW/transcripts_by_company/ARROW_ELECTRONICS_INC_2021Q4.txt,04273510,ARW,ARROW ELECTRONICS INC,15.5,14.66
/Users/vazea/Desktop/NNW/transcripts_by_company/WEC_ENERGY_GROUP_INC_2019Q1.txt,92939U10,WEC,WEC ENERGY GROUP INC,1.33,1.26
/Users/vazea/Desktop/NNW/transcripts_by_company/RED_ROCK_RESORTS_INC_2017Q2.txt,75700L10,RRR,RED ROCK RESORTS INC,0.53,0.29
/Users/vazea/Desktop/NNW/transcripts_by_company/BLOOMIN_BRANDS_INC_2023Q1.txt,09423510,BLMN,BLOOMIN' BRANDS INC,0.98,0.88
/Users/vazea/Desktop/NNW/transcripts_by_company/ARROW_ELECTRONICS_INC_2003Q1.txt,04273510,ARW,ARROW ELECTRONICS INC,0.1,0.06
/Users/vazea/Desktop/NNW/transcripts_by_company/PLUG_POWER_INC_2020Q1.txt,72919P20,PLUG,PLUG POWER INC,-0.12,-0.11
/Users/vazea/Desktop/NNW/transcripts_by_company/AMPHENOL_CORP_2002Q2.txt,03209510,APH,AMPHENOL CORP,0.46,0.45
/Users/vazea/Desktop/NNW/transcripts_by_company/TRINITY_BIOTECH_PLC_2009Q3.txt,89643830,TRIB,TRINITY BIOTECH PLC,0.15,0.12
/Users/vazea/Desktop/NNW/transcripts_by_company/INTERDIGITAL_COMMUNICATIONS_2004Q1.txt,45866A10,IDCC,INTERDIGITAL COMMUNICATIONS,0.1,-0.03
/Users/vazea/Desktop/NNW/transcripts_by_company/VISA_INC_2013Q3.txt,92826C83,V,VISA INC,1.88,1.8
/Users/vazea/Desktop/NNW/transcripts_by_company/NELSON_THOMAS_INC_2005Q1.txt,64037610,TNM,NELSON THOMAS INC,0.12,0.09
/Users/vazea/Desktop/NNW/transcripts_by_company/ROCKWELL_AUTOMATION_INC_2016Q3.txt,77390310,ROK,ROCKWELL AUTOMATION INC,1.55,1.47
/Users/vazea/Desktop/NNW/transcripts_by_company/CHIASMA_INC_2020Q4.txt,16706W10,CHMA,CHIASMA INC,-1.43,-1.49
/Users/vazea/Desktop/NNW/transcripts_by_company/NORTHROP_GRUMMAN_CORP_2015Q1.txt,66680710,NOC,NORTHROP GRUMMAN CORP,2.41,2.26
/Users/vazea/Desktop/NNW/transcripts_by_company/FSI_INTERNATIONAL_2008Q1.txt,30263310,FSII,FSI INTERNATIONAL,-0.07,-0.09
/Users/vazea/Desktop/NNW/transcripts_by_company/NORTHROP_GRUMMAN_CORP_2002Q2.txt,66680710,NOC,NORTHROP GRUMMAN CORP,1.53,1.46
/Users/vazea/Desktop/NNW/transcripts_by_company/SCICLONEPHARMACEUTICALS_INCORPO_2009Q4.txt,80862K10,SCLN,SCICLONEPHARMACEUTICALS INCORPO,0.25,0.22
/Users/vazea/Desktop/NNW/transcripts_by_company/MATTEL_INC_2020Q1.txt,57708110,MAT,MATTEL INC,-0.56,-0.42
/Users/vazea/Desktop/NNW/transcripts_by_company/CAMPBELLS_CO_2014Q3.txt,13442910,CPB,CAMPBELL'S CO,0.62,0.59
/Users/vazea/Desktop/NNW/transcripts_by_company/KIMBERLYCLARK_CORP_2002Q3.txt,49436810,KMB,KIMBERLY-CLARK CORP,0.87,0.89
/Users/vazea/Desktop/NNW/transcripts_by_company/ACCENTURE_PLC_2020Q1.txt,G1151C10,ACN,ACCENTURE PLC,2.09,1.99
/Users/vazea/Desktop/NNW/transcripts_by_company/RADIUS_RECYCLING_INC_2022Q4.txt,80688210,SCHN,RADIUS RECYCLING INC,6.07,6.04
/Users/vazea/Desktop/NNW/transcripts_by_company/CBOE_GLOBAL_MARKETS_INC_2014Q2.txt,12503M10,CBOE,CBOE GLOBAL MARKETS INC,0.5,0.5
/Users/vazea/Desktop/NNW/transcripts_by_company/OOMA_INC_2018Q2.txt,68341610,OOMA,OOMA INC,-0.02,-0.04
/Users/vazea/Desktop/NNW/transcripts_by_company/ICONIX_BRAND_GROUP_INC_2012Q3.txt,45105510,ICON,ICONIX BRAND GROUP INC,0.41,0.4
/Users/vazea/Desktop/NNW/transcripts_by_company/CONNS_INC_2014Q3.txt,20824210,CONN,CONN'S INC,0.71,0.64
/Users/vazea/Desktop/NNW/transcripts_by_company/NETFLIX_INC_2018Q4.txt,64110L10,NFLX,NETFLIX INC,2.68,2.62
/Users/vazea/Desktop/NNW/transcripts_by_company/INTEST_CORP_2020Q1.txt,46114710,INTT,INTEST CORP,-0.08,-0.08
/Users/vazea/Desktop/NNW/transcripts_by_company/PETROQUEST_ENERGY_INC_2013Q1.txt,71674810,PQ,PETROQUEST ENERGY INC,0.05,0.03
/Users/vazea/Desktop/NNW/transcripts_by_company/ACLARIS_THERAPEUTICS_INC_2015Q4.txt,00461U10,ACRS,ACLARIS THERAPEUTICS INC,-3.79,-3.28
/Users/vazea/Desktop/NNW/transcripts_by_company/TENNECO_INC_2018Q1_1.txt,88034910,TEN,TENNECO INC,1.58,1.7
/Users/vazea/Desktop/NNW/transcripts_by_company/ABERCROMBIE_FITCH_CO_2009Q3.txt,00289620,ANF,ABERCROMBIE & FITCH CO,0.72,0.75
/Users/vazea/Desktop/NNW/transcripts_by_company/RA_MEDICAL_SYSTEMS_INC_2020Q1.txt,74933X10,RMED,RA MEDICAL SYSTEMS INC,-0.56,-0.48
/Users/vazea/Desktop/NNW/transcripts_by_company/MANHATTAN_ASSOCIATES_INC_2007Q4.txt,56275010,MANH,MANHATTAN ASSOCIATES INC,1.3,1.33
/Users/vazea/Desktop/NNW/transcripts_by_company/CORVEL_CORPORATION_2003Q4.txt,22100610,CRVL,CORVEL CORPORATION,1.5,1.5
/Users/vazea/Desktop/NNW/transcripts_by_company/VENTAS_INC_2015Q1.txt,92276F10,VTR,VENTAS INC,0.37,0.3
/Users/vazea/Desktop/NNW/transcripts_by_company/VIASAT_INC_2024Q1.txt,92552V10,VSAT,VIASAT INC,-0.83,-0.27
/Users/vazea/Desktop/NNW/transcripts_by_company/WNS_HOLDINGS_LTD_2024Q1.txt,92932M10,WNS,WNS (HOLDINGS) LTD,1.01,0.92
/Users/vazea/Desktop/NNW/transcripts_by_company/TRULIA_INC_2013Q3.txt,89788810,TRLA,TRULIA INC,0.03,0.08
/Users/vazea/Desktop/NNW/transcripts_by_company/REX_ENERGY_CORP_2008Q2.txt,76156510,REXX,REX ENERGY CORP,0.09,0.06
/Users/vazea/Desktop/NNW/transcripts_by_company/COHERENT_INC_2012Q1.txt,19247910,COHR,COHERENT INC,0.82,0.81
/Users/vazea/Desktop/NNW/transcripts_by_company/BARNES_NOBLE_INC_2017Q1.txt,06777410,BKS,BARNES & NOBLE INC.,-0.07,-0.13
/Users/vazea/Desktop/NNW/transcripts_by_company/SURGALIGN_HOLDINGS_INC_2020Q4.txt,86882C10,SRGA,SURGALIGN HOLDINGS INC,-0.51,-0.6
/Users/vazea/Desktop/NNW/transcripts_by_company/OPKO_HEALTH_INC_2016Q1.txt,68375N10,OPK,OPKO HEALTH INC,-0.03,-0.03
/Users/vazea/Desktop/NNW/transcripts_by_company/POWERONE_INC_2003Q2.txt,73930810,PWER,POWER-ONE INC.,-0.01,-0.06
/Users/vazea/Desktop/NNW/transcripts_by_company/SHORETEL_INC_2012Q2.txt,82521110,SHOR,SHORETEL INC,0.03,-0.01
/Users/vazea/Desktop/NNW/transcripts_by_company/TRAVELPORT_WORLDWIDE_LTD_2016Q4.txt,G9019D10,TVPT,TRAVELPORT WORLDWIDE LTD,1.23,1.21
/Users/vazea/Desktop/NNW/transcripts_by_company/MEREDITH_CORP_2017Q4.txt,58943310,MDP,MEREDITH CORP,4.0,3.88
/Users/vazea/Desktop/NNW/transcripts_by_company/AUTOZONE_INC_2010Q3.txt,05333210,AZO,AUTOZONE INC,4.12,3.58
/Users/vazea/Desktop/NNW/transcripts_by_company/FLEX_LTD_2010Q3.txt,Y2573F10,FLEX,FLEX LTD,0.17,0.15
/Users/vazea/Desktop/NNW/transcripts_by_company/CEDAR_FAIR_LP_2012Q3.txt,15018510,FUN,CEDAR FAIR LP,2.51,2.92
/Users/vazea/Desktop/NNW/transcripts_by_company/BAXTER_INTERNATIONAL_INC_2006Q1.txt,07181310,BAX,BAXTER INTERNATIONAL INC,0.43,0.41
/Users/vazea/Desktop/NNW/transcripts_by_company/ELECTRONIC_ARTS_INC_2020Q3.txt,28551210,EA,ELECTRONIC ARTS INC,2.52,2.5
/Users/vazea/Desktop/NNW/transcripts_by_company/IPASS_INC_2008Q4.txt,46261V10,IPAS,IPASS INC,0.02,0.06
/Users/vazea/Desktop/NNW/transcripts_by_company/FINISH_LINE_INC_2009Q4.txt,31792310,FINL,FINISH LINE INC,0.46,0.4
/Users/vazea/Desktop/NNW/transcripts_by_company/PARADYNE_NETWORKS_INC_2002Q2.txt,69911G10,PDYN,PARADYNE NETWORKS INC.,-0.07,-0.13
/Users/vazea/Desktop/NNW/transcripts_by_company/VERMILLION_INC_2016Q4.txt,92407M20,VRML,VERMILLION INC,-0.29,-0.29
/Users/vazea/Desktop/NNW/transcripts_by_company/WATTS_WATER_TECHNOLOGIES_INC_2005Q3.txt,94274910,WTS,WATTS WATER TECHNOLOGIES INC,0.41,0.44
/Users/vazea/Desktop/NNW/transcripts_by_company/TD_BANKNORTH_INC_2006Q4.txt,87235A10,BNK,TD BANKNORTH INC,2.13,2.13
/Users/vazea/Desktop/NNW/transcripts_by_company/FABRINET_2014Q3_1.txt,G3323L10,FN,FABRINET,0.34,0.33
/Users/vazea/Desktop/NNW/transcripts_by_company/CLEARWATER_ANALYTICS_HOLDINGS_IN_2022Q3.txt,18512310,CWAN,CLEARWATER ANALYTICS HOLDINGS IN,0.06,0.05
/Users/vazea/Desktop/NNW/transcripts_by_company/LINDSAY_CORP_2017Q4.txt,53555510,LNN,LINDSAY CORP,2.17,2.2
/Users/vazea/Desktop/NNW/transcripts_by_company/SINCLAIR_BROADCAST_GROUP_INC_2005Q1.txt,82922610,SBGI,SINCLAIR BROADCAST GROUP INC,0.07,-0.06
/Users/vazea/Desktop/NNW/transcripts_by_company/DOMTAR_CORP_2014Q2.txt,25755920,UFS,DOMTAR CORP,0.61,0.87
/Users/vazea/Desktop/NNW/transcripts_by_company/GULFPORT_ENERGY_CORP_2007Q2.txt,40263530,GPOR,GULFPORT ENERGY CORP,0.26,0.29
/Users/vazea/Desktop/NNW/transcripts_by_company/SEI_INVESTMENTS_CO_2019Q4.txt,78411710,SEIC,SEI INVESTMENTS CO,3.24,3.25
/Users/vazea/Desktop/NNW/transcripts_by_company/CLOROX_CO_2017Q1.txt,18905410,CLX,CLOROX CO,1.32,1.41
/Users/vazea/Desktop/NNW/transcripts_by_company/XPEL_INC_2023Q1.txt,98379L10,XPEL,XPEL INC,0.41,0.38
/Users/vazea/Desktop/NNW/transcripts_by_company/MAGNACHIP_SEMICONDUCTOR_CORP_2013Q1_1.txt,55933J20,MX,MAGNACHIP SEMICONDUCTOR CORP,0.53,0.47
/Users/vazea/Desktop/NNW/transcripts_by_company/INTERPARFUMS_INC_2015Q4.txt,45833410,IPAR,INTERPARFUMS INC,0.98,0.99
/Users/vazea/Desktop/NNW/transcripts_by_company/WESTROCK_CO_2016Q4.txt,96145D10,WRK,WESTROCK CO,2.53,5.08
/Users/vazea/Desktop/NNW/transcripts_by_company/APTINYX_INC_2019Q2.txt,03836N10,APTX,APTINYX INC,-0.36,-0.51
/Users/vazea/Desktop/NNW/transcripts_by_company/OLYMPIC_STEEL_INC_2006Q2.txt,68162K10,ZEUS,OLYMPIC STEEL INC,0.89,0.88
/Users/vazea/Desktop/NNW/transcripts_by_company/GOGO_INC_2014Q3.txt,38046C10,GOGO,GOGO INC,-0.29,-0.25
/Users/vazea/Desktop/NNW/transcripts_by_company/OMEROS_CORP_2023Q1.txt,68214310,OMER,OMEROS CORP,-0.54,-0.56
/Users/vazea/Desktop/NNW/transcripts_by_company/HURON_CONSULTING_GROUP_INC_2014Q3.txt,44746210,HURN,HURON CONSULTING GROUP INC,0.62,0.67
/Users/vazea/Desktop/NNW/transcripts_by_company/BANKUNITED_INC_2016Q1.txt,06652K10,BKU,BANKUNITED INC,0.51,0.52
/Users/vazea/Desktop/NNW/transcripts_by_company/ROHM_HAAS_CO_2002Q1.txt,77537110,ROH,ROHM & HAAS CO,0.41,0.38
/Users/vazea/Desktop/NNW/transcripts_by_company/CENTURY_ALUMINUM_CO_2022Q4.txt,15643110,CENX,CENTURY ALUMINUM CO,0.26,-0.06
/Users/vazea/Desktop/NNW/transcripts_by_company/ADVANCE_AUTO_PARTS_INC_2013Q4.txt,00751Y10,AAP,ADVANCE AUTO PARTS INC,5.32,5.45
/Users/vazea/Desktop/NNW/transcripts_by_company/VALLEY_NATIONAL_BANCORP_2022Q4.txt,91979410,VLY,VALLEY NATIONAL BANCORP,1.31,1.31
/Users/vazea/Desktop/NNW/transcripts_by_company/NATUS_MEDICAL_INC_2016Q1.txt,63905010,BABY,NATUS MEDICAL INC,0.34,0.29
/Users/vazea/Desktop/NNW/transcripts_by_company/MONGODB_INC_2021Q4.txt,60937P10,MDB,MONGODB INC,-0.99,-1.05
/Users/vazea/Desktop/NNW/transcripts_by_company/CORNING_INC_2014Q2.txt,21935010,GLW,CORNING INC,0.37,0.38
/Users/vazea/Desktop/NNW/transcripts_by_company/NRG_ENERGY_INC_2012Q3.txt,62937750,NRG,NRG ENERGY INC,0.27,0.52
/Users/vazea/Desktop/NNW/transcripts_by_company/SPX_FLOW_INC_2019Q2.txt,78469X10,FLOW,SPX FLOW INC,0.39,0.48
/Users/vazea/Desktop/NNW/transcripts_by_company/TTM_TECHNOLOGIES_INC_2012Q4.txt,87305R10,TTMI,TTM TECHNOLOGIES INC,0.87,0.8
/Users/vazea/Desktop/NNW/transcripts_by_company/REWALK_ROBOTICS_LTD_2021Q2.txt,M8216Q20,RWLK,REWALK ROBOTICS LTD,-0.07,-0.06
/Users/vazea/Desktop/NNW/transcripts_by_company/AWARE_INC_2008Q4.txt,05453N10,AWRE,AWARE INC,0.07,-0.02
/Users/vazea/Desktop/NNW/transcripts_by_company/DELTA_AIR_LINES_INC_2007Q4.txt,24736170,DAL,DELTA AIR LINES INC,1.06,1.06
/Users/vazea/Desktop/NNW/transcripts_by_company/MARRONE_BIO_INNOVATIONS_INC_2018Q2.txt,57165B10,MBII,MARRONE BIO INNOVATIONS INC,-0.04,-0.05
/Users/vazea/Desktop/NNW/transcripts_by_company/PLBY_GROUP_INC_2022Q3.txt,72814P10,PLBY,PLBY GROUP INC,-5.65,-0.15
/Users/vazea/Desktop/NNW/transcripts_by_company/TTM_TECHNOLOGIES_INC_2004Q3.txt,87305R10,TTMI,TTM TECHNOLOGIES INC,0.19,0.19
/Users/vazea/Desktop/NNW/transcripts_by_company/FLANDERS_CORPORATION_2009Q2.txt,33849410,FLDR,FLANDERS CORPORATION,0.09,0.09
/Users/vazea/Desktop/NNW/transcripts_by_company/HARROW_INC_2023Q1.txt,41585810,HROW,HARROW INC,-0.22,-0.03
/Users/vazea/Desktop/NNW/transcripts_by_company/HELMERICH_AND_PAYNE_INC_2012Q1.txt,42345210,HP,HELMERICH AND PAYNE INC,1.29,1.16
/Users/vazea/Desktop/NNW/transcripts_by_company/FULGENT_GENETICS_INC_2022Q2.txt,35966410,FLGT,FULGENT GENETICS INC,0.78,0.72
/Users/vazea/Desktop/NNW/transcripts_by_company/TOWN_SPORTS_INTERNATNL_HLDGS_INC_2012Q3.txt,89214A10,CLUB,TOWN SPORTS INTERNATNL HLDGS INC,0.15,0.13
/Users/vazea/Desktop/NNW/transcripts_by_company/EVERCORE_INC_2010Q4.txt,29977A10,EVR,EVERCORE INC,0.94,0.93
/Users/vazea/Desktop/NNW/transcripts_by_company/WPX_ENERGY_INC_2012Q3.txt,98212B10,WPX,WPX ENERGY INC,-0.23,-0.01
/Users/vazea/Desktop/NNW/transcripts_by_company/TELOS_CORP_2022Q4.txt,87969B10,TLS,TELOS CORP,0.19,0.12
/Users/vazea/Desktop/NNW/transcripts_by_company/WW_GRAINGER_INC_2017Q4.txt,38480210,GWW,WW GRAINGER INC,11.46,10.72
/Users/vazea/Desktop/NNW/transcripts_by_company/IDT_CORP_2012Q3.txt,44894750,IDT,IDT CORP,0.19,0.05
/Users/vazea/Desktop/NNW/transcripts_by_company/RUTHS_HOSPITALITY_GROUP_INC_2022Q2.txt,78333210,RUTH,RUTH'S HOSPITALITY GROUP INC,0.44,0.3
/Users/vazea/Desktop/NNW/transcripts_by_company/GLOBAL_PARTNERS_LP_2021Q2.txt,37946R10,GLP,GLOBAL PARTNERS LP,0.23,0.45
/Users/vazea/Desktop/NNW/transcripts_by_company/NMT_MEDICAL_INC_2008Q1.txt,62929410,NMTI,NMT MEDICAL INC,-0.3,-0.36
/Users/vazea/Desktop/NNW/transcripts_by_company/TRUEBLUE_INC_2011Q3.txt,89785X10,TBI,TRUEBLUE INC,0.33,0.29
/Users/vazea/Desktop/NNW/transcripts_by_company/AMICUS_THERAPEUTICS_INC_2021Q3.txt,03152W10,FOLD,AMICUS THERAPEUTICS INC,-0.19,-0.17
/Users/vazea/Desktop/NNW/transcripts_by_company/ULTRA_CLEAN_HOLDINGS_INC_2017Q4.txt,90385V10,UCTT,ULTRA CLEAN HOLDINGS INC,2.34,2.32
/Users/vazea/Desktop/NNW/transcripts_by_company/AMERICAN_PUBLIC_EDUCATION_INC_2008Q4.txt,02913V10,APEI,AMERICAN PUBLIC EDUCATION INC,0.86,0.82
/Users/vazea/Desktop/NNW/transcripts_by_company/TPI_COMPOSITES_INC_2020Q4.txt,87266J10,TPIC,TPI COMPOSITES INC,-0.54,-0.77
/Users/vazea/Desktop/NNW/transcripts_by_company/CENTURY_CASINOS_INC_2010Q2.txt,15649210,CNTY,CENTURY CASINOS INC,0.0,0.01
/Users/vazea/Desktop/NNW/transcripts_by_company/TEMPUR_SEALY_INTERNATIONAL_INC_2022Q1.txt,88023U10,TPX,TEMPUR SEALY INTERNATIONAL INC,0.69,0.6
/Users/vazea/Desktop/NNW/transcripts_by_company/SHOPIFY_INC_2022Q3.txt,82509L10,SHOP,SHOPIFY INC,-0.02,-0.07
/Users/vazea/Desktop/NNW/transcripts_by_company/CMS_ENERGY_CORP_2020Q2.txt,12589610,CMS,CMS ENERGY CORP,0.49,0.36
/Users/vazea/Desktop/NNW/transcripts_by_company/INPHI_CORP_2018Q2.txt,45772F10,IPHI,INPHI CORP,0.15,0.13
/Users/vazea/Desktop/NNW/transcripts_by_company/MASIMO_CORP_2020Q4_1.txt,57479510,MASI,MASIMO CORP,3.6,3.49
/Users/vazea/Desktop/NNW/transcripts_by_company/LESLIES_INC_2021Q4.txt,52706410,LESL,LESLIE'S INC,0.85,0.83
/Users/vazea/Desktop/NNW/transcripts_by_company/INTERSTATE_HOTELS_RESORTS_INC_2007Q1.txt,46088S10,IHR,INTERSTATE HOTELS & RESORTS INC,0.02,-0.02
/Users/vazea/Desktop/NNW/transcripts_by_company/ENTERGY_CORP_2002Q1.txt,29364G10,ETR,ENTERGY CORP,0.8,0.76
/Users/vazea/Desktop/NNW/transcripts_by_company/DAKTRONICS_INC_2013Q1.txt,23426410,DAKT,DAKTRONICS INC,0.16,0.04
/Users/vazea/Desktop/NNW/transcripts_by_company/TUTOR_PERINI_CORP_2010Q4.txt,90110910,TPC,TUTOR PERINI CORP,2.13,2.18
/Users/vazea/Desktop/NNW/transcripts_by_company/OLLIES_BARGAIN_OUTLET_HOLDINGS_2017Q1.txt,68111610,OLLI,OLLIE'S BARGAIN OUTLET HOLDINGS,0.2,0.16
/Users/vazea/Desktop/NNW/transcripts_by_company/TREEHOUSE_FOODS_INC_2008Q1.txt,89469A10,THS,TREEHOUSE FOODS INC,0.34,0.25
/Users/vazea/Desktop/NNW/transcripts_by_company/APOLLO_INVESTMENT_CORP_2013Q3.txt,03761U10,AINV,APOLLO INVESTMENT CORP,0.21,0.2
/Users/vazea/Desktop/NNW/transcripts_by_company/HCI_GROUP_INC_2020Q2.txt,40416E10,HCI,HCI GROUP INC,0.86,0.48
/Users/vazea/Desktop/NNW/transcripts_by_company/FORTRESS_INVESTMENT_GROUP_LLC_2011Q3.txt,34958B10,FIG,FORTRESS INVESTMENT GROUP LLC,0.08,0.1
/Users/vazea/Desktop/NNW/transcripts_by_company/LABORATORY_CORPORATION_OF_AMERIC_2021Q1.txt,50540R40,LH,LABORATORY CORPORATION OF AMERIC,8.79,7.36
/Users/vazea/Desktop/NNW/transcripts_by_company/HUDSON_PACIFIC_PROPERTIES_INC_2016Q1.txt,44409710,HPP,HUDSON PACIFIC PROPERTIES INC,0.03,-0.02
/Users/vazea/Desktop/NNW/transcripts_by_company/ALASKA_AIR_GROUP_INC_2021Q4.txt,01165910,ALK,ALASKA AIR GROUP INC,-2.03,-2.05
/Users/vazea/Desktop/NNW/transcripts_by_company/CENTENE_CORP_2021Q3.txt,15135B10,CNC,CENTENE CORP,1.26,1.25
/Users/vazea/Desktop/NNW/transcripts_by_company/ANAREN_INC_2010Q2.txt,03274410,ANEN,ANAREN INC,0.22,0.25
/Users/vazea/Desktop/NNW/transcripts_by_company/CERUS_CORP_2010Q1.txt,15708510,CERS,CERUS CORP,-0.13,-0.1
/Users/vazea/Desktop/NNW/transcripts_by_company/ADOBE_INC_2019Q2.txt,00724F10,ADBE,ADOBE INC,1.83,1.77
/Users/vazea/Desktop/NNW/transcripts_by_company/BJS_RESTAURANTS_INC_2007Q1.txt,09180C10,BJRI,BJ'S RESTAURANTS INC,0.11,0.11
/Users/vazea/Desktop/NNW/transcripts_by_company/GREAT_ELM_CAPITAL_CORP_2022Q2.txt,39032070,GECC,GREAT ELM CAPITAL CORP,0.23,0.21
/Users/vazea/Desktop/NNW/transcripts_by_company/ANADIGICS_INC_2004Q1.txt,03251510,ANAD,ANADIGICS INC,-0.4,-0.4
/Users/vazea/Desktop/NNW/transcripts_by_company/BEAZER_HOMES_USA_INC_2019Q1.txt,07556Q88,BZH,BEAZER HOMES USA INC,0.09,0.13
/Users/vazea/Desktop/NNW/transcripts_by_company/PROOFPOINT_INC_2013Q2.txt,74342410,PFPT,PROOFPOINT INC,-0.07,-0.09
/Users/vazea/Desktop/NNW/transcripts_by_company/NTELOS_HOLDINGS_CORP_2012Q2.txt,67020Q30,NTLS,NTELOS HOLDINGS CORP,0.26,0.3
/Users/vazea/Desktop/NNW/transcripts_by_company/QLOGIC_CORP_2008Q3.txt,74727710,QLGC,QLOGIC CORP,0.3,0.27
/Users/vazea/Desktop/NNW/transcripts_by_company/SUBURBAN_PROPANE_PARTNERS_LP_2022Q1.txt,86448210,SPH,SUBURBAN PROPANE PARTNERS LP,0.34,0.62
/Users/vazea/Desktop/NNW/transcripts_by_company/J_C_PENNEY_COMPANY_INC_2017Q1.txt,70816010,JCP,J C PENNEY COMPANY INC,-0.32,-0.36
/Users/vazea/Desktop/NNW/transcripts_by_company/RADNET_INC_2019Q2.txt,75049110,RDNT,RADNET INC,0.1,0.13
/Users/vazea/Desktop/NNW/transcripts_by_company/ONCONOVA_THERAPEUTICS_INC_2019Q4.txt,68232V40,ONTX,ONCONOVA THERAPEUTICS INC,-1.49,-2.04
/Users/vazea/Desktop/NNW/transcripts_by_company/DUCK_CREEK_TECHNOLOGIES_INC_2021Q2.txt,26412010,DCT,DUCK CREEK TECHNOLOGIES INC,0.01,-0.03
/Users/vazea/Desktop/NNW/transcripts_by_company/ENSCO_INTERNATIONAL_2007Q2.txt,26874Q10,ESV,ENSCO INTERNATIONAL,1.72,1.65
/Users/vazea/Desktop/NNW/transcripts_by_company/WALMART_INC_2018Q4.txt,93114210,WMT,WALMART INC,4.42,4.45
/Users/vazea/Desktop/NNW/transcripts_by_company/MGM_RESORTS_INTERNATIONAL_2008Q2.txt,55295310,MGM,MGM RESORTS INTERNATIONAL,0.4,0.43
/Users/vazea/Desktop/NNW/transcripts_by_company/NIKE_INC_2016Q3.txt,65410610,NKE,NIKE INC,0.55,0.48
/Users/vazea/Desktop/NNW/transcripts_by_company/KKR_CO_INC_2022Q3.txt,48251W10,KKR,KKR & CO INC,0.92,0.85
/Users/vazea/Desktop/NNW/transcripts_by_company/EXXON_MOBIL_CORP_2020Q3.txt,30231G10,XOM,EXXON MOBIL CORP,-0.18,-0.26
/Users/vazea/Desktop/NNW/transcripts_by_company/TEEKAY_OFFSHORE_PARTNERS_LP_2016Q1.txt,Y8565J10,TOO,TEEKAY OFFSHORE PARTNERS LP,-0.14,0.41
/Users/vazea/Desktop/NNW/transcripts_by_company/PETROQUEST_ENERGY_INC_2009Q2.txt,71674810,PQ,PETROQUEST ENERGY INC,0.18,0.13
/Users/vazea/Desktop/NNW/transcripts_by_company/HEMISPHERE_MEDIA_GROUP_INC_2016Q3.txt,42365Q10,HMTV,HEMISPHERE MEDIA GROUP INC,0.12,0.1
/Users/vazea/Desktop/NNW/transcripts_by_company/HAWAIIAN_HOLDINGS_INC_2014Q2.txt,41987910,HA,HAWAIIAN HOLDINGS INC,0.35,0.34
/Users/vazea/Desktop/NNW/transcripts_by_company/STANDARD_MOTOR_PRODUCTS_INC_2013Q4.txt,85366610,SMP,STANDARD MOTOR PRODUCTS INC,2.32,2.26
/Users/vazea/Desktop/NNW/transcripts_by_company/ENTERCOM_COMMUNICATIONS_CORP_2008Q4.txt,29363910,ETM,ENTERCOM COMMUNICATIONS CORP,-14.05,-2.06
/Users/vazea/Desktop/NNW/transcripts_by_company/CURIS_INCORPORATED_2016Q4.txt,23126910,CRIS,CURIS INCORPORATED,-0.45,-0.46
/Users/vazea/Desktop/NNW/transcripts_by_company/FISERV_INC_2009Q3.txt,33773810,FISV,FISERV INC,0.92,0.92
/Users/vazea/Desktop/NNW/transcripts_by_company/FEDERAL_SIGNAL_CORP_2007Q3.txt,31385510,FSS,FEDERAL SIGNAL CORP,0.1,0.2
/Users/vazea/Desktop/NNW/transcripts_by_company/CONSTANT_CONTACT_INC_2009Q1.txt,21031310,CTCT,CONSTANT CONTACT INC,0.0,-0.02
/Users/vazea/Desktop/NNW/transcripts_by_company/RPX_CORP_2012Q2.txt,74972G10,RPXC,RPX CORP,0.29,0.22
/Users/vazea/Desktop/NNW/transcripts_by_company/LIGHTPATH_TECHNOLOGIES_INC_2020Q3.txt,53225780,LPTH,LIGHTPATH TECHNOLOGIES INC,0.03,0.01
/Users/vazea/Desktop/NNW/transcripts_by_company/WD40_CO_2023Q2.txt,92923610,WDFC,WD-40 CO,1.21,1.01
/Users/vazea/Desktop/NNW/transcripts_by_company/VIEWRAY_INC_2020Q2.txt,92672L10,VRAY,VIEWRAY INC,-0.18,-0.16
/Users/vazea/Desktop/NNW/transcripts_by_company/HOLLY_ENERGY_PARTNERS_LP_2008Q1.txt,43576310,HEP,HOLLY ENERGY PARTNERS LP,0.43,0.52
/Users/vazea/Desktop/NNW/transcripts_by_company/BLUELINX_HOLDINGS_INC_2010Q4.txt,09624H10,BXC,BLUELINX HOLDINGS INC,-1.17,-1.06
/Users/vazea/Desktop/NNW/transcripts_by_company/ELI_LILLY_AND_CO_2013Q2.txt,53245710,LLY,ELI LILLY AND CO,1.16,1.0
/Users/vazea/Desktop/NNW/transcripts_by_company/WATERS_CORP_2010Q1.txt,94184810,WAT,WATERS CORP,0.81,0.78
/Users/vazea/Desktop/NNW/transcripts_by_company/CARECOM_INC_2016Q3.txt,14163310,CRCM,CARECOM INC,0.02,-0.02
/Users/vazea/Desktop/NNW/transcripts_by_company/HARMAN_INTERNATIONAL_INDUSTRIES_2012Q3.txt,41308610,HAR,HARMAN INTERNATIONAL INDUSTRIES,0.74,0.66
/Users/vazea/Desktop/NNW/transcripts_by_company/CHICOS_FAS_INC_2022Q1.txt,16861510,CHS,CHICO'S FAS INC,-0.08,-0.13
/Users/vazea/Desktop/NNW/transcripts_by_company/CARTERS_INC_2023Q3.txt,14622910,CRI,CARTER'S INC,1.84,1.5
/Users/vazea/Desktop/NNW/transcripts_by_company/GLOBAL_SHIP_LEASE_INC_2008Q3.txt,Y2718310,GSL,GLOBAL SHIP LEASE INC,-0.03,0.11
/Users/vazea/Desktop/NNW/transcripts_by_company/ARRAY_BIOPHARMA_INC_2018Q2.txt,04269X10,ARRY,ARRAY BIOPHARMA INC,-0.17,-0.25
/Users/vazea/Desktop/NNW/transcripts_by_company/NVENT_ELECTRIC_PLC_2018Q4.txt,G6700G10,NVT,NVENT ELECTRIC PLC,1.74,1.75
/Users/vazea/Desktop/NNW/transcripts_by_company/HOULIHAN_LOKEY_INC_2022Q3.txt,44159310,HLI,HOULIHAN LOKEY INC,2.9,2.16
/Users/vazea/Desktop/NNW/transcripts_by_company/BEMIS_COMPANY_INC_2017Q1.txt,08143710,BMS,BEMIS COMPANY INC,0.58,0.65
/Users/vazea/Desktop/NNW/transcripts_by_company/ENTERPRISE_PRODUCTS_PARTNERS_LP_2017Q1.txt,29379210,EPD,ENTERPRISE PRODUCTS PARTNERS LP,0.36,0.32
/Users/vazea/Desktop/NNW/transcripts_by_company/ANIKA_THERAPEUTICS_INC_2021Q4.txt,03525510,ANIK,ANIKA THERAPEUTICS INC,0.28,0.4
/Users/vazea/Desktop/NNW/transcripts_by_company/ESTEE_LAUDER_COMPANIES_INC_2004Q4.txt,51843910,EL,ESTEE LAUDER COMPANIES INC,1.62,1.63
/Users/vazea/Desktop/NNW/transcripts_by_company/AVID_TECHNOLOGY_INC_2010Q1.txt,05367P10,AVID,AVID TECHNOLOGY INC,-0.12,-0.02
/Users/vazea/Desktop/NNW/transcripts_by_company/VISTEON_CORP_2016Q2.txt,92839U20,VC,VISTEON CORP,1.22,0.68
/Users/vazea/Desktop/NNW/transcripts_by_company/HARDINGE_INC_2008Q1.txt,41232430,HDNG,HARDINGE INC,-0.06,0.34
/Users/vazea/Desktop/NNW/transcripts_by_company/AMAZONCOM_INC_2019Q4.txt,02313510,AMZN,AMAZON.COM INC,23.01,20.66
/Users/vazea/Desktop/NNW/transcripts_by_company/QUALYS_INC_2022Q2.txt,74758T30,QLYS,QUALYS INC,0.89,0.79
/Users/vazea/Desktop/NNW/transcripts_by_company/LINDBLAD_EXPEDITIONS_HOLDINGS_IN_2023Q2.txt,53521910,LIND,LINDBLAD EXPEDITIONS HOLDINGS IN,-0.48,-0.32
/Users/vazea/Desktop/NNW/transcripts_by_company/INTEVAC_INC_2018Q1.txt,46114810,IVAC,INTEVAC INC,-0.23,-0.23
/Users/vazea/Desktop/NNW/transcripts_by_company/8X8_INC_2014Q1.txt,28291410,EGHT,8X8 INC,0.06,0.06
/Users/vazea/Desktop/NNW/transcripts_by_company/THOMSON_REUTERS_CORP_2023Q3.txt,8849038X,TRI,THOMSON REUTERS CORP,0.82,0.69
/Users/vazea/Desktop/NNW/transcripts_by_company/EBAY_INC_2006Q1.txt,27864210,EBAY,EBAY INC,0.24,0.24
/Users/vazea/Desktop/NNW/transcripts_by_company/BLUE_BIRD_CORP_2016Q4.txt,09530610,BLBD,BLUE BIRD CORP,1.17,0.96
/Users/vazea/Desktop/NNW/transcripts_by_company/TEXTRON_INC_2002Q4.txt,88320310,TXT,TEXTRON INC,3.01,3.0
/Users/vazea/Desktop/NNW/transcripts_by_company/MASONITE_INTERNATIONAL_CORP_2023Q1.txt,57538510,DOOR,MASONITE INTERNATIONAL CORP,1.88,1.5
/Users/vazea/Desktop/NNW/transcripts_by_company/PATTERSON_COMPANIES_INC_2017Q1.txt,70339510,PDCO,PATTERSON COMPANIES INC,0.51,0.51
/Users/vazea/Desktop/NNW/transcripts_by_company/TUTOR_PERINI_CORP_2017Q1.txt,90110910,TPC,TUTOR PERINI CORP,0.27,0.3
/Users/vazea/Desktop/NNW/transcripts_by_company/DARE_BIOSCIENCE_INC_2023Q2.txt,23666P10,DARE,DARE BIOSCIENCE INC,-0.1,-0.1
/Users/vazea/Desktop/NNW/transcripts_by_company/AMARK_PRECIOUS_METALS_INC_2023Q4.txt,00181T10,AMRK,A-MARK PRECIOUS METALS INC,6.34,6.17
/Users/vazea/Desktop/NNW/transcripts_by_company/ARTHUR_J_GALLAGHER_CO_2023Q2.txt,36357610,AJG,ARTHUR J. GALLAGHER & CO.,1.9,1.86
/Users/vazea/Desktop/NNW/transcripts_by_company/BWX_TECHNOLOGIES_INC_2023Q1.txt,05605H10,BWXT,BWX TECHNOLOGIES INC,0.7,0.61
/Users/vazea/Desktop/NNW/transcripts_by_company/HORIZON_THERAPEUTICS_PLC_2021Q3.txt,G4618810,HZNP,HORIZON THERAPEUTICS PLC,1.75,1.54
/Users/vazea/Desktop/NNW/transcripts_by_company/ACTUATE_CORPORATION_2013Q1.txt,00508B10,BIRT,ACTUATE CORPORATION,0.08,0.08
/Users/vazea/Desktop/NNW/transcripts_by_company/HARMONIC_INC_2009Q4.txt,41316010,HLIT,HARMONIC INC,0.19,0.17
/Users/vazea/Desktop/NNW/transcripts_by_company/MAKEMYTRIP_LTD_2017Q3.txt,V5633W10,MMYT,MAKEMYTRIP LTD,0.31,-0.58
/Users/vazea/Desktop/NNW/transcripts_by_company/VARIAN_SEMICONDUCTOR_EQUIPMENT_2005Q4.txt,92220710,VSEA,VARIAN SEMICONDUCTOR EQUIPMENT,1.47,1.47
/Users/vazea/Desktop/NNW/transcripts_by_company/RIVERBED_TECHNOLOGY_INC_2011Q3.txt,76857310,RVBD,RIVERBED TECHNOLOGY INC,0.24,0.21
/Users/vazea/Desktop/NNW/transcripts_by_company/ARCTIC_CAT_INC_2014Q1.txt,03967010,ACAT,ARCTIC CAT INC,0.4,0.19
/Users/vazea/Desktop/NNW/transcripts_by_company/DENTSPLY_SIRONA_INC_2023Q3.txt,24906P10,XRAY,DENTSPLY SIRONA INC,0.49,0.48
/Users/vazea/Desktop/NNW/transcripts_by_company/ITT_INC_2020Q3.txt,45073V10,ITT,ITT INC,0.82,0.72
/Users/vazea/Desktop/NNW/transcripts_by_company/ELI_LILLY_AND_CO_2003Q2.txt,53245710,LLY,ELI LILLY AND CO,0.64,0.6
/Users/vazea/Desktop/NNW/transcripts_by_company/CARDIAC_SCIENCE_CORP_2009Q3.txt,14141A10,CSCX,CARDIAC SCIENCE CORP,-2.85,-0.12
/Users/vazea/Desktop/NNW/transcripts_by_company/PACIRA_BIOSCIENCES_INC_2022Q2.txt,69512710,PCRX,PACIRA BIOSCIENCES INC,0.51,0.89
/Users/vazea/Desktop/NNW/transcripts_by_company/LOMBARD_MEDICAL_INC_2016Q2.txt,G5559810,EVAR,LOMBARD MEDICAL INC,-0.42,-0.39
/Users/vazea/Desktop/NNW/transcripts_by_company/PEPSICO_INC_2008Q3.txt,71344810,PEP,PEPSICO INC,1.06,1.08
/Users/vazea/Desktop/NNW/transcripts_by_company/SILICON_IMAGE_INC_2011Q1.txt,82705T10,SIMG,SILICON IMAGE INC,0.03,0.01
/Users/vazea/Desktop/NNW/transcripts_by_company/HAMILTON_LANE_INC_2020Q2.txt,40749710,HLNE,HAMILTON LANE INC,0.5,0.51
/Users/vazea/Desktop/NNW/transcripts_by_company/EXPRESS_INC_2017Q3.txt,30219E10,EXPR,EXPRESS INC,0.11,0.13
/Users/vazea/Desktop/NNW/transcripts_by_company/TC_ENERGY_CORP_2016Q3.txt,89353D1X,TRP,TC ENERGY CORP,0.78,0.67
/Users/vazea/Desktop/NNW/transcripts_by_company/GOLDMAN_SACHS_BDC_INC_2020Q3.txt,38147U10,GSBD,GOLDMAN SACHS BDC INC,0.45,0.45
/Users/vazea/Desktop/NNW/transcripts_by_company/AMAZONCOM_INC_2018Q3.txt,02313510,AMZN,AMAZON.COM INC,5.75,3.07
/Users/vazea/Desktop/NNW/transcripts_by_company/AXCELIS_TECHNOLOGIES_INC_2017Q1.txt,05454020,ACLS,AXCELIS TECHNOLOGIES INC,0.29,0.21
/Users/vazea/Desktop/NNW/transcripts_by_company/MARATHON_OIL_CORP_2002Q1.txt,56584910,MRO,MARATHON OIL CORP,0.09,0.2
/Users/vazea/Desktop/NNW/transcripts_by_company/PLY_GEM_HOLDINGS_INC_2013Q2.txt,72941W10,PGEM,PLY GEM HOLDINGS INC,0.0,0.04
/Users/vazea/Desktop/NNW/transcripts_by_company/FIFTH_THIRD_BANCORP_2002Q2.txt,31677310,FITB,FIFTH THIRD BANCORP,0.68,0.68
/Users/vazea/Desktop/NNW/transcripts_by_company/GUESS_INC_2020Q4.txt,40161710,GES,GUESS? INC,1.45,1.36
/Users/vazea/Desktop/NNW/transcripts_by_company/TURTLE_BEACH_CORP_2022Q2.txt,90045020,HEAR,TURTLE BEACH CORP,-0.77,-0.51
/Users/vazea/Desktop/NNW/transcripts_by_company/GENESCO_INC_2009Q2.txt,37153210,GCO,GENESCO INC,0.18,0.04
/Users/vazea/Desktop/NNW/transcripts_by_company/DROPBOX_INC_2020Q2.txt,26210C10,DBX,DROPBOX INC,0.22,0.17
/Users/vazea/Desktop/NNW/transcripts_by_company/AMAZONCOM_INC_2004Q1.txt,02313510,AMZN,AMAZON.COM INC,0.23,0.19
/Users/vazea/Desktop/NNW/transcripts_by_company/DISH_NETWORK_CORP_2016Q2.txt,25470M10,DISH,DISH NETWORK CORP,0.88,0.72
/Users/vazea/Desktop/NNW/transcripts_by_company/WHITEWAVE_FOODS_CO_2012Q4.txt,96624410,WWAV,WHITEWAVE FOODS CO,0.6,0.59
/Users/vazea/Desktop/NNW/transcripts_by_company/FIVE9_INC_2017Q1.txt,33830710,FIVN,FIVE9 INC,0.0,-0.04
/Users/vazea/Desktop/NNW/transcripts_by_company/AMBARELLA_INC_2022Q2.txt,G037AX10,AMBA,AMBARELLA INC,0.35,0.25
/Users/vazea/Desktop/NNW/transcripts_by_company/LIQUIDITY_SERVICES_INC_2012Q1.txt,53635B10,LQDT,LIQUIDITY SERVICES INC,0.37,0.27
/Users/vazea/Desktop/NNW/transcripts_by_company/PIER_1_IMPORTS_2010Q4.txt,72027910,PIR,PIER 1 IMPORTS,-0.06,0.0
/Users/vazea/Desktop/NNW/transcripts_by_company/DIAMOND_OFFSHORE_DRILLING_INC_2017Q3.txt,25271C10,DO,DIAMOND OFFSHORE DRILLING INC,0.25,0.18
/Users/vazea/Desktop/NNW/transcripts_by_company/INTEVAC_INC_2021Q4.txt,46114810,IVAC,INTEVAC INC,-0.98,-0.77
/Users/vazea/Desktop/NNW/transcripts_by_company/LOUISIANAPACIFIC_CORP_2006Q1.txt,54634710,LPX,LOUISIANA-PACIFIC CORP,0.8,0.53
/Users/vazea/Desktop/NNW/transcripts_by_company/MERCEDESBENZ_GROUP_AG_2008Q1.txt,D1668R12,DAI,MERCEDES-BENZ GROUP AG,1.93,1.89
/Users/vazea/Desktop/NNW/transcripts_by_company/THRYV_HOLDINGS_INC_2022Q2.txt,88602920,THRY,THRYV HOLDINGS INC,1.61,0.89
/Users/vazea/Desktop/NNW/transcripts_by_company/CNX_RESOURCES_CORP_2018Q3.txt,12653C10,CNX,CNX RESOURCES CORP,0.17,0.19
/Users/vazea/Desktop/NNW/transcripts_by_company/LSB_INDUSTRIES_INC_2011Q4.txt,50216010,LXU,LSB INDUSTRIES INC,3.58,3.21
/Users/vazea/Desktop/NNW/transcripts_by_company/CHARTER_COMMUNICATIONS_INC_2022Q3.txt,16119P10,CHTR,CHARTER COMMUNICATIONS INC,7.38,8.25
/Users/vazea/Desktop/NNW/transcripts_by_company/INSULET_CORP_2023Q2.txt,45784P10,PODD,INSULET CORP,0.38,0.27
/Users/vazea/Desktop/NNW/transcripts_by_company/ADIENT_PLC_2019Q3.txt,G0084W10,ADNT,ADIENT PLC,0.38,0.35
/Users/vazea/Desktop/NNW/transcripts_by_company/LEGG_MASON_INC_2012Q1.txt,52490110,LM,LEGG MASON INC,0.45,0.37
/Users/vazea/Desktop/NNW/transcripts_by_company/UNILEVER_PLC_2017Q4.txt,90476770,UL,UNILEVER PLC,2.526,2.62
/Users/vazea/Desktop/NNW/transcripts_by_company/FIBERNET_TELECOM_GROUP_INC_2008Q1.txt,31565340,FTGX,FIBERNET TELECOM GROUP INC,-0.08,-0.13
/Users/vazea/Desktop/NNW/transcripts_by_company/CURIOSITYSTREAM_INC_2022Q3.txt,23130Q10,CURI,CURIOSITYSTREAM INC,-0.09,-0.22
/Users/vazea/Desktop/NNW/transcripts_by_company/GARMIN_LTD_2018Q4.txt,H2906T10,GRMN,GARMIN LTD,3.69,3.48
/Users/vazea/Desktop/NNW/transcripts_by_company/ABBOTT_LABORATORIES_2022Q3.txt,00282410,ABT,ABBOTT LABORATORIES,1.15,0.91
/Users/vazea/Desktop/NNW/transcripts_by_company/GENESIS_MICROCHIP_INC_2006Q2.txt,37184C10,GNSS,GENESIS MICROCHIP INC,0.31,0.21
/Users/vazea/Desktop/NNW/transcripts_by_company/CURIS_INCORPORATED_2005Q3.txt,23126910,CRIS,CURIS INCORPORATED,-0.08,-0.1
/Users/vazea/Desktop/NNW/transcripts_by_company/EFJOHNSON_TECHNOLOGIES_INC_2006Q4.txt,26843B10,EFJI,EFJOHNSON TECHNOLOGIES INC,-0.2,0.05
/Users/vazea/Desktop/NNW/transcripts_by_company/SEALED_AIR_CORPORATION_2006Q4.txt,81211K10,SEE,SEALED AIR CORPORATION,3.04,3.02
/Users/vazea/Desktop/NNW/transcripts_by_company/ALASKA_AIR_GROUP_INC_2006Q1.txt,01165910,ALK,ALASKA AIR GROUP INC,0.08,-0.6
/Users/vazea/Desktop/NNW/transcripts_by_company/ATOMERA_INC_2020Q1.txt,04965B10,ATOM,ATOMERA INC,-0.22,-0.18
/Users/vazea/Desktop/NNW/transcripts_by_company/CARROLS_RESTAURANT_GROUP_INC_2022Q4.txt,14574X10,TAST,CARROLS RESTAURANT GROUP INC,-0.7,-0.86
/Users/vazea/Desktop/NNW/transcripts_by_company/NTN_BUZZTIME_INC_2016Q4_1.txt,62941060,NTN,NTN BUZZTIME INC,-1.54,-1.5
/Users/vazea/Desktop/NNW/transcripts_by_company/TELA_BIO_INC_2021Q3.txt,87238110,TELA,TELA BIO INC,-0.57,-0.54
/Users/vazea/Desktop/NNW/transcripts_by_company/GTC_BIOTHERAPEUTICS_INC_2009Q1.txt,36238T10,GTCB,GTC BIOTHERAPEUTICS INC,-0.1,-0.06
/Users/vazea/Desktop/NNW/transcripts_by_company/OMNIVISION_TECHNOLOGIES_INC_2005Q3.txt,68212810,OVTI,OMNIVISION TECHNOLOGIES INC,0.33,0.27
/Users/vazea/Desktop/NNW/transcripts_by_company/COMMUNITY_FINANCIAL_SYSTEM_INC_2019Q2.txt,20360710,CBU,COMMUNITY FINANCIAL SYSTEM INC,0.8,0.8
/Users/vazea/Desktop/NNW/transcripts_by_company/ENOVA_INTERNATIONAL_INC_2020Q2.txt,29357K10,ENVA,ENOVA INTERNATIONAL INC,1.68,0.93
/Users/vazea/Desktop/NNW/transcripts_by_company/VIRGIN_GALACTIC_HOLDINGS_INC_2022Q2.txt,92766K10,SPCE,VIRGIN GALACTIC HOLDINGS INC,-0.43,-0.37
/Users/vazea/Desktop/NNW/transcripts_by_company/ANALOG_DEVICES_INC_2012Q3.txt,03265410,ADI,ANALOG DEVICES INC,0.56,0.56
/Users/vazea/Desktop/NNW/transcripts_by_company/VIVEVE_MEDICAL_INC_2020Q2.txt,92852W30,VIVE,VIVEVE MEDICAL INC,-0.44,-0.59
/Users/vazea/Desktop/NNW/transcripts_by_company/INTERCONTINENTAL_HOTELS_GROUP_2007Q3.txt,45857P30,IHG,INTERCONTINENTAL HOTELS GROUP,0.28,0.25
/Users/vazea/Desktop/NNW/transcripts_by_company/DIGIMARC_CORP_2016Q2.txt,25381B10,DMRC,DIGIMARC CORP,-0.62,-0.6
/Users/vazea/Desktop/NNW/transcripts_by_company/PGT_INNOVATIONS_INC_2019Q4.txt,69336V10,PGTI,PGT INNOVATIONS INC,0.82,0.81
/Users/vazea/Desktop/NNW/transcripts_by_company/ITERIS_INC_2010Q4.txt,46564T10,ITI,ITERIS INC,0.06,0.05
/Users/vazea/Desktop/NNW/transcripts_by_company/HEADWATERS_2015Q1.txt,42210P10,HW,HEADWATERS,0.09,0.03
/Users/vazea/Desktop/NNW/transcripts_by_company/ALKERMES_PLC_2014Q3.txt,G0176710,ALKS,ALKERMES PLC,0.03,0.02
/Users/vazea/Desktop/NNW/transcripts_by_company/KSWISS_INC_2003Q3.txt,48268610,KSWS,K-SWISS INC,0.8,0.51
/Users/vazea/Desktop/NNW/transcripts_by_company/CONAGRA_BRANDS_INC_2006Q1.txt,20588710,CAG,CONAGRA BRANDS INC,0.31,0.23
/Users/vazea/Desktop/NNW/transcripts_by_company/PLANET_FITNESS_INC_2018Q3.txt,72703H10,PLNT,PLANET FITNESS INC,0.28,0.24
/Users/vazea/Desktop/NNW/transcripts_by_company/STANDARD_BIOTOOLS_INC_2016Q4.txt,34385P10,FLDM,STANDARD BIOTOOLS INC,-2.62,-2.59
/Users/vazea/Desktop/NNW/transcripts_by_company/CHINA_BAK_BATTERY_INC_2010Q4.txt,16936Y10,CBAK,CHINA BAK BATTERY INC,-0.53,-0.37
/Users/vazea/Desktop/NNW/transcripts_by_company/DAWSON_GEOPHYSICAL_CO_2017Q4.txt,23936010,DWSN,DAWSON GEOPHYSICAL CO,-1.44,-1.52
/Users/vazea/Desktop/NNW/transcripts_by_company/RIVERBED_TECHNOLOGY_INC_2013Q4.txt,76857310,RVBD,RIVERBED TECHNOLOGY INC,1.01,1.0
/Users/vazea/Desktop/NNW/transcripts_by_company/ROCKY_BRANDS_INC_2010Q4.txt,77451510,RCKY,ROCKY BRANDS INC,1.14,0.91
/Users/vazea/Desktop/NNW/transcripts_by_company/CMS_ENERGY_CORP_2008Q2.txt,12589610,CMS,CMS ENERGY CORP,0.19,0.15
/Users/vazea/Desktop/NNW/transcripts_by_company/SPEEDWAY_MOTORSPORTS_2008Q1.txt,84778810,TRK,SPEEDWAY MOTORSPORTS,0.71,0.7
/Users/vazea/Desktop/NNW/transcripts_by_company/ACCO_BRANDS_CORP_2012Q2.txt,00081T10,ACCO,ACCO BRANDS CORP,0.26,0.2
/Users/vazea/Desktop/NNW/transcripts_by_company/WAYFAIR_INC_2017Q1.txt,94419L10,W,WAYFAIR INC,-0.48,-0.6
/Users/vazea/Desktop/NNW/transcripts_by_company/TRANSACT_TECHNOLOGIES_INC_2008Q3.txt,89291810,TACT,TRANSACT TECHNOLOGIES INC,0.13,0.1
/Users/vazea/Desktop/NNW/transcripts_by_company/GRUPO_AEROPORTUARIO_DEL_CENTRO_N_2019Q3.txt,40050110,OMAB,GRUPO AEROPORTUARIO DEL CENTRO N,0.9,0.89
/Users/vazea/Desktop/NNW/transcripts_by_company/CAPELLA_EDUCATION_CO_2013Q1.txt,13959410,CPLA,CAPELLA EDUCATION CO,0.7,0.62
/Users/vazea/Desktop/NNW/transcripts_by_company/1800FLOWERSCOM_INC_2007Q3.txt,68243Q10,FLWS,1-800-FLOWERS.COM INC,0.02,0.0
/Users/vazea/Desktop/NNW/transcripts_by_company/REGIONAL_MANAGEMENT_CORP_2023Q1.txt,75902K10,RM,REGIONAL MANAGEMENT CORP,0.9,0.55
/Users/vazea/Desktop/NNW/transcripts_by_company/TOPGOLF_CALLAWAY_BRANDS_CORP_2011Q2.txt,13119310,ELY,TOPGOLF CALLAWAY BRANDS CORP,-0.01,-0.03
/Users/vazea/Desktop/NNW/transcripts_by_company/SOMERA_COMMUNICATIONS_INC_2005Q2.txt,83445810,SMRA,SOMERA COMMUNICATIONS INC,-0.16,-0.1
/Users/vazea/Desktop/NNW/transcripts_by_company/ANALOGIC_CORP_2004Q4.txt,03265720,ALOG,ANALOGIC CORP,0.86,0.78
/Users/vazea/Desktop/NNW/transcripts_by_company/FIRST_DATA_2002Q4.txt,31996310,FDC,FIRST DATA,1.66,1.66
/Users/vazea/Desktop/NNW/transcripts_by_company/INFINITY_PROPERTY_AND_CSLTY_CORP_2005Q3.txt,45665Q10,IPCC,INFINITY PROPERTY AND CSLTY CORP,0.89,0.83
/Users/vazea/Desktop/NNW/transcripts_by_company/JABIL_INC_2010Q2.txt,46631310,JBL,JABIL INC,0.29,0.27
/Users/vazea/Desktop/NNW/transcripts_by_company/IOVANCE_BIOTHERAPEUTICS_INC_2021Q2.txt,46226010,IOVA,IOVANCE BIOTHERAPEUTICS INC,-0.53,-0.52
/Users/vazea/Desktop/NNW/transcripts_by_company/VOLT_INFORMATION_SCIENCES_INC_2020Q3.txt,92870310,VOLT,VOLT INFORMATION SCIENCES INC,-0.22,-0.21
/Users/vazea/Desktop/NNW/transcripts_by_company/STANDARD_BIOTOOLS_INC_2021Q2.txt,34385P10,FLDM,STANDARD BIOTOOLS INC,-0.23,-0.2
/Users/vazea/Desktop/NNW/transcripts_by_company/GOLDEN_ENTERTAINMENT_INC_2023Q2.txt,38101310,GDEN,GOLDEN ENTERTAINMENT INC,0.4,0.51
/Users/vazea/Desktop/NNW/transcripts_by_company/UPSTART_HOLDINGS_INC_2022Q1.txt,91680M10,UPST,UPSTART HOLDINGS INC,0.61,0.54
/Users/vazea/Desktop/NNW/transcripts_by_company/CAS_MEDICAL_SYSTEMS_INC_2016Q4.txt,12476920,CASM,CAS MEDICAL SYSTEMS INC,-0.24,-0.2
/Users/vazea/Desktop/NNW/transcripts_by_company/GENOMIC_HEALTH_INC_2007Q4.txt,37244C10,GHDX,GENOMIC HEALTH INC,-1.02,-1.04
/Users/vazea/Desktop/NNW/transcripts_by_company/TIVO_INC_2005Q3.txt,88870610,TIVO,TIVO INC,-0.33,-0.45
/Users/vazea/Desktop/NNW/transcripts_by_company/REVVITY_INC_2020Q3.txt,71404610,PKI,REVVITY INC,2.09,1.47
/Users/vazea/Desktop/NNW/transcripts_by_company/CYTOGEN_CORPORATION_2006Q4.txt,23282430,CYTO,CYTOGEN CORPORATION,-0.64,-0.51
/Users/vazea/Desktop/NNW/transcripts_by_company/ADESTO_TECHNOLOGIES_CORP_2019Q2.txt,00687D10,IOTS,ADESTO TECHNOLOGIES CORP,-0.03,-0.04
/Users/vazea/Desktop/NNW/transcripts_by_company/WEBSENSE_INC_2007Q3.txt,94768410,WBSN,WEBSENSE INC,0.24,0.22
/Users/vazea/Desktop/NNW/transcripts_by_company/STANTEC_INC_2017Q2.txt,85472N1X,STN,STANTEC INC,0.51,0.47
/Users/vazea/Desktop/NNW/transcripts_by_company/INTEGRATED_SILICON_SOLUTION_INC_2002Q3.txt,45812P10,ISSI,INTEGRATED SILICON SOLUTION INC,-0.55,-0.34
/Users/vazea/Desktop/NNW/transcripts_by_company/REWALK_ROBOTICS_LTD_2022Q3.txt,M8216Q20,RWLK,REWALK ROBOTICS LTD,-0.09,-0.06
/Users/vazea/Desktop/NNW/transcripts_by_company/HURON_CONSULTING_GROUP_INC_2014Q2.txt,44746210,HURN,HURON CONSULTING GROUP INC,0.95,0.77
/Users/vazea/Desktop/NNW/transcripts_by_company/AMERICAN_AXLE_MANUFACTURING_HO_2020Q4.txt,02406110,AXL,AMERICAN AXLE & MANUFACTURING HO,0.14,-0.14
/Users/vazea/Desktop/NNW/transcripts_by_company/INSMED_INC_2017Q2.txt,45766930,INSM,INSMED INC,-0.72,-0.63
/Users/vazea/Desktop/NNW/transcripts_by_company/ASGN_INC_2020Q2.txt,00191U10,ASGN,ASGN INC,1.17,0.87
/Users/vazea/Desktop/NNW/transcripts_by_company/MICREL_INC_2012Q2.txt,59479310,MCRL,MICREL INC,0.1,0.1
/Users/vazea/Desktop/NNW/transcripts_by_company/ITERIS_INC_2012Q4.txt,46564T10,ITI,ITERIS INC,0.02,0.04
/Users/vazea/Desktop/NNW/transcripts_by_company/INTERCONTINENTAL_HOTELS_GROUP_2008Q3.txt,45857P30,IHG,INTERCONTINENTAL HOTELS GROUP,0.34,0.25
/Users/vazea/Desktop/NNW/transcripts_by_company/BORR_DRILLING_LTD_2021Q3.txt,G1466R20,BORR,BORR DRILLING LTD,-0.24,-0.15
/Users/vazea/Desktop/NNW/transcripts_by_company/ENERGY_RECOVERY_INC_2021Q4.txt,29270J10,ERII,ENERGY RECOVERY INC,0.24,0.26
/Users/vazea/Desktop/NNW/transcripts_by_company/F5_INC_2017Q2.txt,31561610,FFIV,F5 INC,1.95,1.97
/Users/vazea/Desktop/NNW/transcripts_by_company/BLACK_BOX_CORPORATION_2017Q4.txt,09182610,BBOX,BLACK BOX CORPORATION,0.77,0.73
/Users/vazea/Desktop/NNW/transcripts_by_company/BAZAARVOICE_INC_2015Q4.txt,07327110,BV,BAZAARVOICE INC,-0.19,-0.21
/Users/vazea/Desktop/NNW/transcripts_by_company/CINTAS_CORP_2023Q4.txt,17290810,CTAS,CINTAS CORP,12.99,12.84
/Users/vazea/Desktop/NNW/transcripts_by_company/ENTRAVISION_COMMUNICATIONS_CORP_2006Q2.txt,29382R10,EVC,ENTRAVISION COMMUNICATIONS CORP,0.04,0.06
/Users/vazea/Desktop/NNW/transcripts_by_company/INTEREP_NATL_RADIO_SALES_2002Q4.txt,45866V10,IREP,INTEREP NATL RADIO SALES,-1.88,-0.89
/Users/vazea/Desktop/NNW/transcripts_by_company/CARGURUS_INC_2018Q2.txt,14178810,CARG,CARGURUS INC,0.06,0.04
/Users/vazea/Desktop/NNW/transcripts_by_company/CEVA_INC_2012Q4.txt,15721010,CEVA,CEVA INC,0.79,0.78
/Users/vazea/Desktop/NNW/transcripts_by_company/XPENG_INC_2022Q2.txt,98422D10,XPEV,XPENG INC,-3.16,-1.94
/Users/vazea/Desktop/NNW/transcripts_by_company/OXFORD_INDUSTRIES_INC_2006Q1.txt,69149730,OXM,OXFORD INDUSTRIES INC,0.79,0.61
/Users/vazea/Desktop/NNW/transcripts_by_company/TRANE_TECHNOLOGIES_PLC_2021Q3.txt,G8994E10,TT,TRANE TECHNOLOGIES PLC,1.8,1.85
/Users/vazea/Desktop/NNW/transcripts_by_company/ACCEL_ENTERTAINMENT_INC_2023Q3.txt,00436Q10,ACEL,ACCEL ENTERTAINMENT INC,0.22,0.17
/Users/vazea/Desktop/NNW/transcripts_by_company/STERIS_PLC_2017Q4.txt,G8472010,STE,STERIS PLC,3.76,3.72
/Users/vazea/Desktop/NNW/transcripts_by_company/DIRECTV_2013Q2.txt,25490A30,DTV,DIRECTV,1.18,1.32
/Users/vazea/Desktop/NNW/transcripts_by_company/RITHM_PROPERTY_TRUST_INC_2022Q1.txt,38983D30,AJX,RITHM PROPERTY TRUST INC,0.15,0.34
/Users/vazea/Desktop/NNW/transcripts_by_company/NEW_YORK_TIMES_CO_2011Q3.txt,65011110,NYT,NEW YORK TIMES CO,0.05,0.07
/Users/vazea/Desktop/NNW/transcripts_by_company/STEWART_ENTERPRISES_INC_2002Q3.txt,86037010,STEI,STEWART ENTERPRISES INC,0.08,0.08
/Users/vazea/Desktop/NNW/transcripts_by_company/AVID_TECHNOLOGY_INC_2008Q2.txt,05367P10,AVID,AVID TECHNOLOGY INC,0.0,-0.09
/Users/vazea/Desktop/NNW/transcripts_by_company/SUPERVALU_INC_2006Q4.txt,86853610,SVU,SUPERVALU INC,2.23,2.25
/Users/vazea/Desktop/NNW/transcripts_by_company/ELIXIR_GAMING_TECHNOLOGIES_INC_2007Q4.txt,28661G10,EGT,ELIXIR GAMING TECHNOLOGIES INC,-4.56,-5.07
/Users/vazea/Desktop/NNW/transcripts_by_company/MGIC_INVESTMENT_CORP_2008Q4.txt,55284810,MTG,MGIC INVESTMENT CORP,-4.26,-3.23
/Users/vazea/Desktop/NNW/transcripts_by_company/UNITED_THERAPEUTICS_CORP_2012Q3.txt,91307C10,UTHR,UNITED THERAPEUTICS CORP,1.04,1.26
/Users/vazea/Desktop/NNW/transcripts_by_company/OVASCIENCE_INC_2016Q2.txt,69014Q10,OVAS,OVASCIENCE INC,-0.62,-0.81
/Users/vazea/Desktop/NNW/transcripts_by_company/ORION_GROUP_HOLDINGS_INC_2010Q3.txt,68628V30,ORN,ORION GROUP HOLDINGS INC,0.26,0.25
/Users/vazea/Desktop/NNW/transcripts_by_company/JETBLUE_AIRWAYS_CORP_2016Q2.txt,47714310,JBLU,JETBLUE AIRWAYS CORP,0.53,0.5
/Users/vazea/Desktop/NNW/transcripts_by_company/ZILLOW_GROUP_INC_2016Q4.txt,98954M10,ZG,ZILLOW GROUP INC,-0.5,-0.53
/Users/vazea/Desktop/NNW/transcripts_by_company/CONCORDE_CAREER_COLLEGES_2004Q3.txt,20651H20,CCDC,CONCORDE CAREER COLLEGES,0.18,0.22
/Users/vazea/Desktop/NNW/transcripts_by_company/TOPGOLF_CALLAWAY_BRANDS_CORP_2019Q4.txt,13119310,ELY,TOPGOLF CALLAWAY BRANDS CORP,1.1,1.11
/Users/vazea/Desktop/NNW/transcripts_by_company/NU_SKIN_ENTERPRISES_INC_2016Q1.txt,67018T10,NUS,NU SKIN ENTERPRISES INC,0.42,0.36
/Users/vazea/Desktop/NNW/transcripts_by_company/PORCH_GROUP_INC_2023Q3.txt,73324510,PRCH,PORCH GROUP INC,-0.06,-0.23
/Users/vazea/Desktop/NNW/transcripts_by_company/CALUMET_SPECIALTY_PRODUCTS_PARTN_2023Q3.txt,13147610,CLMT,CALUMET SPECIALTY PRODUCTS PARTN,1.26,0.3
/Users/vazea/Desktop/NNW/transcripts_by_company/MCDONALDS_CORP_2002Q3.txt,58013510,MCD,MCDONALD'S CORP,0.38,0.39
/Users/vazea/Desktop/NNW/transcripts_by_company/EVERBRIDGE_INC_2018Q1.txt,29978A10,EVBG,EVERBRIDGE INC,-0.17,-0.2
/Users/vazea/Desktop/NNW/transcripts_by_company/POPULAR_INC_2019Q4.txt,73317470,BPOP,POPULAR INC,6.88,6.76
/Users/vazea/Desktop/NNW/transcripts_by_company/ENZON_PHARMACEUTICALS_INC_2008Q2.txt,29390410,ENZN,ENZON PHARMACEUTICALS INC,-0.04,-0.23
/Users/vazea/Desktop/NNW/transcripts_by_company/BOX_INC_2017Q2.txt,10316T10,BOX,BOX INC,-0.14,-0.19
/Users/vazea/Desktop/NNW/transcripts_by_company/ARCTIC_CAT_INC_2007Q4.txt,03967010,ACAT,ARCTIC CAT INC,1.15,1.1
/Users/vazea/Desktop/NNW/transcripts_by_company/TELEDYNE_TECHNOLOGIES_INC_2007Q2.txt,87936010,TDY,TELEDYNE TECHNOLOGIES INC,0.67,0.6
/Users/vazea/Desktop/NNW/transcripts_by_company/BASIC_ENERGY_SERVICES_INC_2017Q2.txt,06985P20,BAS,BASIC ENERGY SERVICES INC,-0.57,-0.56
/Users/vazea/Desktop/NNW/transcripts_by_company/SUNSTONE_HOTEL_INVESTORS_INC_2023Q1.txt,86789210,SHO,SUNSTONE HOTEL INVESTORS INC,0.08,0.01
/Users/vazea/Desktop/NNW/transcripts_by_company/PLANTRONICS_INC_2007Q1.txt,72749310,PLT,PLANTRONICS INC,0.28,0.31
/Users/vazea/Desktop/NNW/transcripts_by_company/OFS_CAPITAL_CORP_2014Q1.txt,67103B10,OFS,OFS CAPITAL CORP,0.15,0.17
/Users/vazea/Desktop/NNW/transcripts_by_company/INGREDION_INC_2020Q2.txt,45718710,INGR,INGREDION INC,1.12,1.35
/Users/vazea/Desktop/NNW/transcripts_by_company/CIMAREX_ENERGY_CO_2006Q1.txt,17179810,XEC,CIMAREX ENERGY CO,1.12,1.21
/Users/vazea/Desktop/NNW/transcripts_by_company/SIGNATURE_BANK_2022Q3.txt,82669G10,SBNY,SIGNATURE BANK,5.57,5.51
/Users/vazea/Desktop/NNW/transcripts_by_company/GLOBAL_PARTNERS_LP_2009Q4.txt,37946R10,GLP,GLOBAL PARTNERS LP,2.42,2.4
/Users/vazea/Desktop/NNW/transcripts_by_company/EVANS_BANCORP_INC_2021Q2.txt,29911Q20,EVBN,EVANS BANCORP INC,1.15,0.96
/Users/vazea/Desktop/NNW/transcripts_by_company/INTREXON_CORP_2018Q4.txt,46122T10,XON,INTREXON CORP,-3.93,-1.69
/Users/vazea/Desktop/NNW/transcripts_by_company/CONSTELLATION_BRANDS_INC_2023Q3.txt,21036P10,STZ,CONSTELLATION BRANDS INC,2.83,2.87
/Users/vazea/Desktop/NNW/transcripts_by_company/SOUTHERN_CO_2008Q4.txt,84258710,SO,SOUTHERN CO,2.37,2.36
/Users/vazea/Desktop/NNW/transcripts_by_company/GLOBAL_PARTNERS_LP_2022Q4.txt,37946R10,GLP,GLOBAL PARTNERS LP,10.02,9.88
/Users/vazea/Desktop/NNW/transcripts_by_company/STEWART_ENTERPRISES_INC_2004Q1.txt,86037010,STEI,STEWART ENTERPRISES INC,0.12,0.09
/Users/vazea/Desktop/NNW/transcripts_by_company/NCR_VOYIX_CORP_2017Q3.txt,62886E10,NCR,NCR VOYIX CORP,0.93,0.91
/Users/vazea/Desktop/NNW/transcripts_by_company/TRADE_DESK_INC_2020Q1.txt,88339J10,TTD,TRADE DESK INC,0.9,0.44
/Users/vazea/Desktop/NNW/transcripts_by_company/RAMBUS_INC_2019Q3.txt,75091710,RMBS,RAMBUS INC,0.23,0.23
/Users/vazea/Desktop/NNW/transcripts_by_company/DEVON_ENERGY_CORP_2012Q4.txt,25179M10,DVN,DEVON ENERGY CORP,3.26,3.25
/Users/vazea/Desktop/NNW/transcripts_by_company/INGRAM_MICRO_2012Q4.txt,45715310,IM,INGRAM MICRO,1.95,1.82
/Users/vazea/Desktop/NNW/transcripts_by_company/BORGWARNER_INC_2019Q2.txt,09972410,BWA,BORGWARNER INC,1.0,1.01
/Users/vazea/Desktop/NNW/transcripts_by_company/LOGILITY_SUPPLY_CHAIN_SOLUTIONS_2014Q2.txt,02968310,AMSWA,LOGILITY SUPPLY CHAIN SOLUTIONS,0.13,0.08
/Users/vazea/Desktop/NNW/transcripts_by_company/MERU_NETWORKS_INC_2010Q3.txt,59047Q10,MERU,MERU NETWORKS INC,0.02,0.02
/Users/vazea/Desktop/NNW/transcripts_by_company/REDWOOD_TRUST_INC_2020Q3.txt,75807540,RWT,REDWOOD TRUST INC,1.02,0.2
/Users/vazea/Desktop/NNW/transcripts_by_company/SEQUENOM_2010Q2.txt,81733740,SQNM,SEQUENOM,-0.25,-0.25
/Users/vazea/Desktop/NNW/transcripts_by_company/TENNANT_CO_2017Q3.txt,88034510,TNC,TENNANT CO,0.32,0.61
/Users/vazea/Desktop/NNW/transcripts_by_company/AKORN_INC_2019Q3.txt,00972810,AKRX,AKORN INC,0.02,-0.03
/Users/vazea/Desktop/NNW/transcripts_by_company/XEROX_CORP_2019Q1.txt,98412160,XRX,XEROX CORP,0.91,0.78
/Users/vazea/Desktop/NNW/transcripts_by_company/ZOOM_TECHNOLOGIES_INC_2010Q3.txt,98976E30,ZOOM,ZOOM TECHNOLOGIES INC,0.29,0.29
/Users/vazea/Desktop/NNW/transcripts_by_company/SONUS_NETWORKS_2007Q4.txt,83591610,SONS,SONUS NETWORKS,-0.09,-0.12
/Users/vazea/Desktop/NNW/transcripts_by_company/IMMUNOPRECISE_ANTIBODIES_LTD_2023Q3.txt,45257F20,IPA,IMMUNOPRECISE ANTIBODIES LTD,-0.19,-0.23
/Users/vazea/Desktop/NNW/transcripts_by_company/SOLARWINDS_CORP_2021Q2.txt,83417Q10,SWI,SOLARWINDS CORP,0.44,0.21
/Users/vazea/Desktop/NNW/transcripts_by_company/PLAYAGS_INC_2018Q1.txt,72814N10,AGS,PLAYAGS INC,0.1,-0.19
/Users/vazea/Desktop/NNW/transcripts_by_company/CACHE_INC_2008Q2.txt,12715030,CACH,CACHE INC,0.16,0.15
/Users/vazea/Desktop/NNW/transcripts_by_company/NOVAVAX_INC_2021Q3.txt,67000240,NVAX,NOVAVAX INC,-4.31,-4.0
/Users/vazea/Desktop/NNW/transcripts_by_company/NCR_VOYIX_CORP_2009Q2.txt,62886E10,NCR,NCR VOYIX CORP,0.13,0.1
/Users/vazea/Desktop/NNW/transcripts_by_company/OGE_ENERGY_CORP_2010Q3.txt,67083710,OGE,OGE ENERGY CORP,1.65,1.51
/Users/vazea/Desktop/NNW/transcripts_by_company/PENNYMAC_MORTGAGE_INVESTMENT_TRU_2019Q4.txt,70931T10,PMT,PENNYMAC MORTGAGE INVESTMENT TRU,2.42,2.44
/Users/vazea/Desktop/NNW/transcripts_by_company/CODERE_ONLINE_LUXEMBOURG_SA_2022Q4.txt,L1826810,CDRO,CODERE ONLINE LUXEMBOURG SA,-1.03,-0.94
/Users/vazea/Desktop/NNW/transcripts_by_company/SIX_FLAGS_ENTERTAINMENT_CORP_DE_2020Q1.txt,83001A10,SIX,SIX FLAGS ENTERTAINMENT CORP (DE,-1.0,-1.1
/Users/vazea/Desktop/NNW/transcripts_by_company/BAKER_HUGHES_INC_2002Q3.txt,05722410,BHI,BAKER HUGHES INC,0.26,0.21
/Users/vazea/Desktop/NNW/transcripts_by_company/ASML_HOLDING_NV_2009Q1.txt,N0705918,ASML,ASML HOLDING NV,-0.35,-0.34
/Users/vazea/Desktop/NNW/transcripts_by_company/NAPSTER_INC_2006Q1.txt,63079710,NAPS,NAPSTER INC,-0.46,-0.63
/Users/vazea/Desktop/NNW/transcripts_by_company/ACCELERON_PHARMA_INC_2020Q1.txt,00434H10,XLRN,ACCELERON PHARMA INC,-0.95,-0.9
/Users/vazea/Desktop/NNW/transcripts_by_company/ANGEL_OAK_MORTGAGE_REIT_INC_2022Q4.txt,03464Y10,AOMR,ANGEL OAK MORTGAGE REIT INC,0.78,3.58
/Users/vazea/Desktop/NNW/transcripts_by_company/CHEETAH_MOBILE_INC_2014Q2.txt,16307510,CMCM,CHEETAH MOBILE INC,0.08,0.04
/Users/vazea/Desktop/NNW/transcripts_by_company/VERISIGN_INC_2003Q4.txt,92343E10,VRSN,"VERISIGN, INC",0.61,0.56
/Users/vazea/Desktop/NNW/transcripts_by_company/VERA_BRADLEY_INC_2022Q4.txt,92335C10,VRA,VERA BRADLEY INC,0.57,0.67
/Users/vazea/Desktop/NNW/transcripts_by_company/GENOMIC_HEALTH_INC_2019Q1.txt,37244C10,GHDX,GENOMIC HEALTH INC,0.34,0.29
/Users/vazea/Desktop/NNW/transcripts_by_company/SILICON_LABORATORIES_INC_2012Q1.txt,82691910,SLAB,SILICON LABORATORIES INC,0.43,0.41
/Users/vazea/Desktop/NNW/transcripts_by_company/8X8_INC_2012Q3.txt,28291410,EGHT,8X8 INC,0.04,0.03
/Users/vazea/Desktop/NNW/transcripts_by_company/WEC_ENERGY_GROUP_INC_2019Q3.txt,92939U10,WEC,WEC ENERGY GROUP INC,0.74,0.71
/Users/vazea/Desktop/NNW/transcripts_by_company/COMPUTER_SCIENCES_CORP_2005Q4.txt,20536310,CSC,COMPUTER SCIENCES CORP,3.17,3.16
/Users/vazea/Desktop/NNW/transcripts_by_company/SEADRILL_PARTNERS_LLC_2016Q4.txt,Y7545W10,SDLP,SEADRILL PARTNERS LLC,3.06,3.85
/Users/vazea/Desktop/NNW/transcripts_by_company/DASEKE_INC_2023Q1.txt,23753F10,DSKE,DASEKE INC,-0.05,0.05
/Users/vazea/Desktop/NNW/transcripts_by_company/PUMA_BIOTECHNOLOGY_INC_2022Q4.txt,74587V10,PBYI,PUMA BIOTECHNOLOGY INC,0.0,0.16
/Users/vazea/Desktop/NNW/transcripts_by_company/MOODYS_CORP_2016Q3.txt,61536910,MCO,MOODY'S CORP,1.34,1.18
/Users/vazea/Desktop/NNW/transcripts_by_company/INTERDIGITAL_INC_2019Q1.txt,45867G10,IDCC,INTERDIGITAL INC,-0.09,-0.05
/Users/vazea/Desktop/NNW/transcripts_by_company/BERRY_CORPORATION_BRY_2023Q2.txt,08579X10,BRY,BERRY CORPORATION (BRY),0.15,0.01
/Users/vazea/Desktop/NNW/transcripts_by_company/MSC_INDUSTRIAL_DIRECT_CO_INC_2014Q2.txt,55353010,MSM,MSC INDUSTRIAL DIRECT CO INC,0.87,0.86
/Users/vazea/Desktop/NNW/transcripts_by_company/CONVERGEONE_HOLDINGS_INC_2018Q3.txt,21248110,CVON,CONVERGEONE HOLDINGS INC,0.31,0.23
/Users/vazea/Desktop/NNW/transcripts_by_company/DIODES_INC_2006Q1.txt,25454310,DIOD,DIODES INC,0.38,0.37
/Users/vazea/Desktop/NNW/transcripts_by_company/ECI_TELECOM_LTD_2004Q2.txt,26825810,ECIL,ECI TELECOM LTD,0.04,-0.01
/Users/vazea/Desktop/NNW/transcripts_by_company/IDT_CORP_2006Q4.txt,44894730,IDT,IDT CORP,-1.55,-1.49
/Users/vazea/Desktop/NNW/transcripts_by_company/FAIR_ISAAC_CORP_2015Q1.txt,30325010,FICO,FAIR ISAAC CORP,0.43,0.6
/Users/vazea/Desktop/NNW/transcripts_by_company/SYNLOGIC_INC_2018Q4.txt,87166L10,SYBX,SYNLOGIC INC,-2.03,-2.13
/Users/vazea/Desktop/NNW/transcripts_by_company/SYNAPTICS_INC_2012Q4.txt,87157D10,SYNA,SYNAPTICS INC,2.28,2.27
/Users/vazea/Desktop/NNW/transcripts_by_company/STRATASYS_INC_2005Q3.txt,86268510,SSYS,STRATASYS INC,0.2,0.28
/Users/vazea/Desktop/NNW/transcripts_by_company/BLUEGREEN_VACATIONS_CORP_2017Q4.txt,09629F10,BXG,BLUEGREEN VACATIONS CORP,1.09,0.9
/Users/vazea/Desktop/NNW/transcripts_by_company/NEUROGESX_INC_2012Q2.txt,64125210,NGSX,NEUROGESX INC,-0.17,-0.2
/Users/vazea/Desktop/NNW/transcripts_by_company/CONEXANT_SYSTEMS_INCWI_2007Q1.txt,20714210,CNXT,CONEXANT SYSTEMS INC-W/I,0.02,0.02
/Users/vazea/Desktop/NNW/transcripts_by_company/ODP_CORP_2023Q1.txt,88337F10,ODP,ODP CORP,1.78,1.34
/Users/vazea/Desktop/NNW/transcripts_by_company/HONEYWELL_INTERNATIONAL_INC_2015Q4.txt,43851610,HON,HONEYWELL INTERNATIONAL INC,6.1,6.1
/Users/vazea/Desktop/NNW/transcripts_by_company/MASCO_CORP_2016Q1.txt,57459910,MAS,MASCO CORP,0.32,0.26
/Users/vazea/Desktop/NNW/transcripts_by_company/IHS_MARKIT_LTD_2020Q4.txt,G4756710,INFO,IHS MARKIT LTD,2.84,2.78
/Users/vazea/Desktop/NNW/transcripts_by_company/DAWSON_GEOPHYSICAL_CO_2017Q3.txt,23936010,DWSN,DAWSON GEOPHYSICAL CO,-0.13,-0.34
/Users/vazea/Desktop/NNW/transcripts_by_company/BIOKEY_INTERNATIONAL_INC_2020Q1.txt,09060C30,BKYI,BIO-KEY INTERNATIONAL INC,-0.18,-0.05
/Users/vazea/Desktop/NNW/transcripts_by_company/BIGBEARAI_HOLDINGS_INC_2022Q4.txt,08975B10,BBAI,BIGBEAR.AI HOLDINGS INC,-0.95,-0.81
/Users/vazea/Desktop/NNW/transcripts_by_company/USA_TRUCK_INC_2014Q3.txt,90292510,USAK,USA TRUCK INC,0.26,0.1
/Users/vazea/Desktop/NNW/transcripts_by_company/GLOBAL_DEFENSE_TECHNOLOGY_SYST_2010Q4.txt,37950B10,GTEC,GLOBAL DEFENSE TECHNOLOGY & SYST,0.96,0.95
/Users/vazea/Desktop/NNW/transcripts_by_company/PAYMENTUS_HOLDINGS_INC_2021Q4.txt,70439P10,PAY,PAYMENTUS HOLDINGS INC,0.09,0.07
/Users/vazea/Desktop/NNW/transcripts_by_company/LEXMARK_INTERNATIONAL_INC_2014Q2.txt,52977110,LXK,LEXMARK INTERNATIONAL INC,0.99,0.92
/Users/vazea/Desktop/NNW/transcripts_by_company/ICAHN_ENTERPRISES_LP_2017Q1.txt,45110010,IEP,ICAHN ENTERPRISES LP,-0.12,0.2
/Users/vazea/Desktop/NNW/transcripts_by_company/MOTUS_GI_HOLDINGS_INC_2022Q3.txt,62014P40,MOTS,MOTUS GI HOLDINGS INC,-1.69,-1.96
/Users/vazea/Desktop/NNW/transcripts_by_company/INTERSIL_CORPORATION_2012Q1.txt,46069S10,ISIL,INTERSIL CORPORATION,-0.03,-0.02
/Users/vazea/Desktop/NNW/transcripts_by_company/GENASYS_INC_2014Q2.txt,50213V10,LRAD,GENASYS INC,0.02,0.01
/Users/vazea/Desktop/NNW/transcripts_by_company/SIMON_PROPERTY_GROUP_INC_2017Q1.txt,82880610,SPG,SIMON PROPERTY GROUP INC,1.53,1.5
/Users/vazea/Desktop/NNW/transcripts_by_company/DELPHI_TECHNOLOGIES_PLC_2018Q4.txt,G2709G10,DLPH,DELPHI TECHNOLOGIES PLC,4.38,4.2
/Users/vazea/Desktop/NNW/transcripts_by_company/UNDER_ARMOUR_INC_2018Q3.txt,90431120,UA,UNDER ARMOUR INC,0.25,0.13
/Users/vazea/Desktop/NNW/transcripts_by_company/CBIZ_INC_2021Q3.txt,12480510,CBZ,CBIZ INC,0.41,0.29
/Users/vazea/Desktop/NNW/transcripts_by_company/XENOPORT_INC_2008Q4.txt,98411C10,XNPT,XENOPORT INC,-2.48,-2.55
/Users/vazea/Desktop/NNW/transcripts_by_company/MDC_PARTNERS_INC_2013Q1.txt,55269710,MDCA,MDC PARTNERS INC,0.48,-0.29
/Users/vazea/Desktop/NNW/transcripts_by_company/CARRIAGE_SERVICES_INC_2003Q3.txt,14390510,CSV,CARRIAGE SERVICES INC,0.05,0.04
/Users/vazea/Desktop/NNW/transcripts_by_company/CARLYLE_GROUP_LP_2012Q2.txt,14309L10,CG,CARLYLE GROUP LP,-0.19,-0.11
/Users/vazea/Desktop/NNW/transcripts_by_company/APPFOLIO_INC_2015Q4.txt,03783C10,APPF,APPFOLIO INC,-0.69,-0.78
/Users/vazea/Desktop/NNW/transcripts_by_company/SAIA_INC_2017Q1.txt,78709Y10,SAIA,SAIA INC,0.44,0.41
/Users/vazea/Desktop/NNW/transcripts_by_company/GENERAL_MILLS_INC_2018Q2.txt,37033410,GIS,GENERAL MILLS INC,0.82,0.82
/Users/vazea/Desktop/NNW/transcripts_by_company/WEBMD_HEALTH_CORP_2008Q2.txt,94770V10,WBMD,WEBMD HEALTH CORP,0.11,0.1
/Users/vazea/Desktop/NNW/transcripts_by_company/KAYNE_ANDERSON_ENERGY_DEVELOPMEN_2009Q3.txt,48660Q10,KED,KAYNE ANDERSON ENERGY DEVELOPMEN,0.28,0.31
/Users/vazea/Desktop/NNW/transcripts_by_company/SMITH_WESSON_HOLDING_CORP_2012Q4.txt,83175610,SWHC,SMITH & WESSON HOLDING CORP,0.41,0.29
/Users/vazea/Desktop/NNW/transcripts_by_company/CONSTELLATION_BRANDS_INC_2013Q2.txt,21036P10,STZ,CONSTELLATION BRANDS INC,0.71,0.54
/Users/vazea/Desktop/NNW/transcripts_by_company/CEVA_INC_2016Q4.txt,15721010,CEVA,CEVA INC,0.93,0.91
/Users/vazea/Desktop/NNW/transcripts_by_company/INSEEGO_CORP_2018Q2.txt,45782B10,INSG,INSEEGO CORP,-0.02,-0.02
/Users/vazea/Desktop/NNW/transcripts_by_company/SIGNET_JEWELERS_LTD_2011Q3.txt,G8127610,SIG,SIGNET JEWELERS LTD,0.07,-0.03
/Users/vazea/Desktop/NNW/transcripts_by_company/ENCORE_CAPITAL_GROUP_INC_2005Q2.txt,29255410,ECPG,ENCORE CAPITAL GROUP INC,0.34,0.28
/Users/vazea/Desktop/NNW/transcripts_by_company/VISA_INC_2016Q2.txt,92826C83,V,VISA INC,0.68,0.66
/Users/vazea/Desktop/NNW/transcripts_by_company/ENDOLOGIX_INC_2014Q4.txt,29266S10,ELGX,ENDOLOGIX INC,-0.38,-0.37
/Users/vazea/Desktop/NNW/transcripts_by_company/APACHE_CORP_2002Q3.txt,03741110,APA,APACHE CORP,1.0,1.09
/Users/vazea/Desktop/NNW/transcripts_by_company/AGILENT_TECHNOLOGIES_INC_2010Q1.txt,00846U10,A,AGILENT TECHNOLOGIES INC,0.38,0.32
/Users/vazea/Desktop/NNW/transcripts_by_company/CP_SHIPS_LIMITED_2003Q4.txt,22409V10,TEU,CP SHIPS LIMITED,0.89,0.91
/Users/vazea/Desktop/NNW/transcripts_by_company/WATERS_CORP_2016Q3.txt,94184810,WAT,WATERS CORP,1.57,1.57
/Users/vazea/Desktop/NNW/transcripts_by_company/WP_CAREY_CO_LLC_2012Q1.txt,92930Y10,WPC,WP CAREY & CO LLC,0.3,0.55
/Users/vazea/Desktop/NNW/transcripts_by_company/EAGLE_TEST_SYSTEMS_INC_2007Q3.txt,27000610,EGLT,EAGLE TEST SYSTEMS INC,0.09,0.1
/Users/vazea/Desktop/NNW/transcripts_by_company/ENTROPIC_COMMUNICATIONS_INC_2009Q1.txt,29384R10,ENTR,ENTROPIC COMMUNICATIONS INC,-0.06,-0.07
/Users/vazea/Desktop/NNW/transcripts_by_company/PERFORMANT_HEALTHCARE_INC_2015Q3.txt,71377E10,PFMT,PERFORMANT HEALTHCARE INC,0.02,0.0
/Users/vazea/Desktop/NNW/transcripts_by_company/CONMED_CORP_2012Q3.txt,20741010,CNMD,CONMED CORP,0.43,0.4
/Users/vazea/Desktop/NNW/transcripts_by_company/MERCK_CO_INC_2021Q3.txt,58933Y10,MRK,"MERCK & CO., INC.",1.75,1.54
/Users/vazea/Desktop/NNW/transcripts_by_company/GLOBALSTAR_INC_2015Q3.txt,37897340,GSAT,GLOBALSTAR INC,-0.02,-0.03
/Users/vazea/Desktop/NNW/transcripts_by_company/1800FLOWERSCOM_INC_2004Q1.txt,68243Q10,FLWS,1-800-FLOWERS.COM INC,-0.08,-0.09
/Users/vazea/Desktop/NNW/transcripts_by_company/MEDIFAST_INC_2012Q1.txt,58470H10,MED,MEDIFAST INC,0.32,0.37
/Users/vazea/Desktop/NNW/transcripts_by_company/CONCEPTUS_INC_2007Q3.txt,20601610,CPTS,CONCEPTUS INC,-0.09,-0.08
/Users/vazea/Desktop/NNW/transcripts_by_company/HELMERICH_AND_PAYNE_INC_2008Q2.txt,42345210,HP,HELMERICH AND PAYNE INC,0.92,0.99
/Users/vazea/Desktop/NNW/transcripts_by_company/DISTRIBUTION_SOLUTIONS_GROUP_INC_2023Q3.txt,52077610,DSGR,DISTRIBUTION SOLUTIONS GROUP INC,0.17,0.23
/Users/vazea/Desktop/NNW/transcripts_by_company/LAYNE_CHRISTENSEN_CO_2007Q3.txt,52105010,LAYN,LAYNE CHRISTENSEN CO,0.5,0.35
/Users/vazea/Desktop/NNW/transcripts_by_company/RF_INDUSTRIES_LTD_2020Q2.txt,74955210,RFIL,RF INDUSTRIES LTD,-0.01,-0.01
/Users/vazea/Desktop/NNW/transcripts_by_company/ENTRAVISION_COMMUNICATIONS_CORP_2021Q3.txt,29382R10,EVC,ENTRAVISION COMMUNICATIONS CORP,0.14,0.09
/Users/vazea/Desktop/NNW/transcripts_by_company/BEMIS_COMPANY_INC_2006Q1.txt,08143710,BMS,BEMIS COMPANY INC,0.42,0.35
/Users/vazea/Desktop/NNW/transcripts_by_company/JUNIPER_NETWORKS_INC_2018Q1.txt,48203R10,JNPR,JUNIPER NETWORKS INC,0.28,0.25
/Users/vazea/Desktop/NNW/transcripts_by_company/ROPER_TECHNOLOGIES_INC_2010Q3.txt,77669610,ROP,ROPER TECHNOLOGIES INC,0.87,0.8
/Users/vazea/Desktop/NNW/transcripts_by_company/LEAR_CORP_2021Q2.txt,52186520,LEA,LEAR CORP,2.45,2.49
/Users/vazea/Desktop/NNW/transcripts_by_company/MERSANA_THERAPEUTICS_INC_2020Q1.txt,59045L10,MRSN,MERSANA THERAPEUTICS INC,-0.35,-0.37
/Users/vazea/Desktop/NNW/transcripts_by_company/LANDSEA_HOMES_CORP_2023Q3.txt,51509P10,LSEA,LANDSEA HOMES CORP,0.22,0.14
/Users/vazea/Desktop/NNW/transcripts_by_company/CENTURY_CASINOS_INC_2020Q4.txt,15649210,CNTY,CENTURY CASINOS INC,-1.62,-1.85
/Users/vazea/Desktop/NNW/transcripts_by_company/SITEONE_LANDSCAPE_SUPPLY_INC_2018Q3.txt,82982L10,SITE,SITEONE LANDSCAPE SUPPLY INC,0.79,0.72
/Users/vazea/Desktop/NNW/transcripts_by_company/CENCORA_INC_2019Q4.txt,03073E10,ABC,CENCORA INC,7.09,7.05
/Users/vazea/Desktop/NNW/transcripts_by_company/MOVE_INC_2011Q2.txt,62458M10,MOVE,MOVE INC,0.02,0.01
/Users/vazea/Desktop/NNW/transcripts_by_company/ALLIANT_ENERGY_CORP_2009Q2.txt,01880210,LNT,ALLIANT ENERGY CORP,0.34,0.32
/Users/vazea/Desktop/NNW/transcripts_by_company/FLEX_PHARMA_INC_2016Q2.txt,33938A10,FLKS,FLEX PHARMA INC,-0.71,-0.61
/Users/vazea/Desktop/NNW/transcripts_by_company/CHARMING_SHOPPES_INC_2005Q2.txt,16113310,CHRS,CHARMING SHOPPES INC,0.21,0.22
/Users/vazea/Desktop/NNW/transcripts_by_company/PJT_PARTNERS_INC_2020Q4.txt,69343T10,PJT,PJT PARTNERS INC,4.93,4.19
/Users/vazea/Desktop/NNW/transcripts_by_company/PHILIP_MORRIS_INTERNATIONAL_INC_2009Q3.txt,71817210,PM,PHILIP MORRIS INTERNATIONAL INC,0.93,0.91
/Users/vazea/Desktop/NNW/transcripts_by_company/ASCENDIS_PHARMA_AS_2019Q4.txt,04351P10,ASND,ASCENDIS PHARMA A/S,-4.69,-4.21
/Users/vazea/Desktop/NNW/transcripts_by_company/PLX_PHARMA_INC_2022Q1.txt,72942A10,PLXP,PLX PHARMA INC,-0.39,-0.7
/Users/vazea/Desktop/NNW/transcripts_by_company/EMMIS_COMMUNICATIONS_CORP_2008Q1.txt,29152510,EMMS,EMMIS COMMUNICATIONS CORP,-0.07,-0.1
/Users/vazea/Desktop/NNW/transcripts_by_company/BUNGE_LTD_2003Q2.txt,G1696210,BG,BUNGE LTD,0.71,0.7
/Users/vazea/Desktop/NNW/transcripts_by_company/LXP_INDUSTRIAL_TRUST_2005Q3.txt,52904310,LXP,LXP INDUSTRIAL TRUST,0.04,0.2
/Users/vazea/Desktop/NNW/transcripts_by_company/QUANTA_SERVICES_INC_2021Q2.txt,74762E10,PWR,QUANTA SERVICES INC,1.06,1.04
/Users/vazea/Desktop/NNW/transcripts_by_company/ATLAS_AIR_WORLDWIDE_HOLDINGS_INC_2007Q4.txt,04916420,AAWW,ATLAS AIR WORLDWIDE HOLDINGS INC,4.15,3.73
/Users/vazea/Desktop/NNW/transcripts_by_company/DARDEN_RESTAURANTS_INC_2024Q1.txt,23719410,DRI,DARDEN RESTAURANTS INC,1.78,1.71
/Users/vazea/Desktop/NNW/transcripts_by_company/ZELTIQ_AESTHETICS_INC_2013Q4.txt,98933Q10,ZLTQ,ZELTIQ AESTHETICS INC,-0.53,-0.48
/Users/vazea/Desktop/NNW/transcripts_by_company/NYFIX_INC_2004Q4.txt,67071210,NYFX,NYFIX INC,-1.02,-0.91
/Users/vazea/Desktop/NNW/transcripts_by_company/MASTERCRAFT_BOAT_HOLDINGS_INC_2020Q3.txt,57637H10,MCFT,MASTERCRAFT BOAT HOLDINGS INC,0.46,0.48
/Users/vazea/Desktop/NNW/transcripts_by_company/HARTE_HANKS_INC_2018Q3.txt,41619620,HHS,HARTE HANKS INC,-1.01,-0.77
/Users/vazea/Desktop/NNW/transcripts_by_company/BOB_EVANS_FARMS_INC_2003Q3.txt,09676110,BOBE,BOB EVANS FARMS INC,0.47,0.45
/Users/vazea/Desktop/NNW/transcripts_by_company/ARBOR_REALTY_TRUST_INC_2021Q3.txt,03892310,ABR,ARBOR REALTY TRUST INC,0.51,0.45
/Users/vazea/Desktop/NNW/transcripts_by_company/EUROPEAN_WAX_CENTER_INC_2022Q3.txt,29882P10,EWCZ,EUROPEAN WAX CENTER INC,0.11,0.09
/Users/vazea/Desktop/NNW/transcripts_by_company/DEL_TACO_RESTAURANTS_INC_2020Q2.txt,24549610,TACO,DEL TACO RESTAURANTS INC,0.0,-0.08
/Users/vazea/Desktop/NNW/transcripts_by_company/CSI_COMPRESSCO_LP_2018Q4.txt,12637A10,CCLP,CSI COMPRESSCO LP,-0.86,-0.88
/Users/vazea/Desktop/NNW/transcripts_by_company/CARLYLE_GROUP_INC_2023Q2.txt,14316J10,CG,CARLYLE GROUP INC,0.88,0.66
/Users/vazea/Desktop/NNW/transcripts_by_company/ONEBEACON_INSURANCE_GROUP_LTD_2007Q4.txt,G6774210,OB,ONEBEACON INSURANCE GROUP LTD,2.14,2.0
/Users/vazea/Desktop/NNW/transcripts_by_company/SPSS_INCORPORATED_2003Q1.txt,78462K10,SPSS,SPSS INCORPORATED,0.08,0.08
/Users/vazea/Desktop/NNW/transcripts_by_company/PURE_STORAGE_INC_2023Q2.txt,74624M10,PSTG,PURE STORAGE INC,0.32,0.21
/Users/vazea/Desktop/NNW/transcripts_by_company/BENTLEY_SYSTEMS_INC_2022Q3.txt,08265T20,BSY,BENTLEY SYSTEMS INC,0.19,0.17
/Users/vazea/Desktop/NNW/transcripts_by_company/UBER_TECHNOLOGIES_INC_2019Q4.txt,90353T10,UBER,UBER TECHNOLOGIES INC,-6.81,-6.91
/Users/vazea/Desktop/NNW/transcripts_by_company/SILVERGATE_CAPITAL_CORP_2020Q3.txt,82837P40,SI,SILVERGATE CAPITAL CORP,0.37,0.24
/Users/vazea/Desktop/NNW/transcripts_by_company/HEIDRICK_STRUGGLES_INTERNATION_2008Q1.txt,42281910,HSII,HEIDRICK & STRUGGLES INTERNATION,0.38,0.59
/Users/vazea/Desktop/NNW/transcripts_by_company/RANPAK_HOLDINGS_CORP_2021Q1.txt,75321W10,PACK,RANPAK HOLDINGS CORP,0.08,-0.02
/Users/vazea/Desktop/NNW/transcripts_by_company/DOVER_CORP_2014Q2.txt,26000310,DOV,DOVER CORP,1.29,1.27
/Users/vazea/Desktop/NNW/transcripts_by_company/XILINX_INC_2005Q2.txt,98391910,XLNX,XILINX INC,0.24,0.23
/Users/vazea/Desktop/NNW/transcripts_by_company/OPENLANE_INC_2017Q4.txt,48238T10,KAR,OPENLANE INC,2.5,2.37
/Users/vazea/Desktop/NNW/transcripts_by_company/KINGSOFT_CLOUD_HOLDINGS_LTD_2020Q3.txt,49639K10,KC,KINGSOFT CLOUD HOLDINGS LTD,-0.8,-1.11
/Users/vazea/Desktop/NNW/transcripts_by_company/ACCO_BRANDS_CORP_2018Q3.txt,00081T10,ACCO,ACCO BRANDS CORP,0.34,0.35
/Users/vazea/Desktop/NNW/transcripts_by_company/BROOKFIELD_RENEWABLE_PARTNERS_LP_2015Q3.txt,G162581X,BEP,BROOKFIELD RENEWABLE PARTNERS LP,-0.07,-0.01
/Users/vazea/Desktop/NNW/transcripts_by_company/DOVER_CORP_2019Q4.txt,26000310,DOV,DOVER CORP,5.93,5.85
/Users/vazea/Desktop/NNW/transcripts_by_company/TECH_DATA_CORP_2005Q4.txt,87823710,TECD,TECH DATA CORP,2.55,2.48
/Users/vazea/Desktop/NNW/transcripts_by_company/ARDAGH_GROUP_SA_2020Q4.txt,L0223L10,ARD,ARDAGH GROUP SA,1.44,1.41
/Users/vazea/Desktop/NNW/transcripts_by_company/LSI_CORP_2008Q4.txt,50216110,LSI,LSI CORP,0.44,0.42
/Users/vazea/Desktop/NNW/transcripts_by_company/TXU_CORPORATION_2004Q1.txt,87316810,TXU,TXU CORPORATION,0.63,0.45
/Users/vazea/Desktop/NNW/transcripts_by_company/BOYD_GAMING_CORP_2003Q2.txt,10330410,BYD,BOYD GAMING CORP,0.21,0.28
/Users/vazea/Desktop/NNW/transcripts_by_company/WEYERHAEUSER_CO_2006Q4.txt,96216610,WY,WEYERHAEUSER CO,3.62,3.43
/Users/vazea/Desktop/NNW/transcripts_by_company/SLM_CORP_2002Q3.txt,78442P10,SLM,SLM CORP,1.21,1.19
/Users/vazea/Desktop/NNW/transcripts_by_company/EBAY_INC_2004Q1.txt,27864210,EBAY,EBAY INC,0.31,0.26
/Users/vazea/Desktop/NNW/transcripts_by_company/QLOGIC_CORP_2016Q2.txt,74727710,QLGC,QLOGIC CORP,0.17,0.14
/Users/vazea/Desktop/NNW/transcripts_by_company/CREDICORP_LTD_2016Q1.txt,G2519Y10,BAP,CREDICORP LTD,2.904,2.95
/Users/vazea/Desktop/NNW/transcripts_by_company/COLLEGIUM_PHARMACEUTICAL_INC_2017Q4.txt,19459J10,COLL,COLLEGIUM PHARMACEUTICAL INC,-2.47,-2.55
/Users/vazea/Desktop/NNW/transcripts_by_company/OVERSEAS_SHIPHOLDING_GROUP_2011Q2.txt,69036810,OSG,OVERSEAS SHIPHOLDING GROUP,-1.2,-1.17
/Users/vazea/Desktop/NNW/transcripts_by_company/MANTECH_INTERNATIONAL_CORP_2020Q1.txt,56456310,MANT,MANTECH INTERNATIONAL CORP,0.81,0.75
/Users/vazea/Desktop/NNW/transcripts_by_company/PENTAIR_INC_2006Q1.txt,70963110,PNR,PENTAIR INC,0.42,0.42
/Users/vazea/Desktop/NNW/transcripts_by_company/DISTRIBUTION_SOLUTIONS_GROUP_INC_2018Q2.txt,52077610,LAWS,DISTRIBUTION SOLUTIONS GROUP INC,0.35,0.23
/Users/vazea/Desktop/NNW/transcripts_by_company/GUIDANCE_SOFTWARE_INC_2007Q4.txt,40169210,GUID,GUIDANCE SOFTWARE INC,0.07,0.07
/Users/vazea/Desktop/NNW/transcripts_by_company/CEDAR_FAIR_LP_2019Q4.txt,15018510,FUN,CEDAR FAIR LP,3.03,3.13
/Users/vazea/Desktop/NNW/transcripts_by_company/MASTERCARD_INC_2022Q3.txt,57636Q10,MA,MASTERCARD INC,2.68,2.58
/Users/vazea/Desktop/NNW/transcripts_by_company/GRIFFON_CORP_2020Q3.txt,39843310,GFF,GRIFFON CORP,0.59,0.13
/Users/vazea/Desktop/NNW/transcripts_by_company/SUCCESSFACTORS_INC_2010Q4.txt,86459610,SFSF,SUCCESSFACTORS INC,0.07,0.07
/Users/vazea/Desktop/NNW/transcripts_by_company/ACUITY_BRANDS_INC_2007Q4.txt,00508Y10,AYI,ACUITY BRANDS INC,3.38,3.4
/Users/vazea/Desktop/NNW/transcripts_by_company/VALERO_ENERGY_CORP_2005Q4.txt,91913Y10,VLO,VALERO ENERGY CORP,6.76,6.66
/Users/vazea/Desktop/NNW/transcripts_by_company/MEDICAL_PROPERTIES_TRUST_INC_2019Q3.txt,58463J30,MPW,MEDICAL PROPERTIES TRUST INC,0.2,0.21
/Users/vazea/Desktop/NNW/transcripts_by_company/SUPERIOR_GROUP_OF_COMPANIES_INC_2020Q2.txt,86835810,SGC,SUPERIOR GROUP OF COMPANIES INC,1.0,0.24
/Users/vazea/Desktop/NNW/transcripts_by_company/RPX_CORP_2016Q2.txt,74972G10,RPXC,RPX CORP,0.18,0.13
/Users/vazea/Desktop/NNW/transcripts_by_company/FLEX_LTD_2002Q4.txt,Y2573F10,FLEX,FLEX LTD,0.61,0.62
/Users/vazea/Desktop/NNW/transcripts_by_company/VEECO_INSTRUMENTS_INC_2005Q3.txt,92241710,VECO,VEECO INSTRUMENTS INC,0.14,0.13
/Users/vazea/Desktop/NNW/transcripts_by_company/NCI_INC_2008Q4.txt,62886K10,NCIT,NCI INC,1.25,1.23
/Users/vazea/Desktop/NNW/transcripts_by_company/BOOT_BARN_HOLDINGS_INC_2022Q2.txt,09940610,BOOT,BOOT BARN HOLDINGS INC,1.25,0.88
/Users/vazea/Desktop/NNW/transcripts_by_company/NOVELL_INC_2009Q2.txt,67000610,NOVL,NOVELL INC,0.08,0.06
/Users/vazea/Desktop/NNW/transcripts_by_company/BAYTEX_ENERGY_TRUST_2008Q4.txt,0731761X,BTE,BAYTEX ENERGY TRUST,2.74,2.58
/Users/vazea/Desktop/NNW/transcripts_by_company/OPTINOSE_INC_2018Q1.txt,68404V10,OPTN,OPTINOSE INC,-0.81,-0.74
/Users/vazea/Desktop/NNW/transcripts_by_company/ROBERT_HALF_INC_2013Q2.txt,77032310,RHI,ROBERT HALF INC,0.46,0.43
/Users/vazea/Desktop/NNW/transcripts_by_company/SCICLONEPHARMACEUTICALS_INCORPO_2005Q1.txt,80862K10,SCLN,SCICLONEPHARMACEUTICALS INCORPO,-0.03,-0.07
/Users/vazea/Desktop/NNW/transcripts_by_company/MARRIOTT_VACATIONS_WORLDWIDE_COR_2017Q2.txt,57164Y10,VAC,MARRIOTT VACATIONS WORLDWIDE COR,1.6,1.3
/Users/vazea/Desktop/NNW/transcripts_by_company/PINNACLE_WEST_CAPITAL_CORP_2006Q3.txt,72348410,PNW,PINNACLE WEST CAPITAL CORP,1.84,1.63
/Users/vazea/Desktop/NNW/transcripts_by_company/VITA_COCO_COMPANY_INC_2022Q3.txt,92846Q10,COCO,VITA COCO COMPANY INC,0.13,0.15
/Users/vazea/Desktop/NNW/transcripts_by_company/SAGE_THERAPEUTICS_INC_2021Q2.txt,78667J10,SAGE,SAGE THERAPEUTICS INC,-1.83,-1.7
/Users/vazea/Desktop/NNW/transcripts_by_company/CRACKER_BARREL_OLD_COUNTRY_STORE_2010Q2.txt,22410J10,CBRL,CRACKER BARREL OLD COUNTRY STORE,1.09,0.9
/Users/vazea/Desktop/NNW/transcripts_by_company/CHILDRENS_PLACE_INC_2007Q2.txt,16890510,PLCE,CHILDREN'S PLACE INC,-0.53,-0.62
/Users/vazea/Desktop/NNW/transcripts_by_company/FLUOR_CORP_2009Q4.txt,34341210,FLR,FLUOR CORP,3.75,3.83
/Users/vazea/Desktop/NNW/transcripts_by_company/INTERDIGITAL_COMMUNICATIONS_2006Q2.txt,45866A10,IDCC,INTERDIGITAL COMMUNICATIONS,2.98,2.93
/Users/vazea/Desktop/NNW/transcripts_by_company/MARATHON_PETROLEUM_CORP_2017Q1.txt,56585A10,MPC,MARATHON PETROLEUM CORP,0.06,-0.06
/Users/vazea/Desktop/NNW/transcripts_by_company/INTERNATIONAL_SPEEDWAY_CORP_2004Q2.txt,46033520,ISCA,INTERNATIONAL SPEEDWAY CORP,0.36,0.33
/Users/vazea/Desktop/NNW/transcripts_by_company/ANDERSONS_INC_2012Q3.txt,03416410,ANDE,ANDERSONS INC,0.9,0.28
/Users/vazea/Desktop/NNW/transcripts_by_company/MACYS_INC_2023Q3.txt,55616P10,M,MACY'S INC,0.52,0.18
/Users/vazea/Desktop/NNW/transcripts_by_company/PULTEGROUP_INC_2021Q4.txt,74586710,PHM,PULTEGROUP INC,7.33,7.14
/Users/vazea/Desktop/NNW/transcripts_by_company/CHIPOTLE_MEXICAN_GRILL_INC_2018Q2.txt,16965610,CMG,CHIPOTLE MEXICAN GRILL INC,2.87,2.76
/Users/vazea/Desktop/NNW/transcripts_by_company/CLEARWATER_PAPER_CORP_2013Q4.txt,18538R10,CLW,CLEARWATER PAPER CORP,1.96,1.68
/Users/vazea/Desktop/NNW/transcripts_by_company/SOLARWINDS_CORP_2019Q4.txt,83417Q10,SWI,SOLARWINDS CORP,0.85,0.83
/Users/vazea/Desktop/NNW/transcripts_by_company/ANIXTER_INTERNATIONAL_INC_2003Q3.txt,03529010,AXE,ANIXTER INTERNATIONAL INC,0.31,0.3
/Users/vazea/Desktop/NNW/transcripts_by_company/SOUTHWEST_AIRLINES_CO_2018Q3.txt,84474110,LUV,SOUTHWEST AIRLINES CO,1.08,1.07
/Users/vazea/Desktop/NNW/transcripts_by_company/VEEVA_SYSTEMS_INC_2016Q4.txt,92247510,VEEV,VEEVA SYSTEMS INC,0.51,0.47
/Users/vazea/Desktop/NNW/transcripts_by_company/MCKESSON_CORP_2007Q3.txt,58155Q10,MCK,MCKESSON CORP,0.79,0.68
/Users/vazea/Desktop/NNW/transcripts_by_company/IPG_PHOTONICS_CORP_2019Q1.txt,44980X10,IPGP,IPG PHOTONICS CORP,1.1,1.1
/Users/vazea/Desktop/NNW/transcripts_by_company/VASCO_DATA_SECURITY_INTL_INC_2006Q1.txt,92230Y10,VDSI,VASCO DATA SECURITY INTL INC,0.05,0.05
/Users/vazea/Desktop/NNW/transcripts_by_company/SONOCO_PRODUCTS_CO_2008Q4.txt,83549510,SON,SONOCO PRODUCTS CO,2.24,2.25
/Users/vazea/Desktop/NNW/transcripts_by_company/ROYAL_CARIBBEAN_CRUISES_LTD_2020Q2.txt,V7780T10,RCL,ROYAL CARIBBEAN CRUISES LTD,-6.13,-4.8
/Users/vazea/Desktop/NNW/transcripts_by_company/BRAEMAR_HOTELS_RESORTS_INC_2023Q1.txt,10482B10,BHR,BRAEMAR HOTELS & RESORTS INC,0.01,0.01
/Users/vazea/Desktop/NNW/transcripts_by_company/WCI_COMMUNITIES_INC_2014Q4.txt,92923C80,WCIC,WCI COMMUNITIES INC,0.85,0.69
/Users/vazea/Desktop/NNW/transcripts_by_company/APOLLO_EDUCATION_GROUP_INC_2013Q1.txt,03760410,APOL,APOLLO EDUCATION GROUP INC,1.22,0.87
/Users/vazea/Desktop/NNW/transcripts_by_company/MGM_RESORTS_INTERNATIONAL_2021Q4.txt,55295310,MGM,MGM RESORTS INTERNATIONAL,-0.67,-0.73
/Users/vazea/Desktop/NNW/transcripts_by_company/KIMBERLYCLARK_CORP_2019Q4.txt,49436810,KMB,KIMBERLY-CLARK CORP,6.89,6.87
/Users/vazea/Desktop/NNW/transcripts_by_company/ARCHROCK_INC_2017Q2.txt,03957W10,AROC,ARCHROCK INC,-0.03,-0.11
/Users/vazea/Desktop/NNW/transcripts_by_company/LUMINEX_CORP_2002Q2.txt,55027E10,LMNX,LUMINEX CORP,-0.21,-0.19
/Users/vazea/Desktop/NNW/transcripts_by_company/QUEST_DIAGNOSTICS_INC_2008Q2.txt,74834L10,DGX,QUEST DIAGNOSTICS INC,0.83,0.78
/Users/vazea/Desktop/NNW/transcripts_by_company/WESTINGHOUSE_AIR_BRAKE_TECHNOLOG_2021Q2.txt,92974010,WAB,WESTINGHOUSE AIR BRAKE TECHNOLOG,1.06,0.96
/Users/vazea/Desktop/NNW/transcripts_by_company/NUSTAR_ENERGY_LP_2020Q4.txt,67058H10,NS,NUSTAR ENERGY LP,-1.51,-1.74
/Users/vazea/Desktop/NNW/transcripts_by_company/ESCO_TECHNOLOGIES_INC_2022Q2.txt,29631510,ESE,ESCO TECHNOLOGIES INC,0.65,0.57
/Users/vazea/Desktop/NNW/transcripts_by_company/BAZAARVOICE_INC_2014Q3.txt,07327110,BV,BAZAARVOICE INC,-0.04,-0.06
/Users/vazea/Desktop/NNW/transcripts_by_company/L3_TECHNOLOGIES_INC_2018Q4.txt,50241310,LLL,L3 TECHNOLOGIES INC,10.75,10.35
/Users/vazea/Desktop/NNW/transcripts_by_company/ARGENX_SE_2020Q1.txt,04016X10,ARGX,ARGENX SE,-1.87,-1.73
/Users/vazea/Desktop/NNW/transcripts_by_company/BARRACUDA_NETWORKS_INC_2017Q3.txt,06832310,CUDA,BARRACUDA NETWORKS INC,0.22,0.14
/Users/vazea/Desktop/NNW/transcripts_by_company/SILGAN_HOLDINGS_INC_2020Q3.txt,82704810,SLGN,SILGAN HOLDINGS INC,1.04,0.94
/Users/vazea/Desktop/NNW/transcripts_by_company/PPL_CORP_2013Q4.txt,69351T10,PPL,PPL CORP,2.45,2.35
/Users/vazea/Desktop/NNW/transcripts_by_company/TUTOR_PERINI_CORP_2012Q2.txt,90110910,TPC,TUTOR PERINI CORP,0.16,0.4
/Users/vazea/Desktop/NNW/transcripts_by_company/WEC_ENERGY_GROUP_INC_2021Q2.txt,92939U10,WEC,WEC ENERGY GROUP INC,0.87,0.77
/Users/vazea/Desktop/NNW/transcripts_by_company/GENPROBE_INC_2008Q1.txt,36866T10,GPRO,GEN-PROBE INC,0.58,0.5
/Users/vazea/Desktop/NNW/transcripts_by_company/ANALOG_DEVICES_INC_2014Q1.txt,03265410,ADI,ANALOG DEVICES INC,0.49,0.48
/Users/vazea/Desktop/NNW/transcripts_by_company/XILINX_INC_2013Q4.txt,98391910,XLNX,XILINX INC,1.79,1.77
/Users/vazea/Desktop/NNW/transcripts_by_company/CALIFORNIA_AMPLIFIER_INC_2005Q1.txt,12990010,CAMP,CALIFORNIA AMPLIFIER INC,0.07,0.08
/Users/vazea/Desktop/NNW/transcripts_by_company/DREAMWORKS_ANIMATION_SKG_INC_2005Q3.txt,26153C10,DWA,DREAMWORKS ANIMATION SKG INC,-0.01,0.02
/Users/vazea/Desktop/NNW/transcripts_by_company/DEMANDWARE_INC_2013Q2.txt,24802Y10,DWRE,DEMANDWARE INC,-0.17,-0.21
/Users/vazea/Desktop/NNW/transcripts_by_company/SEALED_AIR_CORPORATION_2022Q3.txt,81211K10,SEE,SEALED AIR CORPORATION,0.98,0.9
/Users/vazea/Desktop/NNW/transcripts_by_company/BIDZCOM_INC_2007Q2.txt,08883T20,BIDZ,BIDZ.COM INC,0.12,0.11
/Users/vazea/Desktop/NNW/transcripts_by_company/AVON_PRODUCTS_INC_2010Q4.txt,05430310,AVP,AVON PRODUCTS INC,1.8,1.9
/Users/vazea/Desktop/NNW/transcripts_by_company/BOJANGLES_INC_2017Q4.txt,09748810,BOJA,BOJANGLES INC,0.83,0.79
/Users/vazea/Desktop/NNW/transcripts_by_company/CME_GROUP_INC_2009Q2.txt,12572Q10,CME,CME GROUP INC,3.37,3.21
/Users/vazea/Desktop/NNW/transcripts_by_company/ALTISOURCE_PORTFOLIO_SOLUTIONS_S_2020Q3.txt,L0175J10,ASPS,ALTISOURCE PORTFOLIO SOLUTIONS S,-0.24,-0.79
/Users/vazea/Desktop/NNW/transcripts_by_company/WERNER_ENTERPRISES_INC_2023Q1.txt,95075510,WERN,WERNER ENTERPRISES INC,0.6,0.72
/Users/vazea/Desktop/NNW/transcripts_by_company/QUIDEL_CORP_2020Q4.txt,74838J10,QDEL,QUIDEL CORP,19.92,19.09
/Users/vazea/Desktop/NNW/transcripts_by_company/NEKTAR_THERAPEUTICS_2008Q3.txt,64026810,NKTR,NEKTAR THERAPEUTICS,-0.4,-0.27
/Users/vazea/Desktop/NNW/transcripts_by_company/PINNACLE_WEST_CAPITAL_CORP_2023Q1.txt,72348410,PNW,PINNACLE WEST CAPITAL CORP,-0.03,0.1
/Users/vazea/Desktop/NNW/transcripts_by_company/FIFTH_THIRD_BANCORP_2007Q3.txt,31677310,FITB,FIFTH THIRD BANCORP,0.61,0.68
/Users/vazea/Desktop/NNW/transcripts_by_company/SALESFORCE_INC_2012Q3.txt,79466L30,CRM,SALESFORCE INC,0.34,0.31
/Users/vazea/Desktop/NNW/transcripts_by_company/MATTSON_TECHNOLOGY_INC_2006Q1.txt,57722310,MTSN,MATTSON TECHNOLOGY INC,0.07,0.09
/Users/vazea/Desktop/NNW/transcripts_by_company/MORGAN_STANLEY_2007Q4.txt,61744644,MS,MORGAN STANLEY,2.37,5.91
/Users/vazea/Desktop/NNW/transcripts_by_company/LSI_CORP_2002Q4.txt,50216110,LSI,LSI CORP,-0.11,-0.12
/Users/vazea/Desktop/NNW/transcripts_by_company/VISHAY_INTERTECHNOLOGY_INC_2022Q1.txt,92829810,VSH,VISHAY INTERTECHNOLOGY INC,0.71,0.57
/Users/vazea/Desktop/NNW/transcripts_by_company/CA_INC_2017Q4.txt,12673P10,CA,CA INC,2.48,2.44
/Users/vazea/Desktop/NNW/transcripts_by_company/CGI_2009Q4.txt,39945C1X,GIB,CGI,1.02,0.97
/Users/vazea/Desktop/NNW/transcripts_by_company/NEWS_CORP_2023Q4.txt,65249B10,NWSA,NEWS CORP,0.49,0.44
/Users/vazea/Desktop/NNW/transcripts_by_company/VERTEX_PHARMACEUTICALS_INC_2012Q2.txt,92532F10,VRTX,VERTEX PHARMACEUTICALS INC,0.06,0.62
/Users/vazea/Desktop/NNW/transcripts_by_company/PLYMOUTH_INDUSTRIAL_REIT_INC_2022Q3.txt,72964010,PLYM,PLYMOUTH INDUSTRIAL REIT INC,-0.19,-0.16
/Users/vazea/Desktop/NNW/transcripts_by_company/ATI_PHYSICAL_THERAPY_INC_2023Q2.txt,00216W20,ATIP,ATI PHYSICAL THERAPY INC,-17.74,-3.5
/Users/vazea/Desktop/NNW/transcripts_by_company/APPIAN_CORP_2018Q2.txt,03782L10,APPN,APPIAN CORP,-0.14,-0.17
/Users/vazea/Desktop/NNW/transcripts_by_company/W_R_BERKLEY_CORP_2016Q1.txt,08442310,WRB,W R BERKLEY CORP,0.89,0.85
/Users/vazea/Desktop/NNW/transcripts_by_company/ATLAS_AIR_WORLDWIDE_HOLDINGS_INC_2011Q4.txt,04916420,AAWW,ATLAS AIR WORLDWIDE HOLDINGS INC,4.13,4.3
/Users/vazea/Desktop/NNW/transcripts_by_company/CINCINNATI_FINANCIAL_CORP_2002Q2.txt,17206210,CINF,CINCINNATI FINANCIAL CORP,0.25,0.28
/Users/vazea/Desktop/NNW/transcripts_by_company/SINOVAC_BIOTECH_LTD_2011Q1.txt,P8696W10,SVA,SINOVAC BIOTECH LTD,-0.05,-0.05
/Users/vazea/Desktop/NNW/transcripts_by_company/RPC_INC_2018Q2.txt,74966010,RES,RPC INC,0.28,0.29
/Users/vazea/Desktop/NNW/transcripts_by_company/EATON_CORP_2003Q2.txt,27805810,ETN,EATON CORP,1.36,1.34
/Users/vazea/Desktop/NNW/transcripts_by_company/CISCO_SYSTEMS_INC_2015Q3.txt,17275R10,CSCO,CISCO SYSTEMS INC,0.54,0.53
/Users/vazea/Desktop/NNW/transcripts_by_company/ZEBRA_TECHNOLOGIES_CORP_2021Q4.txt,98920710,ZBRA,ZEBRA TECHNOLOGIES CORP,18.45,18.3
/Users/vazea/Desktop/NNW/transcripts_by_company/LUFKIN_INDS_INC_2010Q2.txt,54976410,LUFK,LUFKIN INDS INC,0.35,0.32
/Users/vazea/Desktop/NNW/transcripts_by_company/CTS_CORP_2020Q3.txt,12650110,CTS,CTS CORP,0.34,0.19
/Users/vazea/Desktop/NNW/transcripts_by_company/TEXTAINER_GROUP_HOLDINGS_LTD_2022Q4.txt,G8766E10,TGH,TEXTAINER GROUP HOLDINGS LTD,6.13,6.17
/Users/vazea/Desktop/NNW/transcripts_by_company/FIVE9_INC_2020Q4.txt,33830710,FIVN,FIVE9 INC,0.99,0.88
/Users/vazea/Desktop/NNW/transcripts_by_company/CHECK_POINT_SOFTWARE_TECHNOLOGIE_2010Q4.txt,M2246510,CHKP,CHECK POINT SOFTWARE TECHNOLOGIE,2.48,2.44
/Users/vazea/Desktop/NNW/transcripts_by_company/FIRST_INDUSTRIAL_REALTY_TRUST_IN_2016Q2.txt,32054K10,FR,FIRST INDUSTRIAL REALTY TRUST IN,0.43,0.1
/Users/vazea/Desktop/NNW/transcripts_by_company/AGENUS_INC_2019Q1.txt,00847G70,AGEN,AGENUS INC,0.12,-0.3
/Users/vazea/Desktop/NNW/transcripts_by_company/ACRES_COMMERCIAL_REALTY_CORP_2021Q1.txt,00489Q10,ACR,ACRES COMMERCIAL REALTY CORP,-0.01,0.1
/Users/vazea/Desktop/NNW/transcripts_by_company/IMAGEWARE_SYSTEMS_INC_2018Q3.txt,45245S10,IWSY,IMAGEWARE SYSTEMS INC,-0.05,-0.03
/Users/vazea/Desktop/NNW/transcripts_by_company/VERICEL_CORP_2020Q2.txt,92346J10,VCEL,VERICEL CORP,-0.18,-0.21
/Users/vazea/Desktop/NNW/transcripts_by_company/CITIGROUP_INCORPORATED_2008Q4_1.txt,17296710,C,CITIGROUP INCORPORATED,-4.6,-3.34
/Users/vazea/Desktop/NNW/transcripts_by_company/MANTECH_INTERNATIONAL_CORP_2021Q4.txt,56456310,MANT,MANTECH INTERNATIONAL CORP,3.71,3.71
/Users/vazea/Desktop/NNW/transcripts_by_company/WALGREENS_BOOTS_ALLIANCE_INC_2016Q1.txt,93142710,WBA,WALGREENS BOOTS ALLIANCE INC,1.03,0.96
/Users/vazea/Desktop/NNW/transcripts_by_company/WEATHERFORD_INTERNATIONAL_LTD_2003Q1.txt,G9508910,WFT,WEATHERFORD INTERNATIONAL LTD,0.27,0.27
/Users/vazea/Desktop/NNW/transcripts_by_company/CREDIT_ACCEPTANCE_CORP_2022Q4.txt,22531010,CACC,CREDIT ACCEPTANCE CORP,39.32,34.98
/Users/vazea/Desktop/NNW/transcripts_by_company/VEECO_INSTRUMENTS_INC_2002Q1.txt,92241710,VECO,VEECO INSTRUMENTS INC,0.0,-0.06
/Users/vazea/Desktop/NNW/transcripts_by_company/VCA_INC_2010Q2.txt,91819410,WOOF,VCA INC,0.44,0.49
/Users/vazea/Desktop/NNW/transcripts_by_company/REGENXBIO_INC_2021Q1.txt,75901B10,RGNX,REGENXBIO INC,-1.2,-1.3
/Users/vazea/Desktop/NNW/transcripts_by_company/UNITED_TECHNOLOGIES_CORP_2010Q3.txt,91301710,UTX,UNITED TECHNOLOGIES CORP,1.3,1.28
/Users/vazea/Desktop/NNW/transcripts_by_company/ARAMARK_2021Q4.txt,03852U10,ARMK,ARAMARK,-0.3,-0.32
/Users/vazea/Desktop/NNW/transcripts_by_company/AVEO_PHARMACEUTICALS_INC_2021Q2.txt,05358830,AVEO,AVEO PHARMACEUTICALS INC,-0.4,-0.52
/Users/vazea/Desktop/NNW/transcripts_by_company/ACUITY_BRANDS_INC_2016Q3.txt,00508Y10,AYI,ACUITY BRANDS INC,2.06,2.05
/Users/vazea/Desktop/NNW/transcripts_by_company/TANGER_INC_2019Q4.txt,87546510,SKT,TANGER INC,0.93,1.28
/Users/vazea/Desktop/NNW/transcripts_by_company/INTREPID_POTASH_INC_2017Q4.txt,46121Y10,IPI,INTREPID POTASH INC,-0.18,-0.15
/Users/vazea/Desktop/NNW/transcripts_by_company/CINCINNATI_BELL_INC_2009Q2.txt,17187110,CBB,CINCINNATI BELL INC,0.11,0.1
/Users/vazea/Desktop/NNW/transcripts_by_company/HAWAIIAN_HOLDINGS_INC_2020Q3.txt,41987910,HA,HAWAIIAN HOLDINGS INC,-3.76,-3.3
/Users/vazea/Desktop/NNW/transcripts_by_company/BALLANTYNE_STRONG_INC_2009Q1.txt,05851610,BTN,BALLANTYNE STRONG INC,0.04,-0.02
/Users/vazea/Desktop/NNW/transcripts_by_company/FTI_CONSULTING_INC_2017Q2.txt,30294110,FCN,FTI CONSULTING INC,0.4,0.51
/Users/vazea/Desktop/NNW/transcripts_by_company/LUFKIN_INDS_INC_2006Q1.txt,54976410,LUFK,LUFKIN INDS INC,1.01,0.92
/Users/vazea/Desktop/NNW/transcripts_by_company/SYNCHRONY_FINANCIAL_2015Q1.txt,87165B10,SYF,SYNCHRONY FINANCIAL,0.66,0.63
/Users/vazea/Desktop/NNW/transcripts_by_company/ARCTIC_CAT_INC_2015Q2.txt,03967010,ACAT,ARCTIC CAT INC,1.44,1.19
/Users/vazea/Desktop/NNW/transcripts_by_company/GASLOG_PARTNERS_LP_2016Q3.txt,Y2687W10,GLOP,GASLOG PARTNERS LP,0.56,0.55
/Users/vazea/Desktop/NNW/transcripts_by_company/ROCKWELL_MEDICAL_INC_2022Q2.txt,77437430,RMTI,ROCKWELL MEDICAL INC,-0.56,-0.81
/Users/vazea/Desktop/NNW/transcripts_by_company/MOODYS_CORP_2011Q1.txt,61536910,MCO,MOODY'S CORP,0.67,0.54
/Users/vazea/Desktop/NNW/transcripts_by_company/BENEFITFOCUS_INC_2015Q4.txt,08180D10,BNFT,BENEFITFOCUS INC,-1.79,-1.93
/Users/vazea/Desktop/NNW/transcripts_by_company/LANDMARK_INFRASTRUCTURE_PARTNERS_2020Q4.txt,51508J10,LMRK,LANDMARK INFRASTRUCTURE PARTNERS,0.65,0.6
/Users/vazea/Desktop/NNW/transcripts_by_company/AMERICAN_AXLE_MANUFACTURING_HO_2014Q3.txt,02406110,AXL,AMERICAN AXLE & MANUFACTURING HO,0.63,0.64
/Users/vazea/Desktop/NNW/transcripts_by_company/WHITESTONE_REIT_2012Q1.txt,96608420,WSR,WHITESTONE REIT,0.07,0.25
/Users/vazea/Desktop/NNW/transcripts_by_company/PNC_FINANCIAL_SERVICES_GROUP_INC_2011Q1.txt,69347510,PNC,PNC FINANCIAL SERVICES GROUP INC,1.57,1.35
/Users/vazea/Desktop/NNW/transcripts_by_company/DOLLAR_TREE_INC_2012Q1.txt,25674610,DLTR,DOLLAR TREE INC,0.82,0.75
/Users/vazea/Desktop/NNW/transcripts_by_company/BOSTON_SCIENTIFIC_CORP_2022Q2.txt,10113710,BSX,BOSTON SCIENTIFIC CORP,0.44,0.43
/Users/vazea/Desktop/NNW/transcripts_by_company/PATTERSON_COMPANIES_INC_2013Q3.txt,70339510,PDCO,PATTERSON COMPANIES INC,0.52,0.52
/Users/vazea/Desktop/NNW/transcripts_by_company/SYNOPSYS_INC_2010Q4.txt,87160710,SNPS,SYNOPSYS INC,1.6,1.6
/Users/vazea/Desktop/NNW/transcripts_by_company/FEI_CO_2005Q1.txt,30241L10,FEIC,FEI CO,0.11,0.13
/Users/vazea/Desktop/NNW/transcripts_by_company/ANAREN_INC_2008Q3.txt,03274410,ANEN,ANAREN INC,0.24,0.22
/Users/vazea/Desktop/NNW/transcripts_by_company/KONA_GRILL_INC_2011Q3.txt,50047H20,KONA,KONA GRILL INC,0.08,0.06
/Users/vazea/Desktop/NNW/transcripts_by_company/CATERPILLAR_INC_2014Q3.txt,14912310,CAT,CATERPILLAR INC,1.72,1.34
/Users/vazea/Desktop/NNW/transcripts_by_company/TE_CONNECTIVITY_LTD_2020Q4.txt,H8498910,TEL,TE CONNECTIVITY LTD,4.26,3.96
/Users/vazea/Desktop/NNW/transcripts_by_company/CELESTICA_INC_2008Q1.txt,15101Q10,CLS,CELESTICA INC,0.15,0.08
/Users/vazea/Desktop/NNW/transcripts_by_company/ALLETE_INC_2017Q2.txt,01852230,ALE,ALLETE INC,0.72,0.54
/Users/vazea/Desktop/NNW/transcripts_by_company/CYPRESS_SEMICONDUCTOR_CORP_2005Q3.txt,23280610,CY,CYPRESS SEMICONDUCTOR CORP,0.03,0.05
/Users/vazea/Desktop/NNW/transcripts_by_company/STAGE_STORES_2012Q4.txt,85254C30,SSI,STAGE STORES,0.92,0.93
/Users/vazea/Desktop/NNW/transcripts_by_company/KULICKE_AND_SOFFA_INDUSTRIES_INC_2012Q2.txt,50124210,KLIC,KULICKE AND SOFFA INDUSTRIES INC,0.22,0.14
/Users/vazea/Desktop/NNW/transcripts_by_company/CURIS_INC_2020Q3.txt,23126920,CRIS,CURIS INC,-0.11,-0.13
/Users/vazea/Desktop/NNW/transcripts_by_company/OUTFRONT_MEDIA_INC_2021Q4.txt,69007J10,OUT,OUTFRONT MEDIA INC,0.05,-0.16
/Users/vazea/Desktop/NNW/transcripts_by_company/CONMED_CORP_2004Q1.txt,20741010,CNMD,CONMED CORP,0.4,0.42
/Users/vazea/Desktop/NNW/transcripts_by_company/SUPERVALU_INC_2011Q2.txt,86853610,SVU,SUPERVALU INC,0.28,0.28
/Users/vazea/Desktop/NNW/transcripts_by_company/BLACKROCK_CAPITAL_INVESTMENT_COR_2009Q3.txt,09253310,BKCC,BLACKROCK CAPITAL INVESTMENT COR,0.39,0.41
/Users/vazea/Desktop/NNW/transcripts_by_company/CHICOS_FAS_INC_2014Q1.txt,16861510,CHS,CHICO'S FAS INC,0.32,0.36
/Users/vazea/Desktop/NNW/transcripts_by_company/HARROW_INC_2021Q1.txt,41585810,HROW,HARROW INC,0.01,0.02
/Users/vazea/Desktop/NNW/transcripts_by_company/PACCAR_INC_2011Q1.txt,69371810,PCAR,PACCAR INC,0.53,0.49
/Users/vazea/Desktop/NNW/transcripts_by_company/ACXIOM_CORPORATION_2016Q2.txt,00512510,ACXM,ACXIOM CORPORATION,0.14,0.11
/Users/vazea/Desktop/NNW/transcripts_by_company/OPHTHOTECH_CORP_2014Q1.txt,68374510,OPHT,OPHTHOTECH CORP,-0.64,-0.67
/Users/vazea/Desktop/NNW/transcripts_by_company/TRANE_TECHNOLOGIES_PLC_2022Q3.txt,G8994E10,TT,TRANE TECHNOLOGIES PLC,2.27,2.12
/Users/vazea/Desktop/NNW/transcripts_by_company/KNOWLES_CORP_2016Q2.txt,49926D10,KN,KNOWLES CORP,0.13,0.11
/Users/vazea/Desktop/NNW/transcripts_by_company/CBRL_GROUP_INC_2007Q4.txt,12489V10,CBRL,CBRL GROUP INC,2.64,2.46
/Users/vazea/Desktop/NNW/transcripts_by_company/ADEPTUS_HEALTH_INC_2016Q2.txt,00685510,ADPT,ADEPTUS HEALTH INC,0.48,0.51
/Users/vazea/Desktop/NNW/transcripts_by_company/LGI_HOMES_INC_2019Q3.txt,50187T10,LGIH,LGI HOMES INC,1.93,1.88
/Users/vazea/Desktop/NNW/transcripts_by_company/FABRINET_2020Q4.txt,G3323L10,FN,FABRINET,3.73,3.63
/Users/vazea/Desktop/NNW/transcripts_by_company/ONEWATER_MARINE_INC_2023Q3.txt,68280L10,ONEW,ONEWATER MARINE INC,1.95,3.19
/Users/vazea/Desktop/NNW/transcripts_by_company/NORDSON_CORP_2004Q1.txt,65566310,NDSN,NORDSON CORP,0.27,0.25
/Users/vazea/Desktop/NNW/transcripts_by_company/EXTRA_SPACE_STORAGE_INC_2005Q2.txt,30225T10,EXR,EXTRA SPACE STORAGE INC,-0.04,0.03
/Users/vazea/Desktop/NNW/transcripts_by_company/LYDALL_INC_2010Q4.txt,55081910,LDL,LYDALL INC,0.22,0.02
/Users/vazea/Desktop/NNW/transcripts_by_company/CHEMBIO_DIAGNOSTICS_INC_2018Q3.txt,16357220,CEMI,CHEMBIO DIAGNOSTICS INC,-0.16,-0.11
/Users/vazea/Desktop/NNW/transcripts_by_company/PACCAR_INC_2012Q1.txt,69371810,PCAR,PACCAR INC,0.91,0.77
/Users/vazea/Desktop/NNW/transcripts_by_company/EDUCATION_MANAGEMENT_2002Q4.txt,28139T10,EDMC,EDUCATION MANAGEMENT,1.21,1.21
/Users/vazea/Desktop/NNW/transcripts_by_company/TEXAS_CAPITAL_BANCSHARES_INC_2015Q1.txt,88224Q10,TCBI,TEXAS CAPITAL BANCSHARES INC,0.7,0.7
/Users/vazea/Desktop/NNW/transcripts_by_company/RADICA_GAMES_LTD_2003Q4.txt,G7342H10,RADA,RADICA GAMES LTD,0.66,0.67
/Users/vazea/Desktop/NNW/transcripts_by_company/LINCOLN_ELECTRIC_HOLDINGS_INC_2016Q4.txt,53390010,LECO,LINCOLN ELECTRIC HOLDINGS INC,3.29,3.3
/Users/vazea/Desktop/NNW/transcripts_by_company/QUALYS_INC_2016Q3.txt,74758T30,QLYS,QUALYS INC,0.22,0.19
/Users/vazea/Desktop/NNW/transcripts_by_company/UNITED_STATES_STEEL_CORP_2012Q3.txt,91290910,X,UNITED STATES STEEL CORP,0.14,0.0
/Users/vazea/Desktop/NNW/transcripts_by_company/BIG_5_SPORTING_GOODS_CORP_2011Q3.txt,08915P10,BGFV,BIG 5 SPORTING GOODS CORP,0.27,0.18
/Users/vazea/Desktop/NNW/transcripts_by_company/SCIENCE_APPLICATIONS_INTERNATION_2023Q2.txt,80862510,SAIC,SCIENCE APPLICATIONS INTERNATION,1.75,1.69
/Users/vazea/Desktop/NNW/transcripts_by_company/TC_PIPELINES_LP_2012Q2.txt,87233Q10,TCP,TC PIPELINES LP,0.6,0.67
/Users/vazea/Desktop/NNW/transcripts_by_company/SSR_MINING_INC_2023Q2.txt,7847301X,SSRM,SSR MINING INC,0.35,0.13
/Users/vazea/Desktop/NNW/transcripts_by_company/INFOCUS_CORPORATION_2004Q4.txt,45665B10,INFS,INFOCUS CORPORATION,-0.02,-0.07
/Users/vazea/Desktop/NNW/transcripts_by_company/INTERNATIONAL_GAME_TECHNOLOGY_PL_2022Q4.txt,G4863A10,IGT,INTERNATIONAL GAME TECHNOLOGY PL,1.35,1.88
/Users/vazea/Desktop/NNW/transcripts_by_company/AXON_ENTERPRISE_INC_2023Q1.txt,05464C10,AXON,AXON ENTERPRISE INC,0.88,0.55
/Users/vazea/Desktop/NNW/transcripts_by_company/OOMA_INC_2022Q1.txt,68341610,OOMA,OOMA INC,0.11,0.08
/Users/vazea/Desktop/NNW/transcripts_by_company/MARATHON_OIL_CORP_2011Q4.txt,56584910,MRO,MARATHON OIL CORP,3.21,3.57
/Users/vazea/Desktop/NNW/transcripts_by_company/CEVA_INC_2020Q1.txt,15721010,CEVA,CEVA INC,0.11,0.06
/Users/vazea/Desktop/NNW/transcripts_by_company/DUKE_ENERGY_CORP_2017Q3.txt,26441C20,DUK,DUKE ENERGY CORP,1.59,1.54
/Users/vazea/Desktop/NNW/transcripts_by_company/ASTRA_SPACE_INC_2022Q4.txt,04634X10,ASTR,ASTRA SPACE INC,-1.05,-1.13
/Users/vazea/Desktop/NNW/transcripts_by_company/SOUTHWESTERN_ENERGY_CO_2015Q1.txt,84546710,SWN,SOUTHWESTERN ENERGY CO,0.22,0.23
/Users/vazea/Desktop/NNW/transcripts_by_company/STRATOS_INTERNATIONAL_INC_2007Q1.txt,86310020,STLW,STRATOS INTERNATIONAL INC,-0.11,-0.01
/Users/vazea/Desktop/NNW/transcripts_by_company/HUDSON_TECHNOLOGIES_INC_2021Q1.txt,44414410,HDSN,HUDSON TECHNOLOGIES INC,-0.02,-0.04
/Users/vazea/Desktop/NNW/transcripts_by_company/CUMULUS_MEDIA_INC_CL_A_2015Q3.txt,23108210,CMLS,CUMULUS MEDIA INC - CL A,0.18,0.02
/Users/vazea/Desktop/NNW/transcripts_by_company/SCOTTS_MIRACLEGRO_CO_2023Q3.txt,81018610,SMG,SCOTTS MIRACLE-GRO CO,1.17,1.46
/Users/vazea/Desktop/NNW/transcripts_by_company/EBIX_INC_2018Q2.txt,27871520,EBIX,EBIX INC,0.92,0.89
/Users/vazea/Desktop/NNW/transcripts_by_company/CATALINA_MARKETING_2003Q1.txt,14886710,POS,CATALINA MARKETING,0.19,0.19
/Users/vazea/Desktop/NNW/transcripts_by_company/CLOUDERA_INC_2020Q1.txt,18914U10,CLDR,CLOUDERA INC,-0.13,-0.23
/Users/vazea/Desktop/NNW/transcripts_by_company/ALLISON_TRANSMISSION_HOLDINGS_IN_2019Q1.txt,01973R10,ALSN,ALLISON TRANSMISSION HOLDINGS IN,1.32,1.13
/Users/vazea/Desktop/NNW/transcripts_by_company/MOLINA_HEALTHCARE_INC_2005Q3.txt,60855R10,MOH,MOLINA HEALTHCARE INC,0.24,0.17
/Users/vazea/Desktop/NNW/transcripts_by_company/INTERNATIONAL_BUSINESS_MACHINES_2002Q3_1.txt,45920010,IBM,INTERNATIONAL BUSINESS MACHINES,0.99,0.96
/Users/vazea/Desktop/NNW/transcripts_by_company/VENTAS_INC_2003Q3.txt,92276F10,VTR,VENTAS INC,0.38,0.25
/Users/vazea/Desktop/NNW/transcripts_by_company/PARTY_CITY_HOLDCO_INC_2019Q3.txt,70214910,PRTY,PARTY CITY HOLDCO INC,-0.28,0.01
/Users/vazea/Desktop/NNW/transcripts_by_company/BONTON_STORES_INC_2012Q3.txt,09776J10,BONT,BON-TON STORES INC,-1.21,-0.36
/Users/vazea/Desktop/NNW/transcripts_by_company/FRANKLIN_COVEY_CO_2011Q4.txt,35346910,FC,FRANKLIN COVEY CO,0.28,0.17
/Users/vazea/Desktop/NNW/transcripts_by_company/TRIUMPH_GROUP_INC_2019Q4.txt,89681810,TGI,TRIUMPH GROUP INC,2.49,1.8
/Users/vazea/Desktop/NNW/transcripts_by_company/HESS_CORP_2008Q2.txt,42809H10,HES,HESS CORP,2.76,2.77
/Users/vazea/Desktop/NNW/transcripts_by_company/ENDOLOGIX_INC_2011Q2.txt,29266S10,ELGX,ENDOLOGIX INC,-0.09,-0.08
/Users/vazea/Desktop/NNW/transcripts_by_company/BANK_OF_MONTREAL_2022Q4.txt,0636711X,BMO,BANK OF MONTREAL,13.23,13.34
/Users/vazea/Desktop/NNW/transcripts_by_company/US_XPRESS_ENTERPRISES_INC_2021Q4.txt,90338N20,USX,US XPRESS ENTERPRISES INC,0.16,0.3
/Users/vazea/Desktop/NNW/transcripts_by_company/VULCAN_MATERIALS_CO_2023Q3.txt,92916010,VMC,VULCAN MATERIALS CO,2.29,2.25
/Users/vazea/Desktop/NNW/transcripts_by_company/POLESTAR_AUTOMOTIVE_HOLDING_UK_P_2023Q3.txt,73110520,PSNY,POLESTAR AUTOMOTIVE HOLDING UK P,-0.07,-0.14
/Users/vazea/Desktop/NNW/transcripts_by_company/IRONWOOD_PHARMACEUTICALS_INC_2018Q1.txt,46333X10,IRWD,IRONWOOD PHARMACEUTICALS INC,-0.27,-0.22
/Users/vazea/Desktop/NNW/transcripts_by_company/WEC_ENERGY_GROUP_INC_2021Q1.txt,92939U10,WEC,WEC ENERGY GROUP INC,1.61,1.47
/Users/vazea/Desktop/NNW/transcripts_by_company/QIWI_PLC_2020Q1.txt,74735M10,QIWI,QIWI PLC,28.12,34.48
/Users/vazea/Desktop/NNW/transcripts_by_company/CONSOLIDATED_COMMUNICATIONS_HOLD_2005Q3.txt,20903410,CNSL,CONSOLIDATED COMMUNICATIONS HOLD,-0.17,0.16
/Users/vazea/Desktop/NNW/transcripts_by_company/OTIS_WORLDWIDE_CORP_2023Q1.txt,68902V10,OTIS,OTIS WORLDWIDE CORP,0.8,0.75
/Users/vazea/Desktop/NNW/transcripts_by_company/EXAMWORKS_GROUP_INC_2015Q4.txt,30066A10,EXAM,EXAMWORKS GROUP INC,0.13,0.08
/Users/vazea/Desktop/NNW/transcripts_by_company/GAIN_CAPITAL_HOLDINGS_INC_2017Q2.txt,36268W10,GCAP,GAIN CAPITAL HOLDINGS INC,0.25,0.26
/Users/vazea/Desktop/NNW/transcripts_by_company/NUVECTRA_CORP_2019Q2.txt,67075N10,NVTR,NUVECTRA CORP,-0.62,-0.78
/Users/vazea/Desktop/NNW/transcripts_by_company/AIRGAIN_INC_2019Q4.txt,00938A10,AIRG,AIRGAIN INC,0.32,0.3
/Users/vazea/Desktop/NNW/transcripts_by_company/PEDIATRIX_MEDICAL_GROUP_INC_2018Q4.txt,58502B10,MD,PEDIATRIX MEDICAL GROUP INC,3.82,3.8
/Users/vazea/Desktop/NNW/transcripts_by_company/MYLAN_NV_2018Q2.txt,N5946510,MYL,MYLAN NV,1.07,1.21
/Users/vazea/Desktop/NNW/transcripts_by_company/GROUP_1_AUTOMOTIVE_INC_2015Q3.txt,39890510,GPI,GROUP 1 AUTOMOTIVE INC,1.91,1.88
/Users/vazea/Desktop/NNW/transcripts_by_company/MINNESOTA_MNG_MFG_CO_2002Q1.txt,60405910,MMM,MINNESOTA MNG & MFG CO,1.23,1.1
/Users/vazea/Desktop/NNW/transcripts_by_company/NORFOLK_SOUTHERN_CORP_2022Q3.txt,65584410,NSC,NORFOLK SOUTHERN CORP,4.1,3.59
/Users/vazea/Desktop/NNW/transcripts_by_company/REEDS_INC_2017Q3.txt,75833810,REED,REED'S INC,-0.24,-0.06
/Users/vazea/Desktop/NNW/transcripts_by_company/NOVOCURE_LTD_2017Q2.txt,G6674U10,NVCR,NOVOCURE LTD,-0.24,-0.22
/Users/vazea/Desktop/NNW/transcripts_by_company/AVX_CORP_2009Q1.txt,00244410,AVX,AVX CORP,0.16,0.2
/Users/vazea/Desktop/NNW/transcripts_by_company/RUTHS_HOSPITALITY_GROUP_INC_2021Q4.txt,78333210,RUTH,RUTH'S HOSPITALITY GROUP INC,1.17,1.06
/Users/vazea/Desktop/NNW/transcripts_by_company/FIRSTSERVICE_CORP_2018Q2.txt,33767E1X,FSV,FIRSTSERVICE CORP,0.86,0.81
/Users/vazea/Desktop/NNW/transcripts_by_company/CLEARWATER_ANALYTICS_HOLDINGS_IN_2023Q3.txt,18512310,CWAN,CLEARWATER ANALYTICS HOLDINGS IN,0.09,0.08
/Users/vazea/Desktop/NNW/transcripts_by_company/NATIONAL_OILWELL_VARCO_INC_2005Q3.txt,63707110,NOV,NATIONAL OILWELL VARCO INC,0.53,0.55
/Users/vazea/Desktop/NNW/transcripts_by_company/CENTRAL_PACIFIC_FINANCIAL_CORP_2004Q3.txt,15476010,CPF,CENTRAL PACIFIC FINANCIAL CORP,0.57,0.57
/Users/vazea/Desktop/NNW/transcripts_by_company/ARISTA_NETWORKS_INC_2022Q2.txt,04041310,ANET,ARISTA NETWORKS INC,1.08,0.91
/Users/vazea/Desktop/NNW/transcripts_by_company/PLUG_POWER_INC_2008Q3.txt,72919P10,PLUG,PLUG POWER INC,-0.16,-0.19
/Users/vazea/Desktop/NNW/transcripts_by_company/POLARIS_INC_2005Q1.txt,73106810,PII,POLARIS INC,0.4,0.42
/Users/vazea/Desktop/NNW/transcripts_by_company/TENNANT_CO_2015Q4.txt,88034510,TNC,TENNANT CO,2.49,2.52
/Users/vazea/Desktop/NNW/transcripts_by_company/CHARTER_COMMUNICATIONS_INC_2018Q1.txt,16119P10,CHTR,CHARTER COMMUNICATIONS INC,0.7,0.45
/Users/vazea/Desktop/NNW/transcripts_by_company/REVOLVE_GROUP_INC_2022Q1.txt,76156B10,RVLV,REVOLVE GROUP INC,0.3,0.27
/Users/vazea/Desktop/NNW/transcripts_by_company/NETWORK_ENGINES_2012Q1.txt,64121A10,NEI,NETWORK ENGINES,0.04,0.04
/Users/vazea/Desktop/NNW/transcripts_by_company/ARTIVION_INC_2014Q3.txt,22890310,CRY,ARTIVION INC,0.08,0.05
/Users/vazea/Desktop/NNW/transcripts_by_company/DIAMOND_RESORTS_INTERNATINAL_INC_2015Q4.txt,25272T10,DRII,DIAMOND RESORTS INTERNATINAL INC,1.98,1.64
/Users/vazea/Desktop/NNW/transcripts_by_company/BLUE_NILE_INC_2012Q2.txt,09578R10,NILE,BLUE NILE INC,0.11,0.07
/Users/vazea/Desktop/NNW/transcripts_by_company/GRUPO_MODELO_SAB_DE_CV_2008Q3.txt,P4833F10,GPMCF,GRUPO MODELO SAB DE CV,0.07,0.07
/Users/vazea/Desktop/NNW/transcripts_by_company/LINCOLN_ELECTRIC_HOLDINGS_INC_2015Q3.txt,53390010,LECO,LINCOLN ELECTRIC HOLDINGS INC,0.89,0.88
/Users/vazea/Desktop/NNW/transcripts_by_company/ROSS_STORES_INC_2005Q1.txt,77829610,ROST,ROSS STORES INC,0.32,0.32
/Users/vazea/Desktop/NNW/transcripts_by_company/NEOGEN_CORP_2008Q1.txt,64049110,NEOG,NEOGEN CORP,0.21,0.19
/Users/vazea/Desktop/NNW/transcripts_by_company/MICHAELS_COMPANIES_INC_2021Q1.txt,59408Q10,MIK,MICHAELS COMPANIES INC,-0.43,0.17
/Users/vazea/Desktop/NNW/transcripts_by_company/SALLY_BEAUTY_HOLDINGS_INC_2010Q1.txt,79546E10,SBH,SALLY BEAUTY HOLDINGS INC,0.14,0.13
/Users/vazea/Desktop/NNW/transcripts_by_company/CISION_LTD_2019Q1.txt,G1992S10,CISN,CISION LTD,0.19,0.19
/Users/vazea/Desktop/NNW/transcripts_by_company/AMERICAN_SUPERCONDUCTOR_CORP_2016Q3.txt,03011120,AMSC,AMERICAN SUPERCONDUCTOR CORP,-0.36,-0.57
/Users/vazea/Desktop/NNW/transcripts_by_company/INTERNATIONAL_PAPER_CO_2006Q4.txt,46014610,IP,INTERNATIONAL PAPER CO,1.33,1.34
/Users/vazea/Desktop/NNW/transcripts_by_company/ADVANCED_ANALOGIC_TECHNOLOGIES_I_2006Q3.txt,00752J10,AATI,ADVANCED ANALOGIC TECHNOLOGIES I,0.0,-0.02
/Users/vazea/Desktop/NNW/transcripts_by_company/GLOBAL_PARTNERS_LP_2015Q4.txt,37946R10,GLP,GLOBAL PARTNERS LP,1.11,1.17
/Users/vazea/Desktop/NNW/transcripts_by_company/JUNIPER_NETWORKS_INC_2015Q1.txt,48203R10,JNPR,JUNIPER NETWORKS INC,0.32,0.3
/Users/vazea/Desktop/NNW/transcripts_by_company/TEXTRON_INC_2018Q1_1.txt,88320310,TXT,TEXTRON INC,0.72,0.46
/Users/vazea/Desktop/NNW/transcripts_by_company/REATA_PHARMACEUTICALS_INC_2022Q1.txt,75615P10,RETA,REATA PHARMACEUTICALS INC,-2.03,-2.15
/Users/vazea/Desktop/NNW/transcripts_by_company/PATHEON_NV_2017Q1.txt,N6865W10,PTHN,PATHEON NV,0.14,0.23
/Users/vazea/Desktop/NNW/transcripts_by_company/AMERICAN_OIL_GAS_INC_2006Q2.txt,02872310,AEZ,AMERICAN OIL & GAS INC,-0.01,-0.02
/Users/vazea/Desktop/NNW/transcripts_by_company/A_O_SMITH_CORP_2023Q1.txt,83186520,AOS,A O SMITH CORP,0.94,0.77
/Users/vazea/Desktop/NNW/transcripts_by_company/ARLINGTON_ASSET_INVESTMENT_CORP_2011Q3.txt,04135620,AI,ARLINGTON ASSET INVESTMENT CORP,-1.502,1.25
/Users/vazea/Desktop/NNW/transcripts_by_company/EDWARDS_LIFESCIENCES_CORP_2023Q1.txt,28176E10,EW,EDWARDS LIFESCIENCES CORP,0.62,0.61
/Users/vazea/Desktop/NNW/transcripts_by_company/VERACYTE_INC_2016Q1.txt,92337F10,VCYT,VERACYTE INC,-0.36,-0.36
/Users/vazea/Desktop/NNW/transcripts_by_company/MAXIM_INTEGRATED_PRODUCTS_INC_2003Q3.txt,57772K10,MXIM,MAXIM INTEGRATED PRODUCTS INC,0.23,0.23
/Users/vazea/Desktop/NNW/transcripts_by_company/CTC_MEDIA_INC_2007Q4.txt,12642X10,CTCM,CTC MEDIA INC,0.86,0.87
/Users/vazea/Desktop/NNW/transcripts_by_company/IBEX_LTD_2022Q2.txt,G4690M10,IBEX,IBEX LTD,0.27,0.32
/Users/vazea/Desktop/NNW/transcripts_by_company/WALMART_INC_2024Q1.txt,93114210,WMT,WALMART INC,1.47,1.3
/Users/vazea/Desktop/NNW/transcripts_by_company/COLUMBIA_PROPERTY_TRUST_INC_2020Q4.txt,19828720,CXP,COLUMBIA PROPERTY TRUST INC,1.01,0.02
/Users/vazea/Desktop/NNW/transcripts_by_company/AXT_INC_2003Q3.txt,00246W10,AXTI,AXT INC,-0.11,-0.12
/Users/vazea/Desktop/NNW/transcripts_by_company/BIOSITE_INC_2005Q4.txt,09094510,BSTE,BIOSITE INC,2.92,2.9
/Users/vazea/Desktop/NNW/transcripts_by_company/QUINSTREET_INC_2020Q3.txt,74874Q10,QNST,QUINSTREET INC,0.13,0.21
/Users/vazea/Desktop/NNW/transcripts_by_company/TALEO_CORP_2010Q1.txt,87424N10,TLEO,TALEO CORP,0.16,0.15
/Users/vazea/Desktop/NNW/transcripts_by_company/MAGELLAN_MIDSTREAM_PARTNERS_LP_2010Q3.txt,55908010,MMP,MAGELLAN MIDSTREAM PARTNERS LP,0.51,0.54
/Users/vazea/Desktop/NNW/transcripts_by_company/UNITED_STATES_CELLULAR_CORP_2002Q4.txt,91168410,USM,UNITED STATES CELLULAR CORP,1.89,1.77
/Users/vazea/Desktop/NNW/transcripts_by_company/NAVIOS_MARITIME_HOLDINGS_INC_2011Q1.txt,Y6219610,NM,NAVIOS MARITIME HOLDINGS INC,0.19,0.19
/Users/vazea/Desktop/NNW/transcripts_by_company/JUNIPER_NETWORKS_INC_2020Q3.txt,48203R10,JNPR,JUNIPER NETWORKS INC,0.43,0.43
/Users/vazea/Desktop/NNW/transcripts_by_company/NORTHWEST_NAT_GAS_CO_2016Q1.txt,66765510,NWN,NORTHWEST NAT GAS CO,1.51,1.33
/Users/vazea/Desktop/NNW/transcripts_by_company/ENVIRI_CORP_2017Q2.txt,41586410,HSC,ENVIRI CORP,0.22,0.16
/Users/vazea/Desktop/NNW/transcripts_by_company/EQUINIX_INC_2003Q4.txt,29444U50,EQIX,EQUINIX INC,-9.05,-8.92
/Users/vazea/Desktop/NNW/transcripts_by_company/NIC_INC_2018Q1.txt,62914B10,EGOV,NIC INC,0.23,0.22
/Users/vazea/Desktop/NNW/transcripts_by_company/AZZ_INC_2004Q4.txt,00247410,AZZ,AZZ INC,0.79,0.89
/Users/vazea/Desktop/NNW/transcripts_by_company/BOEING_CO_2020Q2.txt,09702310,BA,BOEING CO,-4.79,-2.38
/Users/vazea/Desktop/NNW/transcripts_by_company/BROOKFIELD_ASSET_MANAGEMENT_INC_2013Q4.txt,11258510,BAM,BROOKFIELD ASSET MANAGEMENT INC,1.45,2.09
/Users/vazea/Desktop/NNW/transcripts_by_company/PPL_CORP_2006Q1.txt,69351T10,PPL,PPL CORP,0.7,0.57
/Users/vazea/Desktop/NNW/transcripts_by_company/XO_GROUP_INC_2015Q1.txt,98377210,XOXO,XO GROUP INC,0.07,-0.01
/Users/vazea/Desktop/NNW/transcripts_by_company/HOME_BANCSHARES_INC_2011Q3.txt,43689320,HOMB,HOME BANCSHARES INC,0.48,0.48
/Users/vazea/Desktop/NNW/transcripts_by_company/DUNKIN_BRANDS_GROUP_INC_2017Q4.txt,26550410,DNKN,DUNKIN' BRANDS GROUP INC,2.43,2.42
/Users/vazea/Desktop/NNW/transcripts_by_company/DISH_NETWORK_CORP_2011Q1.txt,25470M10,DISH,DISH NETWORK CORP,0.75,0.68
/Users/vazea/Desktop/NNW/transcripts_by_company/TRIZETTO_GROUP_INC_2005Q1.txt,89688210,TZIX,TRIZETTO GROUP INC,0.1,0.04
/Users/vazea/Desktop/NNW/transcripts_by_company/CORESITE_REALTY_CORP_2020Q2.txt,21870Q10,COR,CORESITE REALTY CORP,0.52,0.45
/Users/vazea/Desktop/NNW/transcripts_by_company/SANTARUS_INC_2009Q1.txt,80281730,SNTS,SANTARUS INC,0.02,-0.04
/Users/vazea/Desktop/NNW/transcripts_by_company/KIMBERLYCLARK_CORP_2012Q4.txt,49436810,KMB,KIMBERLY-CLARK CORP,5.25,5.22
/Users/vazea/Desktop/NNW/transcripts_by_company/SCANSOURCE_INC_2010Q1.txt,80603710,SCSC,SCANSOURCE INC,0.41,0.44
/Users/vazea/Desktop/NNW/transcripts_by_company/NORFOLK_SOUTHERN_CORP_2013Q4.txt,65584410,NSC,NORFOLK SOUTHERN CORP,5.85,5.7
/Users/vazea/Desktop/NNW/transcripts_by_company/SPEEDWAY_MOTORSPORTS_2002Q3.txt,84778810,TRK,SPEEDWAY MOTORSPORTS,0.02,0.02
/Users/vazea/Desktop/NNW/transcripts_by_company/BIOREFERENCE_LABS_INC_2012Q4.txt,09057G60,BRLI,BIO-REFERENCE LABS INC.,1.51,1.5
/Users/vazea/Desktop/NNW/transcripts_by_company/TRANSDIGM_GROUP_INC_2018Q2.txt,89364110,TDG,TRANSDIGM GROUP INC,3.79,3.65
/Users/vazea/Desktop/NNW/transcripts_by_company/REEDS_INC_2017Q4.txt,75833810,REED,REED'S INC,-1.01,-0.64
/Users/vazea/Desktop/NNW/transcripts_by_company/F5_INC_2021Q3.txt,31561610,FFIV,F5 INC,2.76,2.45
/Users/vazea/Desktop/NNW/transcripts_by_company/EQT_CORP_2016Q1.txt,26884L10,EQT,EQT CORP,0.07,0.02
/Users/vazea/Desktop/NNW/transcripts_by_company/RENAISSANCE_LEARNING_INC_2007Q2.txt,75968L10,RLRN,RENAISSANCE LEARNING INC,0.08,0.12
/Users/vazea/Desktop/NNW/transcripts_by_company/SSC_TECHNOLOGIES_HOLDINGS_INC_2021Q4.txt,78467J10,SSNC,SS&C TECHNOLOGIES HOLDINGS INC,5.02,4.97
/Users/vazea/Desktop/NNW/transcripts_by_company/MORGAN_STANLEY_2019Q1.txt,61744644,MS,MORGAN STANLEY,1.39,1.33
/Users/vazea/Desktop/NNW/transcripts_by_company/MARSH_MCLENNAN_COMPANIES_INC_2007Q3.txt,57174810,MMC,MARSH & MCLENNAN COMPANIES INC,0.18,0.32
/Users/vazea/Desktop/NNW/transcripts_by_company/MODEM_MEDIA_INC_2003Q1.txt,60753310,MMPT,MODEM MEDIA INC,0.02,0.03
/Users/vazea/Desktop/NNW/transcripts_by_company/SYMYX_TECHNOLOGIES_INC_2005Q3.txt,87155S10,SMMX,SYMYX TECHNOLOGIES INC,0.19,0.13
/Users/vazea/Desktop/NNW/transcripts_by_company/APTIMUS_INC_2007Q1.txt,03833V10,APTM,APTIMUS INC,-0.19,-0.2
/Users/vazea/Desktop/NNW/transcripts_by_company/REAL_GOOD_FOOD_COMPANY_INC_2022Q4.txt,75601G10,RGF,REAL GOOD FOOD COMPANY INC,-1.77,-0.73
/Users/vazea/Desktop/NNW/transcripts_by_company/GRID_DYNAMICS_HOLDINGS_INC_2021Q4.txt,39813G10,GDYN,GRID DYNAMICS HOLDINGS INC,0.36,0.35
/Users/vazea/Desktop/NNW/transcripts_by_company/BUILDABEAR_WORKSHOP_INC_2006Q3.txt,12007610,BBW,BUILD-A-BEAR WORKSHOP INC,0.13,0.1
/Users/vazea/Desktop/NNW/transcripts_by_company/TUESDAY_MORNING_CORP_2005Q2.txt,89903550,TUES,TUESDAY MORNING CORP,0.25,0.25
/Users/vazea/Desktop/NNW/transcripts_by_company/DIAMOND_RESORTS_INTERNATINAL_INC_2015Q3.txt,25272T10,DRII,DIAMOND RESORTS INTERNATINAL INC,0.49,0.35
/Users/vazea/Desktop/NNW/transcripts_by_company/TANDEM_DIABETES_CARE_INC_2023Q1.txt,87537220,TNDM,TANDEM DIABETES CARE INC,-1.92,-0.58
/Users/vazea/Desktop/NNW/transcripts_by_company/CARECOM_INC_2016Q4.txt,14163310,CRCM,CARECOM INC,0.19,0.15
/Users/vazea/Desktop/NNW/transcripts_by_company/UNIVERSAL_TECHNICAL_INSTITUTE_IN_2004Q4.txt,91391510,UTI,UNIVERSAL TECHNICAL INSTITUTE IN,1.04,1.03
/Users/vazea/Desktop/NNW/transcripts_by_company/CENTURY_CASINOS_INC_2015Q2.txt,15649210,CNTY,CENTURY CASINOS INC,0.14,0.11
/Users/vazea/Desktop/NNW/transcripts_by_company/QORVO_INC_2021Q4.txt,74736K10,QRVO,QORVO INC,9.74,9.43
/Users/vazea/Desktop/NNW/transcripts_by_company/CYGNUS_INCORPORATED_2002Q3.txt,23256010,CYGN,CYGNUS INCORPORATED,-0.27,-0.23
/Users/vazea/Desktop/NNW/transcripts_by_company/INTERSECT_ENT_INC_2015Q1.txt,46071F10,XENT,INTERSECT ENT INC,-0.23,-0.35
/Users/vazea/Desktop/NNW/transcripts_by_company/LIVEXLIVE_MEDIA_INC_2021Q2.txt,53839L20,LIVX,LIVEXLIVE MEDIA INC,-0.13,-0.11
/Users/vazea/Desktop/NNW/transcripts_by_company/CLARIENT_INC_2008Q2.txt,18048910,CLRT,CLARIENT INC,-0.06,-0.01
/Users/vazea/Desktop/NNW/transcripts_by_company/DERMA_SCIENCES_INC_2008Q1.txt,24982720,DSCI,DERMA SCIENCES INC.,-0.04,0.02
/Users/vazea/Desktop/NNW/transcripts_by_company/EHEALTH_INC_2011Q2.txt,28238P10,EHTH,EHEALTH INC,0.12,0.08
/Users/vazea/Desktop/NNW/transcripts_by_company/PDF_SOLUTIONS_INC_2018Q4.txt,69328210,PDFS,PDF SOLUTIONS INC,0.09,0.07
/Users/vazea/Desktop/NNW/transcripts_by_company/MARINA_BIOTECH_INC_2011Q1.txt,56804Q10,MRNA,MARINA BIOTECH INC,-0.12,-0.11
/Users/vazea/Desktop/NNW/transcripts_by_company/GASLOG_LTD_2018Q4.txt,G3758510,GLOG,GASLOG LTD,0.57,0.35
/Users/vazea/Desktop/NNW/transcripts_by_company/UNITED_TECHNOLOGIES_CORP_2019Q1.txt,91301710,UTX,UNITED TECHNOLOGIES CORP,1.91,1.72
/Users/vazea/Desktop/NNW/transcripts_by_company/FUEL_TECH_INC_2006Q3.txt,35952310,FTEK,FUEL TECH INC,0.09,0.07
/Users/vazea/Desktop/NNW/transcripts_by_company/ROCHESTER_MEDICAL_CORPORATION_2011Q2.txt,77149710,ROCM,ROCHESTER MEDICAL CORPORATION,-0.04,-0.01
/Users/vazea/Desktop/NNW/transcripts_by_company/BANCO_SANTANDERCHILE_2008Q3.txt,05965X10,SAN,BANCO SANTANDER-CHILE,0.99,1.0
/Users/vazea/Desktop/NNW/transcripts_by_company/RED_ROCK_RESORTS_INC_2018Q3.txt,75700L10,RRR,RED ROCK RESORTS INC,0.2,0.26
/Users/vazea/Desktop/NNW/transcripts_by_company/OTONOMY_INC_2019Q1.txt,68906L10,OTIC,OTONOMY INC,-0.39,-0.44
/Users/vazea/Desktop/NNW/transcripts_by_company/DTE_ENERGY_CO_2021Q4.txt,23333110,DTE,DTE ENERGY CO,5.99,5.89
/Users/vazea/Desktop/NNW/transcripts_by_company/JOHNSON_JOHNSON_2022Q4.txt,47816010,JNJ,JOHNSON & JOHNSON,10.15,10.05
/Users/vazea/Desktop/NNW/transcripts_by_company/ATI_INC_2003Q2.txt,01741R10,ATI,ATI INC,-0.32,-0.29
/Users/vazea/Desktop/NNW/transcripts_by_company/PRIMORIS_SERVICES_CORP_2011Q3.txt,74164F10,PRIM,PRIMORIS SERVICES CORP,0.38,0.2
/Users/vazea/Desktop/NNW/transcripts_by_company/ENOVIS_CORP_2023Q2.txt,19401450,ENOV,ENOVIS CORP,0.61,0.52
/Users/vazea/Desktop/NNW/transcripts_by_company/AVALARA_INC_2018Q3.txt,05338G10,AVLR,AVALARA INC,-0.14,-0.17
/Users/vazea/Desktop/NNW/transcripts_by_company/GIGAMON_INC_2014Q1.txt,37518B10,GIMO,GIGAMON INC,-0.07,-0.07
/Users/vazea/Desktop/NNW/transcripts_by_company/ALLEGIANCE_BANCSHARES_INC_2020Q3.txt,01748H10,ABTX,ALLEGIANCE BANCSHARES INC,0.79,0.48
/Users/vazea/Desktop/NNW/transcripts_by_company/NETSUITE_INC_2012Q1.txt,64118Q10,N,NETSUITE INC,0.06,0.03
/Users/vazea/Desktop/NNW/transcripts_by_company/REGAL_ENTERTAINMENT_GROUP_2010Q2.txt,75876610,RGC,REGAL ENTERTAINMENT GROUP,0.03,0.19
/Users/vazea/Desktop/NNW/transcripts_by_company/SMITH_MICRO_SOFTWARE_INC_2022Q3.txt,83215420,SMSI,SMITH MICRO SOFTWARE INC,-0.09,-0.09
/Users/vazea/Desktop/NNW/transcripts_by_company/ON_ASSIGNMENT_INC_2014Q1.txt,68215910,ASGN,ON ASSIGNMENT INC,0.26,0.23
/Users/vazea/Desktop/NNW/transcripts_by_company/ARADIGM_CORPORATION_2006Q2.txt,03850530,ARDM,ARADIGM CORPORATION,-0.85,-0.42
/Users/vazea/Desktop/NNW/transcripts_by_company/VICOR_CORP_2008Q1.txt,92581510,VICR,VICOR CORP,0.01,0.05
/Users/vazea/Desktop/NNW/transcripts_by_company/ONCONOVA_THERAPEUTICS_INC_2020Q4.txt,68232V40,ONTX,ONCONOVA THERAPEUTICS INC,-0.14,-0.14
/Users/vazea/Desktop/NNW/transcripts_by_company/NORTHROP_GRUMMAN_CORP_2009Q3.txt,66680710,NOC,NORTHROP GRUMMAN CORP,1.52,1.18
/Users/vazea/Desktop/NNW/transcripts_by_company/WARBY_PARKER_INC_2022Q3.txt,93403J10,WRBY,WARBY PARKER INC,0.01,0.02
/Users/vazea/Desktop/NNW/transcripts_by_company/INTEST_CORP_2015Q4.txt,46114710,INTT,INTEST CORP,0.18,0.2
/Users/vazea/Desktop/NNW/transcripts_by_company/HYDROFARM_HOLDINGS_GROUP_INC_2022Q1.txt,44888K20,HYFM,HYDROFARM HOLDINGS GROUP INC,-0.17,-0.05
/Users/vazea/Desktop/NNW/transcripts_by_company/AVAYA_HOLDINGS_CORP_2020Q1.txt,05351X10,AVYA,AVAYA HOLDINGS CORP,0.75,0.73
/Users/vazea/Desktop/NNW/transcripts_by_company/LMI_AEROSPACE_INC_2012Q4.txt,50207910,LMIA,LMI AEROSPACE INC,1.73,1.72
/Users/vazea/Desktop/NNW/transcripts_by_company/MEI_PHARMA_INC_2021Q4.txt,55279B20,MEIP,MEI PHARMA INC,-0.45,-0.57
/Users/vazea/Desktop/NNW/transcripts_by_company/CARROLS_RESTAURANT_GROUP_INC_2015Q4.txt,14574X10,TAST,CARROLS RESTAURANT GROUP INC,0.0,-0.09
/Users/vazea/Desktop/NNW/transcripts_by_company/WEBSENSE_INC_2010Q2.txt,94768410,WBSN,WEBSENSE INC,0.31,0.28
/Users/vazea/Desktop/NNW/transcripts_by_company/EQUITRANS_MIDSTREAM_CORP_2020Q3.txt,29460010,ETRN,EQUITRANS MIDSTREAM CORP,0.31,0.29
/Users/vazea/Desktop/NNW/transcripts_by_company/GILDAN_ACTIVEWEAR_INC_2017Q2.txt,37591610,GIL,GILDAN ACTIVEWEAR INC,0.49,0.48
/Users/vazea/Desktop/NNW/transcripts_by_company/XEROX_CORP_2014Q1.txt,98412110,XRX,XEROX CORP,0.27,0.24
/Users/vazea/Desktop/NNW/transcripts_by_company/UBIQUITI_INC_2021Q4.txt,90353W10,UI,UBIQUITI INC,9.77,9.32
/Users/vazea/Desktop/NNW/transcripts_by_company/HITTITE_MICROWAVE_CORP_2010Q1.txt,43365Y10,HITT,HITTITE MICROWAVE CORP,0.54,0.47
/Users/vazea/Desktop/NNW/transcripts_by_company/AERCAP_HOLDINGS_NV_2011Q1.txt,N0098510,AER,AERCAP HOLDINGS NV,0.48,0.43
/Users/vazea/Desktop/NNW/transcripts_by_company/SYNCHRONOSS_TECHNOLOGIES_INC_2009Q1.txt,87157B10,SNCR,SYNCHRONOSS TECHNOLOGIES INC,0.11,0.07
/Users/vazea/Desktop/NNW/transcripts_by_company/DOW_CHEMICAL_CO_2006Q4.txt,26054310,DOW,DOW CHEMICAL CO,4.25,4.2
/Users/vazea/Desktop/NNW/transcripts_by_company/GRAPHIC_PACKAGING_HOLDING_CO_2019Q2.txt,38868910,GPK,GRAPHIC PACKAGING HOLDING CO,0.24,0.21
/Users/vazea/Desktop/NNW/transcripts_by_company/TRUE_RELIGION_APPAREL_INC_2010Q3.txt,89784N10,TRLG,TRUE RELIGION APPAREL INC,0.48,0.59
/Users/vazea/Desktop/NNW/transcripts_by_company/BENEFITFOCUS_INC_2016Q1.txt,08180D10,BNFT,BENEFITFOCUS INC,-0.29,-0.4
/Users/vazea/Desktop/NNW/transcripts_by_company/PPL_CORP_2015Q1.txt,69351T10,PPL,PPL CORP,0.77,0.7
/Users/vazea/Desktop/NNW/transcripts_by_company/ALLEGION_PLC_2019Q1.txt,G0176J10,ALLE,ALLEGION PLC,0.88,0.87
/Users/vazea/Desktop/NNW/transcripts_by_company/PIPER_SANDLER_COMPANIES_2006Q4.txt,72407810,PJC,PIPER SANDLER COMPANIES,2.9,2.86
/Users/vazea/Desktop/NNW/transcripts_by_company/MATSON_INC_2017Q1.txt,57686G10,MATX,MATSON INC,0.16,0.15
/Users/vazea/Desktop/NNW/transcripts_by_company/KROGER_CO_2013Q2.txt,50104410,KR,KROGER CO,0.51,0.5
/Users/vazea/Desktop/NNW/transcripts_by_company/CATHAY_GENERAL_BANCORP_2022Q1.txt,14915010,CATY,CATHAY GENERAL BANCORP,1.03,0.91
/Users/vazea/Desktop/NNW/transcripts_by_company/TERADATA_CORP_2010Q4.txt,88076W10,TDC,TERADATA CORP,1.86,1.83
/Users/vazea/Desktop/NNW/transcripts_by_company/INTERPUBLIC_GROUP_OF_COMPANIES_I_2016Q3.txt,46069010,IPG,INTERPUBLIC GROUP OF COMPANIES I,0.31,0.29
/Users/vazea/Desktop/NNW/transcripts_by_company/ACXIOM_CORPORATION_2006Q2.txt,00512510,ACXM,ACXIOM CORPORATION,0.2,0.16
/Users/vazea/Desktop/NNW/transcripts_by_company/WILLBROS_GROUP_INCORPORATED_2007Q2.txt,96919910,WG,WILLBROS GROUP INCORPORATED,-0.04,0.02
/Users/vazea/Desktop/NNW/transcripts_by_company/POZEN_INC_2002Q3.txt,73941U10,POZN,POZEN INC,-0.19,-0.2
/Users/vazea/Desktop/NNW/transcripts_by_company/FIVERR_INTERNATIONAL_LTD_2020Q2.txt,M4R82T10,FVRR,FIVERR INTERNATIONAL LTD,0.1,-0.07
/Users/vazea/Desktop/NNW/transcripts_by_company/KORN_FERRY_2008Q4.txt,50064320,KFY,KORN FERRY,1.46,1.46
/Users/vazea/Desktop/NNW/transcripts_by_company/SEASPINE_HOLDINGS_CORP_2020Q1.txt,81255T10,SPNE,SEASPINE HOLDINGS CORP,-0.42,-0.38
/Users/vazea/Desktop/NNW/transcripts_by_company/COHERENT_INC_2010Q1.txt,19247910,COHR,COHERENT INC,0.21,0.05
/Users/vazea/Desktop/NNW/transcripts_by_company/GENPACT_LTD_2015Q4.txt,G3922B10,G,GENPACT LTD,1.26,1.23
/Users/vazea/Desktop/NNW/transcripts_by_company/NCI_INC_2010Q4.txt,62886K10,NCIT,NCI INC,1.72,1.67
/Users/vazea/Desktop/NNW/transcripts_by_company/DIANA_SHIPPING_INC_2017Q4.txt,Y2066G10,DSX,DIANA SHIPPING INC,-0.79,-0.9
/Users/vazea/Desktop/NNW/transcripts_by_company/UNITED_TECHNOLOGIES_CORP_2007Q2.txt,91301710,UTX,UNITED TECHNOLOGIES CORP,1.16,1.15
/Users/vazea/Desktop/NNW/transcripts_by_company/LOVESAC_CO_2023Q2.txt,54738L10,LOVE,LOVESAC CO,0.45,0.39
/Users/vazea/Desktop/NNW/transcripts_by_company/BRINKER_INTERNATIONAL_INC_2006Q3.txt,10964110,EAT,BRINKER INTERNATIONAL INC,0.65,0.61
/Users/vazea/Desktop/NNW/transcripts_by_company/TEXAS_ROADHOUSE_INC_2012Q1.txt,88268110,TXRH,TEXAS ROADHOUSE INC,0.31,0.29
/Users/vazea/Desktop/NNW/transcripts_by_company/BAKER_HUGHES_INC_2010Q2.txt,05722410,BHI,BAKER HUGHES INC,0.36,0.42
/Users/vazea/Desktop/NNW/transcripts_by_company/MOTOROLA_SOLUTIONS_INC_2023Q2.txt,62007630,MSI,MOTOROLA SOLUTIONS INC,2.65,2.51
/Users/vazea/Desktop/NNW/transcripts_by_company/FORTY_SEVEN_INC_2019Q1.txt,34983P10,FTSV,FORTY SEVEN INC,-0.74,-0.63
/Users/vazea/Desktop/NNW/transcripts_by_company/OREGON_STEEL_MILLS_INCORPORA_2004Q4.txt,68607910,OS,OREGON STEEL MILLS INCORPORA,5.62,5.64
/Users/vazea/Desktop/NNW/transcripts_by_company/KLA_CORP_2023Q4.txt,48248010,KLAC,KLA CORP,25.37,24.81
/Users/vazea/Desktop/NNW/transcripts_by_company/MIMECAST_LTD_2018Q3.txt,G1483810,MIME,MIMECAST LTD,0.03,0.02
/Users/vazea/Desktop/NNW/transcripts_by_company/COMERICA_INC_2012Q4.txt,20034010,CMA,COMERICA INC,2.67,2.65
/Users/vazea/Desktop/NNW/transcripts_by_company/MATTEL_INC_2009Q1.txt,57708110,MAT,MATTEL INC,-0.14,-0.11
/Users/vazea/Desktop/NNW/transcripts_by_company/NUANCE_COMMUNICATIONS_INC_2006Q2.txt,67020Y10,NUAN,NUANCE COMMUNICATIONS INC,0.06,0.06
/Users/vazea/Desktop/NNW/transcripts_by_company/AMTRUST_FINANCIAL_SERVICES_INC_2011Q3.txt,03235930,AFSI,AMTRUST FINANCIAL SERVICES INC,0.68,0.61
/Users/vazea/Desktop/NNW/transcripts_by_company/J_M_SMUCKER_CO_2018Q2.txt,83269640,SJM,J M SMUCKER CO,2.02,1.9
/Users/vazea/Desktop/NNW/transcripts_by_company/L3HARRIS_TECHNOLOGIES_INC_2020Q2.txt,50243110,LHX,L3HARRIS TECHNOLOGIES INC,2.83,2.61
/Users/vazea/Desktop/NNW/transcripts_by_company/STRATASYS_INC_2008Q4.txt,86268510,SSYS,STRATASYS INC,0.76,0.78
/Users/vazea/Desktop/NNW/transcripts_by_company/VENTAS_INC_2011Q1.txt,92276F10,VTR,VENTAS INC,0.3,0.43
/Users/vazea/Desktop/NNW/transcripts_by_company/OLD_REPUBLIC_INTERNATIONAL_CORP_2021Q1.txt,68022310,ORI,OLD REPUBLIC INTERNATIONAL CORP,0.69,0.45
/Users/vazea/Desktop/NNW/transcripts_by_company/ATHERSYS_INC_2021Q3.txt,04744L10,ATHX,ATHERSYS INC,-0.07,-0.11
/Users/vazea/Desktop/NNW/transcripts_by_company/SALESFORCE_INC_2020Q1.txt,79466L30,CRM,SALESFORCE INC,0.93,0.61
/Users/vazea/Desktop/NNW/transcripts_by_company/POWERSECURE_INTERNATIONAL_INC_2011Q1.txt,73936N10,POWR,POWERSECURE INTERNATIONAL INC,-0.05,-0.07
/Users/vazea/Desktop/NNW/transcripts_by_company/REGIONS_FINANCIAL_CORP_2019Q1.txt,7591EP10,RF,REGIONS FINANCIAL CORP,0.37,0.37
/Users/vazea/Desktop/NNW/transcripts_by_company/ATT_CORP_2004Q1.txt,00195750,T,AT&T CORP,0.25,0.33
/Users/vazea/Desktop/NNW/transcripts_by_company/PROTO_LABS_INC_2013Q1.txt,74371310,PRLB,PROTO LABS INC,0.35,0.31
/Users/vazea/Desktop/NNW/transcripts_by_company/ENTERGY_CORP_2010Q2.txt,29364G10,ETR,ENTERGY CORP,1.71,1.43
/Users/vazea/Desktop/NNW/transcripts_by_company/CYCLACEL_PHARMACEUTICALS_INC_2019Q1.txt,23254L40,CYCC,CYCLACEL PHARMACEUTICALS INC,-0.14,-0.21
/Users/vazea/Desktop/NNW/transcripts_by_company/INFINITY_PROPERTY_AND_CSLTY_CORP_2010Q3.txt,45665Q10,IPCC,INFINITY PROPERTY AND CSLTY CORP,1.76,1.04
/Users/vazea/Desktop/NNW/transcripts_by_company/PARKERVISION_INCORPORATED_2014Q4.txt,70135410,PRKR,PARKERVISION INCORPORATED,-0.24,-0.22
/Users/vazea/Desktop/NNW/transcripts_by_company/MONSTER_BEVERAGE_CORP_2016Q4.txt,61174X10,MNST,MONSTER BEVERAGE CORP,1.3,1.24
/Users/vazea/Desktop/NNW/transcripts_by_company/CIGNA_HOLDING_CO_2004Q4.txt,12550910,CI,CIGNA HOLDING CO,7.79,7.0
/Users/vazea/Desktop/NNW/transcripts_by_company/INTERTEL_INC_2002Q2.txt,45837210,INTL,INTER-TEL INC,0.27,0.25
/Users/vazea/Desktop/NNW/transcripts_by_company/QUALCOMM_INC_2006Q4.txt,74752510,QCOM,QUALCOMM INC,1.64,1.63
/Users/vazea/Desktop/NNW/transcripts_by_company/ACUITY_BRANDS_INC_2021Q3.txt,00508Y10,AYI,ACUITY BRANDS INC,2.77,2.26
/Users/vazea/Desktop/NNW/transcripts_by_company/WATERS_CORP_2014Q4.txt,94184810,WAT,WATERS CORP,5.48,5.39
/Users/vazea/Desktop/NNW/transcripts_by_company/DAKTRONICS_INC_2004Q1.txt,23426410,DAKT,DAKTRONICS INC,0.22,0.17
/Users/vazea/Desktop/NNW/transcripts_by_company/TRIQUINT_SEMICONDUCTOR_INC_2005Q3.txt,89674K10,TQNT,TRIQUINT SEMICONDUCTOR INC,0.01,-0.01
/Users/vazea/Desktop/NNW/transcripts_by_company/PARKERVISION_INCORPORATED_2016Q4.txt,70135430,PRKR,PARKERVISION INCORPORATED,-1.76,-1.44
/Users/vazea/Desktop/NNW/transcripts_by_company/ANNTAYLOR_STORES_CORP_2010Q2.txt,03611510,ANN,ANNTAYLOR STORES CORP,0.06,0.02
/Users/vazea/Desktop/NNW/transcripts_by_company/TEXAS_ROADHOUSE_INC_2010Q3.txt,88268110,TXRH,TEXAS ROADHOUSE INC,0.19,0.18
/Users/vazea/Desktop/NNW/transcripts_by_company/EFJOHNSON_TECHNOLOGIES_INC_2006Q1.txt,26843B10,EFJI,EFJOHNSON TECHNOLOGIES INC,-0.12,0.07
/Users/vazea/Desktop/NNW/transcripts_by_company/OPKO_HEALTH_INC_2023Q3.txt,68375N10,OPK,OPKO HEALTH INC,-0.11,-0.09
/Users/vazea/Desktop/NNW/transcripts_by_company/IKANOS_COMMUNICATIONS_INC_2010Q3.txt,45173E10,IKAN,IKANOS COMMUNICATIONS INC,-0.1,-0.02
/Users/vazea/Desktop/NNW/transcripts_by_company/AMTRUST_FINANCIAL_SERVICES_INC_2013Q4.txt,03235930,AFSI,AMTRUST FINANCIAL SERVICES INC,3.39,3.12
/Users/vazea/Desktop/NNW/transcripts_by_company/POZEN_INC_2007Q4.txt,73941U10,POZN,POZEN INC,0.15,0.13
/Users/vazea/Desktop/NNW/transcripts_by_company/WHERE_FOOD_COMES_FROM_INC_2022Q3.txt,96327X20,WFCF,WHERE FOOD COMES FROM INC,0.13,0.16
/Users/vazea/Desktop/NNW/transcripts_by_company/ARCHERDANIELSMIDLAND_CO_2015Q4.txt,03948310,ADM,ARCHER-DANIELS-MIDLAND CO,2.6,2.68
/Users/vazea/Desktop/NNW/transcripts_by_company/CLOVER_HEALTH_INVESTMENTS_CORP_2021Q3.txt,18914F10,CLOV,CLOVER HEALTH INVESTMENTS CORP,-0.08,-0.31
/Users/vazea/Desktop/NNW/transcripts_by_company/AMERICAN_AXLE_MANUFACTURING_HO_2010Q3.txt,02406110,AXL,AMERICAN AXLE & MANUFACTURING HO,0.52,0.38
/Users/vazea/Desktop/NNW/transcripts_by_company/MICROCHIP_TECHNOLOGY_INC_2013Q4.txt,59501710,MCHP,MICROCHIP TECHNOLOGY INC,1.89,1.84
/Users/vazea/Desktop/NNW/transcripts_by_company/GUIDANCE_SOFTWARE_INC_2011Q4.txt,40169210,GUID,GUIDANCE SOFTWARE INC,0.27,0.21
/Users/vazea/Desktop/NNW/transcripts_by_company/MARAVAI_LIFESCIENCES_HOLDINGS_IN_2022Q4.txt,56600D10,MRVI,MARAVAI LIFESCIENCES HOLDINGS IN,1.8,1.79
/Users/vazea/Desktop/NNW/transcripts_by_company/ESTERLINE_TECHNOLOGIES_CORP_2006Q4.txt,29742510,ESL,ESTERLINE TECHNOLOGIES CORP,2.15,2.11
/Users/vazea/Desktop/NNW/transcripts_by_company/ENETI_INC_2022Q3.txt,Y2294C10,NETI,ENETI INC,0.95,0.74
/Users/vazea/Desktop/NNW/transcripts_by_company/HIBBETT_INC_2019Q3.txt,42856710,HIBB,HIBBETT INC,0.14,0.16
/Users/vazea/Desktop/NNW/transcripts_by_company/CARMAX_INC_2020Q2.txt,14313010,KMX,CARMAX INC,1.4,1.33
/Users/vazea/Desktop/NNW/transcripts_by_company/ALEXION_PHARMACEUTICALS_INC_2017Q4.txt,01535110,ALXN,ALEXION PHARMACEUTICALS INC,5.86,5.65
/Users/vazea/Desktop/NNW/transcripts_by_company/AXT_INC_2016Q3.txt,00246W10,AXTI,AXT INC,0.07,0.04
/Users/vazea/Desktop/NNW/transcripts_by_company/MOVADO_GROUP_INC_2010Q3.txt,62458010,MOV,MOVADO GROUP INC,0.12,0.66
/Users/vazea/Desktop/NNW/transcripts_by_company/PTC_INC_2015Q4.txt,69370C10,PTC,PTC INC,2.23,2.19
/Users/vazea/Desktop/NNW/transcripts_by_company/REPAY_HOLDINGS_CORP_2023Q1.txt,76029L10,RPAY,REPAY HOLDINGS CORP,0.2,0.2
/Users/vazea/Desktop/NNW/transcripts_by_company/CHEETAH_MOBILE_INC_2020Q4.txt,16307510,CMCM,CHEETAH MOBILE INC,3.59,0.5
/Users/vazea/Desktop/NNW/transcripts_by_company/BOOKING_HOLDINGS_INC_2021Q2.txt,09857L10,BKNG,BOOKING HOLDINGS INC,-2.55,-2.69
/Users/vazea/Desktop/NNW/transcripts_by_company/GRANITE_CONSTRUCTION_INC_2016Q4.txt,38732810,GVA,GRANITE CONSTRUCTION INC,1.42,1.55
/Users/vazea/Desktop/NNW/transcripts_by_company/ROYAL_CARIBBEAN_CRUISES_LTD_2018Q3.txt,V7780T10,RCL,ROYAL CARIBBEAN CRUISES LTD,3.98,3.96
/Users/vazea/Desktop/NNW/transcripts_by_company/EAGLE_POINT_CREDIT_COMPANY_INC_2021Q4.txt,26980810,ECC,EAGLE POINT CREDIT COMPANY INC,1.31,1.31
/Users/vazea/Desktop/NNW/transcripts_by_company/STIFEL_FINANCIAL_CORP_2023Q3.txt,86063010,SF,STIFEL FINANCIAL CORP,0.6,1.31
/Users/vazea/Desktop/NNW/transcripts_by_company/UNIVERSAL_TECHNICAL_INSTITUTE_IN_2007Q4.txt,91391510,UTI,UNIVERSAL TECHNICAL INSTITUTE IN,0.67,0.77
/Users/vazea/Desktop/NNW/transcripts_by_company/EDWARDS_LIFESCIENCES_CORP_2018Q2.txt,28176E10,EW,EDWARDS LIFESCIENCES CORP,1.24,1.14
/Users/vazea/Desktop/NNW/transcripts_by_company/SYNAPTICS_INC_2023Q4.txt,87157D10,SYNA,SYNAPTICS INC,8.12,8.05
/Users/vazea/Desktop/NNW/transcripts_by_company/CHORDIANT_SOFTWARE_INC_2009Q2.txt,17040430,CHRD,CHORDIANT SOFTWARE INC,-0.05,-0.01
/Users/vazea/Desktop/NNW/transcripts_by_company/AMKOR_TECHNOLOGY_INC_2004Q3.txt,03165210,AMKR,AMKOR TECHNOLOGY INC,-0.13,-0.13
/Users/vazea/Desktop/NNW/transcripts_by_company/BOEING_CO_2006Q2.txt,09702310,BA,BOEING CO,-0.21,-0.23
/Users/vazea/Desktop/NNW/transcripts_by_company/SHENANDOAH_TELECOMMUNICATIONS_CO_2020Q4.txt,82312B10,SHEN,SHENANDOAH TELECOMMUNICATIONS CO,2.53,2.4
/Users/vazea/Desktop/NNW/transcripts_by_company/ARK_RESTAURANTS_CORP_2009Q2.txt,04071210,ARKR,ARK RESTAURANTS CORP,-0.2,0.03
/Users/vazea/Desktop/NNW/transcripts_by_company/XENCOR_INC_2022Q1.txt,98401F10,XNCR,XENCOR INC,0.39,-0.68
/Users/vazea/Desktop/NNW/transcripts_by_company/PANDORA_MEDIA_INC_2014Q3.txt,69835410,P,PANDORA MEDIA INC,0.09,0.08
/Users/vazea/Desktop/NNW/transcripts_by_company/WYNN_RESORTS_LTD_2017Q4.txt,98313410,WYNN,WYNN RESORTS LTD,5.46,5.3
/Users/vazea/Desktop/NNW/transcripts_by_company/PERFICIENT_INC_2019Q3.txt,71375U10,PRFT,PERFICIENT INC,0.56,0.52
/Users/vazea/Desktop/NNW/transcripts_by_company/KOSMOS_ENERGY_LTD_2021Q3.txt,50068810,KOS,KOSMOS ENERGY LTD,-0.11,-0.05
/Users/vazea/Desktop/NNW/transcripts_by_company/LAMAR_ADVERTISING_CO_2012Q2.txt,51281510,LAMR,LAMAR ADVERTISING CO,0.15,0.15
/Users/vazea/Desktop/NNW/transcripts_by_company/CONOCOPHILLIPS_2003Q4.txt,20825C10,COP,CONOCOPHILLIPS,6.7,6.66
/Users/vazea/Desktop/NNW/transcripts_by_company/COCACOLA_CO_2007Q3.txt,19121610,KO,COCA-COLA CO,0.71,0.68
/Users/vazea/Desktop/NNW/transcripts_by_company/SMITH_INTL_INC_2006Q3.txt,83211010,SII,SMITH INTL INC,0.66,0.63
/Users/vazea/Desktop/NNW/transcripts_by_company/NORTHROP_GRUMMAN_CORP_2003Q3.txt,66680710,NOC,NORTHROP GRUMMAN CORP,1.21,1.02
/Users/vazea/Desktop/NNW/transcripts_by_company/BMP_SUNSTONE_CORP_2009Q1.txt,05569C10,BJGP,BMP SUNSTONE CORP,-0.05,-0.01
/Users/vazea/Desktop/NNW/transcripts_by_company/NAPCO_SECURITY_TECHNOLOGIES_INC_2009Q1.txt,63040210,NSSC,NAPCO SECURITY TECHNOLOGIES INC,0.02,0.03
/Users/vazea/Desktop/NNW/transcripts_by_company/KARYOPHARM_THERAPEUTICS_INC_2015Q3.txt,48576U10,KPTI,KARYOPHARM THERAPEUTICS INC,-0.85,-0.89
/Users/vazea/Desktop/NNW/transcripts_by_company/HAEMONETICS_CORP_2010Q3.txt,40502410,HAE,HAEMONETICS CORP,0.71,0.73
/Users/vazea/Desktop/NNW/transcripts_by_company/LITTELFUSE_INC_2018Q3.txt,53700810,LFUS,LITTELFUSE INC,2.49,2.4
/Users/vazea/Desktop/NNW/transcripts_by_company/MCBC_HOLDINGS_INC_2016Q4.txt,55276F10,MCFT,MCBC HOLDINGS INC,1.24,1.23
/Users/vazea/Desktop/NNW/transcripts_by_company/FIRST_ADVANTAGE_CORPORATION_2008Q2.txt,31845F10,FADV,FIRST ADVANTAGE CORPORATION,0.25,0.31
/Users/vazea/Desktop/NNW/transcripts_by_company/TENNECO_INC_2012Q2.txt,88034910,TEN,TENNECO INC,1.14,0.97
/Users/vazea/Desktop/NNW/transcripts_by_company/PARTY_CITY_HOLDCO_INC_2016Q1.txt,70214910,PRTY,PARTY CITY HOLDCO INC,0.04,0.04
/Users/vazea/Desktop/NNW/transcripts_by_company/SMITH_MICRO_SOFTWARE_INC_2018Q3.txt,83215420,SMSI,SMITH MICRO SOFTWARE INC,0.01,-0.01
/Users/vazea/Desktop/NNW/transcripts_by_company/FORRESTER_RESEARCH_INC_2013Q1.txt,34656310,FORR,FORRESTER RESEARCH INC,0.21,0.12
/Users/vazea/Desktop/NNW/transcripts_by_company/LOCKHEED_MARTIN_CORP_2020Q3.txt,53983010,LMT,LOCKHEED MARTIN CORP,6.25,6.07
/Users/vazea/Desktop/NNW/transcripts_by_company/BARNES_NOBLE_EDUCATION_INC_2019Q3.txt,06777U10,BNED,BARNES & NOBLE EDUCATION INC,0.02,0.11
/Users/vazea/Desktop/NNW/transcripts_by_company/GSK_PLC_2018Q3.txt,37733W10,GSK,GSK PLC,0.92,0.88
/Users/vazea/Desktop/NNW/transcripts_by_company/CONAGRA_BRANDS_INC_2006Q2.txt,20588710,CAG,CONAGRA BRANDS INC,0.38,0.38
/Users/vazea/Desktop/NNW/transcripts_by_company/GENESIS_HEALTHCARE_INC_2015Q3.txt,37185X10,GEN,GENESIS HEALTHCARE INC,0.07,0.07
/Users/vazea/Desktop/NNW/transcripts_by_company/WEYERHAEUSER_CO_2020Q4.txt,96216610,WY,WEYERHAEUSER CO,1.29,1.22
/Users/vazea/Desktop/NNW/transcripts_by_company/GREAT_LAKES_DREDGE_DOCK_CORP_2017Q1.txt,39060710,GLDD,GREAT LAKES DREDGE & DOCK CORP,-0.06,-0.04
/Users/vazea/Desktop/NNW/transcripts_by_company/VISTACARE_INC_2006Q1.txt,92839Y10,VSTA,VISTACARE INC,0.09,-0.01
/Users/vazea/Desktop/NNW/transcripts_by_company/CMS_ENERGY_CORP_2008Q4.txt,12589610,CMS,CMS ENERGY CORP,1.25,1.2
/Users/vazea/Desktop/NNW/transcripts_by_company/BIOXCEL_THERAPEUTICS_INC_2023Q2.txt,09075P10,BTAI,BIOXCEL THERAPEUTICS INC,-1.83,-1.77
/Users/vazea/Desktop/NNW/transcripts_by_company/EDISON_INTERNATIONAL_2014Q3.txt,28102010,EIX,EDISON INTERNATIONAL,1.52,1.35
/Users/vazea/Desktop/NNW/transcripts_by_company/ICF_INTERNATIONAL_INC_2014Q4.txt,44925C10,ICFI,ICF INTERNATIONAL INC,2.19,2.24
/Users/vazea/Desktop/NNW/transcripts_by_company/MONRO_INC_2018Q2.txt,61023610,MNRO,MONRO INC,0.54,0.54
/Users/vazea/Desktop/NNW/transcripts_by_company/COLUMBIA_SPORTSWEAR_CO_2012Q3.txt,19851610,COLM,COLUMBIA SPORTSWEAR CO,1.88,1.64
/Users/vazea/Desktop/NNW/transcripts_by_company/SOUTH_JERSEY_INDUSTRIES_INC_2003Q3.txt,83851810,SJI,SOUTH JERSEY INDUSTRIES INC,-0.13,-0.25
/Users/vazea/Desktop/NNW/transcripts_by_company/TELEFLEX_INC_2016Q4.txt,87936910,TFX,TELEFLEX INC,7.34,7.3
/Users/vazea/Desktop/NNW/transcripts_by_company/PEETS_COFFEE_TEA_INC_2009Q3.txt,70556010,PEET,PEET'S COFFEE & TEA INC,0.19,0.16
/Users/vazea/Desktop/NNW/transcripts_by_company/TG_THERAPEUTICS_INC_2020Q3.txt,88322Q10,TGTX,TG THERAPEUTICS INC,-0.61,-0.44
/Users/vazea/Desktop/NNW/transcripts_by_company/AMC_NETWORKS_INC_2017Q4.txt,00164V10,AMCX,AMC NETWORKS INC,7.37,7.14
/Users/vazea/Desktop/NNW/transcripts_by_company/DATA_IO_CORP_2020Q1.txt,23769010,DAIO,DATA I/O CORP,-0.07,-0.16
/Users/vazea/Desktop/NNW/transcripts_by_company/RIBBON_COMMUNICATIONS_INC_2019Q2.txt,76254410,RBBN,RIBBON COMMUNICATIONS INC,0.14,0.11
/Users/vazea/Desktop/NNW/transcripts_by_company/TELEPHONE_AND_DATA_SYSTEMS_INC_2016Q3.txt,87943382,TDS,TELEPHONE AND DATA SYSTEMS INC,0.11,0.19
/Users/vazea/Desktop/NNW/transcripts_by_company/EXTREME_NETWORKS_INC_2012Q2.txt,30226D10,EXTR,EXTREME NETWORKS INC,0.06,0.07
/Users/vazea/Desktop/NNW/transcripts_by_company/LITTELFUSE_INC_2003Q3.txt,53700810,LFUS,LITTELFUSE INC,0.19,0.15
/Users/vazea/Desktop/NNW/transcripts_by_company/SALIX_PHARMACEUTICALS_LTD_2005Q3.txt,79543510,SLXP,SALIX PHARMACEUTICALS LTD,0.2,0.18
/Users/vazea/Desktop/NNW/transcripts_by_company/PACIFIC_PREMIER_BANCORP_INC_2021Q3.txt,69478X10,PPBI,PACIFIC PREMIER BANCORP INC,0.95,0.81
/Users/vazea/Desktop/NNW/transcripts_by_company/RESOLUTE_FOREST_PRODUCTS_INC_2018Q4.txt,76117W10,RFP,RESOLUTE FOREST PRODUCTS INC,1.96,2.53
/Users/vazea/Desktop/NNW/transcripts_by_company/LIFEPOINT_HEALTH_INC_2008Q2.txt,53219L10,LPNT,LIFEPOINT HEALTH INC,0.59,0.57
/Users/vazea/Desktop/NNW/transcripts_by_company/LCI_INDUSTRIES_2021Q3.txt,50189K10,LCII,LCI INDUSTRIES,2.5,2.45
/Users/vazea/Desktop/NNW/transcripts_by_company/H_R_BLOCK_INC_2019Q4.txt,09367110,HRB,H & R BLOCK INC,2.15,2.01
/Users/vazea/Desktop/NNW/transcripts_by_company/BALL_CORP_2019Q1.txt,05849810,BLL,BALL CORP,0.49,0.51
/Users/vazea/Desktop/NNW/transcripts_by_company/MARKEL_GROUP_INC_2002Q2.txt,57053510,MKL,MARKEL GROUP INC,1.6,2.0
/Users/vazea/Desktop/NNW/transcripts_by_company/HUNTINGTON_BANCSHARES_INC_2016Q2.txt,44615010,HBAN,HUNTINGTON BANCSHARES INC,0.19,0.21
/Users/vazea/Desktop/NNW/transcripts_by_company/ABBOTT_LABORATORIES_2005Q1.txt,00282410,ABT,ABBOTT LABORATORIES,0.58,0.58
/Users/vazea/Desktop/NNW/transcripts_by_company/ENBRIDGE_ENERGY_PARTNERS_LP_2005Q1.txt,29250R10,EEP,ENBRIDGE ENERGY PARTNERS LP,0.48,0.54
/Users/vazea/Desktop/NNW/transcripts_by_company/GRAND_CANYON_EDUCATION_INC_2021Q1.txt,38526M10,LOPE,GRAND CANYON EDUCATION INC,1.72,1.67
/Users/vazea/Desktop/NNW/transcripts_by_company/ACTIVE_POWER_INC_2005Q4.txt,00504W10,ACPW,ACTIVE POWER INC,-0.48,-0.45
/Users/vazea/Desktop/NNW/transcripts_by_company/ARCTIC_CAT_INC_2014Q3.txt,03967010,ACAT,ARCTIC CAT INC,0.89,1.37
/Users/vazea/Desktop/NNW/transcripts_by_company/FRANKLIN_COVEY_CO_2018Q3.txt,35346910,FC,FRANKLIN COVEY CO,-0.18,-0.23
/Users/vazea/Desktop/NNW/transcripts_by_company/BENSON_HILL_INC_2022Q2.txt,08249010,BHIL,BENSON HILL INC,-0.15,-0.22
/Users/vazea/Desktop/NNW/transcripts_by_company/PINNACLE_FOODS_INC_2017Q3.txt,72348P10,PF,PINNACLE FOODS INC,0.58,0.57
/Users/vazea/Desktop/NNW/transcripts_by_company/RESONANT_INC_2019Q3.txt,76118L10,RESN,RESONANT INC,-0.2,-0.2
/Users/vazea/Desktop/NNW/transcripts_by_company/SKECHERS_USA_INC_2022Q4.txt,83056610,SKX,SKECHERS USA INC,2.38,2.26
/Users/vazea/Desktop/NNW/transcripts_by_company/SAPIENS_INTERNATIONAL_CORPORATIO_2015Q4.txt,N7716A15,SPNS,SAPIENS INTERNATIONAL CORPORATIO,0.45,0.45
/Users/vazea/Desktop/NNW/transcripts_by_company/EBIX_INC_2015Q1.txt,27871520,EBIX,EBIX INC,0.52,0.43
/Users/vazea/Desktop/NNW/transcripts_by_company/REACHLOCAL_INC_2015Q1.txt,75525F10,RLOC,REACHLOCAL INC,-0.44,-0.45
/Users/vazea/Desktop/NNW/transcripts_by_company/CLEAN_HARBORS_INC_2019Q4.txt,18449610,CLH,CLEAN HARBORS INC,1.89,1.92
/Users/vazea/Desktop/NNW/transcripts_by_company/BLACKBAUD_INC_2012Q3.txt,09227Q10,BLKB,BLACKBAUD INC,0.26,0.24
/Users/vazea/Desktop/NNW/transcripts_by_company/AUTONATION_INC_2013Q1.txt,05329W10,AN,AUTONATION INC,0.68,0.64
/Users/vazea/Desktop/NNW/transcripts_by_company/DIODES_INC_2012Q4.txt,25454310,DIOD,DIODES INC,0.56,0.48
/Users/vazea/Desktop/NNW/transcripts_by_company/ROYAL_CARIBBEAN_CRUISES_LTD_2006Q2.txt,V7780T10,RCL,ROYAL CARIBBEAN CRUISES LTD,0.57,0.53
/Users/vazea/Desktop/NNW/transcripts_by_company/OSG_AMERICA_LP_2008Q4.txt,67102810,OSP,OSG AMERICA LP,0.98,0.85
/Users/vazea/Desktop/NNW/transcripts_by_company/GLOBALSTAR_INC_2016Q4.txt,37897340,GSAT,GLOBALSTAR INC,-0.12,-0.04
/Users/vazea/Desktop/NNW/transcripts_by_company/GARTNER_INC_2015Q2.txt,36665110,IT,GARTNER INC,0.65,0.63
/Users/vazea/Desktop/NNW/transcripts_by_company/GLOBAL_PAYMENTS_INC_2006Q4.txt,37940X10,GPN,GLOBAL PAYMENTS INC,1.54,1.51
/Users/vazea/Desktop/NNW/transcripts_by_company/HOVNANIAN_ENTERPRISES_INC_2016Q1.txt,44248720,HOV,HOVNANIAN ENTERPRISES INC,-0.11,-0.03
/Users/vazea/Desktop/NNW/transcripts_by_company/AUTOLIV_INC_2013Q1.txt,05280010,ALV,AUTOLIV INC,1.32,1.22
/Users/vazea/Desktop/NNW/transcripts_by_company/DOUBLEDOWN_INTERACTIVE_CO_LTD_2022Q3.txt,25862B10,DDI,DOUBLEDOWN INTERACTIVE CO LTD,-0.48,0.32
/Users/vazea/Desktop/NNW/transcripts_by_company/APPLE_INC_2005Q4.txt,03783310,AAPL,APPLE INC,1.44,1.42
/Users/vazea/Desktop/NNW/transcripts_by_company/ASTRAZENECA_PLC_2018Q4.txt,04635310,AZN,ASTRAZENECA PLC,1.73,1.67
/Users/vazea/Desktop/NNW/transcripts_by_company/OSHKOSH_CORP_2021Q3.txt,68823920,OSK,OSHKOSH CORP,2.09,2.25
/Users/vazea/Desktop/NNW/transcripts_by_company/ACADIA_PHARMACEUTICALS_INC_2013Q2.txt,00422510,ACAD,ACADIA PHARMACEUTICALS INC,-0.11,-0.09
/Users/vazea/Desktop/NNW/transcripts_by_company/XO_GROUP_INC_2016Q2.txt,98377210,XOXO,XO GROUP INC,0.14,0.14
/Users/vazea/Desktop/NNW/transcripts_by_company/AMYRIS_INC_2021Q1.txt,03236M20,AMRS,AMYRIS INC,-1.08,-0.14
/Users/vazea/Desktop/NNW/transcripts_by_company/INTEVAC_INC_2019Q2.txt,46114810,IVAC,INTEVAC INC,-0.05,-0.09
/Users/vazea/Desktop/NNW/transcripts_by_company/AURORA_INNOVATION_INC_2022Q4.txt,05177410,AUR,AURORA INNOVATION INC,-0.53,-0.76
/Users/vazea/Desktop/NNW/transcripts_by_company/RHYTHM_PHARMACEUTICALS_INC_2021Q2.txt,76243J10,RYTM,RHYTHM PHARMACEUTICALS INC,-0.7,-0.73
/Users/vazea/Desktop/NNW/transcripts_by_company/REGAL_REXNORD_CORP_2005Q2.txt,75875010,RBC,REGAL REXNORD CORP,0.62,0.62
/Users/vazea/Desktop/NNW/transcripts_by_company/GREAT_ATLANTIC_PAC_TEA_INC_2008Q2.txt,39006410,GAP,GREAT ATLANTIC & PAC TEA INC,-0.07,-0.28
/Users/vazea/Desktop/NNW/transcripts_by_company/SHARPS_COMPLIANCE_CORP_2015Q4.txt,82001710,SMED,SHARPS COMPLIANCE CORP,0.07,0.01
/Users/vazea/Desktop/NNW/transcripts_by_company/QUOTIENT_TECHNOLOGY_INC_2021Q2.txt,74911910,QUOT,QUOTIENT TECHNOLOGY INC,-0.16,-0.1
/Users/vazea/Desktop/NNW/transcripts_by_company/ALLIANCEBERNSTEIN_HOLDING_LP_2017Q2.txt,01881G10,AB,ALLIANCEBERNSTEIN HOLDING LP,0.49,0.46
/Users/vazea/Desktop/NNW/transcripts_by_company/RAYONIER_INC_2011Q4.txt,75490710,RYN,RAYONIER INC,2.1,2.11
/Users/vazea/Desktop/NNW/transcripts_by_company/KOPPERS_HOLDINGS_INC_2007Q3.txt,50060P10,KOP,KOPPERS HOLDINGS INC,0.9,0.68
/Users/vazea/Desktop/NNW/transcripts_by_company/CHANGYOUCOM_LTD_2012Q1.txt,15911M10,CYOU,CHANGYOU.COM LTD,1.22,1.1
/Users/vazea/Desktop/NNW/transcripts_by_company/SCHOLASTIC_CORP_2008Q1.txt,80706610,SCHL,SCHOLASTIC CORP,-0.07,-0.47
/Users/vazea/Desktop/NNW/transcripts_by_company/BRIDGELINE_DIGITAL_INC_2017Q4.txt,10807Q40,BLIN,BRIDGELINE DIGITAL INC,-0.45,-0.43
/Users/vazea/Desktop/NNW/transcripts_by_company/ALLIANCE_RESOURCE_PARTNERS_LP_2021Q4.txt,01877R10,ARLP,ALLIANCE RESOURCE PARTNERS LP,1.45,1.67
/Users/vazea/Desktop/NNW/transcripts_by_company/LOEWS_CORP_2012Q3.txt,54042410,L,LOEWS CORP,0.45,0.72
/Users/vazea/Desktop/NNW/transcripts_by_company/AMARK_PRECIOUS_METALS_INC_2023Q2.txt,00181T10,AMRK,A-MARK PRECIOUS METALS INC,1.35,1.41
/Users/vazea/Desktop/NNW/transcripts_by_company/METHODE_ELECTRONICS_INC_2018Q3.txt,59152020,MEI,METHODE ELECTRONICS INC,0.87,0.64
/Users/vazea/Desktop/NNW/transcripts_by_company/HOME_BANCSHARES_INC_2008Q1.txt,43689320,HOMB,HOME BANCSHARES INC,0.39,0.3
/Users/vazea/Desktop/NNW/transcripts_by_company/STEIN_MART_INC_2005Q3.txt,85837510,SMRT,STEIN MART INC,-0.05,-0.07
/Users/vazea/Desktop/NNW/transcripts_by_company/AMERICAN_VANGUARD_CORP_2017Q3.txt,03037110,AVD,AMERICAN VANGUARD CORP,0.14,0.17
/Users/vazea/Desktop/NNW/transcripts_by_company/GLOBALSTAR_INC_2010Q3.txt,37897340,GSAT,GLOBALSTAR INC,-0.09,-0.04
/Users/vazea/Desktop/NNW/transcripts_by_company/US_WELL_SERVICES_INC_2021Q1.txt,91274U10,USWS,US WELL SERVICES INC,-0.35,-0.18
/Users/vazea/Desktop/NNW/transcripts_by_company/WALGREENS_BOOTS_ALLIANCE_INC_2015Q3.txt,93142710,WBA,WALGREENS BOOTS ALLIANCE INC,1.02,0.85
/Users/vazea/Desktop/NNW/transcripts_by_company/BITAUTO_HOLDINGS_LTD_2014Q2.txt,09172710,BITA,BITAUTO HOLDINGS LTD,0.48,0.39
/Users/vazea/Desktop/NNW/transcripts_by_company/KEYSIGHT_TECHNOLOGIES_INC_2018Q1.txt,49338L10,KEYS,KEYSIGHT TECHNOLOGIES INC,0.51,0.38
/Users/vazea/Desktop/NNW/transcripts_by_company/CSI_COMPRESSCO_LP_2020Q3.txt,12637A10,CCLP,CSI COMPRESSCO LP,-0.25,-0.33
/Users/vazea/Desktop/NNW/transcripts_by_company/ROKU_INC_2021Q3.txt,77543R10,ROKU,ROKU INC,0.48,0.05
/Users/vazea/Desktop/NNW/transcripts_by_company/MAXLINEAR_INC_2010Q4.txt,57776J10,MXL,MAXLINEAR INC,0.24,0.24
/Users/vazea/Desktop/NNW/transcripts_by_company/DIGITALGLOBE_INC_2013Q2.txt,25389M87,DGI,DIGITALGLOBE INC,-0.3,-0.23
/Users/vazea/Desktop/NNW/transcripts_by_company/SECURE_COMPUTING_CORPORATION_2006Q3.txt,81370510,SCUR,SECURE COMPUTING CORPORATION,0.03,0.07
/Users/vazea/Desktop/NNW/transcripts_by_company/DELTEK_INC_2009Q3.txt,24784L10,PROJ,DELTEK INC,0.15,0.12
/Users/vazea/Desktop/NNW/transcripts_by_company/KIRKLAND_LAKE_GOLD_LTD_2020Q1.txt,49741E1X,KL,KIRKLAND LAKE GOLD LTD,0.7,0.76
/Users/vazea/Desktop/NNW/transcripts_by_company/TECK_RESOURCES_LTD_2014Q4.txt,8787422X,TCK,TECK RESOURCES LTD,0.78,0.82
/Users/vazea/Desktop/NNW/transcripts_by_company/CERAGON_NETWORKS_LTD_2013Q3.txt,M2201310,CRNT,CERAGON NETWORKS LTD,-0.12,-0.1
/Users/vazea/Desktop/NNW/transcripts_by_company/GAN_LTD_2020Q4.txt,G3728V10,GAN,GAN LTD,-0.75,-0.44
/Users/vazea/Desktop/NNW/transcripts_by_company/GLATFELTER_2018Q1.txt,37731610,GLT,GLATFELTER,0.19,0.27
/Users/vazea/Desktop/NNW/transcripts_by_company/TUANCHE_LTD_2020Q2.txt,89856T10,TC,TUANCHE LTD,-0.44,-0.27
/Users/vazea/Desktop/NNW/transcripts_by_company/KIMBERLYCLARK_CORP_2015Q4.txt,49436810,KMB,KIMBERLY-CLARK CORP,5.76,5.76
/Users/vazea/Desktop/NNW/transcripts_by_company/WORLD_KINECT_CORP_2023Q3.txt,98147510,WKC,WORLD KINECT CORP,0.58,0.58
/Users/vazea/Desktop/NNW/transcripts_by_company/WOODWARD_INC_2017Q1.txt,98074510,WWD,WOODWARD INC,0.73,0.52
/Users/vazea/Desktop/NNW/transcripts_by_company/CONOCOPHILLIPS_2022Q4.txt,20825C10,COP,CONOCOPHILLIPS,13.52,13.63
/Users/vazea/Desktop/NNW/transcripts_by_company/ALLERGAN_PLC_2015Q4.txt,G0177J10,AGN,ALLERGAN PLC,13.43,15.43
/Users/vazea/Desktop/NNW/transcripts_by_company/MANNKIND_CORP_2019Q2.txt,56400P70,MNKD,MANNKIND CORP,-0.07,-0.08
/Users/vazea/Desktop/NNW/transcripts_by_company/KONA_GRILL_INC_2014Q3.txt,50047H20,KONA,KONA GRILL INC,0.03,0.02
/Users/vazea/Desktop/NNW/transcripts_by_company/JETBLUE_AIRWAYS_CORP_2016Q3.txt,47714310,JBLU,JETBLUE AIRWAYS CORP,0.58,0.6
/Users/vazea/Desktop/NNW/transcripts_by_company/ORION_GROUP_HOLDINGS_INC_2013Q2.txt,68628V30,ORN,ORION GROUP HOLDINGS INC,0.01,0.03
/Users/vazea/Desktop/NNW/transcripts_by_company/LKQ_CORP_2021Q1.txt,50188920,LKQ,LKQ CORP,0.94,0.63
/Users/vazea/Desktop/NNW/transcripts_by_company/FLOW_INTERNATIONAL_CORPORATI_2012Q4.txt,34346810,FLOW,FLOW INTERNATIONAL CORPORATI,0.18,0.19
/Users/vazea/Desktop/NNW/transcripts_by_company/AEROVIRONMENT_INC_2015Q1.txt,00807310,AVAV,AEROVIRONMENT INC,-0.16,-0.13
/Users/vazea/Desktop/NNW/transcripts_by_company/OWENS_MINOR_INC_2023Q3.txt,69073210,OMI,OWENS & MINOR INC,0.44,0.37
/Users/vazea/Desktop/NNW/transcripts_by_company/IDENIX_PHARMACEUTICALS_INC_2010Q4.txt,45166R20,IDIX,IDENIX PHARMACEUTICALS INC,-0.87,-0.83
/Users/vazea/Desktop/NNW/transcripts_by_company/PORTFOLIO_RECOVERY_ASSOCIATES_2004Q3.txt,73640Q10,PRAA,PORTFOLIO RECOVERY ASSOCIATES,0.44,0.42
/Users/vazea/Desktop/NNW/transcripts_by_company/ATERIAN_INC_2022Q1.txt,02156U10,ATER,ATERIAN INC,-0.25,-0.27
/Users/vazea/Desktop/NNW/transcripts_by_company/FREDS_INC_2016Q1.txt,35610810,FRED,FRED'S INC,0.0,-0.01
/Users/vazea/Desktop/NNW/transcripts_by_company/PLANAR_SYSTEMS_INCORPORATED_2007Q4.txt,72690010,PLNR,PLANAR SYSTEMS INCORPORATED,-1.33,-0.75
/Users/vazea/Desktop/NNW/transcripts_by_company/NETAPP_INC_2017Q1.txt,64110D10,NTAP,NETAPP INC,0.46,0.36
/Users/vazea/Desktop/NNW/transcripts_by_company/FIRST_HORIZON_CORP_2016Q4.txt,32051710,FHN,FIRST HORIZON CORP,0.94,0.97
/Users/vazea/Desktop/NNW/transcripts_by_company/GARTNER_INC_2021Q3.txt,36665110,IT,GARTNER INC,2.03,1.57
/Users/vazea/Desktop/NNW/transcripts_by_company/3D_SYSTEMS_CORP_2015Q1.txt,88554D20,DDD,3D SYSTEMS CORP,0.05,0.17
/Users/vazea/Desktop/NNW/transcripts_by_company/ALLY_FINANCIAL_INC_2022Q4.txt,02005N10,ALLY,ALLY FINANCIAL INC,6.06,5.96
/Users/vazea/Desktop/NNW/transcripts_by_company/PITNEY_BOWES_INC_2003Q3.txt,72447910,PBI,PITNEY BOWES INC,0.62,0.62
/Users/vazea/Desktop/NNW/transcripts_by_company/GUESS_INC_2006Q3.txt,40161710,GES,GUESS? INC,1.05,0.72
/Users/vazea/Desktop/NNW/transcripts_by_company/HIBBETT_INC_2022Q3.txt,42856710,HIBB,HIBBETT INC,1.68,1.44
/Users/vazea/Desktop/NNW/transcripts_by_company/ACUSPHERE_INCORPORATED_2005Q2.txt,00511R87,ACUS,ACUSPHERE INCORPORATED,-0.92,-0.68
/Users/vazea/Desktop/NNW/transcripts_by_company/OMEGA_HEALTHCARE_INVESTORS_INC_2011Q4.txt,68193610,OHI,OMEGA HEALTHCARE INVESTORS INC,0.46,0.48
/Users/vazea/Desktop/NNW/transcripts_by_company/MONOLITHIC_POWER_SYSTEMS_INC_2015Q2.txt,60983910,MPWR,MONOLITHIC POWER SYSTEMS INC,0.46,0.45
/Users/vazea/Desktop/NNW/transcripts_by_company/INSIGHT_ENTERPRISES_INC_2021Q4.txt,45765U10,NSIT,INSIGHT ENTERPRISES INC,7.1,7.05
/Users/vazea/Desktop/NNW/transcripts_by_company/ACCELRYS_INC_2012Q1.txt,00430U10,ACCL,ACCELRYS INC,0.08,0.07
/Users/vazea/Desktop/NNW/transcripts_by_company/ALVARION_LTD_2007Q3.txt,M0861T10,ALVR,ALVARION LTD,0.04,0.04
/Users/vazea/Desktop/NNW/transcripts_by_company/INTELLIA_THERAPEUTICS_INC_2017Q3.txt,45826J10,NTLA,INTELLIA THERAPEUTICS INC,-0.44,-0.5
/Users/vazea/Desktop/NNW/transcripts_by_company/ULTA_BEAUTY_INC_2021Q3.txt,90384S30,ULTA,ULTA BEAUTY INC,1.64,1.41
/Users/vazea/Desktop/NNW/transcripts_by_company/ANTIGENICS_2008Q4.txt,03703210,AGEN,ANTIGENICS,-0.47,-0.72
/Users/vazea/Desktop/NNW/transcripts_by_company/NATIONAL_CINEMEDIA_INC_2017Q2.txt,63530910,NCMI,NATIONAL CINEMEDIA INC,0.03,0.06
/Users/vazea/Desktop/NNW/transcripts_by_company/AIRCASTLE_LTD_2009Q1.txt,G0129K10,AYR,AIRCASTLE LTD,0.23,0.29
/Users/vazea/Desktop/NNW/transcripts_by_company/JJILL_INC_2019Q2.txt,46620W10,JILL,J.JILL INC,0.24,0.23
/Users/vazea/Desktop/NNW/transcripts_by_company/HUGHES_COMMUNICATIONS_INC_2007Q4.txt,44439810,HUGH,HUGHES COMMUNICATIONS INC,2.26,1.98
/Users/vazea/Desktop/NNW/transcripts_by_company/PARAGON_28_INC_2023Q1.txt,69913P10,FNA,PARAGON 28 INC,-0.11,-0.11
/Users/vazea/Desktop/NNW/transcripts_by_company/ATT_INC_2014Q3.txt,00206R10,T,AT&T INC,0.63,0.65
/Users/vazea/Desktop/NNW/transcripts_by_company/SCIQUEST_INC_2013Q3.txt,80908T10,SQI,SCIQUEST INC,0.09,0.09
/Users/vazea/Desktop/NNW/transcripts_by_company/RADISYS_CORPORATION_2015Q4.txt,75045910,RSYS,RADISYS CORPORATION,0.21,0.2
/Users/vazea/Desktop/NNW/transcripts_by_company/NEXTGEN_HEALTHCARE_INC_2023Q3.txt,65343C10,NXGN,NEXTGEN HEALTHCARE INC,0.26,0.28
/Users/vazea/Desktop/NNW/transcripts_by_company/IMATION_CORPORATION_2014Q3.txt,45245A10,IMN,IMATION CORPORATION,-0.42,-0.35
/Users/vazea/Desktop/NNW/transcripts_by_company/BRUKER_CORP_2009Q4.txt,11679410,BRKR,BRUKER CORP,0.48,0.43
/Users/vazea/Desktop/NNW/transcripts_by_company/VENTANA_MEDICAL_SYSTEMS_INC_2007Q1.txt,92276H10,VMSI,VENTANA MEDICAL SYSTEMS INC,0.5,0.43
/Users/vazea/Desktop/NNW/transcripts_by_company/DTE_ENERGY_CO_2017Q1.txt,23333110,DTE,DTE ENERGY CO,1.79,1.52
/Users/vazea/Desktop/NNW/transcripts_by_company/SAPIENS_INTERNATIONAL_CORPORATIO_2020Q4.txt,G7T16G10,SPNS,SAPIENS INTERNATIONAL CORPORATIO,1.0,0.98
/Users/vazea/Desktop/NNW/transcripts_by_company/EXLSERVICE_HOLDINGS_INC_2017Q4.txt,30208110,EXLS,EXLSERVICE HOLDINGS INC,2.65,2.63
/Users/vazea/Desktop/NNW/transcripts_by_company/KEYCORP_2010Q1.txt,49326710,KEY,KEYCORP,-0.11,-0.31
/Users/vazea/Desktop/NNW/transcripts_by_company/NEW_JERSEY_RESOURCES_CORP_2008Q3.txt,64602510,NJR,NEW JERSEY RESOURCES CORP,-0.1,-0.14
/Users/vazea/Desktop/NNW/transcripts_by_company/TERNIUM_SA_2019Q1.txt,88089010,TX,TERNIUM SA,1.11,1.05
/Users/vazea/Desktop/NNW/transcripts_by_company/MAGELLAN_MIDSTREAM_PARTNERS_LP_2012Q2.txt,55908010,MMP,MAGELLAN MIDSTREAM PARTNERS LP,1.01,0.88
/Users/vazea/Desktop/NNW/transcripts_by_company/TECNOGLASS_INC_2019Q3.txt,G8726410,TGLS,TECNOGLASS INC,0.18,0.2
/Users/vazea/Desktop/NNW/transcripts_by_company/ENVESTNET_INC_2013Q4.txt,29404K10,ENV,ENVESTNET INC,0.54,0.55
/Users/vazea/Desktop/NNW/transcripts_by_company/SYNLOGIC_INC_2022Q1.txt,87166L10,SYBX,SYNLOGIC INC,-0.22,-0.24
/Users/vazea/Desktop/NNW/transcripts_by_company/ANWORTH_MORTGAGE_ASSET_CORP_2008Q4.txt,03734710,ANH,ANWORTH MORTGAGE ASSET CORP,0.69,0.7
/Users/vazea/Desktop/NNW/transcripts_by_company/WW_GRAINGER_INC_2018Q2.txt,38480210,GWW,WW GRAINGER INC,4.37,3.69
/Users/vazea/Desktop/NNW/transcripts_by_company/SFL_CORPORATION_LTD_2022Q3.txt,G7738W10,SFL,SFL CORPORATION LTD,0.39,0.23
/Users/vazea/Desktop/NNW/transcripts_by_company/VIGNETTE_CORPORATION_2002Q3.txt,92673410,VIGN,VIGNETTE CORPORATION,-0.04,-0.05
/Users/vazea/Desktop/NNW/transcripts_by_company/COWEN_GROUP_INC_2006Q3.txt,22362110,COWN,COWEN GROUP INC,-0.08,0.05
/Users/vazea/Desktop/NNW/transcripts_by_company/FARO_TECHNOLOGIES_INC_2022Q4.txt,31164210,FARO,FARO TECHNOLOGIES INC,0.25,0.2
/Users/vazea/Desktop/NNW/transcripts_by_company/PORCH_GROUP_INC_2022Q3.txt,73324510,PRCH,PORCH GROUP INC,-0.88,-0.2
/Users/vazea/Desktop/NNW/transcripts_by_company/SYNOPSYS_INC_2005Q2.txt,87160710,SNPS,SYNOPSYS INC,0.09,0.08
/Users/vazea/Desktop/NNW/transcripts_by_company/NEW_YORK_TIMES_CO_2022Q3.txt,65011110,NYT,NEW YORK TIMES CO,0.21,0.13
/Users/vazea/Desktop/NNW/transcripts_by_company/ENZO_BIOCHEM_INC_2003Q4.txt,29410010,ENZ,ENZO BIOCHEM INC,0.13,0.31
/Users/vazea/Desktop/NNW/transcripts_by_company/NEW_SENIOR_INVESTMENT_GROUP_INC_2015Q2.txt,64869110,SNR,NEW SENIOR INVESTMENT GROUP INC,-0.32,-0.17
/Users/vazea/Desktop/NNW/transcripts_by_company/MANULIFE_FINANCIAL_CORP_2008Q3.txt,56501R1X,MFC,MANULIFE FINANCIAL CORP,0.32,0.67
/Users/vazea/Desktop/NNW/transcripts_by_company/TICC_CAPITAL_CORP_2013Q4.txt,87244T10,TICC,TICC CAPITAL CORP,1.07,1.05
/Users/vazea/Desktop/NNW/transcripts_by_company/PRGX_GLOBAL_INC_2019Q4.txt,69357C50,PRGX,PRGX GLOBAL INC,-0.6,-0.19
/Users/vazea/Desktop/NNW/transcripts_by_company/CINEMARK_HOLDINGS_INC_2017Q2.txt,17243V10,CNK,CINEMARK HOLDINGS INC,0.44,0.45
/Users/vazea/Desktop/NNW/transcripts_by_company/SEQUANS_COMMUNICATIONS_SA_2021Q2.txt,81732320,SQNS,SEQUANS COMMUNICATIONS SA,-0.15,-0.17
/Users/vazea/Desktop/NNW/transcripts_by_company/ROPER_TECHNOLOGIES_INC_2018Q3.txt,77669610,ROP,ROPER TECHNOLOGIES INC,3.09,2.94
/Users/vazea/Desktop/NNW/transcripts_by_company/ACTIVE_POWER_INC_2005Q3.txt,00504W10,ACPW,ACTIVE POWER INC,-0.11,-0.11
/Users/vazea/Desktop/NNW/transcripts_by_company/K2M_GROUP_HOLDINGS_INC_2014Q2.txt,48273J10,KTWO,K2M GROUP HOLDINGS INC,-0.33,-0.37
/Users/vazea/Desktop/NNW/transcripts_by_company/INTERSECTIONS_INC_2006Q3.txt,46098130,INTX,INTERSECTIONS INC,0.15,0.11
/Users/vazea/Desktop/NNW/transcripts_by_company/ALLIANCEBERNSTEIN_HOLDING_LP_2007Q3.txt,01881G10,AB,ALLIANCEBERNSTEIN HOLDING LP,1.2,1.14
/Users/vazea/Desktop/NNW/transcripts_by_company/TD_AMERITRADE_HOLDING_CORP_2007Q3.txt,87236Y10,AMTD,TD AMERITRADE HOLDING CORP,0.26,0.25
/Users/vazea/Desktop/NNW/transcripts_by_company/TRAVELZOO_INC_2009Q2.txt,89421Q10,TZOO,TRAVELZOO INC,-0.01,0.02
/Users/vazea/Desktop/NNW/transcripts_by_company/NUCOR_CORP_2020Q3.txt,67034610,NUE,NUCOR CORP,0.65,0.53
/Users/vazea/Desktop/NNW/transcripts_by_company/NPS_PHARMACEUTICALS_INCORPORATED_2008Q1.txt,62936P10,NPSP,NPS PHARMACEUTICALS INCORPORATED,-0.28,-0.13
/Users/vazea/Desktop/NNW/transcripts_by_company/BROADSOFT_INC_2013Q2.txt,11133B40,BSFT,BROADSOFT INC,0.32,0.22
/Users/vazea/Desktop/NNW/transcripts_by_company/NUVASIVE_INC_2020Q2.txt,67070410,NUVA,NUVASIVE INC,-0.4,-0.57
/Users/vazea/Desktop/NNW/transcripts_by_company/AMERICAN_WOODMARK_CORP_2017Q3.txt,03050610,AMWD,AMERICAN WOODMARK CORP,0.89,0.78
/Users/vazea/Desktop/NNW/transcripts_by_company/PARKERVISION_INCORPORATED_2013Q2.txt,70135410,PRKR,PARKERVISION INCORPORATED,-0.08,-0.05
/Users/vazea/Desktop/NNW/transcripts_by_company/STARBUCKS_CORP_2018Q1.txt,85524410,SBUX,STARBUCKS CORP,0.58,0.57
/Users/vazea/Desktop/NNW/transcripts_by_company/WESCO_INTERNATIONAL_INC_2004Q4.txt,95082P10,WCC,WESCO INTERNATIONAL INC,1.47,1.42
/Users/vazea/Desktop/NNW/transcripts_by_company/CAPITAL_ONE_FINANCIAL_CORP_2014Q4.txt,14040H10,COF,CAPITAL ONE FINANCIAL CORP,7.59,7.61
/Users/vazea/Desktop/NNW/transcripts_by_company/RENAISSANCE_LEARNING_INC_2005Q2.txt,75968L10,RLRN,RENAISSANCE LEARNING INC,0.24,0.25
/Users/vazea/Desktop/NNW/transcripts_by_company/DAVITA_INC_2022Q3.txt,23918K10,DVA,DAVITA INC,1.13,1.76
/Users/vazea/Desktop/NNW/transcripts_by_company/SYCAMORE_NETWORKS_INC_2010Q4.txt,87120640,SCMR,SYCAMORE NETWORKS INC.,-0.17,-0.29
/Users/vazea/Desktop/NNW/transcripts_by_company/CRAY_INC_2012Q4.txt,22522330,CRAY,CRAY INC,4.31,4.38
/Users/vazea/Desktop/NNW/transcripts_by_company/NEW_JERSEY_RESOURCES_CORP_2022Q1.txt,64602510,NJR,NEW JERSEY RESOURCES CORP,0.69,0.75
/Users/vazea/Desktop/NNW/transcripts_by_company/ZIM_INTEGRATED_SHIPPING_SERVICES_2023Q2.txt,M9T95110,ZIM,ZIM INTEGRATED SHIPPING SERVICES,-1.79,-0.89
/Users/vazea/Desktop/NNW/transcripts_by_company/AGCO_CORP_2012Q1.txt,00108410,AGCO,AGCO CORP,1.21,0.86
/Users/vazea/Desktop/NNW/transcripts_by_company/NUVASIVE_INC_2017Q3.txt,67070410,NUVA,NUVASIVE INC,0.52,0.5
/Users/vazea/Desktop/NNW/transcripts_by_company/NEW_YORK_TIMES_CO_2020Q2.txt,65011110,NYT,NEW YORK TIMES CO,0.18,0.02
/Users/vazea/Desktop/NNW/transcripts_by_company/RR_DONNELLEY_SONS_CO_2021Q4.txt,25786720,RRD,RR DONNELLEY & SONS CO,0.71,1.31
/Users/vazea/Desktop/NNW/transcripts_by_company/UQM_TECHNOLOGIES_INC_2011Q2.txt,90321310,UQM,UQM TECHNOLOGIES INC,-0.01,0.0
/Users/vazea/Desktop/NNW/transcripts_by_company/REEDS_INC_2016Q4.txt,75833810,REED,REED'S INC,-0.32,-0.2
/Users/vazea/Desktop/NNW/transcripts_by_company/NORTHWESTERN_ENERGY_GROUP_INC_2014Q3.txt,66807430,NWE,NORTHWESTERN ENERGY GROUP INC,0.34,0.43
/Users/vazea/Desktop/NNW/transcripts_by_company/BIRD_GLOBAL_INC_2022Q4.txt,09077J10,BRDS,BIRD GLOBAL INC,-0.5,-0.44
/Users/vazea/Desktop/NNW/transcripts_by_company/DISCOVER_FINANCIAL_SERVICES_2015Q4.txt,25470910,DFS,DISCOVER FINANCIAL SERVICES,5.13,5.29
/Users/vazea/Desktop/NNW/transcripts_by_company/DTS_INC_2006Q3.txt,23335C10,DTSI,DTS INC,-0.05,-0.06
/Users/vazea/Desktop/NNW/transcripts_by_company/NATIONAL_OILWELL_VARCO_INC_2005Q1.txt,63707110,NOV,NATIONAL OILWELL VARCO INC,0.42,0.42
/Users/vazea/Desktop/NNW/transcripts_by_company/EZCORP_INC_2019Q4.txt,30230110,EZPW,EZCORP INC,0.9,0.9
/Users/vazea/Desktop/NNW/transcripts_by_company/SEQUENTIAL_BRANDS_GROUP_INC_2016Q4.txt,81734P10,SQBG,SEQUENTIAL BRANDS GROUP INC,0.33,0.38
/Users/vazea/Desktop/NNW/transcripts_by_company/LEXMARK_INTERNATIONAL_INC_2011Q4.txt,52977110,LXK,LEXMARK INTERNATIONAL INC,4.71,4.62
/Users/vazea/Desktop/NNW/transcripts_by_company/CHECK_POINT_SOFTWARE_TECHNOLOGIE_2003Q3.txt,M2246510,CHKP,CHECK POINT SOFTWARE TECHNOLOGIE,0.23,0.23
/Users/vazea/Desktop/NNW/transcripts_by_company/WEST_PHARMACEUTICAL_SERVICES_INC_2013Q3.txt,95530610,WST,WEST PHARMACEUTICAL SERVICES INC,0.39,0.36
/Users/vazea/Desktop/NNW/transcripts_by_company/BANK_OF_HAWAII_CORP_2020Q4.txt,06254010,BOH,BANK OF HAWAII CORP,3.86,3.92
/Users/vazea/Desktop/NNW/transcripts_by_company/WORKIVA_INC_2017Q3.txt,98139A10,WK,WORKIVA INC,-0.23,-0.29
/Users/vazea/Desktop/NNW/transcripts_by_company/MASTERCRAFT_BOAT_HOLDINGS_INC_2022Q4.txt,57637H10,MCFT,MASTERCRAFT BOAT HOLDINGS INC,4.54,4.3
/Users/vazea/Desktop/NNW/transcripts_by_company/WILLDAN_GROUP_INC_2023Q1.txt,96924N10,WLDN,WILLDAN GROUP INC,0.32,-0.07
/Users/vazea/Desktop/NNW/transcripts_by_company/WOLFSPEED_INC_2023Q2.txt,97785210,WOLF,WOLFSPEED INC,-0.11,-0.12
/Users/vazea/Desktop/NNW/transcripts_by_company/LIMONEIRA_CO_2020Q4.txt,53274610,LMNR,LIMONEIRA CO,-0.69,-0.48
/Users/vazea/Desktop/NNW/transcripts_by_company/STEALTHGAS_INC_2018Q4.txt,Y8166910,GASS,STEALTHGAS INC,-0.02,0.05
/Users/vazea/Desktop/NNW/transcripts_by_company/WASTE_MANAGEMENT_INC_2020Q3.txt,94106L10,WM,WASTE MANAGEMENT INC,1.09,1.0
/Users/vazea/Desktop/NNW/transcripts_by_company/PENNSYLVANIA_REAL_ESTATE_INVESTM_2005Q3.txt,70910210,PEI,PENNSYLVANIA REAL ESTATE INVESTM,0.29,0.15
/Users/vazea/Desktop/NNW/transcripts_by_company/KEYNOTE_SYSTEMS_INC_2003Q2.txt,49330810,KEYN,KEYNOTE SYSTEMS INC,-0.09,-0.1
/Users/vazea/Desktop/NNW/transcripts_by_company/CAMDEN_PROPERTY_TRUST_2002Q4.txt,13313110,CPT,CAMDEN PROPERTY TRUST,1.0,1.05
/Users/vazea/Desktop/NNW/transcripts_by_company/DXP_ENTERPRISES_INC_2018Q1.txt,23337740,DXPE,DXP ENTERPRISES INC,0.24,0.2
/Users/vazea/Desktop/NNW/transcripts_by_company/IRIDEX_CORP_2020Q1.txt,46268410,IRIX,IRIDEX CORP,-0.12,-0.17
/Users/vazea/Desktop/NNW/transcripts_by_company/IAMGOLD_CORP_2022Q4.txt,4509131X,IAG,IAMGOLD CORP,-0.07,-0.02
/Users/vazea/Desktop/NNW/transcripts_by_company/ANGIODYNAMICS_INC_2023Q1.txt,03475V10,ANGO,ANGIODYNAMICS INC,-0.06,-0.03
/Users/vazea/Desktop/NNW/transcripts_by_company/PF_CHANGS_CHINA_BISTRO_INC_2011Q1.txt,69333Y10,PFCB,PF CHANG'S CHINA BISTRO INC,0.46,0.53
/Users/vazea/Desktop/NNW/transcripts_by_company/ETRADE_FINANCIAL_CORP_2007Q1.txt,26924610,ETFC,E*TRADE FINANCIAL CORP,0.39,0.39
/Users/vazea/Desktop/NNW/transcripts_by_company/LEXMARK_INTERNATIONAL_INC_2007Q1.txt,52977110,LXK,LEXMARK INTERNATIONAL INC,0.96,1.01
/Users/vazea/Desktop/NNW/transcripts_by_company/ALNYLAM_PHARMACEUTICALS_INC_2013Q2.txt,02043Q10,ALNY,ALNYLAM PHARMACEUTICALS INC,-0.29,-0.35
/Users/vazea/Desktop/NNW/transcripts_by_company/BEASLEY_BROADCAST_GROUP_INC_2021Q2.txt,07401410,BBGI,BEASLEY BROADCAST GROUP INC,0.01,0.01
/Users/vazea/Desktop/NNW/transcripts_by_company/EXACT_SCIENCES_CORP_2013Q2.txt,30063P10,EXAS,EXACT SCIENCES CORP,-0.19,-0.18
/Users/vazea/Desktop/NNW/transcripts_by_company/CSW_INDUSTRIALS_INC_2021Q4.txt,12640210,CSWI,CSW INDUSTRIALS INC,2.66,3.04
/Users/vazea/Desktop/NNW/transcripts_by_company/BAXTER_INTERNATIONAL_INC_2010Q2.txt,07181310,BAX,BAXTER INTERNATIONAL INC,0.93,0.92
/Users/vazea/Desktop/NNW/transcripts_by_company/FB_FINANCIAL_CORP_2021Q4.txt,30257X10,FBK,FB FINANCIAL CORP,3.97,3.75
/Users/vazea/Desktop/NNW/transcripts_by_company/DOMINOS_PIZZA_INC_2006Q1.txt,25754A20,DPZ,DOMINO'S PIZZA INC,0.39,0.37
/Users/vazea/Desktop/NNW/transcripts_by_company/MEDICINES_CO_2013Q2.txt,58468810,MDCO,MEDICINES CO,0.35,0.35
/Users/vazea/Desktop/NNW/transcripts_by_company/COMPASS_INC_2023Q3.txt,20464U10,COMP,COMPASS INC,-0.08,-0.08
/Users/vazea/Desktop/NNW/transcripts_by_company/8POINT3_ENERGY_PARTNERS_LP_2017Q4.txt,28253910,CAFD,8POINT3 ENERGY PARTNERS LP,0.41,0.51
/Users/vazea/Desktop/NNW/transcripts_by_company/MARKETAXESS_HOLDINGS_INC_2005Q4.txt,57060D10,MKTX,MARKETAXESS HOLDINGS INC,0.2,0.2
/Users/vazea/Desktop/NNW/transcripts_by_company/POLARIS_INC_2007Q4.txt,73106810,PII,POLARIS INC,3.1,3.07
/Users/vazea/Desktop/NNW/transcripts_by_company/AUTOHOME_INC_2022Q1.txt,05278C10,ATHM,AUTOHOME INC,3.47,3.0
/Users/vazea/Desktop/NNW/transcripts_by_company/VIANT_TECHNOLOGY_INC_2021Q4.txt,92557A10,DSP,VIANT TECHNOLOGY INC,-0.63,-0.84
/Users/vazea/Desktop/NNW/transcripts_by_company/WILLIAM_LYON_HOMES_2014Q1.txt,55207470,WLH,WILLIAM LYON HOMES,0.27,0.14
/Users/vazea/Desktop/NNW/transcripts_by_company/ATYR_PHARMA_INC_2022Q1.txt,00212020,LIFE,ATYR PHARMA INC,-0.44,-0.32
/Users/vazea/Desktop/NNW/transcripts_by_company/AMAG_PHARMACEUTICALS_INC_2008Q4.txt,00163U10,AMAG,AMAG PHARMACEUTICALS INC,-4.22,-4.32
/Users/vazea/Desktop/NNW/transcripts_by_company/BG_STAFFING_INC_2018Q4.txt,05544A10,BGSF,BG STAFFING INC,1.79,1.7
/Users/vazea/Desktop/NNW/transcripts_by_company/A_O_SMITH_CORP_2006Q2.txt,83186520,AOS,A O SMITH CORP,0.7,0.6
/Users/vazea/Desktop/NNW/transcripts_by_company/FIRST_MERCHANTS_CORP_2009Q1.txt,32081710,FRME,FIRST MERCHANTS CORP,0.17,0.22
/Users/vazea/Desktop/NNW/transcripts_by_company/FTI_CONSULTING_INC_2023Q3.txt,30294110,FCN,FTI CONSULTING INC,2.34,1.82
/Users/vazea/Desktop/NNW/transcripts_by_company/ABIOMED_INC_2021Q3.txt,00365410,ABMD,ABIOMED INC,1.35,1.14
/Users/vazea/Desktop/NNW/transcripts_by_company/MICROSOFT_CORP_2005Q3.txt,59491810,MSFT,MICROSOFT CORP,0.32,0.32
/Users/vazea/Desktop/NNW/transcripts_by_company/BORLAND_SOFTWARE_2004Q4.txt,09984910,BORL,BORLAND SOFTWARE,0.37,0.33
/Users/vazea/Desktop/NNW/transcripts_by_company/POOL_CORP_2022Q1.txt,73278L10,POOL,POOL CORP,4.23,3.17
/Users/vazea/Desktop/NNW/transcripts_by_company/ABBVIE_INC_2021Q2.txt,00287Y10,ABBV,ABBVIE INC,3.09,3.08
/Users/vazea/Desktop/NNW/transcripts_by_company/YIELD10_BIOSCIENCE_INC_2021Q4.txt,98585K86,YTEN,YIELD10 BIOSCIENCE INC,-2.33,-2.36
/Users/vazea/Desktop/NNW/transcripts_by_company/SOTHEBYS_2009Q1.txt,83589810,BID,SOTHEBY'S,-0.53,-0.52
/Users/vazea/Desktop/NNW/transcripts_by_company/AMARIN_CORPORATION_PLC_2015Q4.txt,02311120,AMRN,AMARIN CORPORATION PLC,-0.56,-0.57
/Users/vazea/Desktop/NNW/transcripts_by_company/NOVELLUS_SYSTEMS_2007Q3.txt,67000810,NVLS,NOVELLUS SYSTEMS,0.41,0.38
/Users/vazea/Desktop/NNW/transcripts_by_company/Q2_HOLDINGS_INC_2014Q4.txt,74736L10,QTWO,Q2 HOLDINGS INC,-0.51,-0.49
/Users/vazea/Desktop/NNW/transcripts_by_company/ICON_PLC_2006Q2.txt,45103T10,ICLR,ICON PLC,0.49,0.56
/Users/vazea/Desktop/NNW/transcripts_by_company/FOUNDATION_COAL_HOLDINGS_INC_2006Q4.txt,35039W10,FCL,FOUNDATION COAL HOLDINGS INC,1.35,1.51
/Users/vazea/Desktop/NNW/transcripts_by_company/REGIONS_FINANCIAL_CORP_2006Q4.txt,7591EP10,RF,REGIONS FINANCIAL CORP,2.81,2.88
/Users/vazea/Desktop/NNW/transcripts_by_company/CALAMP_CORP_2022Q3.txt,12812610,CAMP,CALAMP CORP,-0.08,0.08
/Users/vazea/Desktop/NNW/transcripts_by_company/FREEPORTMCMORAN_INC_2021Q2.txt,35671D85,FCX,FREEPORT-MCMORAN INC,0.77,0.77
/Users/vazea/Desktop/NNW/transcripts_by_company/KINDER_MORGAN_INC_2019Q1.txt,49456B10,KMI,KINDER MORGAN INC,0.25,0.24
/Users/vazea/Desktop/NNW/transcripts_by_company/EMCOR_GROUP_INC_2006Q1.txt,29084Q10,EME,EMCOR GROUP INC,0.24,0.2
/Users/vazea/Desktop/NNW/transcripts_by_company/RITHM_CAPITAL_CORP_2016Q4.txt,64828T20,NRZ,RITHM CAPITAL CORP,2.14,2.09
/Users/vazea/Desktop/NNW/transcripts_by_company/COLFAX_CORP_2017Q1.txt,19401410,CFX,COLFAX CORP,0.35,0.29
/Users/vazea/Desktop/NNW/transcripts_by_company/TSAKOS_ENERGY_NAVIGATION_LTD_2021Q1.txt,G9108L10,TNP,TSAKOS ENERGY NAVIGATION LTD,-0.71,-0.94
/Users/vazea/Desktop/NNW/transcripts_by_company/AMERICAN_WOODMARK_CORP_2010Q3.txt,03050610,AMWD,AMERICAN WOODMARK CORP,-0.65,-0.33
/Users/vazea/Desktop/NNW/transcripts_by_company/INSMED_INC_2019Q1.txt,45766930,INSM,INSMED INC,-0.96,-0.93
/Users/vazea/Desktop/NNW/transcripts_by_company/MATSON_INC_2022Q2.txt,57686G10,MATX,MATSON INC,9.49,8.27
/Users/vazea/Desktop/NNW/transcripts_by_company/EXPRESS_INC_2015Q1.txt,30219E10,EXPR,EXPRESS INC,0.06,0.14
/Users/vazea/Desktop/NNW/transcripts_by_company/FORMFACTOR_INC_2022Q4.txt,34637510,FORM,FORMFACTOR INC,1.26,1.22
/Users/vazea/Desktop/NNW/transcripts_by_company/BGC_PARTNERS_INC_2012Q2.txt,05541T10,BGCP,BGC PARTNERS INC,0.17,0.17
/Users/vazea/Desktop/NNW/transcripts_by_company/CHRISTOPHER_BANKS_CORP_2014Q4.txt,17104610,CBK,CHRISTOPHER & BANKS CORP,0.24,0.21
/Users/vazea/Desktop/NNW/transcripts_by_company/VITAL_SIGNS_INC_2005Q2.txt,92846910,VITL,VITAL SIGNS INC,0.46,0.53
/Users/vazea/Desktop/NNW/transcripts_by_company/AMTECH_SYSTEMS_INC_2021Q3.txt,03233250,ASYS,AMTECH SYSTEMS INC,0.03,0.0
/Users/vazea/Desktop/NNW/transcripts_by_company/CINTAS_CORP_2018Q2.txt,17290810,CTAS,CINTAS CORP,1.31,1.25
/Users/vazea/Desktop/NNW/transcripts_by_company/SEASPINE_HOLDINGS_CORP_2019Q4.txt,81255T10,SPNE,SEASPINE HOLDINGS CORP,-2.07,-2.06
/Users/vazea/Desktop/NNW/transcripts_by_company/EQUINIX_2002Q3.txt,29444U10,EQIX,EQUINIX,-0.3,0.37
/Users/vazea/Desktop/NNW/transcripts_by_company/WORLD_KINECT_CORP_2017Q3.txt,98147510,INT,WORLD KINECT CORP,0.6,0.61
/Users/vazea/Desktop/NNW/transcripts_by_company/STAPLES_INC_2010Q2.txt,85503010,SPLS,STAPLES INC,0.16,0.16
/Users/vazea/Desktop/NNW/transcripts_by_company/HEWLETT_PACKARD_ENTERPRISE_CO_2021Q4.txt,42824C10,HPE,HEWLETT PACKARD ENTERPRISE CO,1.96,1.92
/Users/vazea/Desktop/NNW/transcripts_by_company/BIO_RAD_LABORATORIES_INC_2019Q1.txt,09057220,BIO,BIO RAD LABORATORIES INC,1.65,1.09
/Users/vazea/Desktop/NNW/transcripts_by_company/DEL_FRISCOS_RESTAURANT_GRUP_INC_2017Q4.txt,24507710,DFRG,DEL FRISCO'S RESTAURANT GRUP INC,0.75,0.74
/Users/vazea/Desktop/NNW/transcripts_by_company/AGIOS_PHARMACEUTICALS_INC_2018Q4.txt,00847X10,AGIO,AGIOS PHARMACEUTICALS INC,-6.03,-6.13
/Users/vazea/Desktop/NNW/transcripts_by_company/LANTHEUS_HOLDINGS_INC_2021Q1.txt,51654410,LNTH,LANTHEUS HOLDINGS INC,0.05,-0.01
/Users/vazea/Desktop/NNW/transcripts_by_company/BELDEN_INC_2016Q3.txt,07745410,BDC,BELDEN INC,1.29,1.26
/Users/vazea/Desktop/NNW/transcripts_by_company/SEATTLE_GENETICS_INC_2006Q3.txt,81257810,SGEN,SEATTLE GENETICS INC,-0.17,-0.2
/Users/vazea/Desktop/NNW/transcripts_by_company/ACCENTURE_LTD_2003Q4.txt,G1150G11,ACN,ACCENTURE LTD,1.05,1.05
/Users/vazea/Desktop/NNW/transcripts_by_company/SNYDERSLANCE_INC_2013Q4.txt,83355110,LNCE,SNYDERS-LANCE INC,1.16,1.2
/Users/vazea/Desktop/NNW/transcripts_by_company/ADVANCED_MICRO_DEVICES_INC_2007Q4.txt,00790310,AMD,ADVANCED MICRO DEVICES INC,-2.46,-2.64
/Users/vazea/Desktop/NNW/transcripts_by_company/ORBCOMM_INC_2011Q2.txt,68555P10,ORBC,ORBCOMM INC,0.01,-0.01
/Users/vazea/Desktop/NNW/transcripts_by_company/EXXON_MOBIL_CORP_2005Q4.txt,30231G10,XOM,EXXON MOBIL CORP,5.35,5.15
/Users/vazea/Desktop/NNW/transcripts_by_company/CST_BRANDS_INC_2016Q2.txt,12646R10,CST,CST BRANDS INC,0.38,0.48
/Users/vazea/Desktop/NNW/transcripts_by_company/CAMBRIDGE_HEART_INC_2007Q4.txt,13191010,CAMH,CAMBRIDGE HEART INC,-0.14,-0.17
/Users/vazea/Desktop/NNW/transcripts_by_company/ASML_HOLDING_NV_2010Q1.txt,N0705918,ASML,ASML HOLDING NV,0.35,0.32
/Users/vazea/Desktop/NNW/transcripts_by_company/MOELIS_CO_2020Q1.txt,60786M10,MC,MOELIS & CO,0.45,0.37
/Users/vazea/Desktop/NNW/transcripts_by_company/NUTRISYSTEM_INC_2010Q3.txt,67069D10,NTRI,NUTRISYSTEM INC,0.32,0.25
/Users/vazea/Desktop/NNW/transcripts_by_company/TREX_CO_INC_2011Q3.txt,89531P10,TREX,TREX CO INC,0.0,0.01
/Users/vazea/Desktop/NNW/transcripts_by_company/WESTLAKE_CORP_2005Q3.txt,96041310,WLK,WESTLAKE CORP,0.67,0.59
/Users/vazea/Desktop/NNW/transcripts_by_company/ENTERPRISE_PRODUCTS_PARTNERS_LP_2020Q2.txt,29379210,EPD,ENTERPRISE PRODUCTS PARTNERS LP,0.47,0.46
/Users/vazea/Desktop/NNW/transcripts_by_company/MULTIMEDIA_GAMES_HOLDING_CO_INC_2006Q1.txt,62545310,MGAM,MULTIMEDIA GAMES HOLDING CO INC,0.05,0.08
/Users/vazea/Desktop/NNW/transcripts_by_company/HERSHEY_CO_2010Q2.txt,42786610,HSY,HERSHEY CO,0.51,0.46
/Users/vazea/Desktop/NNW/transcripts_by_company/STERIS_PLC_2019Q2.txt,G8472010,STE,STERIS PLC,1.1,1.09
/Users/vazea/Desktop/NNW/transcripts_by_company/FIVE_PRIME_THERAPEUTICS_INC_2016Q3.txt,33830X10,FPRX,FIVE PRIME THERAPEUTICS INC,-0.72,-0.52
/Users/vazea/Desktop/NNW/transcripts_by_company/SALEM_MEDIA_GROUP_INC_2021Q3.txt,79409310,SALM,SALEM MEDIA GROUP INC,0.81,0.19
/Users/vazea/Desktop/NNW/transcripts_by_company/PFENEX_INC_2020Q2.txt,71707110,PFNX,PFENEX INC,-0.3,-0.26
/Users/vazea/Desktop/NNW/transcripts_by_company/TRUPANION_INC_2021Q4.txt,89820210,TRUP,TRUPANION INC,-0.89,-0.86
/Users/vazea/Desktop/NNW/transcripts_by_company/TUPPERWARE_BRANDS_CORP_2020Q4.txt,89989610,TUP,TUPPERWARE BRANDS CORP,2.24,2.95
/Users/vazea/Desktop/NNW/transcripts_by_company/GILDAN_ACTIVEWEAR_INC_2022Q4.txt,37591610,GIL,GILDAN ACTIVEWEAR INC,3.11,3.15
/Users/vazea/Desktop/NNW/transcripts_by_company/LIMONEIRA_CO_2018Q3.txt,53274610,LMNR,LIMONEIRA CO,0.5,0.54
/Users/vazea/Desktop/NNW/transcripts_by_company/LEXMARK_INTERNATIONAL_INC_2001Q1.txt,52977110,LXK,LEXMARK INTERNATIONAL INC,0.6,0.58
/Users/vazea/Desktop/NNW/transcripts_by_company/SYNDAX_PHARMACEUTICALS_INC_2019Q1.txt,87164F10,SNDX,SYNDAX PHARMACEUTICALS INC,-0.53,-0.55
/Users/vazea/Desktop/NNW/transcripts_by_company/STAR_EQUITY_HOLDINGS_INC_2023Q1.txt,85513Q10,STRR,STAR EQUITY HOLDINGS INC,0.06,-0.05
/Users/vazea/Desktop/NNW/transcripts_by_company/US_AUTO_PARTS_NETWORK_INC_2017Q4.txt,90343C10,PRTS,US AUTO PARTS NETWORK INC,0.73,0.71
/Users/vazea/Desktop/NNW/transcripts_by_company/AMERICAN_AIRLINES_GROUP_INC_2013Q4.txt,02376R10,AAL,AMERICAN AIRLINES GROUP INC,2.91,2.56
/Users/vazea/Desktop/NNW/transcripts_by_company/KFORCE_INC_2018Q4.txt,49373210,KFRC,KFORCE INC,2.3,2.21
/Users/vazea/Desktop/NNW/transcripts_by_company/CARLISLE_COMPANIES_INC_2006Q4.txt,14233910,CSL,CARLISLE COMPANIES INC,5.42,5.45
/Users/vazea/Desktop/NNW/transcripts_by_company/UNISYS_CORP_2014Q4.txt,90921430,UIS,UNISYS CORP,0.89,1.02
/Users/vazea/Desktop/NNW/transcripts_by_company/INGREDION_INC_2019Q2.txt,45718710,INGR,INGREDION INC,1.66,1.63
/Users/vazea/Desktop/NNW/transcripts_by_company/MULTI_FINELINE_ELECTRONIX_INC_2015Q4.txt,62541B10,MFLX,MULTI FINELINE ELECTRONIX INC,0.57,1.84
/Users/vazea/Desktop/NNW/transcripts_by_company/NORWEGIAN_CRUISE_LINE_HOLDINGS_L_2015Q2.txt,G6672110,NCLH,NORWEGIAN CRUISE LINE HOLDINGS L,0.75,0.73
/Users/vazea/Desktop/NNW/transcripts_by_company/SELECT_INTERIOR_CONCEPTS_INC_2020Q1.txt,81612030,SIC,SELECT INTERIOR CONCEPTS INC,-0.07,-0.09
/Users/vazea/Desktop/NNW/transcripts_by_company/CALIX_INC_2015Q3.txt,13100M50,CALX,CALIX INC,0.16,0.08
/Users/vazea/Desktop/NNW/transcripts_by_company/SILICON_LABORATORIES_INC_2008Q3.txt,82691910,SLAB,SILICON LABORATORIES INC,0.49,0.43
/Users/vazea/Desktop/NNW/transcripts_by_company/EGAIN_CORP_2020Q3.txt,28225C80,EGAN,EGAIN CORP,0.07,0.0
/Users/vazea/Desktop/NNW/transcripts_by_company/SERVICENOW_INC_2013Q3.txt,81762P10,NOW,SERVICENOW INC,0.01,-0.02
/Users/vazea/Desktop/NNW/transcripts_by_company/LXP_INDUSTRIAL_TRUST_2006Q4.txt,52904310,LXP,LXP INDUSTRIAL TRUST,-0.33,0.07
/Users/vazea/Desktop/NNW/transcripts_by_company/HOLLYFRONTIER_CORP_2016Q4.txt,43610610,HFC,HOLLYFRONTIER CORP,0.51,0.53
/Users/vazea/Desktop/NNW/transcripts_by_company/APPLE_INC_2008Q2.txt,03783310,AAPL,APPLE INC,1.16,1.07
/Users/vazea/Desktop/NNW/transcripts_by_company/CBIZ_INC_2007Q4.txt,12480510,CBZ,CBIZ INC,0.43,0.43
/Users/vazea/Desktop/NNW/transcripts_by_company/CYBERARK_SOFTWARE_LTD_2017Q2.txt,M2682V10,CYBR,CYBERARK SOFTWARE LTD,0.21,0.19
/Users/vazea/Desktop/NNW/transcripts_by_company/FIRST_AMERICAN_FINANCIAL_CORP_2010Q3.txt,31847R10,FAF,FIRST AMERICAN FINANCIAL CORP,0.31,0.32
/Users/vazea/Desktop/NNW/transcripts_by_company/EMERSON_ELECTRIC_CO_2022Q1.txt,29101110,EMR,EMERSON ELECTRIC CO,1.05,1.0
/Users/vazea/Desktop/NNW/transcripts_by_company/CAMTEK_LTD_2021Q2.txt,M2079110,CAMT,CAMTEK LTD,0.38,0.35
/Users/vazea/Desktop/NNW/transcripts_by_company/CENTRAL_GARDEN_PET_CO_2006Q4.txt,15352710,CENT,CENTRAL GARDEN & PET CO,2.83,2.85
/Users/vazea/Desktop/NNW/transcripts_by_company/PHOTON_DYNAMICS_INC_2007Q1.txt,71936410,PHTN,PHOTON DYNAMICS INC,-0.43,-0.5
/Users/vazea/Desktop/NNW/transcripts_by_company/AZZ_INC_2020Q4.txt,00247410,AZZ,AZZ INC,2.71,2.76
/Users/vazea/Desktop/NNW/transcripts_by_company/BAIDU_INC_2023Q2.txt,05675210,BIDU,BAIDU INC,22.55,17.04
/Users/vazea/Desktop/NNW/transcripts_by_company/BOINGO_WIRELESS_INC_2017Q4.txt,09739C10,WIFI,BOINGO WIRELESS INC,-0.49,-0.59
/Users/vazea/Desktop/NNW/transcripts_by_company/COMPUTER_TASK_GROUP_INC_2022Q2.txt,20547710,CTG,COMPUTER TASK GROUP INC,0.15,0.12
/Users/vazea/Desktop/NNW/transcripts_by_company/LEGG_MASON_INC_2018Q2.txt,52490110,LM,LEGG MASON INC,0.78,0.69
/Users/vazea/Desktop/NNW/transcripts_by_company/LOGILITY_SUPPLY_CHAIN_SOLUTIONS_2020Q1.txt,02968310,AMSWA,LOGILITY SUPPLY CHAIN SOLUTIONS,0.04,0.05
/Users/vazea/Desktop/NNW/transcripts_by_company/ESTEE_LAUDER_COMPANIES_INC_2013Q3.txt,51843910,EL,ESTEE LAUDER COMPANIES INC,0.45,0.33
/Users/vazea/Desktop/NNW/transcripts_by_company/CENTILLIUM_COMMUNICATIONS_2002Q4.txt,15231910,CTLM,CENTILLIUM COMMUNICATIONS,-0.59,-0.66
/Users/vazea/Desktop/NNW/transcripts_by_company/CDW_CORP_2018Q3.txt,12514G10,CDW,CDW CORP,1.42,1.33
/Users/vazea/Desktop/NNW/transcripts_by_company/JJILL_INC_2019Q3.txt,46620W10,JILL,J.JILL INC,0.15,0.09
/Users/vazea/Desktop/NNW/transcripts_by_company/MARINEMAX_INC_2021Q1.txt,56790810,HZO,MARINEMAX INC,1.04,0.56
/Users/vazea/Desktop/NNW/transcripts_by_company/HARMONIC_INC_2020Q3.txt,41316010,HLIT,HARMONIC INC,0.03,-0.05
/Users/vazea/Desktop/NNW/transcripts_by_company/KELLY_SERVICES_INC_2005Q2.txt,48815220,KELYA,KELLY SERVICES INC,0.26,0.26
/Users/vazea/Desktop/NNW/transcripts_by_company/NOVELLUS_SYSTEMS_2007Q2.txt,67000810,NVLS,NOVELLUS SYSTEMS,0.45,0.44
/Users/vazea/Desktop/NNW/transcripts_by_company/KOHLS_CORP_2020Q2.txt,50025510,KSS,KOHLS CORP,1.55,1.52
/Users/vazea/Desktop/NNW/transcripts_by_company/CISCO_SYSTEMS_INC_2015Q4.txt,17275R10,CSCO,CISCO SYSTEMS INC,2.21,2.18
/Users/vazea/Desktop/NNW/transcripts_by_company/HORMEL_FOODS_CORP_2011Q3.txt,44045210,HRL,HORMEL FOODS CORP,0.36,0.35
/Users/vazea/Desktop/NNW/transcripts_by_company/ULTRATECH_INCORPORATED_2012Q2.txt,90403410,UTEK,ULTRATECH INCORPORATED,0.41,0.39
/Users/vazea/Desktop/NNW/transcripts_by_company/FERRELLGAS_PARTNERS_LP_2009Q4.txt,31529310,FGP,FERRELLGAS PARTNERS LP,0.84,0.82
/Users/vazea/Desktop/NNW/transcripts_by_company/BRONCO_DRILLING_CO_INC_2007Q3.txt,11221110,BRNC,BRONCO DRILLING CO INC,0.38,0.33
/Users/vazea/Desktop/NNW/transcripts_by_company/TELEDYNE_TECHNOLOGIES_INC_2019Q1.txt,87936010,TDY,TELEDYNE TECHNOLOGIES INC,2.05,1.92
/Users/vazea/Desktop/NNW/transcripts_by_company/PERRIGO_COMPANY_PLC_2015Q3.txt,G9782210,PRGO,PERRIGO COMPANY PLC,1.85,1.73
/Users/vazea/Desktop/NNW/transcripts_by_company/RALPH_LAUREN_CORP_2013Q3.txt,75121210,RL,RALPH LAUREN CORP,2.4,2.21
/Users/vazea/Desktop/NNW/transcripts_by_company/FRANCONEVADA_CORP_2022Q1.txt,3518581X,FNV,FRANCO-NEVADA CORP,0.93,0.96
/Users/vazea/Desktop/NNW/transcripts_by_company/PENTAIR_INC_2002Q4.txt,70963110,PNR,PENTAIR INC,2.61,2.6
/Users/vazea/Desktop/NNW/transcripts_by_company/SPX_FLOW_INC_2019Q3.txt,78469X10,FLOW,SPX FLOW INC,0.59,0.47
/Users/vazea/Desktop/NNW/transcripts_by_company/EVOKE_PHARMA_INC_2021Q3.txt,30049G10,EVOK,EVOKE PHARMA INC,-0.06,-0.07
/Users/vazea/Desktop/NNW/transcripts_by_company/VIVINT_SMART_HOME_INC_2020Q4.txt,92854210,VVNT,VIVINT SMART HOME INC,-2.59,-2.36
/Users/vazea/Desktop/NNW/transcripts_by_company/ACI_WORLDWIDE_INC_2019Q2.txt,00449810,ACIW,ACI WORLDWIDE INC,0.05,-0.07
/Users/vazea/Desktop/NNW/transcripts_by_company/CONSTRUCTION_PARTNERS_INC_2022Q2.txt,21044C10,ROAD,CONSTRUCTION PARTNERS INC,-0.18,-0.06
/Users/vazea/Desktop/NNW/transcripts_by_company/MOMENTA_PHARMACEUTICALS_INC_2008Q4.txt,60877T10,MNTA,MOMENTA PHARMACEUTICALS INC,-1.74,-1.66
/Users/vazea/Desktop/NNW/transcripts_by_company/ACTIVISION_BLIZZARD_INC_2010Q4.txt,00507V10,ATVI,ACTIVISION BLIZZARD INC,0.79,0.77
/Users/vazea/Desktop/NNW/transcripts_by_company/SERVICESOURCE_INTERNATIONAL_INC_2017Q3.txt,81763U10,SREV,SERVICESOURCE INTERNATIONAL INC,0.02,0.01
/Users/vazea/Desktop/NNW/transcripts_by_company/EXELIXIS_INC_2005Q2.txt,30161Q10,EXEL,EXELIXIS INC,-0.13,-0.03
/Users/vazea/Desktop/NNW/transcripts_by_company/WEYERHAEUSER_CO_2016Q1.txt,96216610,WY,WEYERHAEUSER CO,0.24,0.21
/Users/vazea/Desktop/NNW/transcripts_by_company/GOLAR_LNG_PARTNERS_LP_2013Q2.txt,Y2745C10,GMLP,GOLAR LNG PARTNERS LP,0.48,0.52
/Users/vazea/Desktop/NNW/transcripts_by_company/SUNEDISON_SEMICONDUCTOR_LTD_2014Q2.txt,Y8213L10,SEMI,SUNEDISON SEMICONDUCTOR LTD,0.34,-0.36
/Users/vazea/Desktop/NNW/transcripts_by_company/INTERACTIVE_BROKERS_GROUP_INC_2012Q1.txt,45841N10,IBKR,INTERACTIVE BROKERS GROUP INC,0.3,0.34
/Users/vazea/Desktop/NNW/transcripts_by_company/KORNIT_DIGITAL_LTD_2021Q4.txt,M6372Q11,KRNT,KORNIT DIGITAL LTD,1.25,0.87
/Users/vazea/Desktop/NNW/transcripts_by_company/VERMILLION_INC_2010Q3.txt,92407M20,VRML,VERMILLION INC,-0.24,-0.36
/Users/vazea/Desktop/NNW/transcripts_by_company/JUNIPER_NETWORKS_INC_2015Q2.txt,48203R10,JNPR,JUNIPER NETWORKS INC,0.53,0.4
/Users/vazea/Desktop/NNW/transcripts_by_company/ALPHATEC_HOLDINGS_INC_2011Q3.txt,02081G10,ATEC,ALPHATEC HOLDINGS INC,0.0,0.0
/Users/vazea/Desktop/NNW/transcripts_by_company/SUPPORTCOM_INC_2011Q1.txt,86858W10,SPRT,SUPPORT.COM INC,-0.05,-0.07
/Users/vazea/Desktop/NNW/transcripts_by_company/PGE_CORP_2010Q3.txt,69331C10,PCG,PG&E CORP,1.02,0.96
/Users/vazea/Desktop/NNW/transcripts_by_company/DIAMOND_RESORTS_INTERNATINAL_INC_2015Q1.txt,25272T10,DRII,DIAMOND RESORTS INTERNATINAL INC,0.34,0.27
/Users/vazea/Desktop/NNW/transcripts_by_company/PANTRY_INC_2010Q1.txt,69865710,PTRY,PANTRY INC.,-0.27,-0.19
/Users/vazea/Desktop/NNW/transcripts_by_company/AMERICAN_SUPERCONDUCTOR_CORP_2016Q1.txt,03011120,AMSC,AMERICAN SUPERCONDUCTOR CORP,-0.72,-0.69
/Users/vazea/Desktop/NNW/transcripts_by_company/NCINO_INC_2021Q3.txt,63947U10,NCNO,NCINO INC,-0.03,-0.09
/Users/vazea/Desktop/NNW/transcripts_by_company/NVE_CORP_2013Q4.txt,62944520,NVEC,NVE CORP,2.43,2.48
/Users/vazea/Desktop/NNW/transcripts_by_company/ALLERGAN_INC_2009Q2.txt,01849010,AGN,ALLERGAN INC,0.75,0.67
/Users/vazea/Desktop/NNW/transcripts_by_company/MONEYLION_INC_2022Q4.txt,60938K10,ML,MONEYLION INC,-0.22,-0.35
/Users/vazea/Desktop/NNW/transcripts_by_company/NEXSTAR_MEDIA_GROUP_INC_2011Q3.txt,65336K10,NXST,NEXSTAR MEDIA GROUP INC,-0.22,-0.1
/Users/vazea/Desktop/NNW/transcripts_by_company/HERC_HOLDINGS_INC_2020Q4.txt,42704L10,HRI,HERC HOLDINGS INC,3.01,2.63
/Users/vazea/Desktop/NNW/transcripts_by_company/RETROPHIN_INC_2016Q4.txt,76129910,RTRX,RETROPHIN INC,-1.29,-1.28
/Users/vazea/Desktop/NNW/transcripts_by_company/WHOLE_FOODS_MARKET_INC_2016Q4.txt,96683710,WFM,WHOLE FOODS MARKET INC,1.55,1.52
/Users/vazea/Desktop/NNW/transcripts_by_company/KIRKLANDS_INC_2018Q2.txt,49749810,KIRK,KIRKLAND'S INC,-0.24,-0.29
/Users/vazea/Desktop/NNW/transcripts_by_company/IRIS_INTERNATIONAL_INC_2008Q1.txt,46270W10,IRIS,IRIS INTERNATIONAL INC,0.1,0.1
/Users/vazea/Desktop/NNW/transcripts_by_company/KOSMOS_ENERGY_LTD_2022Q2.txt,50068810,KOS,KOSMOS ENERGY LTD,0.28,0.24
/Users/vazea/Desktop/NNW/transcripts_by_company/AMAZONCOM_INC_2008Q4.txt,02313510,AMZN,AMAZON.COM INC,1.49,1.37
/Users/vazea/Desktop/NNW/transcripts_by_company/INTERTEL_INC_2006Q3.txt,45837210,INTL,INTER-TEL INC,0.3,0.27
/Users/vazea/Desktop/NNW/transcripts_by_company/ZEPP_HEALTH_CORP_2022Q1.txt,98945L10,ZEPP,ZEPP HEALTH CORP,1.21,0.39
/Users/vazea/Desktop/NNW/transcripts_by_company/GULFPORT_ENERGY_CORP_2006Q2.txt,40263530,GPOR,GULFPORT ENERGY CORP,0.21,0.21
/Users/vazea/Desktop/NNW/transcripts_by_company/HILTON_GRAND_VACATIONS_INC_2020Q4.txt,43283X10,HGV,HILTON GRAND VACATIONS INC,0.09,-0.6
/Users/vazea/Desktop/NNW/transcripts_by_company/GSK_PLC_2002Q3.txt,37733W10,GSK,GSK PLC,0.51,0.51
/Users/vazea/Desktop/NNW/transcripts_by_company/ALASKA_COMMUNICATIONS_SYS_GR_INC_2015Q3.txt,01167P10,ALSK,ALASKA COMMUNICATIONS SYS GR INC,0.07,-0.04
/Users/vazea/Desktop/NNW/transcripts_by_company/PATRICK_INDUSTRIES_INC_2014Q1.txt,70334310,PATK,PATRICK INDUSTRIES INC,0.64,0.59
/Users/vazea/Desktop/NNW/transcripts_by_company/SANGAMO_THERAPEUTICS_INC_2018Q2.txt,80067710,SGMO,SANGAMO THERAPEUTICS INC,-0.17,-0.19
/Users/vazea/Desktop/NNW/transcripts_by_company/SILGAN_HOLDINGS_INC_2014Q3.txt,82704810,SLGN,SILGAN HOLDINGS INC,1.33,1.32
/Users/vazea/Desktop/NNW/transcripts_by_company/LOJACK_CORP_2006Q3.txt,53945110,LOJN,LOJACK CORP,0.32,0.33
/Users/vazea/Desktop/NNW/transcripts_by_company/MOELIS_CO_2020Q3.txt,60786M10,MC,MOELIS & CO,0.54,0.07
/Users/vazea/Desktop/NNW/transcripts_by_company/MAGICJACK_VOCALTEC_LTD_2013Q4.txt,M6787E10,CALL,MAGICJACK VOCALTEC LTD,3.81,1.82
/Users/vazea/Desktop/NNW/transcripts_by_company/OUTFRONT_MEDIA_INC_2015Q2.txt,69007J10,OUT,OUTFRONT MEDIA INC,0.16,0.23
/Users/vazea/Desktop/NNW/transcripts_by_company/BARNES_NOBLE_EDUCATION_INC_2019Q4.txt,06777U10,BNED,BARNES & NOBLE EDUCATION INC,-0.52,0.47
/Users/vazea/Desktop/NNW/transcripts_by_company/COLUMBIA_SPORTSWEAR_CO_2011Q3.txt,19851610,COLM,COLUMBIA SPORTSWEAR CO,1.94,1.59
/Users/vazea/Desktop/NNW/transcripts_by_company/KERYX_BIOPHARMACEUTICALS_2015Q3.txt,49251510,KERX,KERYX BIOPHARMACEUTICALS,-0.29,-0.25
/Users/vazea/Desktop/NNW/transcripts_by_company/EL_PASO_ELEC_CO_2015Q1.txt,28367785,EE,EL PASO ELEC CO,0.09,0.15
/Users/vazea/Desktop/NNW/transcripts_by_company/MERCADOLIBRE_INC_2011Q1.txt,58733R10,MELI,MERCADOLIBRE INC,0.32,0.31
/Users/vazea/Desktop/NNW/transcripts_by_company/SYMMETRICOM_INCORPORATED_2010Q3.txt,87154310,SYMM,SYMMETRICOM INCORPORATED,0.15,0.13
/Users/vazea/Desktop/NNW/transcripts_by_company/GLOBAL_NET_LEASE_INC_2020Q3.txt,37937820,GNL,GLOBAL NET LEASE INC,-0.01,0.02
/Users/vazea/Desktop/NNW/transcripts_by_company/MAKEMYTRIP_LTD_2012Q1.txt,V5633W10,MMYT,MAKEMYTRIP LTD,0.04,0.03
/Users/vazea/Desktop/NNW/transcripts_by_company/PAREXEL_INTERNATIONAL_CORP_2002Q3.txt,69946210,PRXL,PAREXEL INTERNATIONAL CORP,0.14,0.14
/Users/vazea/Desktop/NNW/transcripts_by_company/APOLLO_EDUCATION_GROUP_INC_2005Q3.txt,03760410,APOL,APOLLO EDUCATION GROUP INC,0.77,0.74
/Users/vazea/Desktop/NNW/transcripts_by_company/FERRO_CORP_2005Q4.txt,31540510,FOE,FERRO CORP,0.52,0.75
/Users/vazea/Desktop/NNW/transcripts_by_company/GODADDY_INC_2020Q4.txt,38023710,GDDY,GODADDY INC,-2.94,-3.02
/Users/vazea/Desktop/NNW/transcripts_by_company/UNIFIRST_CORP_2014Q2.txt,90470810,UNF,UNIFIRST CORP,1.27,1.4
/Users/vazea/Desktop/NNW/transcripts_by_company/MINERVA_NEUROSCIENCES_INC_2017Q3.txt,60338010,NERV,MINERVA NEUROSCIENCES INC,-0.28,-0.26
/Users/vazea/Desktop/NNW/transcripts_by_company/ANI_PHARMACEUTICALS_INC_2017Q4.txt,00182C10,ANIP,ANI PHARMACEUTICALS INC,3.91,3.9
/Users/vazea/Desktop/NNW/transcripts_by_company/GLATFELTER_2004Q2.txt,37731610,GLT,GLATFELTER,-0.04,0.0
/Users/vazea/Desktop/NNW/transcripts_by_company/HERCULES_CAPITAL_INC_2006Q2.txt,42709650,HTGC,HERCULES CAPITAL INC,0.19,0.19
/Users/vazea/Desktop/NNW/transcripts_by_company/DAVITA_INC_2006Q1.txt,23918K10,DVA,DAVITA INC,0.55,0.53
/Users/vazea/Desktop/NNW/transcripts_by_company/MANNING_AND_NAPIER_INC_2017Q2.txt,56382Q10,MN,MANNING AND NAPIER INC,0.12,0.12
/Users/vazea/Desktop/NNW/transcripts_by_company/VENTIV_HEALTH_INCORPORATED_2005Q1.txt,92279310,VTIV,VENTIV HEALTH INCORPORATED,0.33,0.22
/Users/vazea/Desktop/NNW/transcripts_by_company/CONOCOPHILLIPS_2022Q2.txt,20825C10,COP,CONOCOPHILLIPS,3.91,3.86
/Users/vazea/Desktop/NNW/transcripts_by_company/CALIX_INC_2013Q3.txt,13100M50,CALX,CALIX INC,0.2,0.14
/Users/vazea/Desktop/NNW/transcripts_by_company/QUIDEL_CORP_2006Q1.txt,74838J10,QDEL,QUIDEL CORP,0.15,0.1
/Users/vazea/Desktop/NNW/transcripts_by_company/ANADIGICS_INC_2002Q2.txt,03251510,ANAD,ANADIGICS INC,-0.29,-0.29
/Users/vazea/Desktop/NNW/transcripts_by_company/WHITEHORSE_FINANCE_INC_2014Q3.txt,96524V10,WHF,WHITEHORSE FINANCE INC,0.27,0.29
/Users/vazea/Desktop/NNW/transcripts_by_company/PRA_GROUP_INC_2019Q3.txt,69354N10,PRAA,PRA GROUP INC,0.55,0.44
/Users/vazea/Desktop/NNW/transcripts_by_company/MICROCHIP_TECHNOLOGY_INC_2010Q3.txt,59501710,MCHP,MICROCHIP TECHNOLOGY INC,0.37,0.29
/Users/vazea/Desktop/NNW/transcripts_by_company/RADISYS_CORPORATION_2006Q4.txt,75045910,RSYS,RADISYS CORPORATION,0.5,0.43
/Users/vazea/Desktop/NNW/transcripts_by_company/OXFORD_INDUSTRIES_INC_2020Q2.txt,69149730,OXM,OXFORD INDUSTRIES INC,1.84,1.86
/Users/vazea/Desktop/NNW/transcripts_by_company/CLOVIS_ONCOLOGY_INC_2013Q1.txt,18946410,CLVS,CLOVIS ONCOLOGY INC,-0.6,-0.61
/Users/vazea/Desktop/NNW/transcripts_by_company/BREAD_FINANCIAL_HOLDINGS_INC_2010Q3.txt,01858110,ADS,BREAD FINANCIAL HOLDINGS INC,1.55,1.52
/Users/vazea/Desktop/NNW/transcripts_by_company/RED_ROBIN_GOURMET_BURGERS_INC_2005Q3.txt,75689M10,RRGB,RED ROBIN GOURMET BURGERS INC,0.45,0.41
/Users/vazea/Desktop/NNW/transcripts_by_company/CLEARWATER_PAPER_CORP_2011Q3.txt,18538R10,CLW,CLEARWATER PAPER CORP,0.37,0.68
/Users/vazea/Desktop/NNW/transcripts_by_company/NETSCOUT_SYSTEMS_INC_2018Q2.txt,64115T10,NTCT,NETSCOUT SYSTEMS INC,0.29,0.26
/Users/vazea/Desktop/NNW/transcripts_by_company/CINEMARK_HOLDINGS_INC_2008Q4.txt,17243V10,CNK,CINEMARK HOLDINGS INC,-0.45,0.48
/Users/vazea/Desktop/NNW/transcripts_by_company/NOVANTA_INC_2019Q4.txt,67000B10,NOVT,NOVANTA INC,2.14,2.14
/Users/vazea/Desktop/NNW/transcripts_by_company/TOTAL_SYSTEM_SERVICES_INC_2009Q1.txt,89190610,TSS,TOTAL SYSTEM SERVICES INC,0.26,0.3
/Users/vazea/Desktop/NNW/transcripts_by_company/TRINITY_INDUSTRIES_INC_2007Q1.txt,89652210,TRN,TRINITY INDUSTRIES INC,0.74,0.65
/Users/vazea/Desktop/NNW/transcripts_by_company/HORMEL_FOODS_CORP_2003Q4.txt,44045210,HRL,HORMEL FOODS CORP,1.33,1.3
/Users/vazea/Desktop/NNW/transcripts_by_company/FRANCESCAS_HOLDINGS_CORP_2017Q4.txt,35179310,FRAN,FRANCESCA'S HOLDINGS CORP,1.09,1.07
/Users/vazea/Desktop/NNW/transcripts_by_company/SCOTTS_MIRACLEGRO_CO_2023Q2.txt,81018610,SMG,SCOTTS MIRACLE-GRO CO,3.78,3.66
/Users/vazea/Desktop/NNW/transcripts_by_company/ATLAS_AIR_WORLDWIDE_HOLDINGS_INC_2008Q4.txt,04916420,AAWW,ATLAS AIR WORLDWIDE HOLDINGS INC,2.97,1.35
/Users/vazea/Desktop/NNW/transcripts_by_company/T2_BIOSYSTEMS_INC_2016Q2.txt,89853L10,TTOO,T2 BIOSYSTEMS INC,-0.58,-0.56
/Users/vazea/Desktop/NNW/transcripts_by_company/FIRST_REPUBLIC_BANK_2014Q2.txt,33616C10,FRC,FIRST REPUBLIC BANK,0.76,0.75
/Users/vazea/Desktop/NNW/transcripts_by_company/EXPONENT_INC_2017Q4.txt,30214U10,EXPO,EXPONENT INC,2.14,2.09
/Users/vazea/Desktop/NNW/transcripts_by_company/HIBBETT_INC_2011Q2.txt,42856710,HIBB,HIBBETT INC,0.14,0.16
/Users/vazea/Desktop/NNW/transcripts_by_company/DIGIMARC_CORP_2006Q2.txt,25380710,DMRC,DIGIMARC CORP,-0.24,-0.26
/Users/vazea/Desktop/NNW/transcripts_by_company/SPARTANNASH_CO_2023Q3.txt,84721510,SPTN,SPARTANNASH CO,0.54,0.58
/Users/vazea/Desktop/NNW/transcripts_by_company/DTE_ENERGY_CO_2018Q2.txt,23333110,DTE,DTE ENERGY CO,1.36,1.09
/Users/vazea/Desktop/NNW/transcripts_by_company/CLEARPOINT_NEURO_INC_2021Q3.txt,18507C10,CLPT,CLEARPOINT NEURO INC,-0.18,-0.16
/Users/vazea/Desktop/NNW/transcripts_by_company/ARCHIPELAGO_LEARNING_INC_2011Q2.txt,03956P10,ARCL,ARCHIPELAGO LEARNING INC,0.08,0.03
/Users/vazea/Desktop/NNW/transcripts_by_company/CENTURY_ALUMINUM_CO_2020Q2.txt,15643110,CENX,CENTURY ALUMINUM CO,-0.19,-0.14
/Users/vazea/Desktop/NNW/transcripts_by_company/STRATASYS_LTD_2023Q2.txt,M8554810,SSYS,STRATASYS LTD,0.04,0.0
/Users/vazea/Desktop/NNW/transcripts_by_company/ALBERTSONS_COMPANIES_INC_2021Q2.txt,01309110,ACI,ALBERTSONS COMPANIES INC,0.6,0.25
/Users/vazea/Desktop/NNW/transcripts_by_company/TIMKEN_CO_2011Q2.txt,88738910,TKR,TIMKEN CO,1.22,1.13
/Users/vazea/Desktop/NNW/transcripts_by_company/FRANKLIN_ELECTRIC_CO_INC_2017Q3.txt,35351410,FELE,FRANKLIN ELECTRIC CO INC,0.53,0.52
/Users/vazea/Desktop/NNW/transcripts_by_company/DIGITAL_REALTY_TRUST_INC_2020Q4.txt,25386810,DLR,DIGITAL REALTY TRUST INC,1.0,1.06
/Users/vazea/Desktop/NNW/transcripts_by_company/DESTINATION_XL_GROUP_INC_2015Q3.txt,25065K10,DXLG,DESTINATION XL GROUP INC,-0.08,-0.1
/Users/vazea/Desktop/NNW/transcripts_by_company/NORTHERN_TRUST_CORP_2013Q2.txt,66585910,NTRS,NORTHERN TRUST CORP,0.78,0.82
/Users/vazea/Desktop/NNW/transcripts_by_company/MULTI_COLOR_CORPORATION_2012Q4.txt,62538310,LABL,MULTI COLOR CORPORATION,1.85,1.86
/Users/vazea/Desktop/NNW/transcripts_by_company/DIAMONDROCK_HOSPITALITY_CO_2011Q3.txt,25278430,DRH,DIAMONDROCK HOSPITALITY CO,-0.01,0.01
/Users/vazea/Desktop/NNW/transcripts_by_company/AXCELIS_TECHNOLOGIES_INC_2015Q2.txt,05454010,ACLS,AXCELIS TECHNOLOGIES INC,0.05,0.03
/Users/vazea/Desktop/NNW/transcripts_by_company/VALSPAR_CORP_2013Q2.txt,92035510,VAL,VALSPAR CORP,0.91,0.9
/Users/vazea/Desktop/NNW/transcripts_by_company/SYNTHETIC_BIOLOGICS_INC_2017Q4.txt,87164U10,SYN,SYNTHETIC BIOLOGICS INC,-0.18,-0.2
/Users/vazea/Desktop/NNW/transcripts_by_company/SANGAMO_THERAPEUTICS_INC_2008Q3.txt,80067710,SGMO,SANGAMO THERAPEUTICS INC,-0.15,-0.17
/Users/vazea/Desktop/NNW/transcripts_by_company/CLARIVATE_PLC_2019Q3.txt,G2181010,CCC,CLARIVATE PLC,0.14,0.08
/Users/vazea/Desktop/NNW/transcripts_by_company/MONEYLION_INC_2022Q3.txt,60938K10,ML,MONEYLION INC,-0.09,-0.12
/Users/vazea/Desktop/NNW/transcripts_by_company/RUSSELL_CORPORATION_2005Q1.txt,78235210,RML,RUSSELL CORPORATION,0.07,0.06
/Users/vazea/Desktop/NNW/transcripts_by_company/RPM_INTERNATIONAL_INC_2018Q4.txt,74968510,RPM,RPM INTERNATIONAL INC,2.92,3.07
/Users/vazea/Desktop/NNW/transcripts_by_company/NCR_VOYIX_CORP_2003Q1.txt,62886E10,NCR,NCR VOYIX CORP,-0.28,-0.29
/Users/vazea/Desktop/NNW/transcripts_by_company/JUNIPER_NETWORKS_INC_2013Q3.txt,48203R10,JNPR,JUNIPER NETWORKS INC,0.33,0.31
/Users/vazea/Desktop/NNW/transcripts_by_company/CENTENE_CORP_2022Q4.txt,15135B10,CNC,CENTENE CORP,5.78,5.73
/Users/vazea/Desktop/NNW/transcripts_by_company/INGRAM_MICRO_2003Q4.txt,45715310,IM,INGRAM MICRO,0.79,0.69
/Users/vazea/Desktop/NNW/transcripts_by_company/ARISTA_NETWORKS_INC_2017Q1.txt,04041310,ANET,ARISTA NETWORKS INC,0.93,0.85
/Users/vazea/Desktop/NNW/transcripts_by_company/SIGNET_JEWELERS_LTD_2020Q4.txt,G8127610,SIG,SIGNET JEWELERS LTD,3.88,3.66
/Users/vazea/Desktop/NNW/transcripts_by_company/OVERSEAS_SHIPHOLDING_GROUP_2012Q2.txt,69036810,OSG,OVERSEAS SHIPHOLDING GROUP,-1.52,-0.99
/Users/vazea/Desktop/NNW/transcripts_by_company/VIVUS_INC_2018Q1.txt,92855110,VVUS,VIVUS INC,-0.1,-0.11
/Users/vazea/Desktop/NNW/transcripts_by_company/COTHERIX_INC_2006Q1.txt,22163T10,CTRX,COTHERIX INC,-0.14,-0.21
/Users/vazea/Desktop/NNW/transcripts_by_company/BUNGE_LTD_2021Q3.txt,G1696210,BG,BUNGE LTD,3.72,1.44
/Users/vazea/Desktop/NNW/transcripts_by_company/FUBOTV_INC_2022Q2.txt,35953D10,FUBO,FUBOTV INC,-0.63,-0.64
/Users/vazea/Desktop/NNW/transcripts_by_company/INTERSECTIONS_INC_2008Q2.txt,46098130,INTX,INTERSECTIONS INC,0.25,0.09
/Users/vazea/Desktop/NNW/transcripts_by_company/COMPASS_PATHWAYS_PLC_2022Q2.txt,20451W10,CMPS,COMPASS PATHWAYS PLC,-0.5,-0.63
/Users/vazea/Desktop/NNW/transcripts_by_company/NOVA_LTD_2022Q4.txt,M7516K10,NVMI,NOVA LTD,5.07,5.03
/Users/vazea/Desktop/NNW/transcripts_by_company/ASBURY_AUTOMOTIVE_GROUP_INC_2020Q3.txt,04343610,ABG,ASBURY AUTOMOTIVE GROUP INC,4.08,4.0
/Users/vazea/Desktop/NNW/transcripts_by_company/GENERAL_DYNAMICS_CORP_2020Q2.txt,36955010,GD,GENERAL DYNAMICS CORP,2.18,2.18
/Users/vazea/Desktop/NNW/transcripts_by_company/AERCAP_HOLDINGS_NV_2017Q2.txt,N0098510,AER,AERCAP HOLDINGS NV,1.67,1.4
/Users/vazea/Desktop/NNW/transcripts_by_company/MOELIS_CO_2021Q4.txt,60786M10,MC,MOELIS & CO,5.4,5.47
/Users/vazea/Desktop/NNW/transcripts_by_company/LAM_RESEARCH_CORP_2024Q1.txt,51280710,LRCX,LAM RESEARCH CORP,6.85,6.05
/Users/vazea/Desktop/NNW/transcripts_by_company/DIGI_INTERNATIONAL_INC_2002Q3.txt,25379810,DGII,DIGI INTERNATIONAL INC,0.02,0.03
/Users/vazea/Desktop/NNW/transcripts_by_company/VIRTUSA_CORP_2017Q2.txt,92827P10,VRTU,VIRTUSA CORP,0.27,0.28
/Users/vazea/Desktop/NNW/transcripts_by_company/REGENERON_PHARMACEUTICALS_INC_2014Q1.txt,75886F10,REGN,REGENERON PHARMACEUTICALS INC,2.26,0.87
/Users/vazea/Desktop/NNW/transcripts_by_company/HOLOGIC_INC_2017Q3.txt,43644010,HOLX,HOLOGIC INC,0.5,0.49
/Users/vazea/Desktop/NNW/transcripts_by_company/BANK_OF_NEW_YORK_MELLON_CORP_2019Q3.txt,06405810,BK,BANK OF NEW YORK MELLON CORP,1.07,0.99
/Users/vazea/Desktop/NNW/transcripts_by_company/CADENCE_PHARMACEUTICALS_INC_2010Q3_1.txt,12738T10,CADX,CADENCE PHARMACEUTICALS INC,-0.23,-0.25
/Users/vazea/Desktop/NNW/transcripts_by_company/EGL_INC_2005Q4.txt,26848410,EAGL,EGL INC,1.2,1.15
/Users/vazea/Desktop/NNW/transcripts_by_company/HOME_DEPOT_INC_2020Q1.txt,43707610,HD,HOME DEPOT INC,2.27,2.19
/Users/vazea/Desktop/NNW/transcripts_by_company/RED_ROCK_RESORTS_INC_2023Q2.txt,75700L10,RRR,RED ROCK RESORTS INC,0.65,0.62
/Users/vazea/Desktop/NNW/transcripts_by_company/EXXON_MOBIL_CORP_2014Q2.txt,30231G10,XOM,EXXON MOBIL CORP,2.05,1.84
/Users/vazea/Desktop/NNW/transcripts_by_company/QUINSTREET_INC_2022Q2.txt,74874Q10,QNST,QUINSTREET INC,0.06,0.08
/Users/vazea/Desktop/NNW/transcripts_by_company/BLACK_BOX_CORPORATION_2009Q2.txt,09182610,BBOX,BLACK BOX CORPORATION,0.91,0.89
/Users/vazea/Desktop/NNW/transcripts_by_company/BRINKER_INTERNATIONAL_INC_2020Q2.txt,10964110,EAT,BRINKER INTERNATIONAL INC,1.01,0.94
/Users/vazea/Desktop/NNW/transcripts_by_company/GUESS_INC_2023Q3.txt,40161710,GES,GUESS? INC,0.44,0.55
/Users/vazea/Desktop/NNW/transcripts_by_company/AZZ_INC_2006Q1.txt,00247410,AZZ,AZZ INC,0.38,0.22
/Users/vazea/Desktop/NNW/transcripts_by_company/COSTCO_WHOLESALE_CORP_2017Q2.txt,22160K10,COST,COSTCO WHOLESALE CORP,1.17,1.35
/Users/vazea/Desktop/NNW/transcripts_by_company/ELECTRONIC_ARTS_INC_2022Q1.txt,28551210,EA,ELECTRONIC ARTS INC,0.79,0.6
/Users/vazea/Desktop/NNW/transcripts_by_company/CUSTOMERS_BANCORP_INC_2020Q1.txt,23204G10,CUBI,CUSTOMERS BANCORP INC,0.22,0.52
/Users/vazea/Desktop/NNW/transcripts_by_company/OMNITURE_INC_2007Q3.txt,68212S10,OMTR,OMNITURE INC,0.07,0.05
/Users/vazea/Desktop/NNW/transcripts_by_company/LINEAGE_CELL_THERAPEUTICS_INC_2021Q4.txt,53566P10,LCTX,LINEAGE CELL THERAPEUTICS INC,-0.26,-0.14
/Users/vazea/Desktop/NNW/transcripts_by_company/AUTOLIV_INC_2009Q3.txt,05280010,ALV,AUTOLIV INC,0.36,0.28
/Users/vazea/Desktop/NNW/transcripts_by_company/OCEAN_POWER_TECHNOLOGIES_INC_2014Q1.txt,67487030,OPTT,OCEAN POWER TECHNOLOGIES INC,-0.36,-0.4
/Users/vazea/Desktop/NNW/transcripts_by_company/ALLIANT_ENERGY_CORP_2004Q1.txt,01880210,LNT,ALLIANT ENERGY CORP,0.31,0.2
/Users/vazea/Desktop/NNW/transcripts_by_company/8X8_INC_2019Q2.txt,28291410,EGHT,8X8 INC,-0.04,-0.05
/Users/vazea/Desktop/NNW/transcripts_by_company/CONOR_MEDSYSTEMS_INC_2006Q3.txt,20826410,CONR,CONOR MEDSYSTEMS INC,-0.28,-0.35
/Users/vazea/Desktop/NNW/transcripts_by_company/CAI_INTERNATIONAL_INC_2016Q2.txt,12477X10,CAI,CAI INTERNATIONAL INC,0.19,0.4
/Users/vazea/Desktop/NNW/transcripts_by_company/STMICROELECTRONICS_NV_2015Q3.txt,86101210,STM,STMICROELECTRONICS NV,0.12,0.08
/Users/vazea/Desktop/NNW/transcripts_by_company/AMKOR_TECHNOLOGY_INC_2022Q3.txt,03165210,AMKR,AMKOR TECHNOLOGY INC,1.24,0.93
/Users/vazea/Desktop/NNW/transcripts_by_company/SERVICENOW_INC_2015Q4.txt,81762P10,NOW,SERVICENOW INC,0.4,0.29
/Users/vazea/Desktop/NNW/transcripts_by_company/OWENS_MINOR_INC_2017Q3.txt,69073210,OMI,OWENS & MINOR INC,0.4,0.49
/Users/vazea/Desktop/NNW/transcripts_by_company/AKEBIA_THERAPEUTICS_INC_2014Q3.txt,00972D10,AKBA,AKEBIA THERAPEUTICS INC,-0.47,-0.45
/Users/vazea/Desktop/NNW/transcripts_by_company/FTI_CONSULTING_INC_2022Q4.txt,30294110,FCN,FTI CONSULTING INC,6.77,6.6
/Users/vazea/Desktop/NNW/transcripts_by_company/POLYONE_CORPORATION_2016Q2.txt,73179P10,POL,POLYONE CORPORATION,0.63,0.61
/Users/vazea/Desktop/NNW/transcripts_by_company/HARLEYDAVIDSON_INC_2018Q2.txt,41282210,HOG,HARLEY-DAVIDSON INC,1.45,1.37
/Users/vazea/Desktop/NNW/transcripts_by_company/MACYS_INC_2017Q3.txt,55616P10,M,MACY'S INC,0.17,0.41
/Users/vazea/Desktop/NNW/transcripts_by_company/MARTEK_BIOSCIENCE_CORPORATION_2007Q2.txt,57290110,MATK,MARTEK BIOSCIENCE CORPORATION,0.15,0.15
/Users/vazea/Desktop/NNW/transcripts_by_company/EFJOHNSON_TECHNOLOGIES_INC_2004Q1.txt,26843B10,EFJI,EFJOHNSON TECHNOLOGIES INC,0.1,0.07
/Users/vazea/Desktop/NNW/transcripts_by_company/ECOSTIM_ENERGY_SOLUTIONS_INC_2016Q2.txt,27888D10,ESES,ECO-STIM ENERGY SOLUTIONS INC,-0.27,-0.25
/Users/vazea/Desktop/NNW/transcripts_by_company/PERSPECTA_INC_2020Q1.txt,71534710,PRSP,PERSPECTA INC,0.52,0.5
/Users/vazea/Desktop/NNW/transcripts_by_company/POPULAR_INC_2015Q3.txt,73317470,BPOP,POPULAR INC,0.79,0.94
/Users/vazea/Desktop/NNW/transcripts_by_company/ARTIVION_INC_2023Q1.txt,22890310,AORT,ARTIVION INC,-0.33,-0.15
/Users/vazea/Desktop/NNW/transcripts_by_company/INTRACELLULAR_THERAPIES_INC_2021Q4.txt,46116X10,ITCI,INTRA-CELLULAR THERAPIES INC,-3.5,-3.46
/Users/vazea/Desktop/NNW/transcripts_by_company/HENRY_SCHEIN_INC_2003Q1.txt,80640710,HSIC,HENRY SCHEIN INC,0.54,0.53
/Users/vazea/Desktop/NNW/transcripts_by_company/DEAN_FOODS_CO_2015Q4.txt,24237020,DF,DEAN FOODS CO,1.23,1.21
/Users/vazea/Desktop/NNW/transcripts_by_company/SUPER_MICRO_COMPUTER_INC_2021Q2.txt,86800U10,SMCI,SUPER MICRO COMPUTER INC,0.63,0.45
/Users/vazea/Desktop/NNW/transcripts_by_company/RINGCENTRAL_INC_2017Q4.txt,76680R20,RNG,RINGCENTRAL INC,0.2,0.19
/Users/vazea/Desktop/NNW/transcripts_by_company/GENOMIC_HEALTH_INC_2015Q3.txt,37244C10,GHDX,GENOMIC HEALTH INC,-0.17,-0.17
/Users/vazea/Desktop/NNW/transcripts_by_company/ADAPTIVE_BIOTECHNOLOGIES_CORP_2020Q4.txt,00650F10,ADPT,ADAPTIVE BIOTECHNOLOGIES CORP,-1.11,-1.08
/Users/vazea/Desktop/NNW/transcripts_by_company/UNITED_PARCEL_SERVICE_INC_2004Q3.txt,91131210,UPS,UNITED PARCEL SERVICE INC,0.7,0.72
/Users/vazea/Desktop/NNW/transcripts_by_company/AVISTA_CORP_2016Q2.txt,05379B10,AVA,AVISTA CORP,0.43,0.45
/Users/vazea/Desktop/NNW/transcripts_by_company/OPLINK_COMMUNICATIONS_INC_2007Q2.txt,68375Q40,OPLK,OPLINK COMMUNICATIONS INC,0.2,0.19
/Users/vazea/Desktop/NNW/transcripts_by_company/TEEKAY_TANKERS_LTD_2018Q4.txt,Y8565N10,TNK,TEEKAY TANKERS LTD,-0.2,-0.24
/Users/vazea/Desktop/NNW/transcripts_by_company/CHINDEX_INTERNATIONAL_INC_2010Q4.txt,16946710,CHDX,CHINDEX INTERNATIONAL INC.,0.36,0.48
/Users/vazea/Desktop/NNW/transcripts_by_company/PURE_STORAGE_INC_2016Q4.txt,74624M10,PSTG,PURE STORAGE INC,-1.74,-0.91
/Users/vazea/Desktop/NNW/transcripts_by_company/BLACKROCK_INC_2014Q3.txt,09247X10,BLK,BLACKROCK INC,5.21,4.72
/Users/vazea/Desktop/NNW/transcripts_by_company/AMERICAN_SCIENCE_ENGINE_INC_2009Q3.txt,02942910,ASEI,AMERICAN SCIENCE & ENGINE INC.,1.13,0.93
/Users/vazea/Desktop/NNW/transcripts_by_company/VASCULAR_SOLUTIONS_INC_2007Q2.txt,92231M10,VASC,VASCULAR SOLUTIONS INC,0.04,0.01
/Users/vazea/Desktop/NNW/transcripts_by_company/PEOPLES_EDUCATIONAL_HOLDINGS_INC_2008Q2.txt,71102610,PEDH,PEOPLES EDUCATIONAL HOLDINGS INC,-0.09,0.02
/Users/vazea/Desktop/NNW/transcripts_by_company/ATHERSYS_INC_2010Q4.txt,04744L10,ATHX,ATHERSYS INC,-0.6,-0.58
/Users/vazea/Desktop/NNW/transcripts_by_company/DONNELLEY_FINANCIAL_SOLUTIONS_IN_2017Q1.txt,25787G10,DFIN,DONNELLEY FINANCIAL SOLUTIONS IN,0.42,0.29
/Users/vazea/Desktop/NNW/transcripts_by_company/WEATHERFORD_INTERNATIONAL_LTD_2006Q1.txt,G9508910,WFT,WEATHERFORD INTERNATIONAL LTD,0.57,0.5
/Users/vazea/Desktop/NNW/transcripts_by_company/NORDSTROM_INC_2013Q3.txt,65566410,JWN,NORDSTROM INC,0.71,0.72
/Users/vazea/Desktop/NNW/transcripts_by_company/METALDYNE_PERFORMANCE_GROUP_INC_2015Q2.txt,59116R10,MPG,METALDYNE PERFORMANCE GROUP INC,0.64,0.58
/Users/vazea/Desktop/NNW/transcripts_by_company/BANK_OF_AMERICA_CORP_2016Q3.txt,06050510,BAC,BANK OF AMERICA CORP,0.41,0.33
/Users/vazea/Desktop/NNW/transcripts_by_company/3M_CO_2020Q3.txt,88579Y10,MMM,3M CO,2.43,2.25
/Users/vazea/Desktop/NNW/transcripts_by_company/QUICKLOGIC_CORP_2019Q2.txt,74837P10,QUIK,QUICKLOGIC CORP,-0.04,-0.04
/Users/vazea/Desktop/NNW/transcripts_by_company/CAVIUM_INC_2012Q2.txt,14964U10,CAVM,CAVIUM INC,0.07,0.02
/Users/vazea/Desktop/NNW/transcripts_by_company/GOODRICH_CORPORATION_2005Q3.txt,38238810,GR,GOODRICH CORPORATION,0.49,0.5
/Users/vazea/Desktop/NNW/transcripts_by_company/ROCKWELL_AUTOMATION_INC_2007Q2.txt,77390310,ROK,ROCKWELL AUTOMATION INC,0.82,0.92
/Users/vazea/Desktop/NNW/transcripts_by_company/HUNTSMAN_CORP_2015Q3.txt,44701110,HUN,HUNTSMAN CORP,0.47,0.41
/Users/vazea/Desktop/NNW/transcripts_by_company/AUDIBLE_INC_2005Q3.txt,05069A30,ADBL,AUDIBLE INC,-0.01,-0.01
/Users/vazea/Desktop/NNW/transcripts_by_company/BLOCK_INC_2022Q4.txt,85223410,SQ,BLOCK INC,1.0,1.06
/Users/vazea/Desktop/NNW/transcripts_by_company/WINDSTREAM_CORP_2009Q3.txt,97381W10,WIN,WINDSTREAM CORP,0.18,0.21
/Users/vazea/Desktop/NNW/transcripts_by_company/LIBERTY_PROPERTY_TRUST_2015Q1.txt,53117210,LPT,LIBERTY PROPERTY TRUST,0.31,0.26
/Users/vazea/Desktop/NNW/transcripts_by_company/DEERE_CO_2011Q4.txt,24419910,DE,DEERE & CO,6.63,6.43
/Users/vazea/Desktop/NNW/transcripts_by_company/ENSERVCO_CORP_2020Q1.txt,29358Y10,ENSV,ENSERVCO CORP,-0.05,-0.04
/Users/vazea/Desktop/NNW/transcripts_by_company/ENTASIS_THERAPEUTICS_HOLDINGS_IN_2021Q3.txt,29361410,ETTX,ENTASIS THERAPEUTICS HOLDINGS IN,-0.26,-0.28
/Users/vazea/Desktop/NNW/transcripts_by_company/STRYKER_CORP_2006Q2.txt,86366710,SYK,STRYKER CORP,0.52,0.51
/Users/vazea/Desktop/NNW/transcripts_by_company/LIGHTINTHEBOX_HOLDING_CO_LTD_2014Q1.txt,53225G10,LITB,LIGHTINTHEBOX HOLDING CO LTD,-0.16,-0.09
/Users/vazea/Desktop/NNW/transcripts_by_company/FORTRESS_INVESTMENT_GROUP_LLC_2010Q1.txt,34958B10,FIG,FORTRESS INVESTMENT GROUP LLC,0.16,0.08
/Users/vazea/Desktop/NNW/transcripts_by_company/SILICON_LABORATORIES_INC_2014Q3.txt,82691910,SLAB,SILICON LABORATORIES INC,0.52,0.47
/Users/vazea/Desktop/NNW/transcripts_by_company/EAST_WEST_BANCORP_INC_2009Q1.txt,27579R10,EWBC,EAST WEST BANCORP INC,-0.5,-0.23
/Users/vazea/Desktop/NNW/transcripts_by_company/HOME_BANCSHARES_INC_2010Q4.txt,43689320,HOMB,HOME BANCSHARES INC,0.52,1.37
/Users/vazea/Desktop/NNW/transcripts_by_company/MCGRATH_RENTCORP_2011Q1.txt,58058910,MGRC,MCGRATH RENTCORP,0.39,0.37
/Users/vazea/Desktop/NNW/transcripts_by_company/LPL_FINANCIAL_HOLDINGS_INC_2021Q1.txt,50212V10,LPLA,LPL FINANCIAL HOLDINGS INC,1.77,1.46
/Users/vazea/Desktop/NNW/transcripts_by_company/MANULIFE_FINANCIAL_CORP_2011Q3.txt,56501R1X,MFC,MANULIFE FINANCIAL CORP,-0.73,-0.52
/Users/vazea/Desktop/NNW/transcripts_by_company/VASCO_DATA_SECURITY_INTL_INC_2014Q4.txt,92230Y10,VDSI,VASCO DATA SECURITY INTL INC,0.83,0.83
/Users/vazea/Desktop/NNW/transcripts_by_company/HORNBECK_OFFSHORE_SERVICES_INC_2007Q4.txt,44054310,HOS,HORNBECK OFFSHORE SERVICES INC,3.54,3.52
/Users/vazea/Desktop/NNW/transcripts_by_company/STATE_AUTO_FINANCIAL_CORP_2012Q3.txt,85570710,STFC,STATE AUTO FINANCIAL CORP,-0.25,-0.17
/Users/vazea/Desktop/NNW/transcripts_by_company/SHORETEL_INC_2013Q2.txt,82521110,SHOR,SHORETEL INC,-0.04,-0.03
/Users/vazea/Desktop/NNW/transcripts_by_company/FERRELLGAS_PARTNERS_LP_2015Q1.txt,31529310,FGP,FERRELLGAS PARTNERS LP,-0.42,-0.26
/Users/vazea/Desktop/NNW/transcripts_by_company/ATI_INC_2017Q1.txt,01741R10,ATI,ATI INC,0.16,0.12
/Users/vazea/Desktop/NNW/transcripts_by_company/MONRO_INC_2012Q3.txt,61023610,MNRO,MONRO INC,0.42,0.4
/Users/vazea/Desktop/NNW/transcripts_by_company/WEST_PHARMACEUTICAL_SERVICES_INC_2006Q4.txt,95530610,WST,WEST PHARMACEUTICAL SERVICES INC,1.97,1.98
/Users/vazea/Desktop/NNW/transcripts_by_company/ENSCO_INTERNATIONAL_2007Q3.txt,26874Q10,ESV,ENSCO INTERNATIONAL,1.74,1.69
/Users/vazea/Desktop/NNW/transcripts_by_company/BIOCRYST_PHARMACEUTICALS_INC_2013Q2.txt,09058V10,BCRX,BIOCRYST PHARMACEUTICALS INC,-0.23,-0.13
/Users/vazea/Desktop/NNW/transcripts_by_company/EVERGY_INC_2022Q3.txt,30034W10,EVRG,EVERGY INC,2.01,1.84
/Users/vazea/Desktop/NNW/transcripts_by_company/AXT_INC_2019Q3.txt,00246W10,AXTI,AXT INC,-0.02,-0.03
/Users/vazea/Desktop/NNW/transcripts_by_company/CONSOLIDATED_COMMUNICATIONS_HOLD_2019Q2.txt,20903410,CNSL,CONSOLIDATED COMMUNICATIONS HOLD,-0.03,-0.08
/Users/vazea/Desktop/NNW/transcripts_by_company/DAQO_NEW_ENERGY_CORP_2020Q2.txt,23703Q20,DQ,DAQO NEW ENERGY CORP,0.47,0.18
/Users/vazea/Desktop/NNW/transcripts_by_company/NEUROPACE_INC_2021Q2.txt,64128810,NPCE,NEUROPACE INC,-0.48,-0.27
/Users/vazea/Desktop/NNW/transcripts_by_company/PERVASIVE_SOFTWARE_INC_2004Q1.txt,71571010,PVSW,PERVASIVE SOFTWARE INC.,0.06,0.06
/Users/vazea/Desktop/NNW/transcripts_by_company/ECHOSTAR_CORP_2012Q2.txt,27876810,SATS,ECHOSTAR CORP,0.41,0.08
/Users/vazea/Desktop/NNW/transcripts_by_company/INFINITY_PHARMACEUTICALS_INC_2011Q1.txt,45665G30,INFI,INFINITY PHARMACEUTICALS INC,-0.09,-0.35
/Users/vazea/Desktop/NNW/transcripts_by_company/KINDER_MORGAN_INC_2018Q4.txt,49456B10,KMI,KINDER MORGAN INC,0.89,0.89
/Users/vazea/Desktop/NNW/transcripts_by_company/DIANA_SHIPPING_INC_2021Q2.txt,Y2066G10,DSX,DIANA SHIPPING INC,0.02,0.01
/Users/vazea/Desktop/NNW/transcripts_by_company/WORKIVA_INC_2018Q3.txt,98139A10,WK,WORKIVA INC,-0.09,-0.21
/Users/vazea/Desktop/NNW/transcripts_by_company/COLUMBUS_MCKINNON_CORP_2006Q4.txt,19933310,CMCO,COLUMBUS MCKINNON CORP,1.77,1.72
/Users/vazea/Desktop/NNW/transcripts_by_company/BIOFORM_MEDICAL_INC_2008Q3.txt,09065G10,BFRM,BIOFORM MEDICAL INC,-0.1,-0.11
/Users/vazea/Desktop/NNW/transcripts_by_company/APACHE_CORP_2013Q3.txt,03741110,APA,APACHE CORP,2.32,2.15
/Users/vazea/Desktop/NNW/transcripts_by_company/MANNKIND_CORP_2008Q4.txt,56400P20,MNKD,MANNKIND CORP,-2.98,-2.81
/Users/vazea/Desktop/NNW/transcripts_by_company/KEYNOTE_SYSTEMS_INC_2005Q1.txt,49330810,KEYN,KEYNOTE SYSTEMS INC,0.04,0.05
/Users/vazea/Desktop/NNW/transcripts_by_company/CARDTRONICS_PLC_2019Q2.txt,G1991C10,CATM,CARDTRONICS PLC,0.69,0.53
/Users/vazea/Desktop/NNW/transcripts_by_company/UNIFI_INC_2016Q4.txt,90467720,UFI,UNIFI INC,1.98,2.0
/Users/vazea/Desktop/NNW/transcripts_by_company/BROOKFIELD_ASSET_MANAGEMENT_INC_2009Q1.txt,11258510,BAM,BROOKFIELD ASSET MANAGEMENT INC,0.15,0.19
/Users/vazea/Desktop/NNW/transcripts_by_company/KVH_INDUSTRIES_INC_2017Q1.txt,48273810,KVHI,KVH INDUSTRIES INC,-0.09,-0.13
/Users/vazea/Desktop/NNW/transcripts_by_company/CUSTOM_TRUCK_ONE_SOURCE_INC_2023Q1.txt,23204X10,CTOS,CUSTOM TRUCK ONE SOURCE INC,0.06,0.03
/Users/vazea/Desktop/NNW/transcripts_by_company/W_R_GRACE_CO_2020Q1.txt,38388F10,GRA,W R GRACE & CO,0.71,0.7
/Users/vazea/Desktop/NNW/transcripts_by_company/CHOICEPOINT_INC_2002Q2.txt,17038810,CPS,CHOICEPOINT INC,0.32,0.32
/Users/vazea/Desktop/NNW/transcripts_by_company/TRINITY_BIOTECH_PLC_2006Q1.txt,89643830,TRIB,TRINITY BIOTECH PLC,0.08,0.07
/Users/vazea/Desktop/NNW/transcripts_by_company/MCDONALDS_CORP_2013Q1.txt,58013510,MCD,MCDONALD'S CORP,1.26,1.27
/Users/vazea/Desktop/NNW/transcripts_by_company/MYLAN_INC_2011Q4.txt,62853010,MYL,MYLAN INC,2.04,2.0
/Users/vazea/Desktop/NNW/transcripts_by_company/MAXEON_SOLAR_TECHNOLOGIES_LTD_2022Q2.txt,Y5847310,MAXN,MAXEON SOLAR TECHNOLOGIES LTD,-2.15,-1.57
/Users/vazea/Desktop/NNW/transcripts_by_company/FIRSTENERGY_CORP_2018Q1.txt,33793210,FE,FIRSTENERGY CORP,0.67,0.66
/Users/vazea/Desktop/NNW/transcripts_by_company/GP_STRATEGIES_CORP_2019Q4.txt,36225V10,GPX,GP STRATEGIES CORP,0.51,0.57
/Users/vazea/Desktop/NNW/transcripts_by_company/GRANITE_CONSTRUCTION_INC_2016Q3.txt,38732810,GVA,GRANITE CONSTRUCTION INC,0.92,0.97
/Users/vazea/Desktop/NNW/transcripts_by_company/NEONODE_INC_2014Q2.txt,64051M40,NEON,NEONODE INC,-0.1,-0.08
/Users/vazea/Desktop/NNW/transcripts_by_company/SCORPIO_TANKERS_INC_2022Q4.txt,Y7542C13,STNG,SCORPIO TANKERS INC,11.36,12.0
/Users/vazea/Desktop/NNW/transcripts_by_company/ANAREN_INC_2002Q4.txt,03274410,ANEN,ANAREN INC,0.13,0.13
/Users/vazea/Desktop/NNW/transcripts_by_company/FASTLY_INC_2021Q3.txt,31188V10,FSLY,FASTLY INC,-0.11,-0.19
/Users/vazea/Desktop/NNW/transcripts_by_company/APARTMENT_INVESTMENT_AND_MANAGEM_2011Q2.txt,03748R10,AIV,APARTMENT INVESTMENT AND MANAGEM,-0.28,-0.35
/Users/vazea/Desktop/NNW/transcripts_by_company/PHASE_FORWARD_INC_2007Q2.txt,71721R40,PFWD,PHASE FORWARD INC,0.14,0.13
/Users/vazea/Desktop/NNW/transcripts_by_company/DEXCOM_INC_2014Q1.txt,25213110,DXCM,DEXCOM INC,-0.17,-0.09
/Users/vazea/Desktop/NNW/transcripts_by_company/TILE_SHOP_HOLDINGS_INC_2016Q2.txt,88677Q10,TTS,TILE SHOP HOLDINGS INC,0.14,0.13
/Users/vazea/Desktop/NNW/transcripts_by_company/AVITA_MEDICAL_INC_2021Q2.txt,05380C10,RCEL,AVITA MEDICAL INC,-0.26,-0.45
/Users/vazea/Desktop/NNW/transcripts_by_company/CHEMBIO_DIAGNOSTICS_INC_2020Q4.txt,16357220,CEMI,CHEMBIO DIAGNOSTICS INC,-1.34,-1.24
/Users/vazea/Desktop/NNW/transcripts_by_company/BUCKLE_INC_2010Q4.txt,11844010,BKE,BUCKLE INC,2.73,2.66
/Users/vazea/Desktop/NNW/transcripts_by_company/IBASIS_INC_2002Q3.txt,45073210,IBAS,IBASIS INC,-0.31,-0.39
/Users/vazea/Desktop/NNW/transcripts_by_company/INTERNET_SECURITY_SYSTEM_2002Q2.txt,46060X10,ISSX,INTERNET SECURITY SYSTEM,0.11,0.11
/Users/vazea/Desktop/NNW/transcripts_by_company/3M_CO_2013Q2.txt,88579Y10,MMM,3M CO,1.71,1.71
/Users/vazea/Desktop/NNW/transcripts_by_company/NORFOLK_SOUTHERN_CORP_2022Q4.txt,65584410,NSC,NORFOLK SOUTHERN CORP,13.88,13.88
/Users/vazea/Desktop/NNW/transcripts_by_company/SAREPTA_THERAPEUTICS_INC_2015Q2.txt,80360710,SRPT,SAREPTA THERAPEUTICS INC,-1.01,-1.23
/Users/vazea/Desktop/NNW/transcripts_by_company/AUTOZONE_INC_2009Q1.txt,05333210,AZO,AUTOZONE INC,2.23,2.19
/Users/vazea/Desktop/NNW/transcripts_by_company/ENVISION_HEALTHCARE_HOLDINGS_INC_2015Q1.txt,29413U10,EVHC,ENVISION HEALTHCARE HOLDINGS INC,0.26,0.26
/Users/vazea/Desktop/NNW/transcripts_by_company/VERICEL_CORP_2023Q1.txt,92346J10,VCEL,VERICEL CORP,-0.16,-0.15
/Users/vazea/Desktop/NNW/transcripts_by_company/DAVITA_INC_2011Q2.txt,23918K10,DVA,DAVITA INC,1.17,1.13
/Users/vazea/Desktop/NNW/transcripts_by_company/TRIVAGO_NV_2019Q1.txt,89686D10,TRVG,TRIVAGO NV,0.02,0.02
/Users/vazea/Desktop/NNW/transcripts_by_company/XILINX_INC_2014Q3.txt,98391910,XLNX,XILINX INC,0.61,0.54
/Users/vazea/Desktop/NNW/transcripts_by_company/JABIL_INC_2002Q1.txt,46631310,JBL,JABIL INC,0.11,0.13
/Users/vazea/Desktop/NNW/transcripts_by_company/ARRIS_INTERNATIONAL_PLC_2016Q1.txt,G0551A10,ARRS,ARRIS INTERNATIONAL PLC,0.47,0.41
/Users/vazea/Desktop/NNW/transcripts_by_company/INNERWORKINGS_INC_2012Q1.txt,45773Y10,INWK,INNERWORKINGS INC,0.07,0.08
/Users/vazea/Desktop/NNW/transcripts_by_company/CACHE_INC_2011Q4.txt,12715030,CACH,CACHE INC,0.09,0.19
/Users/vazea/Desktop/NNW/transcripts_by_company/MT_BANK_CORP_2010Q4.txt,55261F10,MTB,M&T BANK CORP,5.69,5.55
/Users/vazea/Desktop/NNW/transcripts_by_company/TTM_TECHNOLOGIES_INC_2002Q4.txt,87305R10,TTMI,TTM TECHNOLOGIES INC,-0.03,-0.01
/Users/vazea/Desktop/NNW/transcripts_by_company/LIVE_NATION_ENTERTAINMENT_INC_2008Q2.txt,53803410,LYV,LIVE NATION ENTERTAINMENT INC,0.02,-0.17
/Users/vazea/Desktop/NNW/transcripts_by_company/PAYLOCITY_HOLDING_CORP_2022Q3.txt,70438V10,PCTY,PAYLOCITY HOLDING CORP,1.22,0.91
/Users/vazea/Desktop/NNW/transcripts_by_company/MODEM_MEDIA_INC_2003Q3.txt,60753310,MMPT,MODEM MEDIA INC,0.06,0.04
/Users/vazea/Desktop/NNW/transcripts_by_company/BROOKFIELD_ASSET_MANAGEMENT_LTD_2023Q2.txt,11300410,BAM,BROOKFIELD ASSET MANAGEMENT LTD,0.32,0.32
/Users/vazea/Desktop/NNW/transcripts_by_company/APPLE_INC_2003Q3.txt,03783310,AAPL,APPLE INC,0.05,0.03
/Users/vazea/Desktop/NNW/transcripts_by_company/MEDIFAST_INC_2020Q2.txt,58470H10,MED,MEDIFAST INC,1.96,1.82
/Users/vazea/Desktop/NNW/transcripts_by_company/INGRAM_MICRO_2015Q1.txt,45715310,IM,INGRAM MICRO,0.43,0.44
/Users/vazea/Desktop/NNW/transcripts_by_company/QUANTUMSCAPE_CORP_2022Q2.txt,74767V10,QS,QUANTUMSCAPE CORP,-0.22,-0.15
/Users/vazea/Desktop/NNW/transcripts_by_company/KULICKE_AND_SOFFA_INDUSTRIES_INC_2007Q1.txt,50124210,KLIC,KULICKE AND SOFFA INDUSTRIES INC,0.08,0.0
/Users/vazea/Desktop/NNW/transcripts_by_company/CORNING_INC_2021Q2.txt,21935010,GLW,CORNING INC,0.53,0.51
/Users/vazea/Desktop/NNW/transcripts_by_company/PIVOTAL_SOFTWARE_INC_2019Q4.txt,72582H10,PVTL,PIVOTAL SOFTWARE INC,-0.28,-0.31
/Users/vazea/Desktop/NNW/transcripts_by_company/DR_HORTON_INC_2006Q2.txt,23331A10,DHI,DR HORTON INC,1.11,1.11
/Users/vazea/Desktop/NNW/transcripts_by_company/LINEAGE_CELL_THERAPEUTICS_INC_2020Q2.txt,53566P10,LCTX,LINEAGE CELL THERAPEUTICS INC,-0.04,-0.04
/Users/vazea/Desktop/NNW/transcripts_by_company/PARAMOUNT_GLOBAL_2021Q1.txt,92556H20,VIAC,PARAMOUNT GLOBAL,1.52,1.19
/Users/vazea/Desktop/NNW/transcripts_by_company/NEW_JERSEY_RESOURCES_CORP_2021Q4.txt,64602510,NJR,NEW JERSEY RESOURCES CORP,2.16,2.16
/Users/vazea/Desktop/NNW/transcripts_by_company/HAWAIIAN_HOLDINGS_INC_2016Q1.txt,41987910,HA,HAWAIIAN HOLDINGS INC,0.8,0.76
/Users/vazea/Desktop/NNW/transcripts_by_company/NEWS_CORP_2015Q3.txt,65249B10,NWSA,NEWS CORP,0.05,0.08
/Users/vazea/Desktop/NNW/transcripts_by_company/SYCAMORE_NETWORKS_INC_2011Q4.txt,87120640,SCMR,SYCAMORE NETWORKS INC.,-0.51,-0.57
/Users/vazea/Desktop/NNW/transcripts_by_company/LIGAND_PHARMACEUTICALS_INC_2021Q2.txt,53220K50,LGND,LIGAND PHARMACEUTICALS INC,1.63,1.36
/Users/vazea/Desktop/NNW/transcripts_by_company/MARSH_MCLENNAN_COMPANIES_INC_2014Q2.txt,57174810,MMC,MARSH & MCLENNAN COMPANIES INC,0.79,0.75
/Users/vazea/Desktop/NNW/transcripts_by_company/GENESIS_ENERGY_LP_2022Q4.txt,37192710,GEL,GENESIS ENERGY LP,-0.04,0.38
/Users/vazea/Desktop/NNW/transcripts_by_company/NORTHROP_GRUMMAN_CORP_2016Q1.txt,66680710,NOC,NORTHROP GRUMMAN CORP,2.59,2.48
/Users/vazea/Desktop/NNW/transcripts_by_company/MCCORMICK_COMPANY_INC_2016Q1.txt,57978020,MKC,MCCORMICK & COMPANY INC,0.74,0.69
/Users/vazea/Desktop/NNW/transcripts_by_company/SAIA_INC_2010Q3.txt,78709Y10,SAIA,SAIA INC,0.16,0.15
/Users/vazea/Desktop/NNW/transcripts_by_company/UNITED_THERAPEUTICS_CORP_2015Q1.txt,91307C10,UTHR,UNITED THERAPEUTICS CORP,-0.36,2.31
/Users/vazea/Desktop/NNW/transcripts_by_company/CAMBRIDGE_DISPLAY_TECHNOLOGY_INC_2005Q1.txt,13219310,OLED,CAMBRIDGE DISPLAY TECHNOLOGY INC,-0.44,-0.44
/Users/vazea/Desktop/NNW/transcripts_by_company/LSI_INDUSTRIES_INC_2009Q1.txt,50216C10,LYTS,LSI INDUSTRIES INC,0.12,0.05
/Users/vazea/Desktop/NNW/transcripts_by_company/WILLIAM_LYON_HOMES_2016Q1.txt,55207470,WLH,WILLIAM LYON HOMES,0.24,0.22
/Users/vazea/Desktop/NNW/transcripts_by_company/BRAVO_BRIO_RESTAURANT_GROUP_INC_2015Q4.txt,10567B10,BBRG,BRAVO BRIO RESTAURANT GROUP INC,0.68,0.65
/Users/vazea/Desktop/NNW/transcripts_by_company/BIOMARIN_PHARMACEUTICAL_INC_2021Q4.txt,09061G10,BMRN,BIOMARIN PHARMACEUTICAL INC,-0.35,-0.35
/Users/vazea/Desktop/NNW/transcripts_by_company/BROADCOM_INC_2018Q2.txt,11135F10,AVGO,BROADCOM INC,4.88,4.76
/Users/vazea/Desktop/NNW/transcripts_by_company/SILICON_IMAGE_INC_2010Q2.txt,82705T10,SIMG,SILICON IMAGE INC,0.03,-0.03
/Users/vazea/Desktop/NNW/transcripts_by_company/LULULEMON_ATHLETICA_INC_2011Q3.txt,55002110,LULU,LULULEMON ATHLETICA INC,0.36,0.24
/Users/vazea/Desktop/NNW/transcripts_by_company/CSX_CORP_2004Q1.txt,12640810,CSX,CSX CORP,0.31,0.25
/Users/vazea/Desktop/NNW/transcripts_by_company/GLATFELTER_2011Q3.txt,37731610,GLT,GLATFELTER,0.28,0.34
/Users/vazea/Desktop/NNW/transcripts_by_company/ILLUMINA_INC_2008Q4.txt,45232710,ILMN,ILLUMINA INC,0.69,0.61
/Users/vazea/Desktop/NNW/transcripts_by_company/CRA_INTERNATIONAL_INC_2015Q4.txt,12618T10,CRAI,CRA INTERNATIONAL INC,1.1,1.4
/Users/vazea/Desktop/NNW/transcripts_by_company/REGENXBIO_INC_2022Q3.txt,75901B10,RGNX,REGENXBIO INC,-1.75,-1.45
/Users/vazea/Desktop/NNW/transcripts_by_company/KORE_GROUP_HOLDINGS_INC_2023Q2.txt,50066V10,KORE,KORE GROUP HOLDINGS INC,-0.24,-0.1
/Users/vazea/Desktop/NNW/transcripts_by_company/MONSANTO_CO_2014Q4.txt,61166W10,MON,MONSANTO CO,5.23,5.2
/Users/vazea/Desktop/NNW/transcripts_by_company/SELECTQUOTE_INC_2023Q1.txt,81630730,SLQT,SELECTQUOTE INC,-0.26,-0.2
/Users/vazea/Desktop/NNW/transcripts_by_company/CARGURUS_INC_2020Q2.txt,14178810,CARG,CARGURUS INC,0.19,0.01
/Users/vazea/Desktop/NNW/transcripts_by_company/HACKETT_GROUP_INC_2022Q1.txt,40460910,HCKT,HACKETT GROUP INC,0.38,0.32
/Users/vazea/Desktop/NNW/transcripts_by_company/NEKTAR_THERAPEUTICS_2005Q1.txt,64026810,NKTR,NEKTAR THERAPEUTICS,-0.31,-0.27
/Users/vazea/Desktop/NNW/transcripts_by_company/INDEPENDENCE_CONTRACT_DRILLING_I_2020Q2.txt,45341560,ICD,INDEPENDENCE CONTRACT DRILLING I,-2.73,-3.42
/Users/vazea/Desktop/NNW/transcripts_by_company/ALPHABET_INC_2021Q4.txt,02079K30,GOOGL,ALPHABET INC,112.2,108.4
/Users/vazea/Desktop/NNW/transcripts_by_company/CONATUS_PHARMACEUTICALS_INC_2015Q2.txt,20600T10,CNAT,CONATUS PHARMACEUTICALS INC,-0.31,-0.34
/Users/vazea/Desktop/NNW/transcripts_by_company/AMBARELLA_INC_2014Q2.txt,G037AX10,AMBA,AMBARELLA INC,0.26,0.19
/Users/vazea/Desktop/NNW/transcripts_by_company/SNAP_INC_2019Q1.txt,83304A10,SNAP,SNAP INC,-0.1,-0.12
/Users/vazea/Desktop/NNW/transcripts_by_company/SENESTECH_INC_2019Q1.txt,81720R10,SNES,SENESTECH INC,-0.1,-0.1
/Users/vazea/Desktop/NNW/transcripts_by_company/ZUORA_INC_2020Q2.txt,98983V10,ZUO,ZUORA INC,-0.09,-0.14
/Users/vazea/Desktop/NNW/transcripts_by_company/EQUINIX_INC_2014Q1.txt,29444U50,EQIX,EQUINIX INC,0.81,0.69
/Users/vazea/Desktop/NNW/transcripts_by_company/BRINKER_INTERNATIONAL_INC_2018Q4.txt,10964110,EAT,BRINKER INTERNATIONAL INC,3.5,3.52
/Users/vazea/Desktop/NNW/transcripts_by_company/PIXELWORKS_INC_2014Q3.txt,72581M30,PXLW,PIXELWORKS INC,-0.04,-0.04
/Users/vazea/Desktop/NNW/transcripts_by_company/NORTHROP_GRUMMAN_CORP_2008Q2.txt,66680710,NOC,NORTHROP GRUMMAN CORP,1.4,1.4
/Users/vazea/Desktop/NNW/transcripts_by_company/CATAPULT_COMMUNICATIONS_CORP_2008Q1.txt,14901610,CATT,CATAPULT COMMUNICATIONS CORP,-0.09,-0.12
/Users/vazea/Desktop/NNW/transcripts_by_company/PERRY_ELLIS_INTERNATIONAL_INC_2005Q4.txt,28885310,PERY,PERRY ELLIS INTERNATIONAL INC,2.15,2.1
/Users/vazea/Desktop/NNW/transcripts_by_company/ADVANTAGE_SOLUTIONS_INC_2022Q1.txt,00791N10,ADV,ADVANTAGE SOLUTIONS INC,0.15,0.12
/Users/vazea/Desktop/NNW/transcripts_by_company/SUSSER_HOLDINGS_CORP_2010Q3.txt,86923310,SUSS,SUSSER HOLDINGS CORP,0.52,0.34
/Users/vazea/Desktop/NNW/transcripts_by_company/CIT_GROUP_INCA_2007Q4.txt,12558110,CIT,C.I.T. GROUP INC-A,4.97,5.05
/Users/vazea/Desktop/NNW/transcripts_by_company/SUNCOR_ENERGY_INC_2011Q2.txt,8672241X,SU,SUNCOR ENERGY INC,0.64,0.62
/Users/vazea/Desktop/NNW/transcripts_by_company/BIOSCRIP_INC_2018Q4.txt,09069N10,BIOS,BIOSCRIP INC,-0.49,-0.39
/Users/vazea/Desktop/NNW/transcripts_by_company/AMERICAN_OIL_GAS_INC_2010Q2.txt,02872310,AEZ,AMERICAN OIL & GAS INC,0.0,-0.01
/Users/vazea/Desktop/NNW/transcripts_by_company/HARVEST_CAPITAL_CREDIT_CORP_2017Q3.txt,41753F10,HCAP,HARVEST CAPITAL CREDIT CORP,0.33,0.38
/Users/vazea/Desktop/NNW/transcripts_by_company/LIFELOCK_INC_2015Q4.txt,53224V10,LOCK,LIFELOCK INC,0.63,0.62
/Users/vazea/Desktop/NNW/transcripts_by_company/NEOGEN_CORP_2019Q1.txt,64049110,NEOG,NEOGEN CORP,0.29,0.28
/Users/vazea/Desktop/NNW/transcripts_by_company/EPAM_SYSTEMS_INC_2018Q4.txt,29414B10,EPAM,EPAM SYSTEMS INC,4.38,4.33
/Users/vazea/Desktop/NNW/transcripts_by_company/AES_CORP_2011Q2.txt,00130H10,AES,AES CORP,0.28,0.29
/Users/vazea/Desktop/NNW/transcripts_by_company/GEO_GROUP_INC_2016Q3.txt,36162J10,GEO,GEO GROUP INC,0.59,0.53
/Users/vazea/Desktop/NNW/transcripts_by_company/ULTRATECH_INCORPORATED_2013Q2.txt,90403410,UTEK,ULTRATECH INCORPORATED,0.03,0.03
/Users/vazea/Desktop/NNW/transcripts_by_company/ECHOSTAR_CORP_2014Q2.txt,27876810,SATS,ECHOSTAR CORP,0.36,0.16
/Users/vazea/Desktop/NNW/transcripts_by_company/GOGO_INC_2020Q4.txt,38046C10,GOGO,GOGO INC,-3.04,-3.8
/Users/vazea/Desktop/NNW/transcripts_by_company/MONOLITHIC_POWER_SYSTEMS_INC_2009Q1.txt,60983910,MPWR,MONOLITHIC POWER SYSTEMS INC,0.06,0.03
/Users/vazea/Desktop/NNW/transcripts_by_company/SAIA_INC_2017Q4.txt,78709Y10,SAIA,SAIA INC,2.19,2.19
/Users/vazea/Desktop/NNW/transcripts_by_company/LAREDO_PETROLEUM_INC_2014Q3.txt,51680610,LPI,LAREDO PETROLEUM INC,0.19,0.17
/Users/vazea/Desktop/NNW/transcripts_by_company/ADVISORY_BOARD_CO_2007Q2.txt,00762W10,ABCO,ADVISORY BOARD CO.,0.48,0.47
/Users/vazea/Desktop/NNW/transcripts_by_company/ELECTROCORE_INC_2023Q3.txt,28531P20,ECOR,"ELECTROCORE, INC.",-0.68,-0.7
/Users/vazea/Desktop/NNW/transcripts_by_company/SIGNET_JEWELERS_LTD_2010Q3.txt,G8127610,SIG,SIGNET JEWELERS LTD,-0.08,-0.17
/Users/vazea/Desktop/NNW/transcripts_by_company/GLU_MOBILE_INC_2015Q1.txt,37989010,GLUU,GLU MOBILE INC,0.02,-0.01
/Users/vazea/Desktop/NNW/transcripts_by_company/FEI_CO_2013Q4.txt,30241L10,FEIC,FEI CO,3.01,2.96
/Users/vazea/Desktop/NNW/transcripts_by_company/POZEN_INC_2011Q4.txt,73941U10,POZN,POZEN INC,1.4,1.34
/Users/vazea/Desktop/NNW/transcripts_by_company/SIMON_PROPERTY_GROUP_INC_2006Q4.txt,82880610,SPG,SIMON PROPERTY GROUP INC,2.19,2.15
/Users/vazea/Desktop/NNW/transcripts_by_company/ARCOS_DORADOS_HOLDINGS_INC_2021Q2.txt,G0457F10,ARCO,ARCOS DORADOS HOLDINGS INC,0.03,0.04
/Users/vazea/Desktop/NNW/transcripts_by_company/L3_COMMUNICATIONS_HOLDINGS_INC_2011Q1.txt,50242410,LLL,L-3 COMMUNICATIONS HOLDINGS INC,1.85,1.84
/Users/vazea/Desktop/NNW/transcripts_by_company/GENOMIC_HEALTH_INC_2015Q2.txt,37244C10,GHDX,GENOMIC HEALTH INC,-0.29,-0.28
/Users/vazea/Desktop/NNW/transcripts_by_company/DEXCOM_INC_2010Q2.txt,25213110,DXCM,DEXCOM INC,-0.2,-0.2
/Users/vazea/Desktop/NNW/transcripts_by_company/UNION_PACIFIC_CORP_2017Q2.txt,90781810,UNP,UNION PACIFIC CORP,1.45,1.37
/Users/vazea/Desktop/NNW/transcripts_by_company/ALDER_BIOPHARMACEUTICALS_INC_2018Q4.txt,01433910,ALDR,ALDER BIOPHARMACEUTICALS INC,-4.87,-4.55
/Users/vazea/Desktop/NNW/transcripts_by_company/WORTHINGTON_ENTERPRISES_INC_2010Q3.txt,98181110,WOR,WORTHINGTON ENTERPRISES INC,0.1,0.21
/Users/vazea/Desktop/NNW/transcripts_by_company/STARBUCKS_CORP_2008Q4.txt,85524410,SBUX,STARBUCKS CORP,0.71,0.75
/Users/vazea/Desktop/NNW/transcripts_by_company/ASPEN_TECHNOLOGY_INC_2013Q3.txt,04532710,AZPN,ASPEN TECHNOLOGY INC,0.14,0.05
/Users/vazea/Desktop/NNW/transcripts_by_company/CHATHAM_LODGING_TRUST_2016Q2.txt,16208T10,CLDT,CHATHAM LODGING TRUST,0.31,0.32
/Users/vazea/Desktop/NNW/transcripts_by_company/WHITEHORSE_FINANCE_INC_2019Q1.txt,96524V10,WHF,WHITEHORSE FINANCE INC,0.37,0.36
/Users/vazea/Desktop/NNW/transcripts_by_company/XPEL_INC_2020Q4.txt,98379L10,XPEL,XPEL INC,0.66,0.64
/Users/vazea/Desktop/NNW/transcripts_by_company/CARRIER_GLOBAL_CORP_2023Q2.txt,14448C10,CARR,CARRIER GLOBAL CORP,0.79,0.77
/Users/vazea/Desktop/NNW/transcripts_by_company/VALLEY_NATIONAL_BANCORP_2019Q2.txt,91979410,VLY,VALLEY NATIONAL BANCORP,0.23,0.23
/Users/vazea/Desktop/NNW/transcripts_by_company/APOLLO_GLOBAL_MANAGEMENT_LLC_2017Q3.txt,03761230,APO,APOLLO GLOBAL MANAGEMENT LLC,1.07,0.63
/Users/vazea/Desktop/NNW/transcripts_by_company/DIGI_INTERNATIONAL_INC_2017Q1.txt,25379810,DGII,DIGI INTERNATIONAL INC,0.09,0.07
/Users/vazea/Desktop/NNW/transcripts_by_company/F5_INC_2007Q2.txt,31561610,FFIV,F5 INC,0.47,0.46
/Users/vazea/Desktop/NNW/transcripts_by_company/SOUTHERN_MISSOURI_BANCORP_INC_2021Q1.txt,84338010,SMBC,SOUTHERN MISSOURI BANCORP INC,1.09,0.72
/Users/vazea/Desktop/NNW/transcripts_by_company/SILICON_LABORATORIES_INC_2011Q3.txt,82691910,SLAB,SILICON LABORATORIES INC,0.44,0.37
/Users/vazea/Desktop/NNW/transcripts_by_company/CNA_FINANCIAL_CORP_2020Q3.txt,12611710,CNA,CNA FINANCIAL CORP,0.71,0.7
/Users/vazea/Desktop/NNW/transcripts_by_company/FIDELITY_NATIONAL_INFORMATION_SE_2013Q4.txt,31620M10,FIS,FIDELITY NATIONAL INFORMATION SE,2.83,2.84
/Users/vazea/Desktop/NNW/transcripts_by_company/GOODRICH_CORPORATION_2009Q1.txt,38238810,GR,GOODRICH CORPORATION,1.35,1.08
/Users/vazea/Desktop/NNW/transcripts_by_company/IDACORP_INC_2016Q4.txt,45110710,IDA,IDACORP INC.,3.94,3.89
/Users/vazea/Desktop/NNW/transcripts_by_company/COGNEX_CORP_2005Q2.txt,19242210,CGNX,COGNEX CORP,0.17,0.16
/Users/vazea/Desktop/NNW/transcripts_by_company/TETRAPHASE_PHARMACEUTICALS_INC_2019Q3.txt,88165N10,TTPH,TETRAPHASE PHARMACEUTICALS INC,-6.0,-0.34
/Users/vazea/Desktop/NNW/transcripts_by_company/SCP_POOL_2005Q2.txt,78402810,POOL,SCP POOL,0.93,0.91
/Users/vazea/Desktop/NNW/transcripts_by_company/TELENAV_INC_2012Q1.txt,87945510,TNAV,TELENAV INC,0.2,0.18
/Users/vazea/Desktop/NNW/transcripts_by_company/COLGATEPALMOLIVE_CO_2016Q3.txt,19416210,CL,COLGATE-PALMOLIVE CO,0.73,0.73
/Users/vazea/Desktop/NNW/transcripts_by_company/BRIGHTVIEW_HOLDINGS_INC_2022Q2.txt,10948C10,BV,BRIGHTVIEW HOLDINGS INC,0.18,0.16
/Users/vazea/Desktop/NNW/transcripts_by_company/BRAINSTORM_CELL_THERAPEUTICS_INC_2019Q4_1.txt,10501E20,BCLI,BRAINSTORM CELL THERAPEUTICS INC,-1.06,-0.88
/Users/vazea/Desktop/NNW/transcripts_by_company/OCWEN_FINANCIAL_CORP_2012Q3.txt,67574630,OCN,OCWEN FINANCIAL CORP,0.37,0.41
/Users/vazea/Desktop/NNW/transcripts_by_company/ELECTRO_SCIENTIFIC_INDUSTRIES_IN_2005Q4.txt,28522910,ESIO,ELECTRO SCIENTIFIC INDUSTRIES IN,0.79,0.81
/Users/vazea/Desktop/NNW/transcripts_by_company/ACCENTURE_PLC_2020Q4.txt,G1151C10,ACN,ACCENTURE PLC,7.46,7.64
/Users/vazea/Desktop/NNW/transcripts_by_company/ECHOSTAR_CORP_2013Q1.txt,27876810,SATS,ECHOSTAR CORP,0.04,0.05
/Users/vazea/Desktop/NNW/transcripts_by_company/POTASH_CORPORATION_OF_SASKATCHEW_2007Q2.txt,73755L10,POT,POTASH CORPORATION OF SASKATCHEW,0.88,0.83
/Users/vazea/Desktop/NNW/transcripts_by_company/HUNTINGTON_BANCSHARES_INC_2007Q4.txt,44615010,HBAN,HUNTINGTON BANCSHARES INC,0.25,0.47
/Users/vazea/Desktop/NNW/transcripts_by_company/GYMBOREE_CORPORATION_2008Q1.txt,40377710,GYMB,GYMBOREE CORPORATION,0.67,0.63
/Users/vazea/Desktop/NNW/transcripts_by_company/MICREL_INC_2010Q3.txt,59479310,MCRL,MICREL INC,0.24,0.22
/Users/vazea/Desktop/NNW/transcripts_by_company/STAAR_SURGICAL_CO_2014Q4.txt,85231230,STAA,STAAR SURGICAL CO,-0.22,-0.2
/Users/vazea/Desktop/NNW/transcripts_by_company/MCDONALDS_CORP_2020Q1.txt,58013510,MCD,MCDONALD'S CORP,1.47,1.58
/Users/vazea/Desktop/NNW/transcripts_by_company/WELLS_FARGO_CO_2002Q3.txt,94974610,WFC,WELLS FARGO & CO,0.84,0.84
/Users/vazea/Desktop/NNW/transcripts_by_company/LOJACK_CORP_2003Q3.txt,53945110,LOJN,LOJACK CORP,0.17,0.16
/Users/vazea/Desktop/NNW/transcripts_by_company/ZIMMER_BIOMET_HOLDINGS_INC_2015Q4.txt,98956P10,ZBH,ZIMMER BIOMET HOLDINGS INC,6.9,6.85
/Users/vazea/Desktop/NNW/transcripts_by_company/CDI_CORPORATION_2008Q3.txt,12507110,CDI,CDI CORPORATION,0.26,0.33
/Users/vazea/Desktop/NNW/transcripts_by_company/BEAZER_HOMES_2010Q1.txt,07556Q10,BZH,BEAZER HOMES,1.17,-0.93
/Users/vazea/Desktop/NNW/transcripts_by_company/BIOGEN_INC_2015Q2.txt,09062X10,BIIB,BIOGEN INC,4.22,4.09
/Users/vazea/Desktop/NNW/transcripts_by_company/TIMKEN_CO_2003Q2.txt,88738910,TKR,TIMKEN CO,0.18,0.25
/Users/vazea/Desktop/NNW/transcripts_by_company/WARBY_PARKER_INC_2022Q2.txt,93403J10,WRBY,WARBY PARKER INC,-0.01,-0.02
/Users/vazea/Desktop/NNW/transcripts_by_company/EDWARDS_LIFESCIENCES_CORP_2010Q1.txt,28176E10,EW,EDWARDS LIFESCIENCES CORP,0.8,0.8
/Users/vazea/Desktop/NNW/transcripts_by_company/TARGET_CORP_2015Q4.txt,87612E10,TGT,TARGET CORP,4.27,4.16
/Users/vazea/Desktop/NNW/transcripts_by_company/EVERI_HOLDINGS_INC_2021Q1.txt,30034T10,EVRI,EVERI HOLDINGS INC,0.21,0.04
/Users/vazea/Desktop/NNW/transcripts_by_company/LEXAR_MEDIA_2003Q1.txt,52886P10,LEXR,LEXAR MEDIA,0.06,0.06
/Users/vazea/Desktop/NNW/transcripts_by_company/SUNOCO_LP_2023Q1.txt,86765K10,SUN,SUNOCO LP,1.41,1.23
/Users/vazea/Desktop/NNW/transcripts_by_company/ALTISOURCE_PORTFOLIO_SOLUTIONS_S_2021Q4.txt,L0175J10,ASPS,ALTISOURCE PORTFOLIO SOLUTIONS S,-3.22,-3.29
/Users/vazea/Desktop/NNW/transcripts_by_company/ELEVANCE_HEALTH_INC_2017Q4.txt,03675210,ANTM,ELEVANCE HEALTH INC,12.04,11.97
/Users/vazea/Desktop/NNW/transcripts_by_company/CREE_INC_2007Q4.txt,22544710,CREE,CREE INC,0.34,0.32
/Users/vazea/Desktop/NNW/transcripts_by_company/INTERNATIONAL_SPEEDWAY_CORP_2002Q4.txt,46033520,ISCA,INTERNATIONAL SPEEDWAY CORP,2.0,2.0
/Users/vazea/Desktop/NNW/transcripts_by_company/KBR_INC_2015Q1.txt,48242W10,KBR,KBR INC,0.34,0.17
/Users/vazea/Desktop/NNW/transcripts_by_company/MIDLAND_CO_2006Q2.txt,59748610,MLAN,MIDLAND CO,0.44,0.74
/Users/vazea/Desktop/NNW/transcripts_by_company/INTERNATIONAL_BUSINESS_MACHINES_2015Q2.txt,45920010,IBM,INTERNATIONAL BUSINESS MACHINES,3.84,3.79
/Users/vazea/Desktop/NNW/transcripts_by_company/ELI_LILLY_AND_CO_2009Q2.txt,53245710,LLY,ELI LILLY AND CO,1.12,1.02
/Users/vazea/Desktop/NNW/transcripts_by_company/SCORPIO_BULKERS_INC_2015Q3.txt,Y7546A10,SALT,SCORPIO BULKERS INC,-0.05,-0.05
/Users/vazea/Desktop/NNW/transcripts_by_company/LATTICE_SEMICONDUCTOR_CORP_2009Q3.txt,51841510,LSCC,LATTICE SEMICONDUCTOR CORP,0.0,-0.02
/Users/vazea/Desktop/NNW/transcripts_by_company/US_PHYSICAL_THERAPY_INC_2018Q3.txt,90337L10,USPH,US PHYSICAL THERAPY INC,0.64,0.58
/Users/vazea/Desktop/NNW/transcripts_by_company/GRAND_CANYON_EDUCATION_INC_2016Q3.txt,38526M10,LOPE,GRAND CANYON EDUCATION INC,0.62,0.6
/Users/vazea/Desktop/NNW/transcripts_by_company/IQIYI_INC_2023Q2.txt,46267X10,IQ,IQIYI INC,0.37,0.35
/Users/vazea/Desktop/NNW/transcripts_by_company/BANK_OF_HAWAII_CORP_2021Q2.txt,06254010,BOH,BANK OF HAWAII CORP,1.68,1.33
/Users/vazea/Desktop/NNW/transcripts_by_company/LMI_AEROSPACE_INC_2010Q1.txt,50207910,LMIA,LMI AEROSPACE INC,0.34,0.26
/Users/vazea/Desktop/NNW/transcripts_by_company/LOTTERYCOM_INC_2021Q4.txt,54570M10,LTRY,LOTTERY.COM INC,-0.36,0.07
/Users/vazea/Desktop/NNW/transcripts_by_company/PLANETOUT_INC_2006Q2.txt,72705810,LGBT,PLANETOUT INC,-0.02,0.03
/Users/vazea/Desktop/NNW/transcripts_by_company/UNIPIXEL_INC_2017Q2.txt,90457220,UNXL,UNI-PIXEL INC,-0.16,-0.14
/Users/vazea/Desktop/NNW/transcripts_by_company/AGCO_CORP_2019Q3.txt,00108410,AGCO,AGCO CORP,0.82,0.79
/Users/vazea/Desktop/NNW/transcripts_by_company/INTEL_CORP_2019Q2.txt,45814010,INTC,INTEL CORP,1.06,0.89
/Users/vazea/Desktop/NNW/transcripts_by_company/MARKETO_INC_2014Q1.txt,57063L10,MKTO,MARKETO INC,-0.18,-0.29
/Users/vazea/Desktop/NNW/transcripts_by_company/PENNYMAC_MORTGAGE_INVESTMENT_TRU_2015Q1.txt,70931T10,PMT,PENNYMAC MORTGAGE INVESTMENT TRU,0.09,0.61
/Users/vazea/Desktop/NNW/transcripts_by_company/NEUSTAR_INC_2006Q3.txt,64126X20,NSR,NEUSTAR INC,0.22,0.2
/Users/vazea/Desktop/NNW/transcripts_by_company/UNITEDHEALTH_GROUP_INC_2021Q4.txt,91324P10,UNH,UNITEDHEALTH GROUP INC,19.02,18.85
/Users/vazea/Desktop/NNW/transcripts_by_company/SPIRIT_AIRLINES_INC_2018Q1.txt,84857710,SAVE,SPIRIT AIRLINES INC,0.44,0.44
/Users/vazea/Desktop/NNW/transcripts_by_company/HEALTHEQUITY_INC_2016Q1.txt,42226A10,HQY,HEALTHEQUITY INC,0.1,0.09
/Users/vazea/Desktop/NNW/transcripts_by_company/DSW_INC_2017Q3.txt,23334L10,DSW,DSW INC,0.51,0.49
/Users/vazea/Desktop/NNW/transcripts_by_company/COSTCO_WHOLESALE_CORP_2008Q3.txt,22160K10,COST,COSTCO WHOLESALE CORP,0.67,0.65
/Users/vazea/Desktop/NNW/transcripts_by_company/SHYFT_GROUP_INC_2022Q4.txt,82569810,SHYF,SHYFT GROUP INC,1.25,1.13
/Users/vazea/Desktop/NNW/transcripts_by_company/ROYAL_CARIBBEAN_CRUISES_LTD_2012Q4.txt,V7780T10,RCL,ROYAL CARIBBEAN CRUISES LTD,1.97,1.94
/Users/vazea/Desktop/NNW/transcripts_by_company/SYNCHRONY_FINANCIAL_2022Q4.txt,87165B10,SYF,SYNCHRONY FINANCIAL,6.15,5.97
/Users/vazea/Desktop/NNW/transcripts_by_company/SEATTLE_GENETICS_INC_2015Q1.txt,81257810,SGEN,SEATTLE GENETICS INC,-0.17,-0.19
/Users/vazea/Desktop/NNW/transcripts_by_company/BALCHEM_CORP_2017Q4.txt,05766520,BCPC,BALCHEM CORP,2.53,2.49
/Users/vazea/Desktop/NNW/transcripts_by_company/DIGIMARC_CORP_2002Q2.txt,25380710,DMRC,DIGIMARC CORP,-0.16,-0.16
/Users/vazea/Desktop/NNW/transcripts_by_company/EBIX_INC_2009Q4.txt,27871520,EBIX,EBIX INC,1.02,0.99
/Users/vazea/Desktop/NNW/transcripts_by_company/PC_CONNECTION_INC_2008Q4.txt,69318J10,PCCC,PC CONNECTION INC,0.62,0.67
/Users/vazea/Desktop/NNW/transcripts_by_company/AMC_NETWORKS_INC_2019Q2.txt,00164V10,AMCX,AMC NETWORKS INC,2.6,1.93
/Users/vazea/Desktop/NNW/transcripts_by_company/CALUMET_SPECIALTY_PRODUCTS_PARTN_2020Q2.txt,13147610,CLMT,CALUMET SPECIALTY PRODUCTS PARTN,-0.25,-0.19
/Users/vazea/Desktop/NNW/transcripts_by_company/UNION_PACIFIC_CORP_2023Q3.txt,90781810,UNP,UNION PACIFIC CORP,2.51,2.63
/Users/vazea/Desktop/NNW/transcripts_by_company/SALARYCOM_INC_2009Q1.txt,79400610,SLRY,SALARY.COM INC,-0.23,-0.26
/Users/vazea/Desktop/NNW/transcripts_by_company/ALMOST_FAMILY_INC_2011Q2.txt,02040910,AFAM,ALMOST FAMILY INC,0.58,0.65
/Users/vazea/Desktop/NNW/transcripts_by_company/CALAMP_CORP_2014Q4.txt,12812610,CAMP,CALAMP CORP,0.77,0.78
/Users/vazea/Desktop/NNW/transcripts_by_company/SHAW_COMMUNICATIONS_INC_2009Q2.txt,82028K2X,SJR,SHAW COMMUNICATIONS INC,0.29,0.24
/Users/vazea/Desktop/NNW/transcripts_by_company/QUEST_DIAGNOSTICS_INC_2014Q4.txt,74834L10,DGX,QUEST DIAGNOSTICS INC,4.1,4.07
/Users/vazea/Desktop/NNW/transcripts_by_company/PLANET_FITNESS_INC_2019Q3.txt,72703H10,PLNT,PLANET FITNESS INC,0.36,0.35
/Users/vazea/Desktop/NNW/transcripts_by_company/KRONOS_INC_2004Q2.txt,50105210,KRON,KRONOS INC,0.3,0.26
/Users/vazea/Desktop/NNW/transcripts_by_company/TELLABS_INC_2008Q1.txt,87966410,TLAB,TELLABS INC,0.06,0.04
/Users/vazea/Desktop/NNW/transcripts_by_company/RESMED_INC_2015Q2.txt,76115210,RMD,RESMED INC,0.65,0.62
/Users/vazea/Desktop/NNW/transcripts_by_company/BOFI_HOLDING_INC_2018Q1.txt,05566U10,BOFI,BOFI HOLDING INC,0.5,0.5
/Users/vazea/Desktop/NNW/transcripts_by_company/AMERICAN_EXPRESS_CO_2013Q1.txt,02581610,AXP,AMERICAN EXPRESS CO,1.15,1.12
/Users/vazea/Desktop/NNW/transcripts_by_company/SKYWORKS_SOLUTIONS_INC_2014Q4.txt,83088M10,SWKS,SKYWORKS SOLUTIONS INC,3.24,3.2
/Users/vazea/Desktop/NNW/transcripts_by_company/ACME_UNITED_CORP_2010Q2.txt,00481610,ACU,ACME UNITED CORP,0.48,0.5
/Users/vazea/Desktop/NNW/transcripts_by_company/NETSUITE_INC_2009Q2.txt,64118Q10,N,NETSUITE INC,0.01,0.0
/Users/vazea/Desktop/NNW/transcripts_by_company/FIREEYE_INC_2016Q1.txt,31816Q10,FEYE,FIREEYE INC,-0.47,-0.5
/Users/vazea/Desktop/NNW/transcripts_by_company/USA_COMPRESSION_PARTNERS_LP_2022Q2.txt,90290N10,USAC,USA COMPRESSION PARTNERS LP,-0.03,-0.05
/Users/vazea/Desktop/NNW/transcripts_by_company/NXSTAGE_MEDICAL_INC_2012Q4.txt,67072V10,NXTM,NXSTAGE MEDICAL INC,-0.26,-0.27
/Users/vazea/Desktop/NNW/transcripts_by_company/EAGLE_MATERIALS_INC_2017Q4.txt,26969P10,EXP,EAGLE MATERIALS INC,4.24,4.19
/Users/vazea/Desktop/NNW/transcripts_by_company/ITERIS_INC_2021Q4.txt,46564T10,ITI,ITERIS INC,0.25,0.25
